node,community,in_degree,out_degree,total_degree,in_degree_in_group,out_degree_in_group,total_degree_in_group,in_degree_between,out_degree_between,total_degree_between,weighted_in_degree,weighted_out_degree,weighted_total_degree,weighted_in_degree_in_group,weighted_out_degree_in_group,weighted_total_degree_in_group,weighted_in_degree_between,weighted_out_degree_between,weighted_total_degree_between,in_group_indegree_ratio,in_group_outdegree_ratio,in_group_indegree_strength_fraction,in_group_outdegree_strength_fraction,k_core_in,k_core_out,k_core_undirected,s_core_in,s_core_out,s_core_undirected,in_reach_2,out_reach_2,undirected_reach_2,out_degree_normalized,in_degree_normalized,in_out_ratio,weighted_in_out_ratio,ego_density,density_clustering_coefficient,cg_cycle,cg_middleman,cg_in,cg_out,cg_total,barrat_local,r_norm_ranked,page_rank,salsa_hub,salsa_authority,modularity_vitality_hub,modularity_vitality_bridge,undirected_reach_2_normalized,in_reach_2_normalized,out_reach_2_normalized
8775672,4,0,37,37,0,30,30,0,7,7,0.0,48.0,48.0,0.0,40.0,40.0,0.0,8.0,8.0,0.0,0.8108108108108109,0.0,0.8333333333333334,0,2,9,0.0,30.0,32.0,1,107,131,0.0016981532583315645,0.0,0.0,0.0,0.06614509246088193,0.04090577063550037,0.0,0.0,0.0,0.04774305555555555,0.04774305555555555,0.08854166666666667,0.0,0.0012464437021285006,0.012820512820512817,0.0,0.00121515758007118,0.0,7.225345851382909e-5,0.0007429420505200594,0.07949479940564635
827343025470738433,3,2,7,9,2,6,8,0,1,1,12.0,11.0,23.0,12.0,10.0,22.0,0.0,1.0,1.0,1.0,0.8571428571428571,1.0,0.9090909090909091,0,1,6,19.0,13.0,31.0,4,152,243,0.00038916012170098354,0.0004245383145828911,0.2857142857102041,1.0909090908991737,0.2222222222222222,0.13580246913580246,0.0,0.7358490566037735,0.0,0.13636363636363635,0.2608695652173913,0.5217391304347826,0.0,0.00144189949868087,0.01282051282051282,0.0014347202295552342,0.0,0.00025024803783191274,0.00013402740777756085,0.0029717682020802376,0.11292719167904904
19611483,2,0,26,26,0,21,21,0,5,5,0.0,30.0,30.0,0.0,25.0,25.0,0.0,5.0,5.0,0.0,0.8076923076923077,0.0,0.8333333333333334,0,1,6,0.0,21.0,19.0,1,177,203,0.0010613457864572277,0.0,0.0,0.0,0.04700854700854701,0.010355029585798817,0.0,0.0,0.0,0.006666666666666667,0.006666666666666667,0.013333333333333334,0.0,0.0012464437021285006,0.012820512820512822,0.0,0.0033018430120380637,0.0,0.00011196528304051379,0.0007429420505200594,0.13150074294205052
28468549,17,8,55,62,6,44,49,2,11,13,17.0,63.0,79.0,14.0,51.0,64.0,3.0,12.0,15.0,0.75,0.8,0.8235294117647058,0.8095238095238095,1,1,9,18.0,34.0,40.0,15,117,408,0.0021934479586782707,0.0005660510861105215,0.145454545454281,0.2698412698408415,0.08060109289617487,0.06472222222222222,0.0,0.6061776061776062,0.2604166666666667,0.01658551430310408,0.10091939277314518,0.19056931768796176,0.2,0.0014729665057588103,0.012820512820512822,0.0014347202295552372,0.0,0.0013536944622348779,0.00022503367231787992,0.011144130757800892,0.08692421991084695
24112747,4,17,70,86,8,56,63,9,14,23,57.0,87.0,141.0,12.0,72.0,81.0,45.0,15.0,60.0,0.47058823529411764,0.8,0.21052631578947367,0.8275862068965517,2,2,9,35.0,35.0,46.0,27,101,506,0.0029717682020802376,0.00191042241562301,0.2428571428567959,0.6551724137923504,0.05480458419042022,0.042682926829268296,0.007514336563179751,0.24955507217718015,0.1117283950617284,0.010416666666666666,0.06909059504274981,0.13347647164072285,0.4666666666666667,0.002249744968029701,0.012820512820512817,0.0014347202295552353,0.0,0.012062261539326768,0.0002790858779236452,0.020059435364041606,0.075037147102526
115684356,2,0,23,23,0,21,21,0,2,2,0.0,27.0,27.0,0.0,25.0,25.0,0.0,2.0,2.0,0.0,0.9130434782608695,0.0,0.9259259259259259,0,1,4,0.0,19.0,14.0,1,26,48,0.000955211207811505,0.0,0.0,0.0,0.043478260869565216,0.001890359168241966,0.0,0.0,0.0,0.0,0.0,0.0,0.0,0.0012464437021285006,0.012820512820512818,0.0,0.004233792782315393,0.0,2.647454968445646e-5,0.0007429420505200594,0.019316493313521546
81155662,2,12,3,14,7,2,8,5,1,6,25.0,3.0,27.0,14.0,2.0,15.0,11.0,1.0,12.0,0.5833333333333334,0.6666666666666666,0.56,0.6666666666666666,1,1,6,33.0,5.0,28.0,15,3,320,7.075638576381519e-5,0.0008490766291657822,3.9999999998666667,8.333333333055556,0.1987179487179487,0.11805555555555555,0.0,0.5147058823529411,0.0625,0.5,0.10806451612903226,0.1993006993006993,0.8666666666666667,0.004915221632822595,0.01282051282051283,0.0014347202295552364,0.0,0.0003686355200031022,0.0001764969978963764,0.011144130757800892,0.002228826151560178
10126672,3,1,120,121,1,84,85,0,36,36,5.0,205.0,210.0,5.0,148.0,153.0,0.0,57.0,57.0,1.0,0.7,1.0,0.7219512195121951,0,2,9,18.0,41.0,44.0,2,307,340,0.007252529540791057,0.00017689096440953796,0.008333333333326389,0.02439024390242713,0.01944181005283837,0.011338023359060173,0.0,0.39627329192546584,0.0,0.026685796269727405,0.032162698412698414,0.06432539682539683,0.0,0.0013035421290990962,0.012820512820512801,0.0014347202295552377,0.0,0.014590618303316316,0.00018752806026489993,0.0014858841010401188,0.22808320950965824
1017578055072604160,17,2,97,98,2,77,78,0,20,20,3.0,118.0,119.0,3.0,96.0,97.0,0.0,22.0,22.0,1.0,0.7938144329896907,1.0,0.8135593220338984,1,2,9,7.0,38.0,36.0,4,246,267,0.004103870374301281,3.5378192881907595e-5,0.02061855670100967,0.025423728813537775,0.023303264604810997,0.012912326388888888,0.03333333333333333,0.5190476190476191,0.0,0.01660617059891107,0.021460373998219057,0.03670715249662618,0.13333333333333333,0.0012602200234681524,0.012820512820512825,0.0014347202295552379,0.0,0.001837581808914135,0.00014726468261978907,0.0029717682020802376,0.1827637444279346
54885400,17,3,85,88,3,73,76,0,12,12,10.0,100.0,110.0,10.0,86.0,96.0,0.0,14.0,14.0,1.0,0.8588235294117647,1.0,0.86,1,2,9,10.0,36.0,38.0,4,194,221,0.0035378192881907592,0.0003537819288190759,0.0352941176470173,0.0999999999999,0.036754878374766105,0.025283937263385615,0.009657594381035996,0.5021949078138718,0.275,0.029464285714285714,0.056962025316455694,0.10149732620320856,0.26666666666666666,0.001379511401054059,0.012820512820512815,0.0014347202295552379,0.0011715665307222567,0.0,0.00012189323917218495,0.0029717682020802376,0.14413075780089152
25930421,17,2,111,113,2,81,83,0,30,30,5.0,154.0,159.0,5.0,111.0,116.0,0.0,43.0,43.0,1.0,0.7297297297297297,1.0,0.7207792207792207,1,2,9,9.0,40.0,39.0,4,207,269,0.005448241703813769,0.00017689096440953796,0.018018018018001784,0.032467532467511384,0.023309102402022757,0.014508928571428572,0.01405152224824356,0.3231850117096019,1.0,0.02706611570247934,0.03413113096241362,0.06328970479913876,0.06666666666666667,0.0013036166876879785,0.01282051282051281,0.0014347202295552379,0.0,0.009210300292448292,0.0001483677888566414,0.0029717682020802376,0.1537890044576523
18749026,9,4,154,157,3,94,96,1,60,61,4.0,208.0,211.0,3.0,110.0,112.0,1.0,98.0,99.0,0.75,0.6103896103896104,0.75,0.5288461538461539,0,1,9,14.0,42.0,43.0,4,209,272,0.007323285926554872,0.00010613457864572278,0.02597402597400911,0.019230769230759986,0.00824759105013882,0.0018491124260355029,0.0,0.06666666666666667,0.0,0.004608441393338419,0.005560675883256529,0.011121351766513058,0.0,0.0014443263531373645,0.0128205128205128,0.0014347202295552364,0.0,0.025774152879217582,0.00015002244821191995,0.0029717682020802376,0.15527488855869243
92611744,4,6,17,23,6,12,18,0,5,5,29.0,23.0,52.0,29.0,15.0,44.0,0.0,8.0,8.0,1.0,0.7058823529411765,1.0,0.6521739130434783,2,2,9,36.0,18.0,36.0,18,214,252,0.0008136984362838747,0.0010259675935753202,0.35294117646851214,1.2608695652119093,0.14624505928853754,0.10537190082644628,0.04983922829581994,0.3054662379421222,0.33793103448275863,0.08152173913043478,0.1669603524229075,0.2847985347985348,0.7333333333333333,0.0021296515368883677,0.012820512820512825,0.001434720229555237,0.001959366968784182,0.0,0.00013899138584339642,0.01337295690936107,0.1589895988112927
4068016160,4,0,29,29,0,26,26,0,3,3,0.0,36.0,36.0,0.0,33.0,33.0,0.0,3.0,3.0,0.0,0.896551724137931,0.0,0.9166666666666666,0,2,6,0.0,27.0,21.0,1,90,113,0.0012736149437486733,0.0,0.0,0.0,0.06091954022988506,0.028537455410225922,0.0,0.0,0.0,0.03125,0.03125,0.05853174603174603,0.0,0.0012464437021285006,0.012820512820512827,0.0,0.0018763777981408714,0.0,6.232550238215791e-5,0.0007429420505200594,0.06686478454680535
78489442,9,6,3,9,5,3,8,1,0,1,12.0,3.0,15.0,11.0,3.0,14.0,1.0,0.0,1.0,0.8333333333333334,1.0,0.9166666666666666,1.0,1,0,4,29.0,6.0,14.0,16,4,273,0.00010613457864572278,0.0004245383145828911,1.9999999999333333,3.9999999998666667,0.16666666666666666,0.07407407407407407,0.0,0.1111111111111111,0.16666666666666666,0.0,0.10833333333333334,0.21666666666666667,0.0,0.003276878202379819,0.012820512820512825,0.0014347202295552355,0.0013162938461019902,0.0,0.00015057400133034612,0.01188707280832095,0.0029717682020802376
2216405453,3,7,147,154,6,91,97,1,56,57,46.0,208.0,254.0,43.0,120.0,163.0,3.0,88.0,91.0,0.8571428571428571,0.6190476190476191,0.9347826086956522,0.5769230769230769,1,1,9,34.0,43.0,45.0,15,236,342,0.007358664119436779,0.0016273968725677493,0.04761904761901523,0.22115384615373984,0.014956011730205278,0.008559622195985833,0.002311998053054271,0.20990508639571673,0.14492753623188406,0.006174262381454162,0.0282924193299367,0.05609592918532242,0.0,0.002838286966942685,0.012820512820512803,0.0014347202295552355,0.0,0.021998441067789254,0.00018863116650175228,0.011144130757800892,0.17533432392273401
102722975,17,5,41,45,5,40,44,0,1,1,5.0,43.0,47.0,5.0,42.0,46.0,0.0,1.0,1.0,1.0,0.975609756097561,1.0,0.9767441860465116,1,1,8,12.0,32.0,26.0,9,55,172,0.0014858841010401188,0.00014151277152763038,0.12195121951189768,0.11627906976717144,0.10940803382663848,0.08761492698756085,0.0,1.0,0.4166666666666667,0.036019536019536016,0.11468354430379747,0.2111801242236025,0.4,0.0013220354979261244,0.012820512820512827,0.0014347202295552379,0.0030666570869365417,0.0,9.486713636930232e-5,0.006686478454680535,0.04086181277860327
111344559,5,0,2,2,0,2,2,0,0,0,0.0,2.0,2.0,0.0,2.0,2.0,0.0,0.0,0.0,0.0,1.0,0.0,1.0,0,0,1,0.0,3.0,2.0,1,3,3,7.075638576381519e-5,0.0,0.0,0.0,0.3333333333333333,0.0,0.0,0.0,0.0,0.0,0.0,0.0,0.0,0.0010350035156505603,0.01282051282051282,0.0,0.00042744680008155456,0.0,1.6546593552785288e-6,0.0007429420505200594,0.002228826151560178
83795099,2,0,24,24,0,21,21,0,3,3,0.0,29.0,29.0,0.0,26.0,26.0,0.0,3.0,3.0,0.0,0.875,0.0,0.896551724137931,0,1,4,0.0,20.0,18.0,1,26,48,0.0010259675935753202,0.0,0.0,0.0,0.043333333333333335,0.003472222222222222,0.0,0.0,0.0,0.0037481259370314842,0.0037481259370314842,0.0074962518740629685,0.0,0.0012464437021285006,0.012820512820512818,0.0,0.004633415309079014,0.0,2.647454968445646e-5,0.0007429420505200594,0.019316493313521546
809841734058393600,6,0,4,4,0,4,4,0,0,0,0.0,5.0,5.0,0.0,5.0,5.0,0.0,0.0,0.0,0.0,1.0,0.0,1.0,0,0,1,0.0,7.0,4.0,1,5,5,0.00017689096440953796,0.0,0.0,0.0,0.2,0.0,0.0,0.0,0.0,0.0,0.0,0.0,0.0,0.001139724593835441,0.01282051282051282,0.0,0.0010685246510042656,0.0,2.757765592130881e-6,0.0007429420505200594,0.003714710252600297
2744294556,3,2,35,37,2,20,22,0,15,15,2.0,41.0,43.0,2.0,23.0,25.0,0.0,18.0,18.0,1.0,0.5714285714285714,1.0,0.5609756097560976,0,2,9,4.0,29.0,32.0,4,212,302,0.0014505059081582113,7.075638576381519e-5,0.057142857142693876,0.04878048780475907,0.07823613086770982,0.053323593864134405,0.0,0.3684210526315789,0.0,0.06384505021520803,0.0755813953488372,0.14857881136950904,0.0,0.0012839124245930596,0.012820512820512824,0.0014347202295552353,0.0,0.0054775605434520536,0.00016656904176470523,0.0029717682020802376,0.1575037147102526
1511704288401059840,7,7,5,11,7,5,11,0,0,0,79.0,5.0,83.0,79.0,5.0,83.0,0.0,0.0,0.0,1.0,1.0,1.0,1.0,1,1,5,38.0,7.0,51.0,8,8,12,0.00014151277152763038,0.0027594990447887924,1.399999999972,15.799999999684,0.2916666666666667,0.15625,0.07894736842105263,0.23026315789473684,0.24871794871794872,0.08333333333333333,0.20538243626062322,0.34843205574912894,0.8666666666666667,0.004523445900468091,0.01282051282051282,0.0014347202295552364,0.015490714811675188,0.0,6.618637421114115e-6,0.005943536404160475,0.005943536404160475
1176545268415619072,7,1,5,6,1,5,6,0,0,0,1.0,31.0,32.0,1.0,31.0,32.0,0.0,0.0,0.0,1.0,1.0,1.0,1.0,0,1,5,1.0,15.0,48.0,2,9,17,0.0010967239793391354,3.5378192881907595e-5,0.199999999996,0.032258064516024976,0.42857142857142855,0.3333333333333333,0.0,0.0,0.0,0.33064516129032256,0.25625,0.4125,0.0,0.0009643165540890093,0.01282051282051282,0.0014347202295552362,0.0056087609740111954,0.0,9.376403013244997e-6,0.0014858841010401188,0.006686478454680535
951720519203635201,7,0,5,5,0,5,5,0,0,0,0.0,35.0,35.0,0.0,35.0,35.0,0.0,0.0,0.0,0.0,1.0,0.0,1.0,0,1,5,0.0,16.0,50.0,1,9,12,0.0012382367508667657,0.0,0.0,0.0,0.5333333333333333,0.44,0.0,0.0,0.0,0.32857142857142857,0.32857142857142857,0.5285714285714286,0.0,0.0008068102383650051,0.01282051282051282,0.0,0.006157176590475766,0.0,6.618637421114115e-6,0.0007429420505200594,0.006686478454680535
316937242,18,0,1,1,0,1,1,0,0,0,0.0,1.0,1.0,0.0,1.0,1.0,0.0,0.0,0.0,0.0,1.0,0.0,1.0,0,0,1,0.0,1.0,1.0,1,2,2,3.5378192881907595e-5,0.0,0.0,0.0,0.5,0.0,0.0,0.0,0.0,0.0,0.0,0.0,0.0,0.0009381887394384956,0.01282051282051282,0.0,0.0002137293799224782,0.0,1.1031062368523526e-6,0.0007429420505200594,0.0014858841010401188
754923996,3,2,2,4,1,0,1,1,2,3,5.0,2.0,7.0,3.0,0.0,3.0,2.0,2.0,4.0,0.5,0.0,0.6,0.0,0,0,3,18.0,3.0,12.0,4,3,148,7.075638576381519e-5,0.00017689096440953796,0.99999999995,2.499999999875,0.3,0.125,0.0,0.42857142857142855,0.0,0.0,0.14285714285714285,0.2857142857142857,0.0,0.0013293270546539198,0.012820512820512817,0.0014347202295552346,0.0,0.0002282276441432085,8.162986152707409e-5,0.0029717682020802376,0.002228826151560178
1380265270137257987,19,0,3,3,0,3,3,0,0,0,0.0,3.0,3.0,0.0,3.0,3.0,0.0,0.0,0.0,0.0,1.0,0.0,1.0,0,0,1,0.0,6.0,2.0,1,4,4,0.00010613457864572278,0.0,0.0,0.0,0.25,0.0,0.0,0.0,0.0,0.0,0.0,0.0,0.0,0.0010967941233863724,0.012820512820512822,0.0,0.0006411519958194889,0.0,2.206212473704705e-6,0.0007429420505200594,0.0029717682020802376
93471126,4,0,7,7,0,5,5,0,2,2,0.0,7.0,7.0,0.0,5.0,5.0,0.0,2.0,2.0,0.0,0.7142857142857143,0.0,0.7142857142857143,0,1,6,0.0,9.0,11.0,1,32,55,0.00024764735017335313,0.0,0.0,0.0,0.25,0.14285714285714285,0.0,0.0,0.0,0.14285714285714285,0.14285714285714285,0.2857142857142857,0.0,0.0012464437021285006,0.01282051282051282,0.0,0.0,0.00011910672512316367,3.0335421513439695e-5,0.0007429420505200594,0.0237741456166419
1122760625283670016,3,0,87,87,0,61,61,0,26,26,0.0,109.0,109.0,0.0,74.0,74.0,0.0,35.0,35.0,0.0,0.7011494252873564,0.0,0.6788990825688074,0,2,9,0.0,37.0,37.0,1,285,307,0.0038562230241279277,0.0,0.0,0.0,0.027951933124346916,0.01677896683841987,0.0,0.0,0.0,0.039097503733731595,0.039097503733731595,0.07819500746746319,0.0,0.0012464437021285006,0.012820512820512815,0.0,0.0,0.008638575741465981,0.00016932680735683611,0.0007429420505200594,0.21173848439821694
1172106776646279168,17,7,2,9,2,2,4,5,0,5,10.0,2.0,12.0,3.0,2.0,5.0,7.0,0.0,7.0,0.2857142857142857,1.0,0.3,1.0,1,0,7,18.0,2.0,21.0,24,3,413,7.075638576381519e-5,0.0003537819288190759,3.499999999825,4.99999999975,0.18888888888888888,0.09876543209876543,0.0,0.0,0.09166666666666666,0.5,0.06770833333333333,0.10416666666666667,0.0,0.0014080741446773097,0.01282051282051282,0.0014347202295552357,0.0,0.001486388336982114,0.0002277914379100108,0.017830609212481426,0.002228826151560178
1083407707028238342,2,4,2,6,2,1,3,2,1,3,4.0,2.0,6.0,2.0,1.0,3.0,2.0,1.0,3.0,0.5,0.5,0.5,0.5,1,1,4,12.0,3.0,9.0,15,3,140,7.075638576381519e-5,0.00014151277152763038,1.9999999999,1.9999999999,0.4666666666666667,0.32,0.0,1.0,0.25,0.5,0.39285714285714285,0.75,0.8666666666666667,0.004150772407373686,0.01282051282051283,0.0014347202295552372,0.00018621833754506323,0.0,7.721743657966468e-5,0.011144130757800892,0.002228826151560178
201601822,9,0,28,28,0,26,26,0,2,2,0.0,39.0,39.0,0.0,36.0,36.0,0.0,3.0,3.0,0.0,0.9285714285714286,0.0,0.9230769230769231,0,1,5,0.0,22.0,15.0,1,173,196,0.0013797495223943962,0.0,0.0,0.0,0.06527093596059114,0.03188775510204082,0.0,0.0,0.0,0.0365622032288699,0.0365622032288699,0.0731244064577398,0.0,0.0012464437021285006,0.012820512820512824,0.0,0.006184760908440778,0.0,0.00010810441121153055,0.0007429420505200594,0.12852897473997027
1279630596633800706,20,1,2,2,1,2,2,0,0,0,1.0,2.0,2.0,1.0,2.0,2.0,0.0,0.0,0.0,1.0,1.0,1.0,1.0,0,0,1,1.0,3.0,4.0,1,2,2,3.5378192881907595e-5,0.0,0.499999999975,0.499999999975,1.0,0.0,0.0,0.0,0.0,0.0,0.0,0.0,0.0,0.0009381881070452084,0.01282051282051282,0.0,0.00042744680008155456,0.0,1.1031062368523526e-6,0.0007429420505200594,0.0014858841010401188
66369181,4,3,53,56,0,39,39,3,14,17,9.0,62.0,71.0,0.0,47.0,47.0,9.0,15.0,24.0,0.0,0.7358490566037735,0.0,0.7580645161290323,0,2,9,21.0,33.0,36.0,4,105,364,0.0021934479586782707,0.00031840373593716834,0.05660377358479886,0.1451612903223465,0.05733082706766917,0.04049744897959184,0.0,0.2398190045248869,0.2222222222222222,0.04109801488833747,0.05531370038412292,0.10627400768245839,0.0,0.0013269526544942769,0.012820512820512832,0.0014347202295552357,0.0,0.0026154765811660097,0.00020076533510712816,0.0029717682020802376,0.07800891530460624
265814534,3,0,37,37,0,29,29,0,8,8,0.0,40.0,40.0,0.0,32.0,32.0,0.0,8.0,8.0,0.0,0.7837837837837838,0.0,0.8,0,1,9,0.0,28.0,28.0,1,179,201,0.0014151277152763036,0.0,0.0,0.0,0.041251778093883355,0.015339663988312637,0.0,0.0,0.0,0.029166666666666667,0.029166666666666667,0.058333333333333334,0.0,0.0012464437021285006,0.012820512820512825,0.0,0.0,0.001284085232815424,0.00011086217680366143,0.0007429420505200594,0.13298662704309064
15448383,9,0,2,2,0,2,2,0,0,0,0.0,2.0,2.0,0.0,2.0,2.0,0.0,0.0,0.0,0.0,1.0,0.0,1.0,0,0,1,0.0,3.0,3.0,1,6,11,7.075638576381519e-5,0.0,0.0,0.0,0.3333333333333333,0.0,0.0,0.0,0.0,0.0,0.0,0.0,0.0,0.0012464437021285006,0.01282051282051282,0.0,0.0003794402341835701,0.0,6.067084302687939e-6,0.0007429420505200594,0.004457652303120356
2511882350,7,2,6,7,2,6,7,0,0,0,2.0,44.0,45.0,2.0,44.0,45.0,0.0,0.0,0.0,1.0,1.0,1.0,1.0,1,1,5,4.0,17.0,51.0,7,8,12,0.0015212622939220265,3.5378192881907595e-5,0.33333333332777776,0.04545454545444215,0.6,0.44,0.15384615384615385,0.07692307692307693,0.0,0.32558139534883723,0.29797979797979796,0.5227272727272727,0.3333333333333333,0.001910651008802834,0.012820512820512818,0.0014347202295552362,0.008014106000203136,0.0,6.618637421114115e-6,0.005200594353640416,0.005943536404160475
1432532274621272066,7,6,4,9,6,4,9,0,0,0,6.0,18.0,23.0,6.0,18.0,23.0,0.0,0.0,0.0,1.0,1.0,1.0,1.0,1,1,5,7.0,11.0,47.0,8,7,13,0.0006014292789924291,0.00017689096440953796,1.4999999999625,0.3333333333314815,0.5,0.3877551020408163,0.1111111111111111,0.8888888888888888,0.4,0.0,0.3680555555555556,0.6818181818181818,0.5333333333333333,0.002040790192133925,0.012820512820512817,0.0014347202295552362,0.003987132531044879,0.0,7.170190539540292e-6,0.005943536404160475,0.005200594353640416
3307687069,7,1,6,6,1,6,6,0,0,0,1.0,6.0,6.0,1.0,6.0,6.0,0.0,0.0,0.0,1.0,1.0,1.0,1.0,0,1,1,1.0,8.0,6.0,1,11,11,0.00017689096440953796,0.0,0.16666666666388888,0.16666666666388888,0.2,0.0,0.0,0.0,0.0,0.0,0.0,0.0,0.0,0.0008068102383650051,0.01282051282051282,0.0,0.0010187565745606308,0.0,6.067084302687939e-6,0.0007429420505200594,0.008172362555720654
1156734634257817600,4,6,29,34,6,25,30,0,4,4,7.0,35.0,40.0,7.0,31.0,36.0,0.0,4.0,4.0,1.0,0.8620689655172413,1.0,0.8857142857142857,2,2,9,24.0,24.0,33.0,19,101,133,0.0011674803651029505,0.00017689096440953796,0.2068965517234245,0.19999999999942855,0.125,0.09365244536940687,0.053156146179401995,0.6146179401993356,0.4,0.04601571268237935,0.12334983498349834,0.20614035087719298,0.6,0.0014108336984479076,0.012820512820512827,0.0014347202295552372,0.00291242084357346,0.0,7.335656475068145e-5,0.01411589895988113,0.075037147102526
731364674,17,0,2,2,0,2,2,0,0,0,0.0,2.0,2.0,0.0,2.0,2.0,0.0,0.0,0.0,0.0,1.0,0.0,1.0,0,0,2,0.0,3.0,4.0,1,3,5,7.075638576381519e-5,0.0,0.0,0.0,0.3333333333333333,0.0,0.0,0.0,0.0,0.0,0.0,0.0,0.0,0.0012464437021285006,0.012820512820512834,0.0,0.0001569097985103518,0.0,2.757765592130881e-6,0.0007429420505200594,0.002228826151560178
3252386060,3,0,25,25,0,17,17,0,8,8,0.0,27.0,27.0,0.0,19.0,19.0,0.0,8.0,8.0,0.0,0.68,0.0,0.7037037037037037,0,1,7,0.0,19.0,21.0,1,32,55,0.000955211207811505,0.0,0.0,0.0,0.04,0.0016,0.0,0.0,0.0,0.0030864197530864196,0.0030864197530864196,0.006172839506172839,0.0,0.0012464437021285006,0.012820512820512829,0.0,0.0,0.0017318602826611462,3.0335421513439695e-5,0.0007429420505200594,0.0237741456166419
227557590,4,0,32,32,0,25,25,0,7,7,0.0,35.0,35.0,0.0,28.0,28.0,0.0,7.0,7.0,0.0,0.78125,0.0,0.8,0,2,9,0.0,25.0,26.0,1,107,133,0.0012382367508667657,0.0,0.0,0.0,0.08996212121212122,0.0615234375,0.0,0.0,0.0,0.06359447004608294,0.06359447004608294,0.11705069124423963,0.0,0.0012464437021285006,0.012820512820512829,0.0,0.0015607909225642258,0.0,7.335656475068145e-5,0.0007429420505200594,0.07949479940564635
970153086982307840,7,0,3,3,0,3,3,0,0,0,0.0,5.0,5.0,0.0,5.0,5.0,0.0,0.0,0.0,0.0,1.0,0.0,1.0,0,1,3,0.0,7.0,9.0,1,8,12,0.00017689096440953796,0.0,0.0,0.0,0.3333333333333333,0.1111111111111111,0.0,0.0,0.0,0.0,0.0,0.0,0.0,0.0008068102383650051,0.01282051282051282,0.0,0.0008479297744090619,0.0,6.618637421114115e-6,0.0007429420505200594,0.005943536404160475
1267345823236411392,7,4,5,8,4,5,8,0,0,0,4.0,27.0,30.0,4.0,27.0,30.0,0.0,0.0,0.0,1.0,1.0,1.0,1.0,1,1,5,5.0,14.0,48.0,6,8,13,0.0009198330149295974,0.00010613457864572278,0.799999999984,0.14814814814759947,0.5,0.40816326530612246,0.15555555555555556,1.0,0.0,0.2692307692307692,0.41954022988505746,0.6781609195402298,0.0,0.0009030467807001466,0.01282051282051282,0.0014347202295552362,0.005245348313705156,0.0,7.170190539540292e-6,0.004457652303120356,0.005943536404160475
441540997,9,3,2,5,3,2,5,0,0,0,5.0,2.0,7.0,5.0,2.0,7.0,0.0,0.0,0.0,1.0,1.0,1.0,1.0,0,0,3,16.0,3.0,9.0,6,6,178,7.075638576381519e-5,0.00017689096440953796,1.499999999925,2.499999999875,0.3,0.16,0.0,0.375,0.2,0.0,0.17857142857142858,0.35714285714285715,0.0,0.0019465855030667523,0.01282051282051282,0.001434720229555235,0.00029301974308715284,0.0,9.817645507985938e-5,0.004457652303120356,0.004457652303120356
15872418,21,1,1,2,1,1,2,0,0,0,1.0,1.0,2.0,1.0,1.0,2.0,0.0,0.0,0.0,1.0,1.0,1.0,1.0,0,0,1,1.0,1.0,3.0,2,2,6,3.5378192881907595e-5,3.5378192881907595e-5,0.9999999999,0.9999999999,0.3333333333333333,0.0,0.0,0.0,0.0,0.0,0.0,0.0,0.0,0.0012409314338672362,0.01282051282051282,0.0014347202295552362,0.00042594659489714193,0.0,3.3093187105570577e-6,0.0014858841010401188,0.0014858841010401188
63689241,8,1,9,9,1,8,8,0,1,1,1.0,10.0,10.0,1.0,9.0,9.0,0.0,1.0,1.0,1.0,0.8888888888888888,1.0,0.9,0,0,1,1.0,12.0,6.0,1,9,15,0.00031840373593716834,0.0,0.11111111110987654,0.099999999999,0.125,0.0,0.0,0.0,0.0,0.0,0.0,0.0,0.0,0.0008068102383650051,0.012820512820512818,0.0,0.0017062291729027512,0.0,8.273296776392644e-6,0.0007429420505200594,0.006686478454680535
954388280656633856,3,0,24,24,0,16,16,0,8,8,0.0,29.0,29.0,0.0,21.0,21.0,0.0,8.0,8.0,0.0,0.6666666666666666,0.0,0.7241379310344828,0,1,8,0.0,23.0,26.0,1,209,233,0.0010259675935753202,0.0,0.0,0.0,0.075,0.036458333333333336,0.0,0.0,0.0,0.07496251874062969,0.07496251874062969,0.14992503748125938,0.0,0.0012464437021285006,0.012820512820512827,0.0,0.0,0.002096278416626185,0.00012851187659329908,0.0007429420505200594,0.15527488855869243
1240414825596874752,9,3,8,10,3,8,10,0,0,0,6.0,13.0,17.0,6.0,13.0,17.0,0.0,0.0,0.0,1.0,1.0,1.0,1.0,0,0,3,24.0,14.0,16.0,3,8,30,0.00038916012170098354,0.00014151277152763038,0.3749999999953125,0.46153846153491124,0.26666666666666666,0.1728395061728395,0.0,1.0,0.0,0.0,0.20833333333333334,0.4166666666666667,0.0,0.0015017761550431637,0.012820512820512815,0.0014347202295552362,0.0032828407338624244,0.0,1.6546593552785288e-5,0.002228826151560178,0.005943536404160475
540532607,9,0,8,8,0,8,8,0,0,0,0.0,13.0,13.0,0.0,13.0,13.0,0.0,0.0,0.0,0.0,1.0,0.0,1.0,0,0,3,0.0,14.0,13.0,1,9,11,0.0004599165074647987,0.0,0.0,0.0,0.2222222222222222,0.125,0.0,0.0,0.0,0.13736263736263737,0.13736263736263737,0.27472527472527475,0.0,0.0012464437021285006,0.012820512820512818,0.0,0.002498571205863498,0.0,6.067084302687939e-6,0.0007429420505200594,0.006686478454680535
829130191532220416,4,9,31,39,8,14,21,1,17,18,10.0,33.0,41.0,9.0,16.0,23.0,1.0,17.0,18.0,0.8888888888888888,0.45161290322580644,0.9,0.48484848484848486,2,2,9,26.0,26.0,33.0,20,95,151,0.0010967239793391354,0.00028302554305526076,0.2903225806442248,0.3030303030293847,0.08108108108108109,0.05324074074074074,0.01652892561983471,0.26859504132231404,0.26785714285714285,0.015016685205784204,0.06775538568450312,0.11575091575091576,0.6666666666666666,0.0017003143639384068,0.012820512820512829,0.0014347202295552368,0.0,0.003818884108019116,8.328452088235262e-5,0.014858841010401188,0.07057949479940565
1379849189081837572,17,1,1,2,1,1,2,0,0,0,1.0,1.0,2.0,1.0,1.0,2.0,0.0,0.0,0.0,1.0,1.0,1.0,1.0,1,0,2,1.0,1.0,4.0,9,2,10,3.5378192881907595e-5,3.5378192881907595e-5,0.9999999999,0.9999999999,0.5,0.25,0.0,1.0,0.0,0.0,0.5,1.0,0.0,0.0019495216862613946,0.01282051282051282,0.0014347202295552362,9.889690447684174e-6,0.0,5.515531184261762e-6,0.006686478454680535,0.0014858841010401188
461853598,10,1,1,2,1,1,2,0,0,0,2.0,2.0,4.0,2.0,2.0,4.0,0.0,0.0,0.0,1.0,1.0,1.0,1.0,1,1,1,4.0,3.0,7.0,2,3,3,7.075638576381519e-5,7.075638576381519e-5,0.9999999999,0.99999999995,1.0,0.0,0.0,0.0,0.0,0.0,0.0,0.0,1.0,0.001444481960309492,0.01282051282051282,0.0014347202295552362,0.0008538428544441201,0.0,1.6546593552785288e-6,0.0014858841010401188,0.002228826151560178
3066238416,10,1,2,3,1,2,3,0,0,0,2.0,3.0,5.0,2.0,3.0,5.0,0.0,0.0,0.0,1.0,1.0,1.0,1.0,1,1,1,4.0,4.0,7.0,2,3,3,0.00010613457864572278,7.075638576381519e-5,0.499999999975,0.6666666666444444,0.5,0.0,0.0,0.0,0.0,0.0,0.0,0.0,0.9333333333333333,0.0017210147998855275,0.012820512820512822,0.0014347202295552362,0.0010685246510042656,0.0,1.6546593552785288e-6,0.0014858841010401188,0.002228826151560178
74886399,9,0,1,1,0,1,1,0,0,0,0.0,1.0,1.0,0.0,1.0,1.0,0.0,0.0,0.0,0.0,1.0,0.0,1.0,0,0,1,0.0,1.0,1.0,1,2,4,3.5378192881907595e-5,0.0,0.0,0.0,0.5,0.0,0.0,0.0,0.0,0.0,0.0,0.0,0.0,0.0012464437021285006,0.012820512820512817,0.0,0.00018949676114699,0.0,2.206212473704705e-6,0.0007429420505200594,0.0014858841010401188
900079815574867968,11,0,1,1,0,1,1,0,0,0,0.0,1.0,1.0,0.0,1.0,1.0,0.0,0.0,0.0,0.0,1.0,0.0,1.0,0,0,1,0.0,1.0,1.0,1,2,2,3.5378192881907595e-5,0.0,0.0,0.0,1.0,1.0,0.0,0.0,0.0,0.0,0.0,0.0,0.0,0.000938188151192758,0.01282051282051282,0.0,0.00021347955911033,0.0,1.1031062368523526e-6,0.0007429420505200594,0.0014858841010401188
579411773,11,2,1,2,2,1,2,0,0,0,2.0,1.0,2.0,2.0,1.0,2.0,0.0,0.0,0.0,1.0,1.0,1.0,1.0,0,0,1,4.0,1.0,4.0,2,1,2,0.0,3.5378192881907595e-5,1.9999999998,1.9999999998,1.0,0.0,0.0,0.0,0.0,0.0,0.0,0.0,0.0,0.0017792031531550672,0.0,0.0014347202295552362,0.00042744680008155456,0.0,1.1031062368523526e-6,0.0014858841010401188,0.0007429420505200594
63411616,12,0,1,1,0,1,1,0,0,0,0.0,1.0,1.0,0.0,1.0,1.0,0.0,0.0,0.0,0.0,1.0,0.0,1.0,0,0,1,0.0,1.0,1.0,1,2,2,3.5378192881907595e-5,0.0,0.0,0.0,0.5,0.0,0.0,0.0,0.0,0.0,0.0,0.0,0.0,0.0009381881478650191,0.01282051282051282,0.0,0.0002137293799224782,0.0,1.1031062368523526e-6,0.0007429420505200594,0.0014858841010401188
122607866,21,0,4,4,0,4,4,0,0,0,0.0,4.0,4.0,0.0,4.0,4.0,0.0,0.0,0.0,0.0,1.0,0.0,1.0,0,0,1,0.0,6.0,3.0,1,6,6,0.00014151277152763038,0.0,0.0,0.0,0.2,0.0,0.0,0.0,0.0,0.0,0.0,0.0,0.0,0.0010018005566832487,0.01282051282051282,0.0,0.0008538428544441201,0.0,3.3093187105570577e-6,0.0007429420505200594,0.004457652303120356
921099321172520960,22,0,2,2,0,2,2,0,0,0,0.0,2.0,2.0,0.0,2.0,2.0,0.0,0.0,0.0,0.0,1.0,0.0,1.0,0,0,2,0.0,3.0,4.0,1,3,3,7.075638576381519e-5,0.0,0.0,0.0,0.6666666666666666,0.5,0.0,0.0,0.0,0.5,0.5,1.0,0.0,0.000776936772026832,0.01282051282051282,0.0,0.00042644666329194614,0.0,1.6546593552785288e-6,0.0007429420505200594,0.002228826151560178
491468208,22,2,2,3,2,2,3,0,0,0,2.0,2.0,3.0,2.0,2.0,3.0,0.0,0.0,0.0,1.0,1.0,1.0,1.0,0,0,2,4.0,3.0,5.0,2,2,3,3.5378192881907595e-5,3.5378192881907595e-5,0.99999999995,0.99999999995,0.6666666666666666,0.25,0.0,1.0,0.0,0.0,0.5,1.0,0.0,0.0011320842406319547,0.01282051282051282,0.0014347202295552362,0.000640401252251066,0.0,1.6546593552785288e-6,0.0014858841010401188,0.0014858841010401188
2817062262,13,0,1,1,0,1,1,0,0,0,0.0,1.0,1.0,0.0,1.0,1.0,0.0,0.0,0.0,0.0,1.0,0.0,1.0,0,1,1,0.0,1.0,1.0,1,4,4,3.5378192881907595e-5,0.0,0.0,0.0,1.0,1.0,0.0,0.0,0.0,0.0,0.0,0.0,0.0,9.811949989702197e-5,0.012820512820512822,0.0,0.0002114809926133665,0.0,2.206212473704705e-6,0.0007429420505200594,0.0029717682020802376
1734618349,13,4,3,6,4,3,6,0,0,0,4.0,4.0,7.0,4.0,4.0,7.0,0.0,0.0,0.0,1.0,1.0,1.0,1.0,1,1,2,6.0,3.0,10.0,4,3,4,0.00010613457864572278,0.00010613457864572278,1.3333333332888888,0.999999999975,0.6666666666666666,0.2222222222222222,0.2,0.3,0.16666666666666666,0.5,0.2631578947368421,0.4166666666666667,0.9333333333333333,0.00239715329161714,0.012820512820512822,0.0014347202295552362,0.0014905720006371803,0.0,2.206212473704705e-6,0.0029717682020802376,0.002228826151560178
1172411775934849029,17,1,23,24,1,23,24,0,0,0,1.0,23.0,24.0,1.0,23.0,24.0,0.0,0.0,0.0,1.0,1.0,1.0,1.0,1,1,4,1.0,18.0,8.0,3,107,147,0.0008136984362838747,3.5378192881907595e-5,0.04347826086937619,0.04347826086937619,0.085,0.046875,0.043478260869565216,1.0,0.0,0.003952569169960474,0.04710144927536232,0.09057971014492754,0.0,0.0012572928681834571,0.01282051282051283,0.0014347202295552379,0.0014804026007674276,0.0,8.107830840864792e-5,0.002228826151560178,0.07949479940564635
1338994562090602497,1,1,1,2,1,0,1,0,1,1,3.0,1.0,4.0,3.0,0.0,3.0,0.0,1.0,1.0,1.0,0.0,1.0,0.0,0,0,2,7.0,1.0,7.0,2,2,137,3.5378192881907595e-5,0.00010613457864572278,0.9999999999,2.9999999997,0.5,0.25,0.0,1.0,0.0,0.0,0.5,1.0,0.0,0.0012747333773093865,0.01282051282051283,0.001434720229555238,0.00026751180657458296,0.0,7.556277722438615e-5,0.0014858841010401188,0.0014858841010401188
2493948451,9,0,9,9,0,8,8,0,1,1,0.0,10.0,10.0,0.0,9.0,9.0,0.0,1.0,1.0,0.0,0.8888888888888888,0.0,0.9,0,1,5,0.0,10.0,11.0,1,158,178,0.0003537819288190759,0.0,0.0,0.0,0.2,0.1111111111111111,0.0,0.0,0.0,0.10625,0.10625,0.2125,0.0,0.0012464437021285006,0.01282051282051282,0.0,0.0004029448586683193,0.0,9.817645507985938e-5,0.0007429420505200594,0.11738484398216939
1350150750966603777,1,0,129,129,0,116,116,0,13,13,0.0,132.0,132.0,0.0,119.0,119.0,0.0,13.0,13.0,0.0,0.8992248062015504,0.0,0.9015151515151515,0,1,8,0.0,39.0,20.0,1,180,205,0.004669921460411802,0.0,0.0,0.0,0.00793082886106142,0.00024037017006189532,0.0,0.0,0.0,0.0002959280303030303,0.0002959280303030303,0.0005918560606060606,0.0,0.0012464437021285006,0.012820512820512825,0.0,0.021572870155407764,0.0,0.00011306838927736613,0.0007429420505200594,0.1337295690936107
964885009,23,0,1,1,0,1,1,0,0,0,0.0,1.0,1.0,0.0,1.0,1.0,0.0,0.0,0.0,0.0,1.0,0.0,1.0,0,0,1,0.0,1.0,1.0,1,2,2,3.5378192881907595e-5,0.0,0.0,0.0,0.5,0.0,0.0,0.0,0.0,0.0,0.0,0.0,0.0,0.0009381886587702156,0.01282051282051282,0.0,0.0002137293799224782,0.0,1.1031062368523526e-6,0.0007429420505200594,0.0014858841010401188
16565260,17,0,41,41,0,40,40,0,1,1,0.0,42.0,42.0,0.0,41.0,41.0,0.0,1.0,1.0,0.0,0.975609756097561,0.0,0.9761904761904762,0,1,8,0.0,31.0,23.0,1,56,78,0.0014858841010401188,0.0,0.0,0.0,0.07142857142857142,0.04878048780487805,0.0,0.0,0.0,0.048214285714285716,0.048214285714285716,0.09523809523809523,0.0,0.0012464437021285006,0.012820512820512827,0.0,0.002619042564441121,0.0,4.302114323724175e-5,0.0007429420505200594,0.041604754829123326
82306946,13,2,3,4,2,3,4,0,0,0,2.0,4.0,5.0,2.0,4.0,5.0,0.0,0.0,0.0,1.0,1.0,1.0,1.0,1,1,2,4.0,3.0,10.0,4,3,4,0.00010613457864572278,3.5378192881907595e-5,0.6666666666444444,0.4999999999875,1.1666666666666667,0.75,1.0,1.0,0.0,1.0,1.0,1.0,0.8,0.0008394668324522989,0.012820512820512822,0.0014347202295552362,0.0010622577511010256,0.0,2.206212473704705e-6,0.0029717682020802376,0.002228826151560178
26980273,13,2,1,3,2,1,3,0,0,0,4.0,1.0,5.0,4.0,1.0,5.0,0.0,0.0,0.0,1.0,1.0,1.0,1.0,1,1,2,5.0,1.0,9.0,4,3,4,3.5378192881907595e-5,0.00014151277152763038,1.9999999998,3.9999999996,1.1666666666666667,1.0,1.0,1.0,1.0,0.0,1.0,1.0,1.0,0.0021000429847291896,0.012820512820512822,0.0014347202295552362,0.0010622577511010256,0.0,2.206212473704705e-6,0.0029717682020802376,0.002228826151560178
3072288740,14,2,1,2,2,1,2,0,0,0,2.0,1.0,2.0,2.0,1.0,2.0,0.0,0.0,0.0,1.0,1.0,1.0,1.0,0,0,1,4.0,1.0,4.0,2,1,2,0.0,3.5378192881907595e-5,1.9999999998,1.9999999998,1.0,0.0,0.0,0.0,0.0,0.0,0.0,0.0,0.0,0.0017792031424667966,0.0,0.0014347202295552362,0.00042744680008155456,0.0,1.1031062368523526e-6,0.0014858841010401188,0.0007429420505200594
1067308099,14,0,1,1,0,1,1,0,0,0,0.0,1.0,1.0,0.0,1.0,1.0,0.0,0.0,0.0,0.0,1.0,0.0,1.0,0,0,1,0.0,1.0,1.0,1,2,2,3.5378192881907595e-5,0.0,0.0,0.0,1.0,1.0,0.0,0.0,0.0,0.0,0.0,0.0,0.0,0.0009381881618810288,0.01282051282051282,0.0,0.00021347955911033,0.0,1.1031062368523526e-6,0.0007429420505200594,0.0014858841010401188
1500244448957149193,15,2,2,3,2,2,3,0,0,0,2.0,2.0,3.0,2.0,2.0,3.0,0.0,0.0,0.0,1.0,1.0,1.0,1.0,1,1,1,3.0,2.0,5.0,2,2,2,3.5378192881907595e-5,3.5378192881907595e-5,0.99999999995,0.99999999995,1.5,0.0,0.0,0.0,0.0,0.0,0.0,0.0,1.0,0.0013586950662643638,0.01282051282051282,0.0014347202295552362,0.0006411519958194889,0.0,1.1031062368523526e-6,0.0014858841010401188,0.0014858841010401188
1427397671409487886,15,1,1,2,1,1,2,0,0,0,1.0,1.0,2.0,1.0,1.0,2.0,0.0,0.0,0.0,1.0,1.0,1.0,1.0,1,1,1,1.0,1.0,4.0,2,2,2,3.5378192881907595e-5,3.5378192881907595e-5,0.9999999999,0.9999999999,1.5,1.0,0.0,0.0,0.0,0.0,0.0,0.0,1.0,0.0013586962380834615,0.01282051282051282,0.0014347202295552362,0.00042694673168675035,0.0,1.1031062368523526e-6,0.0014858841010401188,0.0014858841010401188
1443618306716471304,2,0,3,3,0,2,2,0,1,1,0.0,3.0,3.0,0.0,2.0,2.0,0.0,1.0,1.0,0.0,0.6666666666666666,0.0,0.6666666666666666,0,1,3,0.0,5.0,6.0,1,4,13,0.00010613457864572278,0.0,0.0,0.0,0.6666666666666666,0.5555555555555556,0.0,0.0,0.0,0.6666666666666666,0.6666666666666666,1.0,0.0,0.0012464437021285006,0.012820512820512829,0.0,0.0005653268954016744,0.0,7.170190539540292e-6,0.0007429420505200594,0.0029717682020802376
1448368746041647108,9,0,2,2,0,2,2,0,0,0,0.0,2.0,2.0,0.0,2.0,2.0,0.0,0.0,0.0,0.0,1.0,0.0,1.0,0,0,2,0.0,3.0,4.0,1,5,7,7.075638576381519e-5,0.0,0.0,0.0,0.3333333333333333,0.0,0.0,0.0,0.0,0.0,0.0,0.0,0.0,0.0012464437021285006,0.01282051282051282,0.0,0.0003794402341835701,0.0,3.860871828983234e-6,0.0007429420505200594,0.003714710252600297
493480037,2,0,2,2,0,1,1,0,1,1,0.0,2.0,2.0,0.0,1.0,1.0,0.0,1.0,1.0,0.0,0.5,0.0,0.5,0,1,2,0.0,3.0,4.0,1,4,13,7.075638576381519e-5,0.0,0.0,0.0,0.6666666666666666,0.5,0.0,0.0,0.0,0.5,0.5,1.0,0.0,0.0012464437021285006,0.01282051282051283,0.0,0.00037643982381485586,0.0,7.170190539540292e-6,0.0007429420505200594,0.0029717682020802376
1410037232937803777,16,1,9,9,1,9,9,0,0,0,1.0,9.0,9.0,1.0,9.0,9.0,0.0,0.0,0.0,1.0,1.0,1.0,1.0,0,0,1,1.0,11.0,4.0,1,9,9,0.00028302554305526076,0.0,0.11111111110987654,0.11111111110987654,0.125,0.0,0.0,0.0,0.0,0.0,0.0,0.0,0.0,0.001225210559514775,0.012820512820512818,0.0,0.0019231115254879638,0.0,4.963978065835587e-6,0.0007429420505200594,0.006686478454680535
1448413205538148357,17,19,0,19,6,0,6,13,0,13,23.0,0.0,23.0,7.0,0.0,7.0,16.0,0.0,16.0,0.3157894736842105,0.0,0.30434782608695654,0.0,2,0,9,30.0,0.0,33.0,29,1,613,0.0,0.0008136984362838747,0.0,0.0,0.19210526315789472,0.14958448753462603,0.0,0.0,0.14251207729468598,0.0,0.14251207729468598,0.2560386473429952,0.0,0.0019115145581451852,0.0,0.001434720229555237,0.0,0.005232983457889029,0.00033810206159524606,0.021545319465081723,0.0007429420505200594
1162944823457792003,3,14,0,14,5,0,5,9,0,9,21.0,0.0,21.0,9.0,0.0,9.0,12.0,0.0,12.0,0.35714285714285715,0.0,0.42857142857142855,0.0,2,0,9,28.0,0.0,32.0,26,1,584,0.0,0.0007429420505200594,0.0,0.0,0.17142857142857143,0.11224489795918367,0.0,0.0,0.0989010989010989,0.0,0.0989010989010989,0.19047619047619047,0.0,0.001963135159041053,0.0,0.0014347202295552357,0.0,0.003658193872245419,0.0003221070211608869,0.019316493313521546,0.0007429420505200594
389950297,4,21,0,21,7,0,7,14,0,14,35.0,0.0,35.0,15.0,0.0,15.0,20.0,0.0,20.0,0.3333333333333333,0.0,0.42857142857142855,0.0,2,0,9,37.0,0.0,34.0,27,1,646,0.0,0.0012382367508667657,0.0,0.0,0.1406926406926407,0.09977324263038549,0.0,0.0,0.105,0.0,0.105,0.19,0.0,0.0024701920650594274,0.0,0.0014347202295552368,0.0,0.005082562825805992,0.0003563033145033099,0.020059435364041606,0.0007429420505200594
2188654916,4,7,0,7,2,0,2,5,0,5,7.0,0.0,7.0,2.0,0.0,2.0,5.0,0.0,5.0,0.2857142857142857,0.0,0.2857142857142857,0.0,1,0,7,17.0,0.0,12.0,18,1,368,0.0,0.00024764735017335313,0.0,0.0,0.23214285714285715,0.12244897959183673,0.0,0.0,0.07142857142857142,0.0,0.07142857142857142,0.09523809523809523,0.0,0.001384132326948447,0.0,0.0014347202295552364,0.0,0.0014928720818757624,0.00020297154758083287,0.01337295690936107,0.0007429420505200594
1258464081041858567,4,6,0,6,3,0,3,3,0,3,7.0,0.0,7.0,3.0,0.0,3.0,4.0,0.0,4.0,0.5,0.0,0.42857142857142855,0.0,1,0,6,20.0,0.0,12.0,19,1,261,0.0,0.00024764735017335313,0.0,0.0,0.30952380952380953,0.19444444444444445,0.0,0.0,0.15714285714285714,0.0,0.15714285714285714,0.3142857142857143,0.0,0.0014001699585365417,0.0,0.0014347202295552364,0.0,0.0014743530707376218,0.000143955363909232,0.01411589895988113,0.0007429420505200594
1416453858566578185,17,13,0,13,6,0,6,7,0,7,18.0,0.0,18.0,10.0,0.0,10.0,8.0,0.0,8.0,0.46153846153846156,0.0,0.5555555555555556,0.0,1,0,9,21.0,0.0,30.0,23,1,465,0.0,0.0006368074718743367,0.0,0.0,0.2087912087912088,0.14792899408284024,0.0,0.0,0.16203703703703703,0.0,0.16203703703703703,0.27314814814814814,0.0,0.0016829712109834168,0.0,0.0014347202295552368,0.0,0.002191009942498656,0.000256472200068172,0.017087667161961365,0.0007429420505200594
3114693488,4,19,0,19,7,0,7,12,0,12,29.0,0.0,29.0,10.0,0.0,10.0,19.0,0.0,19.0,0.3684210526315789,0.0,0.3448275862068966,0.0,2,0,9,33.0,0.0,35.0,30,1,580,0.0,0.0010259675935753202,0.0,0.0,0.1631578947368421,0.11911357340720222,0.0,0.0,0.13409961685823754,0.0,0.13409961685823754,0.24904214559386972,0.0,0.001917891576216402,0.0,0.0014347202295552362,0.0,0.005379743576500728,0.00031990080868718224,0.022288261515601784,0.0007429420505200594
785090532,4,3,0,3,3,0,3,0,0,0,3.0,0.0,3.0,3.0,0.0,3.0,0.0,0.0,0.0,1.0,0.0,1.0,0.0,1,0,3,7.0,0.0,6.0,18,1,102,0.0,0.00010613457864572278,0.0,0.0,0.5,0.3333333333333333,0.0,0.0,0.3333333333333333,0.0,0.3333333333333333,0.6666666666666666,0.0,0.0013336983671587272,0.0,0.0014347202295552372,0.0003461097734016594,0.0,5.625841807946998e-5,0.01337295690936107,0.0007429420505200594
1269979163726938114,17,18,0,18,6,0,6,12,0,12,32.0,0.0,32.0,11.0,0.0,11.0,21.0,0.0,21.0,0.3333333333333333,0.0,0.34375,0.0,2,0,9,32.0,0.0,42.0,30,1,498,0.0,0.001132102172221043,0.0,0.0,0.19298245614035087,0.14814814814814814,0.0,0.0,0.140625,0.0,0.140625,0.2555147058823529,0.0,0.0018267284636388364,0.0,0.0014347202295552362,0.0,0.007018538062843582,0.0002746734529762358,0.022288261515601784,0.0007429420505200594
2407961990,9,5,0,5,3,0,3,2,0,2,5.0,0.0,5.0,3.0,0.0,3.0,2.0,0.0,2.0,0.6,0.0,0.6,0.0,0,0,5,17.0,0.0,9.0,7,1,214,0.0,0.00017689096440953796,0.0,0.0,0.26666666666666666,0.12,0.0,0.0,0.1,0.0,0.1,0.2,0.0,0.0014712991117374666,0.0,0.001434720229555236,0.0,0.0004994067030453797,0.00011803236734320173,0.005200594353640416,0.0007429420505200594
1447182320616812544,4,10,0,10,3,0,3,7,0,7,12.0,0.0,12.0,4.0,0.0,4.0,8.0,0.0,8.0,0.3,0.0,0.3333333333333333,0.0,1,0,8,24.0,0.0,22.0,23,1,301,0.0,0.0004245383145828911,0.0,0.0,0.2636363636363636,0.19,0.0,0.0,0.16203703703703703,0.0,0.16203703703703703,0.28703703703703703,0.0,0.00153410244047111,0.0,0.0014347202295552368,0.0,0.002297199261389049,0.00016601748864627906,0.017087667161961365,0.0007429420505200594
1945463636,3,7,0,7,4,0,4,3,0,3,7.0,0.0,7.0,4.0,0.0,4.0,3.0,0.0,3.0,0.5714285714285714,0.0,0.5714285714285714,0.0,1,0,6,24.0,0.0,12.0,21,1,306,0.0,0.00024764735017335313,0.0,0.0,0.2857142857142857,0.1836734693877551,0.0,0.0,0.19047619047619047,0.0,0.19047619047619047,0.38095238095238093,0.0,0.0014111968467021578,0.0,0.0014347202295552364,0.0,0.0010827387614743555,0.00016877525423840994,0.015601783060921248,0.0007429420505200594
1235680780489306112,4,5,0,5,3,0,3,2,0,2,5.0,0.0,5.0,3.0,0.0,3.0,2.0,0.0,2.0,0.6,0.0,0.6,0.0,1,0,5,18.0,0.0,9.0,20,1,255,0.0,0.00017689096440953796,0.0,0.0,0.36666666666666664,0.24,0.0,0.0,0.25,0.0,0.25,0.5,0.0,0.0013587450740492034,0.0,0.0014347202295552366,0.0,0.00038816400734564827,0.00014064604519867496,0.014858841010401188,0.0007429420505200594
1478840722518282241,4,4,0,4,4,0,4,0,0,0,5.0,0.0,5.0,5.0,0.0,5.0,0.0,0.0,0.0,1.0,0.0,1.0,0.0,2,0,4,18.0,0.0,9.0,18,1,109,0.0,0.00017689096440953796,0.0,0.0,0.55,0.4375,0.0,0.0,0.5333333333333333,0.0,0.5333333333333333,0.8666666666666667,0.0,0.0015186331833628402,0.0,0.0014347202295552368,0.0005784530785682973,0.0,6.011928990845321e-5,0.01337295690936107,0.0007429420505200594
183270050,4,3,0,3,3,0,3,0,0,0,3.0,0.0,3.0,3.0,0.0,3.0,0.0,0.0,0.0,1.0,0.0,1.0,0.0,1,0,3,7.0,0.0,6.0,18,1,102,0.0,0.00010613457864572278,0.0,0.0,0.5,0.3333333333333333,0.0,0.0,0.3333333333333333,0.0,0.3333333333333333,0.6666666666666666,0.0,0.0013336983671587272,0.0,0.0014347202295552372,0.0003461097734016594,0.0,5.625841807946998e-5,0.01337295690936107,0.0007429420505200594
1493823703607832577,4,2,0,2,2,0,2,0,0,0,4.0,0.0,4.0,4.0,0.0,4.0,0.0,0.0,0.0,1.0,0.0,1.0,0.0,1,0,2,14.0,0.0,7.0,7,1,59,0.0,0.00014151277152763038,0.0,0.0,0.6666666666666666,0.5,0.0,0.0,0.5,0.0,0.5,1.0,0.0,0.0013836966983199646,0.0,0.001434720229555237,0.00046212061656802916,0.0,3.25416339871444e-5,0.005200594353640416,0.0007429420505200594
1239764287083515907,4,9,0,9,8,0,8,1,0,1,9.0,0.0,9.0,8.0,0.0,8.0,1.0,0.0,1.0,0.8888888888888888,0.0,0.8888888888888888,0.0,2,0,8,25.0,0.0,14.0,21,1,139,0.0,0.00031840373593716834,0.0,0.0,0.4111111111111111,0.345679012345679,0.0,0.0,0.3472222222222222,0.0,0.3472222222222222,0.5833333333333334,0.0,0.0017550884955810566,0.0,0.001434720229555237,0.0005622149583590641,0.0,7.66658834612385e-5,0.015601783060921248,0.0007429420505200594
1237824952113303552,4,6,0,6,5,0,5,1,0,1,8.0,0.0,8.0,7.0,0.0,7.0,1.0,0.0,1.0,0.8333333333333334,0.0,0.875,0.0,2,0,6,26.0,0.0,12.0,13,1,99,0.0,0.00028302554305526076,0.0,0.0,0.30952380952380953,0.19444444444444445,0.0,0.0,0.175,0.0,0.175,0.35,0.0,0.0017324393463034394,0.0,0.001434720229555237,0.0004449464059281816,0.0,5.460375872419145e-5,0.009658246656760773,0.0007429420505200594
1127803419278790656,4,4,0,4,4,0,4,0,0,0,5.0,0.0,5.0,5.0,0.0,5.0,0.0,0.0,0.0,1.0,0.0,1.0,0.0,1,0,4,18.0,0.0,9.0,19,1,106,0.0,0.00017689096440953796,0.0,0.0,0.4,0.25,0.0,0.0,0.3,0.0,0.3,0.6,0.0,0.0013818178665017968,0.0,0.0014347202295552372,0.0005784530785682973,0.0,5.8464630553174685e-5,0.01411589895988113,0.0007429420505200594
4747292894,4,2,0,2,2,0,2,0,0,0,2.0,0.0,2.0,2.0,0.0,2.0,0.0,0.0,0.0,1.0,0.0,1.0,0.0,1,0,2,4.0,0.0,4.0,7,1,59,0.0,7.075638576381519e-5,0.0,0.0,0.6666666666666666,0.5,0.0,0.0,0.5,0.0,0.5,1.0,0.0,0.0013150702002242326,0.0,0.001434720229555237,0.00023041985254168562,0.0,3.25416339871444e-5,0.005200594353640416,0.0007429420505200594
1075939624076304384,4,2,0,2,2,0,2,0,0,0,4.0,0.0,4.0,4.0,0.0,4.0,0.0,0.0,0.0,1.0,0.0,1.0,0.0,1,0,2,14.0,0.0,7.0,18,1,94,0.0,0.00014151277152763038,0.0,0.0,0.6666666666666666,0.5,0.0,0.0,0.5,0.0,0.5,1.0,0.0,0.0013518004928578992,0.0,0.0014347202295552375,0.00046212061656802916,0.0,5.184599313206057e-5,0.01337295690936107,0.0007429420505200594
1007994165026697217,4,2,0,2,2,0,2,0,0,0,4.0,0.0,4.0,4.0,0.0,4.0,0.0,0.0,0.0,1.0,0.0,1.0,0.0,1,0,2,14.0,0.0,7.0,18,1,94,0.0,0.00014151277152763038,0.0,0.0,0.6666666666666666,0.5,0.0,0.0,0.5,0.0,0.5,1.0,0.0,0.0013518004928578992,0.0,0.0014347202295552375,0.00046212061656802916,0.0,5.184599313206057e-5,0.01337295690936107,0.0007429420505200594
1086288951344648192,4,4,0,4,3,0,3,1,0,1,4.0,0.0,4.0,3.0,0.0,3.0,1.0,0.0,1.0,0.75,0.0,0.75,0.0,1,0,4,12.0,0.0,7.0,19,1,195,0.0,0.00014151277152763038,0.0,0.0,0.4,0.25,0.0,0.0,0.25,0.0,0.25,0.5,0.0,0.0013421518789055074,0.0,0.0014347202295552375,1.5922939601065167e-5,0.0,0.00010755285809310437,0.01411589895988113,0.0007429420505200594
1323090359581200385,4,3,0,3,2,0,2,1,0,1,3.0,0.0,3.0,2.0,0.0,2.0,1.0,0.0,1.0,0.6666666666666666,0.0,0.6666666666666666,0.0,0,0,3,7.0,0.0,6.0,5,1,163,0.0,0.00010613457864572278,0.0,0.0,0.25,0.0,0.0,0.0,0.0,0.0,0.0,0.0,0.0,0.0013142901472277728,0.0,0.001434720229555236,0.0,0.00013655056567840607,8.990315830346673e-5,0.003714710252600297,0.0007429420505200594
905865565604106242,4,3,0,3,3,0,3,0,0,0,3.0,0.0,3.0,3.0,0.0,3.0,0.0,0.0,0.0,1.0,0.0,1.0,0.0,1,0,3,7.0,0.0,6.0,18,1,102,0.0,0.00010613457864572278,0.0,0.0,0.5,0.3333333333333333,0.0,0.0,0.3333333333333333,0.0,0.3333333333333333,0.6666666666666666,0.0,0.0013336983671587272,0.0,0.0014347202295552372,0.0003461097734016594,0.0,5.625841807946998e-5,0.01337295690936107,0.0007429420505200594
558903816,4,3,0,3,3,0,3,0,0,0,3.0,0.0,3.0,3.0,0.0,3.0,0.0,0.0,0.0,1.0,0.0,1.0,0.0,1,0,3,7.0,0.0,6.0,18,1,102,0.0,0.00010613457864572278,0.0,0.0,0.5,0.3333333333333333,0.0,0.0,0.3333333333333333,0.0,0.3333333333333333,0.6666666666666666,0.0,0.0013336983671587272,0.0,0.0014347202295552372,0.0003461097734016594,0.0,5.625841807946998e-5,0.01337295690936107,0.0007429420505200594
1424541312636776457,4,3,0,3,3,0,3,0,0,0,3.0,0.0,3.0,3.0,0.0,3.0,0.0,0.0,0.0,1.0,0.0,1.0,0.0,1,0,3,7.0,0.0,6.0,18,1,102,0.0,0.00010613457864572278,0.0,0.0,0.5,0.3333333333333333,0.0,0.0,0.3333333333333333,0.0,0.3333333333333333,0.6666666666666666,0.0,0.0013336983671587272,0.0,0.0014347202295552372,0.0003461097734016594,0.0,5.625841807946998e-5,0.01337295690936107,0.0007429420505200594
141170580,4,3,0,3,3,0,3,0,0,0,3.0,0.0,3.0,3.0,0.0,3.0,0.0,0.0,0.0,1.0,0.0,1.0,0.0,1,0,3,7.0,0.0,6.0,18,1,102,0.0,0.00010613457864572278,0.0,0.0,0.5,0.3333333333333333,0.0,0.0,0.3333333333333333,0.0,0.3333333333333333,0.6666666666666666,0.0,0.0013336983671587272,0.0,0.0014347202295552372,0.0003461097734016594,0.0,5.625841807946998e-5,0.01337295690936107,0.0007429420505200594
76665879,4,3,0,3,3,0,3,0,0,0,3.0,0.0,3.0,3.0,0.0,3.0,0.0,0.0,0.0,1.0,0.0,1.0,0.0,1,0,3,7.0,0.0,6.0,18,1,102,0.0,0.00010613457864572278,0.0,0.0,0.5,0.3333333333333333,0.0,0.0,0.3333333333333333,0.0,0.3333333333333333,0.6666666666666666,0.0,0.0013336983671587272,0.0,0.0014347202295552372,0.0003461097734016594,0.0,5.625841807946998e-5,0.01337295690936107,0.0007429420505200594
68698703,4,3,0,3,3,0,3,0,0,0,3.0,0.0,3.0,3.0,0.0,3.0,0.0,0.0,0.0,1.0,0.0,1.0,0.0,1,0,3,7.0,0.0,6.0,18,1,102,0.0,0.00010613457864572278,0.0,0.0,0.5,0.3333333333333333,0.0,0.0,0.3333333333333333,0.0,0.3333333333333333,0.6666666666666666,0.0,0.0013336983671587272,0.0,0.0014347202295552372,0.0003461097734016594,0.0,5.625841807946998e-5,0.01337295690936107,0.0007429420505200594
881687970222194689,4,5,0,5,4,0,4,1,0,1,5.0,0.0,5.0,4.0,0.0,4.0,1.0,0.0,1.0,0.8,0.0,0.8,0.0,2,0,5,14.0,0.0,9.0,13,1,91,0.0,0.00017689096440953796,0.0,0.0,0.36666666666666664,0.24,0.0,0.0,0.25,0.0,0.25,0.5,0.0,0.0016287105373068577,0.0,0.0014347202295552366,9.508186661233431e-5,0.0,5.019133377678204e-5,0.009658246656760773,0.0007429420505200594
2623031806,9,5,0,5,3,0,3,2,0,2,5.0,0.0,5.0,3.0,0.0,3.0,2.0,0.0,2.0,0.6,0.0,0.6,0.0,0,0,5,17.0,0.0,9.0,7,1,214,0.0,0.00017689096440953796,0.0,0.0,0.26666666666666666,0.12,0.0,0.0,0.1,0.0,0.1,0.2,0.0,0.0014712991117374666,0.0,0.001434720229555236,0.0,0.0004994067030453797,0.00011803236734320173,0.005200594353640416,0.0007429420505200594
385308260,4,2,0,2,2,0,2,0,0,0,2.0,0.0,2.0,2.0,0.0,2.0,0.0,0.0,0.0,1.0,0.0,1.0,0.0,0,0,2,4.0,0.0,4.0,3,1,58,0.0,7.075638576381519e-5,0.0,0.0,0.3333333333333333,0.0,0.0,0.0,0.0,0.0,0.0,0.0,0.0,0.0013079400674621885,0.0,0.001434720229555237,0.00023041985254168562,0.0,3.1990080868718227e-5,0.002228826151560178,0.0007429420505200594
1331181553834070017,3,10,0,10,5,0,5,5,0,5,15.0,0.0,15.0,8.0,0.0,8.0,7.0,0.0,7.0,0.5,0.0,0.5333333333333333,0.0,1,0,9,23.0,0.0,29.0,27,1,456,0.0,0.0005306728932286138,0.0,0.0,0.2636363636363636,0.19,0.0,0.0,0.18888888888888888,0.0,0.18888888888888888,0.35555555555555557,0.0,0.0015637195029126532,0.0,0.0014347202295552355,0.0,0.0018449963694322502,0.0002515082220023364,0.020059435364041606,0.0007429420505200594
754661367651504128,3,6,0,6,4,0,4,2,0,2,9.0,0.0,9.0,7.0,0.0,7.0,2.0,0.0,2.0,0.6666666666666666,0.0,0.7777777777777778,0.0,1,0,6,19.0,0.0,20.0,10,1,223,0.0,0.00031840373593716834,0.0,0.0,0.2619047619047619,0.1388888888888889,0.0,0.0,0.12222222222222222,0.0,0.12222222222222222,0.2,0.0,0.0015163966711433682,0.0,0.0014347202295552355,0.0,0.0007359234818452576,0.0001229963454090373,0.007429420505200594,0.0007429420505200594
1292309934105751552,3,2,0,2,2,0,2,0,0,0,2.0,0.0,2.0,2.0,0.0,2.0,0.0,0.0,0.0,1.0,0.0,1.0,0.0,0,0,2,4.0,0.0,4.0,5,1,123,0.0,7.075638576381519e-5,0.0,0.0,0.5,0.25,0.0,0.0,0.5,0.0,0.5,1.0,0.0,0.001383696985772948,0.0,0.0014347202295552349,9.889690447684174e-6,0.0,6.784103356641968e-5,0.003714710252600297,0.0007429420505200594
24702057,3,2,0,2,2,0,2,0,0,0,2.0,0.0,2.0,2.0,0.0,2.0,0.0,0.0,0.0,1.0,0.0,1.0,0.0,0,0,2,4.0,0.0,4.0,5,1,123,0.0,7.075638576381519e-5,0.0,0.0,0.5,0.25,0.0,0.0,0.5,0.0,0.5,1.0,0.0,0.001383696985772948,0.0,0.0014347202295552349,9.889690447684174e-6,0.0,6.784103356641968e-5,0.003714710252600297,0.0007429420505200594
1241977585673752576,3,8,0,8,3,0,3,5,0,5,10.0,0.0,10.0,4.0,0.0,4.0,6.0,0.0,6.0,0.375,0.0,0.4,0.0,1,0,6,21.0,0.0,19.0,17,1,395,0.0,0.0003537819288190759,0.0,0.0,0.18055555555555555,0.078125,0.0,0.0,0.05714285714285714,0.0,0.05714285714285714,0.11428571428571428,0.0,0.001470993631010458,0.0,0.001434720229555235,0.0,0.0013494635345897565,0.00021786348177833963,0.01263001485884101,0.0007429420505200594
1178902181593964544,2,3,0,3,3,0,3,0,0,0,3.0,0.0,3.0,3.0,0.0,3.0,0.0,0.0,0.0,1.0,0.0,1.0,0.0,0,0,3,7.0,0.0,6.0,4,1,30,0.0,0.00010613457864572278,0.0,0.0,0.25,0.0,0.0,0.0,0.0,0.0,0.0,0.0,0.0,0.0013769591844061922,0.0,0.0014347202295552362,0.0005653268954016744,0.0,1.6546593552785288e-5,0.0029717682020802376,0.0007429420505200594
939341267040796673,2,4,0,4,3,0,3,1,0,1,4.0,0.0,4.0,3.0,0.0,3.0,1.0,0.0,1.0,0.75,0.0,0.75,0.0,1,0,4,12.0,0.0,7.0,7,1,136,0.0,0.00014151277152763038,0.0,0.0,0.2,0.0,0.0,0.0,0.0,0.0,0.0,0.0,0.0,0.0013854126961529724,0.0,0.0014347202295552366,0.00027189488788070815,0.0,7.501122410595998e-5,0.005200594353640416,0.0007429420505200594
1247217504956682241,2,3,0,3,3,0,3,0,0,0,3.0,0.0,3.0,3.0,0.0,3.0,0.0,0.0,0.0,1.0,0.0,1.0,0.0,0,0,3,7.0,0.0,6.0,4,1,30,0.0,0.00010613457864572278,0.0,0.0,0.25,0.0,0.0,0.0,0.0,0.0,0.0,0.0,0.0,0.0013769591844061922,0.0,0.0014347202295552362,0.0005653268954016744,0.0,1.6546593552785288e-5,0.0029717682020802376,0.0007429420505200594
880226143353401344,2,4,0,4,3,0,3,1,0,1,4.0,0.0,4.0,3.0,0.0,3.0,1.0,0.0,1.0,0.75,0.0,0.75,0.0,0,0,4,14.0,0.0,7.0,7,1,180,0.0,0.00014151277152763038,0.0,0.0,0.3,0.125,0.0,0.0,0.08333333333333333,0.0,0.08333333333333333,0.16666666666666666,0.0,0.0013839271012712393,0.0,0.0014347202295552353,0.00023507700490899008,0.0,9.927956131671174e-5,0.005200594353640416,0.0007429420505200594
1385789278513287181,2,3,0,3,3,0,3,0,0,0,3.0,0.0,3.0,3.0,0.0,3.0,0.0,0.0,0.0,1.0,0.0,1.0,0.0,0,0,3,7.0,0.0,6.0,4,1,30,0.0,0.00010613457864572278,0.0,0.0,0.25,0.0,0.0,0.0,0.0,0.0,0.0,0.0,0.0,0.0013769591844061922,0.0,0.0014347202295552362,0.0005653268954016744,0.0,1.6546593552785288e-5,0.0029717682020802376,0.0007429420505200594
1362247381702610944,2,4,0,4,3,0,3,1,0,1,4.0,0.0,4.0,3.0,0.0,3.0,1.0,0.0,1.0,0.75,0.0,0.75,0.0,1,0,4,12.0,0.0,7.0,7,1,136,0.0,0.00014151277152763038,0.0,0.0,0.2,0.0,0.0,0.0,0.0,0.0,0.0,0.0,0.0,0.0013854126961529724,0.0,0.0014347202295552366,0.00027189488788070815,0.0,7.501122410595998e-5,0.005200594353640416,0.0007429420505200594
1278442604829564935,2,3,0,3,3,0,3,0,0,0,3.0,0.0,3.0,3.0,0.0,3.0,0.0,0.0,0.0,1.0,0.0,1.0,0.0,0,0,3,7.0,0.0,6.0,4,1,30,0.0,0.00010613457864572278,0.0,0.0,0.25,0.0,0.0,0.0,0.0,0.0,0.0,0.0,0.0,0.0013769591844061922,0.0,0.0014347202295552362,0.0005653268954016744,0.0,1.6546593552785288e-5,0.0029717682020802376,0.0007429420505200594
4148621113,2,5,0,5,3,0,3,2,0,2,5.0,0.0,5.0,3.0,0.0,3.0,2.0,0.0,2.0,0.6,0.0,0.6,0.0,1,0,4,14.0,0.0,9.0,14,1,249,0.0,0.00017689096440953796,0.0,0.0,0.2,0.04,0.0,0.0,0.0,0.0,0.0,0.0,0.0,0.0014014353719575057,0.0,0.001434720229555236,0.0,5.858774143263634e-5,0.0001373367264881179,0.010401188707280832,0.0007429420505200594
1508751607823237125,9,10,0,10,3,0,3,7,0,7,15.0,0.0,15.0,6.0,0.0,6.0,9.0,0.0,9.0,0.3,0.0,0.4,0.0,1,0,7,27.0,0.0,25.0,24,1,430,0.0,0.0005306728932286138,0.0,0.0,0.16363636363636364,0.08,0.0,0.0,0.09259259259259259,0.0,0.09259259259259259,0.18518518518518517,0.0,0.0016329012447923545,0.0,0.001434720229555235,0.0,0.0016957615337592769,0.0002371678409232558,0.017830609212481426,0.0007429420505200594
1248352685537071104,2,3,0,3,3,0,3,0,0,0,3.0,0.0,3.0,3.0,0.0,3.0,0.0,0.0,0.0,1.0,0.0,1.0,0.0,0,0,3,7.0,0.0,6.0,4,1,30,0.0,0.00010613457864572278,0.0,0.0,0.25,0.0,0.0,0.0,0.0,0.0,0.0,0.0,0.0,0.0013769591844061922,0.0,0.0014347202295552362,0.0005653268954016744,0.0,1.6546593552785288e-5,0.0029717682020802376,0.0007429420505200594
2409571994,2,3,0,3,3,0,3,0,0,0,3.0,0.0,3.0,3.0,0.0,3.0,0.0,0.0,0.0,1.0,0.0,1.0,0.0,0,0,3,7.0,0.0,6.0,4,1,30,0.0,0.00010613457864572278,0.0,0.0,0.25,0.0,0.0,0.0,0.0,0.0,0.0,0.0,0.0,0.0013769591844061922,0.0,0.0014347202295552362,0.0005653268954016744,0.0,1.6546593552785288e-5,0.0029717682020802376,0.0007429420505200594
1176963689628483584,2,3,0,3,3,0,3,0,0,0,3.0,0.0,3.0,3.0,0.0,3.0,0.0,0.0,0.0,1.0,0.0,1.0,0.0,0,0,3,7.0,0.0,6.0,4,1,30,0.0,0.00010613457864572278,0.0,0.0,0.25,0.0,0.0,0.0,0.0,0.0,0.0,0.0,0.0,0.0013769591844061922,0.0,0.0014347202295552362,0.0005653268954016744,0.0,1.6546593552785288e-5,0.0029717682020802376,0.0007429420505200594
1196961020457234434,2,3,0,3,3,0,3,0,0,0,3.0,0.0,3.0,3.0,0.0,3.0,0.0,0.0,0.0,1.0,0.0,1.0,0.0,0,0,3,7.0,0.0,6.0,4,1,30,0.0,0.00010613457864572278,0.0,0.0,0.25,0.0,0.0,0.0,0.0,0.0,0.0,0.0,0.0,0.0013769591844061922,0.0,0.0014347202295552362,0.0005653268954016744,0.0,1.6546593552785288e-5,0.0029717682020802376,0.0007429420505200594
2188145495,2,3,0,3,3,0,3,0,0,0,3.0,0.0,3.0,3.0,0.0,3.0,0.0,0.0,0.0,1.0,0.0,1.0,0.0,0,0,3,7.0,0.0,6.0,4,1,30,0.0,0.00010613457864572278,0.0,0.0,0.25,0.0,0.0,0.0,0.0,0.0,0.0,0.0,0.0,0.0013769591844061922,0.0,0.0014347202295552362,0.0005653268954016744,0.0,1.6546593552785288e-5,0.0029717682020802376,0.0007429420505200594
454324248,2,3,0,3,3,0,3,0,0,0,3.0,0.0,3.0,3.0,0.0,3.0,0.0,0.0,0.0,1.0,0.0,1.0,0.0,0,0,3,7.0,0.0,6.0,4,1,30,0.0,0.00010613457864572278,0.0,0.0,0.25,0.0,0.0,0.0,0.0,0.0,0.0,0.0,0.0,0.0013769591844061922,0.0,0.0014347202295552362,0.0005653268954016744,0.0,1.6546593552785288e-5,0.0029717682020802376,0.0007429420505200594
2397845204,2,3,0,3,3,0,3,0,0,0,3.0,0.0,3.0,3.0,0.0,3.0,0.0,0.0,0.0,1.0,0.0,1.0,0.0,0,0,3,7.0,0.0,6.0,4,1,30,0.0,0.00010613457864572278,0.0,0.0,0.25,0.0,0.0,0.0,0.0,0.0,0.0,0.0,0.0,0.0013769591844061922,0.0,0.0014347202295552362,0.0005653268954016744,0.0,1.6546593552785288e-5,0.0029717682020802376,0.0007429420505200594
42458347,2,3,0,3,3,0,3,0,0,0,3.0,0.0,3.0,3.0,0.0,3.0,0.0,0.0,0.0,1.0,0.0,1.0,0.0,0,0,3,7.0,0.0,6.0,4,1,30,0.0,0.00010613457864572278,0.0,0.0,0.25,0.0,0.0,0.0,0.0,0.0,0.0,0.0,0.0,0.0013769591844061922,0.0,0.0014347202295552362,0.0005653268954016744,0.0,1.6546593552785288e-5,0.0029717682020802376,0.0007429420505200594
119407077,2,3,0,3,3,0,3,0,0,0,9.0,0.0,9.0,9.0,0.0,9.0,0.0,0.0,0.0,1.0,0.0,1.0,0.0,0,0,3,29.0,0.0,17.0,4,1,30,0.0,0.00031840373593716834,0.0,0.0,0.25,0.0,0.0,0.0,0.0,0.0,0.0,0.0,0.0,0.001637990148961575,0.0,0.001434720229555236,0.0017080486055660593,0.0,1.6546593552785288e-5,0.0029717682020802376,0.0007429420505200594
1498972248325214209,2,3,0,3,3,0,3,0,0,0,3.0,0.0,3.0,3.0,0.0,3.0,0.0,0.0,0.0,1.0,0.0,1.0,0.0,0,0,3,7.0,0.0,6.0,4,1,30,0.0,0.00010613457864572278,0.0,0.0,0.25,0.0,0.0,0.0,0.0,0.0,0.0,0.0,0.0,0.0013769591844061922,0.0,0.0014347202295552362,0.0005653268954016744,0.0,1.6546593552785288e-5,0.0029717682020802376,0.0007429420505200594
312791677,2,3,0,3,3,0,3,0,0,0,3.0,0.0,3.0,3.0,0.0,3.0,0.0,0.0,0.0,1.0,0.0,1.0,0.0,0,0,3,7.0,0.0,6.0,4,1,30,0.0,0.00010613457864572278,0.0,0.0,0.25,0.0,0.0,0.0,0.0,0.0,0.0,0.0,0.0,0.0013769591844061922,0.0,0.0014347202295552362,0.0005653268954016744,0.0,1.6546593552785288e-5,0.0029717682020802376,0.0007429420505200594
1328205567161114624,2,3,0,3,3,0,3,0,0,0,3.0,0.0,3.0,3.0,0.0,3.0,0.0,0.0,0.0,1.0,0.0,1.0,0.0,0,0,3,7.0,0.0,6.0,4,1,30,0.0,0.00010613457864572278,0.0,0.0,0.25,0.0,0.0,0.0,0.0,0.0,0.0,0.0,0.0,0.0013769591844061922,0.0,0.0014347202295552362,0.0005653268954016744,0.0,1.6546593552785288e-5,0.0029717682020802376,0.0007429420505200594
1124877633206931456,17,15,0,15,6,0,6,9,0,9,26.0,0.0,26.0,9.0,0.0,9.0,17.0,0.0,17.0,0.4,0.0,0.34615384615384615,0.0,2,0,9,28.0,0.0,41.0,30,1,494,0.0,0.0009198330149295974,0.0,0.0,0.225,0.17333333333333334,0.0,0.0,0.1620879120879121,0.0,0.1620879120879121,0.29120879120879123,0.0,0.0016931353424150253,0.0,0.001434720229555236,0.0,0.00453229243548936,0.00027246724050253106,0.022288261515601784,0.0007429420505200594
1163719671117303808,17,8,0,8,6,0,6,2,0,2,12.0,0.0,12.0,10.0,0.0,10.0,2.0,0.0,2.0,0.75,0.0,0.8333333333333334,0.0,1,0,8,14.0,0.0,25.0,16,1,355,0.0,0.0004245383145828911,0.0,0.0,0.3888888888888889,0.3125,0.0,0.0,0.32142857142857145,0.0,0.32142857142857145,0.5119047619047619,0.0,0.0014258284315618842,0.0,0.001434720229555237,2.244458872513455e-5,0.0,0.00019580135704129259,0.01188707280832095,0.0007429420505200594
897099537751343104,17,7,0,7,5,0,5,2,0,2,8.0,0.0,8.0,6.0,0.0,6.0,2.0,0.0,2.0,0.7142857142857143,0.0,0.75,0.0,1,0,7,17.0,0.0,14.0,20,1,344,0.0,0.00028302554305526076,0.0,0.0,0.375,0.2857142857142857,0.0,0.0,0.2916666666666667,0.0,0.2916666666666667,0.4791666666666667,0.0,0.0013977897518589618,0.0,0.0014347202295552366,0.0,0.00029797725302682654,0.00018973427273860465,0.014858841010401188,0.0007429420505200594
1170784150468476929,17,7,0,7,5,0,5,2,0,2,9.0,0.0,9.0,7.0,0.0,7.0,2.0,0.0,2.0,0.7142857142857143,0.0,0.7777777777777778,0.0,1,0,7,14.0,0.0,20.0,16,1,286,0.0,0.00031840373593716834,0.0,0.0,0.375,0.2857142857142857,0.0,0.0,0.2962962962962963,0.0,0.2962962962962963,0.48148148148148145,0.0,0.0013954233837408542,0.0,0.0014347202295552372,0.0,0.0002182632605594037,0.0001577441918698864,0.01188707280832095,0.0007429420505200594
143562564,17,5,0,5,5,0,5,0,0,0,5.0,0.0,5.0,5.0,0.0,5.0,0.0,0.0,0.0,1.0,0.0,1.0,0.0,1,0,5,12.0,0.0,9.0,10,1,156,0.0,0.00017689096440953796,0.0,0.0,0.5666666666666667,0.48,0.0,0.0,0.5,0.0,0.5,0.8,0.0,0.0013534696533568176,0.0,0.0014347202295552379,0.0003942062214120634,0.0,8.60422864744835e-5,0.007429420505200594,0.0007429420505200594
378280914,3,8,0,8,2,0,2,6,0,6,11.0,0.0,11.0,5.0,0.0,5.0,6.0,0.0,6.0,0.25,0.0,0.45454545454545453,0.0,1,0,8,19.0,0.0,21.0,24,1,519,0.0,0.00038916012170098354,0.0,0.0,0.2361111111111111,0.140625,0.0,0.0,0.1038961038961039,0.0,0.1038961038961039,0.2077922077922078,0.0,0.0013974634847620927,0.0,0.001434720229555236,0.0,0.001832263010807078,0.0002862560684631855,0.017830609212481426,0.0007429420505200594
1358535923072385024,17,6,0,6,5,0,5,1,0,1,7.0,0.0,7.0,5.0,0.0,5.0,2.0,0.0,2.0,0.8333333333333334,0.0,0.7142857142857143,0.0,1,0,6,14.0,0.0,12.0,16,1,265,0.0,0.00024764735017335313,0.0,0.0,0.4523809523809524,0.3611111111111111,0.0,0.0,0.32857142857142857,0.0,0.32857142857142857,0.5428571428571428,0.0,0.0013807236963495318,0.0,0.0014347202295552366,0.0,0.000377431236423309,0.0001461615763829367,0.01188707280832095,0.0007429420505200594
3660328812,17,4,0,4,2,0,2,2,0,2,4.0,0.0,4.0,2.0,0.0,2.0,2.0,0.0,2.0,0.5,0.0,0.5,0.0,1,0,4,12.0,0.0,7.0,19,1,320,0.0,0.00014151277152763038,0.0,0.0,0.4,0.25,0.0,0.0,0.16666666666666666,0.0,0.16666666666666666,0.3333333333333333,0.0,0.0012992173123774248,0.0,0.0014347202295552355,0.0,0.0007615104532169292,0.0001764969978963764,0.01411589895988113,0.0007429420505200594
2395685646,9,4,0,4,1,0,1,3,0,3,6.0,0.0,6.0,3.0,0.0,3.0,3.0,0.0,3.0,0.25,0.0,0.5,0.0,1,0,4,15.0,0.0,11.0,19,1,288,0.0,0.00021226915729144556,0.0,0.0,0.4,0.25,0.0,0.0,0.1111111111111111,0.0,0.1111111111111111,0.2222222222222222,0.0,0.0013359719121225331,0.0,0.0014347202295552346,0.0,0.000360273392947863,0.00015884729810673878,0.01411589895988113,0.0007429420505200594
406250308,17,7,0,7,5,0,5,2,0,2,8.0,0.0,8.0,5.0,0.0,5.0,3.0,0.0,3.0,0.7142857142857143,0.0,0.625,0.0,1,0,7,18.0,0.0,14.0,11,1,270,0.0,0.00028302554305526076,0.0,0.0,0.375,0.2857142857142857,0.0,0.0,0.2708333333333333,0.0,0.2708333333333333,0.4583333333333333,0.0,0.0013775894982821057,0.0,0.0014347202295552366,0.0,0.0007636946551125012,0.00014891934197506758,0.008172362555720654,0.0007429420505200594
87624170,9,2,0,2,1,0,1,1,0,1,2.0,0.0,2.0,1.0,0.0,1.0,1.0,0.0,1.0,0.5,0.0,0.5,0.0,1,0,2,4.0,0.0,4.0,13,1,196,0.0,7.075638576381519e-5,0.0,0.0,0.6666666666666666,0.5,0.0,0.0,0.0,0.0,0.0,0.0,0.0,0.0012771367791342876,0.0,0.0014347202295552353,0.0,0.00030701823664702754,0.00010810441121153055,0.009658246656760773,0.0007429420505200594
2308345490,17,9,0,9,5,0,5,4,0,4,12.0,0.0,12.0,7.0,0.0,7.0,5.0,0.0,5.0,0.5555555555555556,0.0,0.5833333333333334,0.0,1,0,8,20.0,0.0,25.0,27,1,412,0.0,0.0004245383145828911,0.0,0.0,0.28888888888888886,0.20987654320987653,0.0,0.0,0.1875,0.0,0.1875,0.3125,0.0,0.001465722848116373,0.0,0.0014347202295552362,0.0,0.0013230787186739867,0.00022723988479158463,0.020059435364041606,0.0007429420505200594
730178982872780800,17,6,0,6,5,0,5,1,0,1,6.0,0.0,6.0,5.0,0.0,5.0,1.0,0.0,1.0,0.8333333333333334,0.0,0.8333333333333334,0.0,1,0,6,13.0,0.0,11.0,16,1,265,0.0,0.00021226915729144556,0.0,0.0,0.4523809523809524,0.3611111111111111,0.0,0.0,0.36666666666666664,0.0,0.36666666666666664,0.6,0.0,0.0013670966748531748,0.0,0.001434720229555237,8.53561008962167e-6,0.0,0.0001461615763829367,0.01188707280832095,0.0007429420505200594
1170689281142272001,4,5,0,5,2,0,2,3,0,3,5.0,0.0,5.0,2.0,0.0,2.0,3.0,0.0,3.0,0.4,0.0,0.4,0.0,1,0,5,17.0,0.0,9.0,25,1,320,0.0,0.00017689096440953796,0.0,0.0,0.4666666666666667,0.36,0.0,0.0,0.3,0.0,0.3,0.6,0.0,0.0013316063582429418,0.0,0.0014347202295552357,0.0,0.0008345605098724063,0.0001764969978963764,0.018573551263001486,0.0007429420505200594
1393536165857406982,17,6,0,6,5,0,5,1,0,1,6.0,0.0,6.0,5.0,0.0,5.0,1.0,0.0,1.0,0.8333333333333334,0.0,0.8333333333333334,0.0,1,0,6,13.0,0.0,11.0,11,1,234,0.0,0.00021226915729144556,0.0,0.0,0.4523809523809524,0.3611111111111111,0.0,0.0,0.36666666666666664,0.0,0.36666666666666664,0.6,0.0,0.001359819733122402,0.0,0.001434720229555237,8.53561008962167e-6,0.0,0.00012906342971172525,0.008172362555720654,0.0007429420505200594
4481687056,17,5,0,5,2,0,2,3,0,3,5.0,0.0,5.0,2.0,0.0,2.0,3.0,0.0,3.0,0.4,0.0,0.4,0.0,1,0,5,14.0,0.0,9.0,20,1,437,0.0,0.00017689096440953796,0.0,0.0,0.3,0.16,0.0,0.0,0.1,0.0,0.1,0.2,0.0,0.0013086472041043868,0.0,0.001434720229555236,0.0,0.0010807922294886474,0.00024102871275223902,0.014858841010401188,0.0007429420505200594
1287435194316677121,17,10,0,10,4,0,4,6,0,6,13.0,0.0,13.0,5.0,0.0,5.0,8.0,0.0,8.0,0.4,0.0,0.38461538461538464,0.0,1,0,8,21.0,0.0,24.0,22,1,553,0.0,0.0004599165074647987,0.0,0.0,0.2,0.12,0.0,0.0,0.09829059829059829,0.0,0.09829059829059829,0.19658119658119658,0.0,0.0014670067172109613,0.0,0.001434720229555236,0.0,0.0022333847671295315,0.0003050088744896755,0.01634472511144131,0.0007429420505200594
1425636844205641733,17,7,0,7,5,0,5,2,0,2,7.0,0.0,7.0,5.0,0.0,5.0,2.0,0.0,2.0,0.7142857142857143,0.0,0.7142857142857143,0.0,1,0,7,14.0,0.0,12.0,12,1,235,0.0,0.00024764735017335313,0.0,0.0,0.35714285714285715,0.2653061224489796,0.0,0.0,0.2619047619047619,0.0,0.2619047619047619,0.42857142857142855,0.0,0.0014059214260097716,0.0,0.0014347202295552368,0.0,0.000377431236423309,0.00012961498283015142,0.008915304606240713,0.0007429420505200594
923807628240723968,3,10,0,10,6,0,6,4,0,4,23.0,0.0,23.0,14.0,0.0,14.0,9.0,0.0,9.0,0.6,0.0,0.6086956521739131,0.0,1,0,9,31.0,0.0,36.0,25,1,401,0.0,0.0008136984362838747,0.0,0.0,0.21818181818181817,0.14,0.0,0.0,0.17391304347826086,0.0,0.17391304347826086,0.34782608695652173,0.0,0.0017486998871103691,0.0,0.001434720229555235,0.0,0.0017970924531082177,0.0002211728004888967,0.018573551263001486,0.0007429420505200594
2952411097,17,17,0,17,7,0,7,10,0,10,28.0,0.0,28.0,12.0,0.0,12.0,16.0,0.0,16.0,0.4117647058823529,0.0,0.42857142857142855,0.0,2,0,9,29.0,0.0,37.0,28,1,492,0.0,0.0009905894006934125,0.0,0.0,0.20915032679738563,0.16262975778546712,0.0,0.0,0.1640625,0.0,0.1640625,0.29464285714285715,0.0,0.0018124135107517104,0.0,0.0014347202295552366,0.0,0.004924184423592437,0.0002713641342656787,0.020802377414561663,0.0007429420505200594
20422178,17,5,0,5,3,0,3,2,0,2,5.0,0.0,5.0,3.0,0.0,3.0,2.0,0.0,2.0,0.6,0.0,0.6,0.0,1,0,5,12.0,0.0,9.0,14,1,317,0.0,0.00017689096440953796,0.0,0.0,0.36666666666666664,0.24,0.0,0.0,0.15,0.0,0.15,0.3,0.0,0.0013310157266015516,0.0,0.0014347202295552366,0.0,0.001243919633970858,0.00017484233854109788,0.010401188707280832,0.0007429420505200594
1457435843778465794,17,5,0,5,5,0,5,0,0,0,5.0,0.0,5.0,5.0,0.0,5.0,0.0,0.0,0.0,1.0,0.0,1.0,0.0,1,0,5,12.0,0.0,9.0,10,1,156,0.0,0.00017689096440953796,0.0,0.0,0.5666666666666667,0.48,0.0,0.0,0.5,0.0,0.5,0.8,0.0,0.0013534696533568176,0.0,0.0014347202295552379,0.0003942062214120634,0.0,8.60422864744835e-5,0.007429420505200594,0.0007429420505200594
2888152751,17,6,0,6,5,0,5,1,0,1,7.0,0.0,7.0,6.0,0.0,6.0,1.0,0.0,1.0,0.8333333333333334,0.0,0.8571428571428571,0.0,1,0,6,14.0,0.0,12.0,14,1,265,0.0,0.00024764735017335313,0.0,0.0,0.4523809523809524,0.3611111111111111,0.0,0.0,0.35714285714285715,0.0,0.35714285714285715,0.5714285714285714,0.0,0.0013841627303626046,0.0,0.0014347202295552372,8.80707884657328e-5,0.0,0.0001461615763829367,0.010401188707280832,0.0007429420505200594
1257299843950641153,9,2,0,2,1,0,1,1,0,1,2.0,0.0,2.0,1.0,0.0,1.0,1.0,0.0,1.0,0.5,0.0,0.5,0.0,1,0,2,4.0,0.0,4.0,13,1,196,0.0,7.075638576381519e-5,0.0,0.0,0.6666666666666666,0.5,0.0,0.0,0.0,0.0,0.0,0.0,0.0,0.0012771367791342876,0.0,0.0014347202295552353,0.0,0.00030701823664702754,0.00010810441121153055,0.009658246656760773,0.0007429420505200594
4524190600,9,2,0,2,1,0,1,1,0,1,2.0,0.0,2.0,1.0,0.0,1.0,1.0,0.0,1.0,0.5,0.0,0.5,0.0,1,0,2,4.0,0.0,4.0,13,1,196,0.0,7.075638576381519e-5,0.0,0.0,0.6666666666666666,0.5,0.0,0.0,0.0,0.0,0.0,0.0,0.0,0.0012771367791342876,0.0,0.0014347202295552353,0.0,0.00038052829067836136,0.00010810441121153055,0.009658246656760773,0.0007429420505200594
1433556140051157005,9,2,0,2,1,0,1,1,0,1,2.0,0.0,2.0,1.0,0.0,1.0,1.0,0.0,1.0,0.5,0.0,0.5,0.0,1,0,2,4.0,0.0,4.0,13,1,196,0.0,7.075638576381519e-5,0.0,0.0,0.6666666666666666,0.5,0.0,0.0,0.0,0.0,0.0,0.0,0.0,0.0012771367791342876,0.0,0.0014347202295552353,0.0,0.00030701823664702754,0.00010810441121153055,0.009658246656760773,0.0007429420505200594
1444565812086411269,17,7,0,7,5,0,5,2,0,2,7.0,0.0,7.0,5.0,0.0,5.0,2.0,0.0,2.0,0.7142857142857143,0.0,0.7142857142857143,0.0,1,0,7,14.0,0.0,12.0,11,1,270,0.0,0.00024764735017335313,0.0,0.0,0.375,0.2857142857142857,0.0,0.0,0.2857142857142857,0.0,0.2857142857142857,0.47619047619047616,0.0,0.0013712394185165214,0.0,0.0014347202295552372,0.0,0.000377431236423309,0.00014891934197506758,0.008172362555720654,0.0007429420505200594
57730696,17,5,0,5,5,0,5,0,0,0,5.0,0.0,5.0,5.0,0.0,5.0,0.0,0.0,0.0,1.0,0.0,1.0,0.0,1,0,5,12.0,0.0,9.0,10,1,156,0.0,0.00017689096440953796,0.0,0.0,0.5666666666666667,0.48,0.0,0.0,0.5,0.0,0.5,0.8,0.0,0.0013534696533568176,0.0,0.0014347202295552379,0.0003942062214120634,0.0,8.60422864744835e-5,0.007429420505200594,0.0007429420505200594
262425295,17,8,0,8,5,0,5,3,0,3,8.0,0.0,8.0,5.0,0.0,5.0,3.0,0.0,3.0,0.625,0.0,0.625,0.0,1,0,8,18.0,0.0,14.0,12,1,385,0.0,0.00028302554305526076,0.0,0.0,0.3055555555555556,0.21875,0.0,0.0,0.21428571428571427,0.0,0.21428571428571427,0.35714285714285715,0.0,0.0013806693102434832,0.0,0.0014347202295552372,0.0,0.0006749786001034597,0.00021234795059407786,0.008915304606240713,0.0007429420505200594
54549682,17,6,0,6,6,0,6,0,0,0,8.0,0.0,8.0,8.0,0.0,8.0,0.0,0.0,0.0,1.0,0.0,1.0,0.0,1,0,6,12.0,0.0,14.0,10,1,195,0.0,0.00028302554305526076,0.0,0.0,0.5476190476190477,0.4722222222222222,0.0,0.0,0.4875,0.0,0.4875,0.75,0.0,0.001386548652498206,0.0,0.0014347202295552379,0.0006338345315480831,0.0,0.00010755285809310437,0.007429420505200594,0.0007429420505200594
1458746884491673601,17,6,0,6,5,0,5,1,0,1,8.0,0.0,8.0,6.0,0.0,6.0,2.0,0.0,2.0,0.8333333333333334,0.0,0.75,0.0,1,0,6,14.0,0.0,14.0,16,1,265,0.0,0.00028302554305526076,0.0,0.0,0.4523809523809524,0.3611111111111111,0.0,0.0,0.3375,0.0,0.3375,0.55,0.0,0.001389177208096312,0.0,0.0014347202295552368,0.0,0.00029797725302682654,0.0001461615763829367,0.01188707280832095,0.0007429420505200594
2785294014,17,5,0,5,5,0,5,0,0,0,10.0,0.0,10.0,10.0,0.0,10.0,0.0,0.0,0.0,1.0,0.0,1.0,0.0,1,0,5,14.0,0.0,21.0,10,1,156,0.0,0.0003537819288190759,0.0,0.0,0.5666666666666667,0.48,0.0,0.0,0.5,0.0,0.5,0.8,0.0,0.0014604956045851346,0.0,0.0014347202295552379,0.0007948899542565835,0.0,8.60422864744835e-5,0.007429420505200594,0.0007429420505200594
2255124486,17,5,0,5,5,0,5,0,0,0,5.0,0.0,5.0,5.0,0.0,5.0,0.0,0.0,0.0,1.0,0.0,1.0,0.0,1,0,5,12.0,0.0,9.0,10,1,156,0.0,0.00017689096440953796,0.0,0.0,0.5666666666666667,0.48,0.0,0.0,0.5,0.0,0.5,0.8,0.0,0.0013534696533568176,0.0,0.0014347202295552379,0.0003942062214120634,0.0,8.60422864744835e-5,0.007429420505200594,0.0007429420505200594
4155456705,17,6,0,6,6,0,6,0,0,0,7.0,0.0,7.0,7.0,0.0,7.0,0.0,0.0,0.0,1.0,0.0,1.0,0.0,1,0,6,12.0,0.0,12.0,10,1,195,0.0,0.00024764735017335313,0.0,0.0,0.5476190476190477,0.4722222222222222,0.0,0.0,0.4857142857142857,0.0,0.4857142857142857,0.7428571428571429,0.0,0.0013780951407514261,0.0,0.0014347202295552379,0.0005536983659727435,0.0,0.00010755285809310437,0.007429420505200594,0.0007429420505200594
1486413380,17,5,0,5,5,0,5,0,0,0,5.0,0.0,5.0,5.0,0.0,5.0,0.0,0.0,0.0,1.0,0.0,1.0,0.0,1,0,5,12.0,0.0,9.0,10,1,156,0.0,0.00017689096440953796,0.0,0.0,0.5666666666666667,0.48,0.0,0.0,0.5,0.0,0.5,0.8,0.0,0.0013534696533568176,0.0,0.0014347202295552379,0.0003942062214120634,0.0,8.60422864744835e-5,0.007429420505200594,0.0007429420505200594
60974791,17,5,0,5,5,0,5,0,0,0,5.0,0.0,5.0,5.0,0.0,5.0,0.0,0.0,0.0,1.0,0.0,1.0,0.0,1,0,5,12.0,0.0,9.0,10,1,156,0.0,0.00017689096440953796,0.0,0.0,0.5666666666666667,0.48,0.0,0.0,0.5,0.0,0.5,0.8,0.0,0.0013534696533568176,0.0,0.0014347202295552379,0.0003942062214120634,0.0,8.60422864744835e-5,0.007429420505200594,0.0007429420505200594
1360733505416749056,17,5,0,5,5,0,5,0,0,0,5.0,0.0,5.0,5.0,0.0,5.0,0.0,0.0,0.0,1.0,0.0,1.0,0.0,1,0,5,12.0,0.0,9.0,10,1,156,0.0,0.00017689096440953796,0.0,0.0,0.5666666666666667,0.48,0.0,0.0,0.5,0.0,0.5,0.8,0.0,0.0013534696533568176,0.0,0.0014347202295552379,0.0003942062214120634,0.0,8.60422864744835e-5,0.007429420505200594,0.0007429420505200594
1215290525286199296,17,5,0,5,5,0,5,0,0,0,5.0,0.0,5.0,5.0,0.0,5.0,0.0,0.0,0.0,1.0,0.0,1.0,0.0,1,0,5,12.0,0.0,9.0,10,1,156,0.0,0.00017689096440953796,0.0,0.0,0.5666666666666667,0.48,0.0,0.0,0.5,0.0,0.5,0.8,0.0,0.0013534696533568176,0.0,0.0014347202295552379,0.0003942062214120634,0.0,8.60422864744835e-5,0.007429420505200594,0.0007429420505200594
1482341826149470210,17,5,0,5,5,0,5,0,0,0,5.0,0.0,5.0,5.0,0.0,5.0,0.0,0.0,0.0,1.0,0.0,1.0,0.0,1,0,5,12.0,0.0,9.0,10,1,156,0.0,0.00017689096440953796,0.0,0.0,0.5666666666666667,0.48,0.0,0.0,0.5,0.0,0.5,0.8,0.0,0.0013534696533568176,0.0,0.0014347202295552379,0.0003942062214120634,0.0,8.60422864744835e-5,0.007429420505200594,0.0007429420505200594
814000958770413568,17,5,0,5,5,0,5,0,0,0,5.0,0.0,5.0,5.0,0.0,5.0,0.0,0.0,0.0,1.0,0.0,1.0,0.0,1,0,5,12.0,0.0,9.0,10,1,156,0.0,0.00017689096440953796,0.0,0.0,0.5666666666666667,0.48,0.0,0.0,0.5,0.0,0.5,0.8,0.0,0.0013534696533568176,0.0,0.0014347202295552379,0.0003942062214120634,0.0,8.60422864744835e-5,0.007429420505200594,0.0007429420505200594
1053472456969728003,17,5,0,5,5,0,5,0,0,0,5.0,0.0,5.0,5.0,0.0,5.0,0.0,0.0,0.0,1.0,0.0,1.0,0.0,1,0,5,12.0,0.0,9.0,10,1,156,0.0,0.00017689096440953796,0.0,0.0,0.5666666666666667,0.48,0.0,0.0,0.5,0.0,0.5,0.8,0.0,0.0013534696533568176,0.0,0.0014347202295552379,0.0003942062214120634,0.0,8.60422864744835e-5,0.007429420505200594,0.0007429420505200594
246930965,17,5,0,5,5,0,5,0,0,0,5.0,0.0,5.0,5.0,0.0,5.0,0.0,0.0,0.0,1.0,0.0,1.0,0.0,1,0,5,12.0,0.0,9.0,10,1,156,0.0,0.00017689096440953796,0.0,0.0,0.5666666666666667,0.48,0.0,0.0,0.5,0.0,0.5,0.8,0.0,0.0013534696533568176,0.0,0.0014347202295552379,0.0003942062214120634,0.0,8.60422864744835e-5,0.007429420505200594,0.0007429420505200594
1469425596728070150,17,5,0,5,5,0,5,0,0,0,5.0,0.0,5.0,5.0,0.0,5.0,0.0,0.0,0.0,1.0,0.0,1.0,0.0,1,0,5,12.0,0.0,9.0,10,1,156,0.0,0.00017689096440953796,0.0,0.0,0.5666666666666667,0.48,0.0,0.0,0.5,0.0,0.5,0.8,0.0,0.0013534696533568176,0.0,0.0014347202295552379,0.0003942062214120634,0.0,8.60422864744835e-5,0.007429420505200594,0.0007429420505200594
260361975,17,5,0,5,5,0,5,0,0,0,5.0,0.0,5.0,5.0,0.0,5.0,0.0,0.0,0.0,1.0,0.0,1.0,0.0,1,0,5,12.0,0.0,9.0,10,1,156,0.0,0.00017689096440953796,0.0,0.0,0.5666666666666667,0.48,0.0,0.0,0.5,0.0,0.5,0.8,0.0,0.0013534696533568176,0.0,0.0014347202295552379,0.0003942062214120634,0.0,8.60422864744835e-5,0.007429420505200594,0.0007429420505200594
1434998193297756165,17,5,0,5,5,0,5,0,0,0,5.0,0.0,5.0,5.0,0.0,5.0,0.0,0.0,0.0,1.0,0.0,1.0,0.0,1,0,5,12.0,0.0,9.0,10,1,156,0.0,0.00017689096440953796,0.0,0.0,0.5666666666666667,0.48,0.0,0.0,0.5,0.0,0.5,0.8,0.0,0.0013534696533568176,0.0,0.0014347202295552379,0.0003942062214120634,0.0,8.60422864744835e-5,0.007429420505200594,0.0007429420505200594
1480611071316869120,17,5,0,5,5,0,5,0,0,0,5.0,0.0,5.0,5.0,0.0,5.0,0.0,0.0,0.0,1.0,0.0,1.0,0.0,1,0,5,12.0,0.0,9.0,10,1,156,0.0,0.00017689096440953796,0.0,0.0,0.5666666666666667,0.48,0.0,0.0,0.5,0.0,0.5,0.8,0.0,0.0013534696533568176,0.0,0.0014347202295552379,0.0003942062214120634,0.0,8.60422864744835e-5,0.007429420505200594,0.0007429420505200594
229585768,17,5,0,5,5,0,5,0,0,0,5.0,0.0,5.0,5.0,0.0,5.0,0.0,0.0,0.0,1.0,0.0,1.0,0.0,1,0,5,12.0,0.0,9.0,10,1,156,0.0,0.00017689096440953796,0.0,0.0,0.5666666666666667,0.48,0.0,0.0,0.5,0.0,0.5,0.8,0.0,0.0013534696533568176,0.0,0.0014347202295552379,0.0003942062214120634,0.0,8.60422864744835e-5,0.007429420505200594,0.0007429420505200594
3837500787,4,10,0,10,4,0,4,6,0,6,12.0,0.0,12.0,4.0,0.0,4.0,8.0,0.0,8.0,0.4,0.0,0.3333333333333333,0.0,2,0,8,24.0,0.0,21.0,26,1,492,0.0,0.0004245383145828911,0.0,0.0,0.23636363636363636,0.16,0.0,0.0,0.13425925925925927,0.0,0.13425925925925927,0.25,0.0,0.0027361640635675537,0.0,0.001434720229555236,0.0,0.002267315555658178,0.0002713641342656787,0.019316493313521546,0.0007429420505200594
19805682,3,7,0,7,3,0,3,4,0,4,7.0,0.0,7.0,3.0,0.0,3.0,4.0,0.0,4.0,0.42857142857142855,0.0,0.42857142857142855,0.0,1,0,7,18.0,0.0,12.0,22,1,396,0.0,0.00024764735017335313,0.0,0.0,0.3392857142857143,0.24489795918367346,0.0,0.0,0.23809523809523808,0.0,0.23809523809523808,0.47619047619047616,0.0,0.0013767652463269376,0.0,0.0014347202295552364,0.0,0.0014928720818757624,0.0002184150348967658,0.01634472511144131,0.0007429420505200594
147012730,3,6,0,6,3,0,3,3,0,3,8.0,0.0,8.0,5.0,0.0,5.0,3.0,0.0,3.0,0.5,0.0,0.625,0.0,1,0,6,21.0,0.0,14.0,22,1,343,0.0,0.00028302554305526076,0.0,0.0,0.35714285714285715,0.25,0.0,0.0,0.25,0.0,0.25,0.5,0.0,0.0013764852127493843,0.0,0.0014347202295552355,0.0,0.0010963170313288417,0.00018918271962017845,0.01634472511144131,0.0007429420505200594
1086159045604577280,3,11,0,11,4,0,4,7,0,7,17.0,0.0,17.0,8.0,0.0,8.0,9.0,0.0,9.0,0.36363636363636365,0.0,0.47058823529411764,0.0,2,0,9,24.0,0.0,30.0,28,1,482,0.0,0.0006014292789924291,0.0,0.0,0.24242424242424243,0.17355371900826447,0.0,0.0,0.15,0.0,0.15,0.25882352941176473,0.0,0.001534680375373879,0.0,0.0014347202295552357,0.0,0.0026033992202664225,0.00026584860308141695,0.020802377414561663,0.0007429420505200594
3231463644,3,9,0,9,4,0,4,5,0,5,10.0,0.0,10.0,5.0,0.0,5.0,5.0,0.0,5.0,0.4444444444444444,0.0,0.5,0.0,2,0,8,23.0,0.0,21.0,24,1,372,0.0,0.0003537819288190759,0.0,0.0,0.3111111111111111,0.2345679012345679,0.0,0.0,0.225,0.0,0.225,0.425,0.0,0.0014803113018487552,0.0,0.0014347202295552355,0.0,0.0014410380209937124,0.00020517776005453758,0.017830609212481426,0.0007429420505200594
1389266294587994117,4,4,0,4,4,0,4,0,0,0,4.0,0.0,4.0,4.0,0.0,4.0,0.0,0.0,0.0,1.0,0.0,1.0,0.0,2,0,4,14.0,0.0,7.0,19,1,96,0.0,0.00014151277152763038,0.0,0.0,0.6,0.5,0.0,0.0,0.5,0.0,0.5,0.8333333333333334,0.0,0.001372821660402699,0.0,0.0014347202295552372,0.00046212061656802916,0.0,5.294909936891292e-5,0.01411589895988113,0.0007429420505200594
2725272744,4,5,0,5,2,0,2,3,0,3,5.0,0.0,5.0,2.0,0.0,2.0,3.0,0.0,3.0,0.4,0.0,0.4,0.0,1,0,5,17.0,0.0,9.0,24,1,330,0.0,0.00017689096440953796,0.0,0.0,0.43333333333333335,0.32,0.0,0.0,0.3,0.0,0.3,0.6,0.0,0.0013265778252270937,0.0,0.0014347202295552357,0.0,0.0007198083502268915,0.00018201252908063817,0.017830609212481426,0.0007429420505200594
1497044033583345667,4,6,0,6,4,0,4,2,0,2,6.0,0.0,6.0,4.0,0.0,4.0,2.0,0.0,2.0,0.6666666666666666,0.0,0.6666666666666666,0.0,2,0,6,21.0,0.0,11.0,19,1,187,0.0,0.00021226915729144556,0.0,0.0,0.40476190476190477,0.3055555555555556,0.0,0.0,0.3,0.0,0.3,0.5333333333333333,0.0,0.0014220940059599726,0.0,0.0014347202295552368,0.0,0.00027222128884973884,0.00010314043314569496,0.01411589895988113,0.0007429420505200594
1020137438562283521,4,4,0,4,4,0,4,0,0,0,4.0,0.0,4.0,4.0,0.0,4.0,0.0,0.0,0.0,1.0,0.0,1.0,0.0,2,0,4,14.0,0.0,7.0,19,1,96,0.0,0.00014151277152763038,0.0,0.0,0.6,0.5,0.0,0.0,0.5,0.0,0.5,0.8333333333333334,0.0,0.001372821660402699,0.0,0.0014347202295552372,0.00046212061656802916,0.0,5.294909936891292e-5,0.01411589895988113,0.0007429420505200594
2708567180,4,2,0,2,2,0,2,0,0,0,2.0,0.0,2.0,2.0,0.0,2.0,0.0,0.0,0.0,1.0,0.0,1.0,0.0,1,0,2,4.0,0.0,4.0,19,1,87,0.0,7.075638576381519e-5,0.0,0.0,0.6666666666666666,0.5,0.0,0.0,0.5,0.0,0.5,1.0,0.0,0.0012945632014715704,0.0,0.0014347202295552375,0.00023041985254168562,0.0,4.798512130307733e-5,0.01411589895988113,0.0007429420505200594
142933969,4,2,0,2,2,0,2,0,0,0,2.0,0.0,2.0,2.0,0.0,2.0,0.0,0.0,0.0,1.0,0.0,1.0,0.0,1,0,2,4.0,0.0,4.0,19,1,87,0.0,7.075638576381519e-5,0.0,0.0,0.6666666666666666,0.5,0.0,0.0,0.5,0.0,0.5,1.0,0.0,0.0012945632014715704,0.0,0.0014347202295552375,0.00023041985254168562,0.0,4.798512130307733e-5,0.01411589895988113,0.0007429420505200594
18949781,4,5,0,5,4,0,4,1,0,1,5.0,0.0,5.0,4.0,0.0,4.0,1.0,0.0,1.0,0.8,0.0,0.8,0.0,2,0,5,17.0,0.0,9.0,22,1,228,0.0,0.00017689096440953796,0.0,0.0,0.5,0.4,0.0,0.0,0.35,0.0,0.35,0.6,0.0,0.0013797895772677464,0.0,0.0014347202295552366,9.508186661233431e-5,0.0,0.0001257541110011682,0.01634472511144131,0.0007429420505200594
49732748,9,6,0,6,1,0,1,5,0,5,7.0,0.0,7.0,2.0,0.0,2.0,5.0,0.0,5.0,0.16666666666666666,0.0,0.2857142857142857,0.0,2,0,6,18.0,0.0,12.0,24,1,311,0.0,0.00024764735017335313,0.0,0.0,0.40476190476190477,0.3055555555555556,0.0,0.0,0.24285714285714285,0.0,0.24285714285714285,0.42857142857142855,0.0,0.0014003845156291504,0.0,0.001434720229555235,0.0,0.0006397891255730537,0.00017153301983054083,0.017830609212481426,0.0007429420505200594
1194720234017558528,4,6,0,6,3,0,3,3,0,3,7.0,0.0,7.0,3.0,0.0,3.0,4.0,0.0,4.0,0.5,0.0,0.42857142857142855,0.0,1,0,6,23.0,0.0,12.0,24,1,335,0.0,0.00024764735017335313,0.0,0.0,0.35714285714285715,0.25,0.0,0.0,0.22857142857142856,0.0,0.22857142857142856,0.45714285714285713,0.0,0.001374781116388978,0.0,0.0014347202295552357,0.0,0.0010827387614743555,0.00018477029467276905,0.017830609212481426,0.0007429420505200594
1096475470072184832,4,3,0,3,2,0,2,1,0,1,3.0,0.0,3.0,2.0,0.0,2.0,1.0,0.0,1.0,0.6666666666666666,0.0,0.6666666666666666,0.0,1,0,3,7.0,0.0,6.0,22,1,224,0.0,0.00010613457864572278,0.0,0.0,0.5833333333333334,0.4444444444444444,0.0,0.0,0.3333333333333333,0.0,0.3333333333333333,0.6666666666666666,0.0,0.0013015311183366173,0.0,0.0014347202295552362,0.0,0.00013655056567840607,0.00012354789852746348,0.01634472511144131,0.0007429420505200594
1347985862160654337,17,5,0,5,1,0,1,4,0,4,6.0,0.0,6.0,2.0,0.0,2.0,4.0,0.0,4.0,0.2,0.0,0.3333333333333333,0.0,2,0,5,14.0,0.0,11.0,24,1,305,0.0,0.00021226915729144556,0.0,0.0,0.4666666666666667,0.36,0.0,0.0,0.2708333333333333,0.0,0.2708333333333333,0.4583333333333333,0.0,0.0013732122734728272,0.0,0.001434720229555237,0.0,0.0006820613388522911,0.00016822370111998377,0.017830609212481426,0.0007429420505200594
1449085848444493825,4,6,0,6,4,0,4,2,0,2,7.0,0.0,7.0,4.0,0.0,4.0,3.0,0.0,3.0,0.6666666666666666,0.0,0.5714285714285714,0.0,2,0,6,21.0,0.0,12.0,19,1,226,0.0,0.00024764735017335313,0.0,0.0,0.4523809523809524,0.3611111111111111,0.0,0.0,0.35714285714285715,0.0,0.35714285714285715,0.6571428571428571,0.0,0.0013969415053279872,0.0,0.0014347202295552362,0.0,0.0006397891255730537,0.00012465100476431582,0.01411589895988113,0.0007429420505200594
3036306081,9,2,0,2,1,0,1,1,0,1,2.0,0.0,2.0,1.0,0.0,1.0,1.0,0.0,1.0,0.5,0.0,0.5,0.0,1,0,2,4.0,0.0,4.0,23,1,89,0.0,7.075638576381519e-5,0.0,0.0,0.5,0.25,0.0,0.0,0.0,0.0,0.0,0.0,0.0,0.0023639946394854337,0.0,0.001434720229555237,0.0,8.498786936861347e-5,4.908822753992969e-5,0.017087667161961365,0.0007429420505200594
1504583473,9,2,0,2,1,0,1,1,0,1,2.0,0.0,2.0,1.0,0.0,1.0,1.0,0.0,1.0,0.5,0.0,0.5,0.0,1,0,2,4.0,0.0,4.0,23,1,89,0.0,7.075638576381519e-5,0.0,0.0,0.5,0.25,0.0,0.0,0.0,0.0,0.0,0.0,0.0,0.0023639946394854337,0.0,0.001434720229555237,0.0,8.498786936861347e-5,4.908822753992969e-5,0.017087667161961365,0.0007429420505200594
1224953028379209728,4,4,0,4,4,0,4,0,0,0,4.0,0.0,4.0,4.0,0.0,4.0,0.0,0.0,0.0,1.0,0.0,1.0,0.0,2,0,4,14.0,0.0,7.0,19,1,96,0.0,0.00014151277152763038,0.0,0.0,0.6,0.5,0.0,0.0,0.5,0.0,0.5,0.8333333333333334,0.0,0.001372821660402699,0.0,0.0014347202295552372,0.00046212061656802916,0.0,5.294909936891292e-5,0.01411589895988113,0.0007429420505200594
725475846,4,4,0,4,4,0,4,0,0,0,4.0,0.0,4.0,4.0,0.0,4.0,0.0,0.0,0.0,1.0,0.0,1.0,0.0,2,0,4,14.0,0.0,7.0,19,1,96,0.0,0.00014151277152763038,0.0,0.0,0.6,0.5,0.0,0.0,0.5,0.0,0.5,0.8333333333333334,0.0,0.001372821660402699,0.0,0.0014347202295552372,0.00046212061656802916,0.0,5.294909936891292e-5,0.01411589895988113,0.0007429420505200594
156888374,4,4,0,4,4,0,4,0,0,0,4.0,0.0,4.0,4.0,0.0,4.0,0.0,0.0,0.0,1.0,0.0,1.0,0.0,2,0,4,14.0,0.0,7.0,19,1,96,0.0,0.00014151277152763038,0.0,0.0,0.6,0.5,0.0,0.0,0.5,0.0,0.5,0.8333333333333334,0.0,0.001372821660402699,0.0,0.0014347202295552372,0.00046212061656802916,0.0,5.294909936891292e-5,0.01411589895988113,0.0007429420505200594
3197436926,4,8,0,8,4,0,4,4,0,4,10.0,0.0,10.0,6.0,0.0,6.0,4.0,0.0,4.0,0.5,0.0,0.6,0.0,2,0,8,23.0,0.0,21.0,23,1,357,0.0,0.0003537819288190759,0.0,0.0,0.3194444444444444,0.234375,0.0,0.0,0.2357142857142857,0.0,0.2357142857142857,0.42857142857142855,0.0,0.0014880305882230458,0.0,0.0014347202295552366,0.0,0.000738085829484092,0.00019690446327814493,0.017087667161961365,0.0007429420505200594
49352079,4,4,0,4,4,0,4,0,0,0,4.0,0.0,4.0,4.0,0.0,4.0,0.0,0.0,0.0,1.0,0.0,1.0,0.0,2,0,4,14.0,0.0,7.0,19,1,96,0.0,0.00014151277152763038,0.0,0.0,0.6,0.5,0.0,0.0,0.5,0.0,0.5,0.8333333333333334,0.0,0.001372821660402699,0.0,0.0014347202295552372,0.00046212061656802916,0.0,5.294909936891292e-5,0.01411589895988113,0.0007429420505200594
1140564308465635328,4,4,0,4,4,0,4,0,0,0,4.0,0.0,4.0,4.0,0.0,4.0,0.0,0.0,0.0,1.0,0.0,1.0,0.0,2,0,4,14.0,0.0,7.0,19,1,96,0.0,0.00014151277152763038,0.0,0.0,0.6,0.5,0.0,0.0,0.5,0.0,0.5,0.8333333333333334,0.0,0.001372821660402699,0.0,0.0014347202295552372,0.00046212061656802916,0.0,5.294909936891292e-5,0.01411589895988113,0.0007429420505200594
1375871651879997442,4,4,0,4,4,0,4,0,0,0,6.0,0.0,6.0,6.0,0.0,6.0,0.0,0.0,0.0,1.0,0.0,1.0,0.0,2,0,4,22.0,0.0,11.0,19,1,96,0.0,0.00021226915729144556,0.0,0.0,0.6,0.5,0.0,0.0,0.5,0.0,0.5,0.8333333333333334,0.0,0.0014209411597457687,0.0,0.0014347202295552372,0.0006951078576092895,0.0,5.294909936891292e-5,0.01411589895988113,0.0007429420505200594
3421146772,4,4,0,4,4,0,4,0,0,0,4.0,0.0,4.0,4.0,0.0,4.0,0.0,0.0,0.0,1.0,0.0,1.0,0.0,2,0,4,14.0,0.0,7.0,19,1,96,0.0,0.00014151277152763038,0.0,0.0,0.6,0.5,0.0,0.0,0.5,0.0,0.5,0.8333333333333334,0.0,0.001372821660402699,0.0,0.0014347202295552372,0.00046212061656802916,0.0,5.294909936891292e-5,0.01411589895988113,0.0007429420505200594
628819458,4,4,0,4,4,0,4,0,0,0,4.0,0.0,4.0,4.0,0.0,4.0,0.0,0.0,0.0,1.0,0.0,1.0,0.0,2,0,4,14.0,0.0,7.0,19,1,96,0.0,0.00014151277152763038,0.0,0.0,0.6,0.5,0.0,0.0,0.5,0.0,0.5,0.8333333333333334,0.0,0.001372821660402699,0.0,0.0014347202295552372,0.00046212061656802916,0.0,5.294909936891292e-5,0.01411589895988113,0.0007429420505200594
1323467562366066689,4,4,0,4,4,0,4,0,0,0,4.0,0.0,4.0,4.0,0.0,4.0,0.0,0.0,0.0,1.0,0.0,1.0,0.0,2,0,4,14.0,0.0,7.0,19,1,96,0.0,0.00014151277152763038,0.0,0.0,0.6,0.5,0.0,0.0,0.5,0.0,0.5,0.8333333333333334,0.0,0.001372821660402699,0.0,0.0014347202295552372,0.00046212061656802916,0.0,5.294909936891292e-5,0.01411589895988113,0.0007429420505200594
4823808118,4,2,0,2,2,0,2,0,0,0,2.0,0.0,2.0,2.0,0.0,2.0,0.0,0.0,0.0,1.0,0.0,1.0,0.0,1,0,2,4.0,0.0,4.0,19,1,87,0.0,7.075638576381519e-5,0.0,0.0,0.6666666666666666,0.5,0.0,0.0,0.5,0.0,0.5,1.0,0.0,0.0012945632014715704,0.0,0.0014347202295552375,0.00023041985254168562,0.0,4.798512130307733e-5,0.01411589895988113,0.0007429420505200594
896496644656685056,4,2,0,2,2,0,2,0,0,0,2.0,0.0,2.0,2.0,0.0,2.0,0.0,0.0,0.0,1.0,0.0,1.0,0.0,1,0,2,4.0,0.0,4.0,19,1,87,0.0,7.075638576381519e-5,0.0,0.0,0.6666666666666666,0.5,0.0,0.0,0.5,0.0,0.5,1.0,0.0,0.0012945632014715704,0.0,0.0014347202295552375,0.00023041985254168562,0.0,4.798512130307733e-5,0.01411589895988113,0.0007429420505200594
1371855298441453569,4,2,0,2,2,0,2,0,0,0,2.0,0.0,2.0,2.0,0.0,2.0,0.0,0.0,0.0,1.0,0.0,1.0,0.0,1,0,2,4.0,0.0,4.0,19,1,87,0.0,7.075638576381519e-5,0.0,0.0,0.6666666666666666,0.5,0.0,0.0,0.5,0.0,0.5,1.0,0.0,0.0012945632014715704,0.0,0.0014347202295552375,0.00023041985254168562,0.0,4.798512130307733e-5,0.01411589895988113,0.0007429420505200594
615811506,4,2,0,2,2,0,2,0,0,0,2.0,0.0,2.0,2.0,0.0,2.0,0.0,0.0,0.0,1.0,0.0,1.0,0.0,1,0,2,4.0,0.0,4.0,19,1,87,0.0,7.075638576381519e-5,0.0,0.0,0.6666666666666666,0.5,0.0,0.0,0.5,0.0,0.5,1.0,0.0,0.0012945632014715704,0.0,0.0014347202295552375,0.00023041985254168562,0.0,4.798512130307733e-5,0.01411589895988113,0.0007429420505200594
1435987785123606529,4,2,0,2,2,0,2,0,0,0,2.0,0.0,2.0,2.0,0.0,2.0,0.0,0.0,0.0,1.0,0.0,1.0,0.0,1,0,2,4.0,0.0,4.0,19,1,87,0.0,7.075638576381519e-5,0.0,0.0,0.6666666666666666,0.5,0.0,0.0,0.5,0.0,0.5,1.0,0.0,0.0012945632014715704,0.0,0.0014347202295552375,0.00023041985254168562,0.0,4.798512130307733e-5,0.01411589895988113,0.0007429420505200594
1241726334772051970,4,2,0,2,2,0,2,0,0,0,2.0,0.0,2.0,2.0,0.0,2.0,0.0,0.0,0.0,1.0,0.0,1.0,0.0,1,0,2,4.0,0.0,4.0,19,1,87,0.0,7.075638576381519e-5,0.0,0.0,0.6666666666666666,0.5,0.0,0.0,0.5,0.0,0.5,1.0,0.0,0.0012945632014715704,0.0,0.0014347202295552375,0.00023041985254168562,0.0,4.798512130307733e-5,0.01411589895988113,0.0007429420505200594
1493032050764353536,4,2,0,2,2,0,2,0,0,0,2.0,0.0,2.0,2.0,0.0,2.0,0.0,0.0,0.0,1.0,0.0,1.0,0.0,1,0,2,4.0,0.0,4.0,19,1,87,0.0,7.075638576381519e-5,0.0,0.0,0.6666666666666666,0.5,0.0,0.0,0.5,0.0,0.5,1.0,0.0,0.0012945632014715704,0.0,0.0014347202295552375,0.00023041985254168562,0.0,4.798512130307733e-5,0.01411589895988113,0.0007429420505200594
392580766,4,2,0,2,2,0,2,0,0,0,2.0,0.0,2.0,2.0,0.0,2.0,0.0,0.0,0.0,1.0,0.0,1.0,0.0,1,0,2,4.0,0.0,4.0,19,1,87,0.0,7.075638576381519e-5,0.0,0.0,0.6666666666666666,0.5,0.0,0.0,0.5,0.0,0.5,1.0,0.0,0.0012945632014715704,0.0,0.0014347202295552375,0.00023041985254168562,0.0,4.798512130307733e-5,0.01411589895988113,0.0007429420505200594
860909024266436608,4,2,0,2,2,0,2,0,0,0,2.0,0.0,2.0,2.0,0.0,2.0,0.0,0.0,0.0,1.0,0.0,1.0,0.0,1,0,2,4.0,0.0,4.0,19,1,87,0.0,7.075638576381519e-5,0.0,0.0,0.6666666666666666,0.5,0.0,0.0,0.5,0.0,0.5,1.0,0.0,0.0012945632014715704,0.0,0.0014347202295552375,0.00023041985254168562,0.0,4.798512130307733e-5,0.01411589895988113,0.0007429420505200594
1024650949049176064,4,2,0,2,2,0,2,0,0,0,2.0,0.0,2.0,2.0,0.0,2.0,0.0,0.0,0.0,1.0,0.0,1.0,0.0,1,0,2,4.0,0.0,4.0,19,1,87,0.0,7.075638576381519e-5,0.0,0.0,0.6666666666666666,0.5,0.0,0.0,0.5,0.0,0.5,1.0,0.0,0.0012945632014715704,0.0,0.0014347202295552375,0.00023041985254168562,0.0,4.798512130307733e-5,0.01411589895988113,0.0007429420505200594
1354064101761277952,4,1,0,1,1,0,1,0,0,0,1.0,0.0,1.0,1.0,0.0,1.0,0.0,0.0,0.0,1.0,0.0,1.0,0.0,1,0,1,1.0,0.0,1.0,18,1,83,0.0,3.5378192881907595e-5,0.0,0.0,1.0,1.0,0.0,0.0,0.0,0.0,0.0,0.0,0.0,0.0012731898952440541,0.0,0.0014347202295552375,0.000115050159135488,0.0,4.577890882937263e-5,0.01337295690936107,0.0007429420505200594
579561567,17,10,0,10,2,0,2,8,0,8,12.0,0.0,12.0,4.0,0.0,4.0,8.0,0.0,8.0,0.2,0.0,0.3333333333333333,0.0,1,0,6,23.0,0.0,19.0,16,1,319,0.0,0.0004245383145828911,0.0,0.0,0.2636363636363636,0.19,0.0,0.0,0.2037037037037037,0.0,0.2037037037037037,0.35185185185185186,0.0,0.006942399497361801,0.0,0.001434720229555237,0.0,0.0011676918549793358,0.00017594544477795023,0.01188707280832095,0.0007429420505200594
1486097077,3,7,0,7,4,0,4,3,0,3,9.0,0.0,9.0,6.0,0.0,6.0,3.0,0.0,3.0,0.5714285714285714,0.0,0.6666666666666666,0.0,1,0,7,24.0,0.0,20.0,21,1,342,0.0,0.00031840373593716834,0.0,0.0,0.25,0.14285714285714285,0.0,0.0,0.12962962962962962,0.0,0.12962962962962962,0.2222222222222222,0.0,0.001430595843701903,0.0,0.001434720229555236,0.0,0.001109668669753483,0.00018863116650175228,0.015601783060921248,0.0007429420505200594
971726979668918273,3,2,0,2,2,0,2,0,0,0,3.0,0.0,3.0,3.0,0.0,3.0,0.0,0.0,0.0,1.0,0.0,1.0,0.0,0,0,2,7.0,0.0,6.0,4,1,123,0.0,0.00010613457864572278,0.0,0.0,0.3333333333333333,0.0,0.0,0.0,0.0,0.0,0.0,0.0,0.0,0.001290262504358644,0.0,0.0014347202295552346,1.50318596962018e-5,0.0,6.784103356641968e-5,0.0029717682020802376,0.0007429420505200594
2363702751,3,6,0,6,4,0,4,2,0,2,10.0,0.0,10.0,6.0,0.0,6.0,4.0,0.0,4.0,0.6666666666666666,0.0,0.6,0.0,1,0,6,21.0,0.0,21.0,16,1,387,0.0,0.0003537819288190759,0.0,0.0,0.2619047619047619,0.1388888888888889,0.0,0.0,0.14,0.0,0.14,0.28,0.0,0.0013670560316999048,0.0,0.001434720229555235,0.0,0.0007304074189403709,0.0002134510568309302,0.01188707280832095,0.0007429420505200594
1331769324,9,5,0,5,1,0,1,4,0,4,6.0,0.0,6.0,2.0,0.0,2.0,4.0,0.0,4.0,0.2,0.0,0.3333333333333333,0.0,1,0,5,17.0,0.0,11.0,20,1,341,0.0,0.00021226915729144556,0.0,0.0,0.3333333333333333,0.2,0.0,0.0,0.125,0.0,0.125,0.25,0.0,0.0013465504541573048,0.0,0.0014347202295552346,0.0,0.0003418329427961053,0.0001880796133833261,0.014858841010401188,0.0007429420505200594
205474999,3,3,0,3,2,0,2,1,0,1,3.0,0.0,3.0,2.0,0.0,2.0,1.0,0.0,1.0,0.6666666666666666,0.0,0.6666666666666666,0.0,0,0,3,7.0,0.0,6.0,5,1,242,0.0,0.00010613457864572278,0.0,0.0,0.25,0.0,0.0,0.0,0.0,0.0,0.0,0.0,0.0,0.001308325366508417,0.0,0.0014347202295552362,0.0,0.00032398620994555927,0.00013347585465913465,0.003714710252600297,0.0007429420505200594
1415568543970627584,3,7,0,7,4,0,4,3,0,3,14.0,0.0,14.0,10.0,0.0,10.0,4.0,0.0,4.0,0.5714285714285714,0.0,0.7142857142857143,0.0,1,0,7,19.0,0.0,27.0,9,1,301,0.0,0.0004952947003467063,0.0,0.0,0.25,0.14285714285714285,0.0,0.0,0.125,0.0,0.125,0.19047619047619047,0.0,0.0014328704154489386,0.0,0.0014347202295552357,0.0,0.0014938817327113663,0.00016601748864627906,0.006686478454680535,0.0007429420505200594
1347911851351404544,3,5,0,5,4,0,4,1,0,1,7.0,0.0,7.0,6.0,0.0,6.0,1.0,0.0,1.0,0.8,0.0,0.8571428571428571,0.0,1,0,5,19.0,0.0,12.0,14,1,329,0.0,0.00024764735017335313,0.0,0.0,0.3,0.16,0.0,0.0,0.17857142857142858,0.0,0.17857142857142858,0.35714285714285715,0.0,0.001343610258068147,0.0,0.0014347202295552344,3.6923790754594954e-5,0.0,0.000181460975962212,0.010401188707280832,0.0007429420505200594
531753891,3,2,0,2,2,0,2,0,0,0,3.0,0.0,3.0,3.0,0.0,3.0,0.0,0.0,0.0,1.0,0.0,1.0,0.0,0,0,2,7.0,0.0,6.0,4,1,123,0.0,0.00010613457864572278,0.0,0.0,0.3333333333333333,0.0,0.0,0.0,0.0,0.0,0.0,0.0,0.0,0.0013020661274513587,0.0,0.0014347202295552344,1.50318596962018e-5,0.0,6.784103356641968e-5,0.0029717682020802376,0.0007429420505200594
1461826921206059020,3,6,0,6,4,0,4,2,0,2,9.0,0.0,9.0,7.0,0.0,7.0,2.0,0.0,2.0,0.6666666666666666,0.0,0.7777777777777778,0.0,1,0,6,24.0,0.0,20.0,14,1,449,0.0,0.00031840373593716834,0.0,0.0,0.2857142857142857,0.16666666666666666,0.0,0.0,0.2,0.0,0.2,0.4,0.0,0.0013641843035251974,0.0,0.0014347202295552353,0.0,0.0002917483318573,0.00024764735017335313,0.010401188707280832,0.0007429420505200594
422577072,3,6,0,6,4,0,4,2,0,2,8.0,0.0,8.0,5.0,0.0,5.0,3.0,0.0,3.0,0.6666666666666666,0.0,0.625,0.0,1,0,6,17.0,0.0,14.0,16,1,392,0.0,0.00028302554305526076,0.0,0.0,0.2857142857142857,0.16666666666666666,0.0,0.0,0.1625,0.0,0.1625,0.325,0.0,0.0013466147284013198,0.0,0.0014347202295552357,0.0,0.0007413062078026611,0.0002162088224230611,0.01188707280832095,0.0007429420505200594
1396430820424830979,3,2,0,2,2,0,2,0,0,0,2.0,0.0,2.0,2.0,0.0,2.0,0.0,0.0,0.0,1.0,0.0,1.0,0.0,0,0,2,4.0,0.0,4.0,4,1,123,0.0,7.075638576381519e-5,0.0,0.0,0.3333333333333333,0.0,0.0,0.0,0.0,0.0,0.0,0.0,0.0,0.0012839124245930596,0.0,0.0014347202295552353,9.889690447684174e-6,0.0,6.784103356641968e-5,0.0029717682020802376,0.0007429420505200594
129609017,3,4,0,4,3,0,3,1,0,1,4.0,0.0,4.0,3.0,0.0,3.0,1.0,0.0,1.0,0.75,0.0,0.75,0.0,1,0,4,14.0,0.0,7.0,13,1,317,0.0,0.00014151277152763038,0.0,0.0,0.35,0.1875,0.0,0.0,0.16666666666666666,0.0,0.16666666666666666,0.3333333333333333,0.0,0.0013163109860471786,0.0,0.0014347202295552342,2.030602090730138e-5,0.0,0.00017484233854109788,0.009658246656760773,0.0007429420505200594
982518512630616065,9,5,0,5,1,0,1,4,0,4,7.0,0.0,7.0,2.0,0.0,2.0,5.0,0.0,5.0,0.2,0.0,0.2857142857142857,0.0,1,0,5,16.0,0.0,12.0,16,1,376,0.0,0.00024764735017335313,0.0,0.0,0.26666666666666666,0.12,0.0,0.0,0.07142857142857142,0.0,0.07142857142857142,0.14285714285714285,0.0,0.0013401859264057859,0.0,0.0014347202295552349,0.0,0.0007465559330077642,0.00020738397252824227,0.01188707280832095,0.0007429420505200594
1263327376005451776,3,1,0,1,1,0,1,0,0,0,1.0,0.0,1.0,1.0,0.0,1.0,0.0,0.0,0.0,1.0,0.0,1.0,0.0,0,0,1,1.0,0.0,1.0,3,1,122,0.0,3.5378192881907595e-5,0.0,0.0,0.5,0.0,0.0,0.0,0.0,0.0,0.0,0.0,0.0,0.0012527937818940852,0.0,0.0014347202295552333,4.879180990902121e-6,0.0,6.728948044799351e-5,0.002228826151560178,0.0007429420505200594
1429468650826784779,3,1,0,1,1,0,1,0,0,0,1.0,0.0,1.0,1.0,0.0,1.0,0.0,0.0,0.0,1.0,0.0,1.0,0.0,0,0,1,1.0,0.0,1.0,3,1,122,0.0,3.5378192881907595e-5,0.0,0.0,0.5,0.0,0.0,0.0,0.0,0.0,0.0,0.0,0.0,0.0012527937818940852,0.0,0.0014347202295552333,4.879180990902121e-6,0.0,6.728948044799351e-5,0.002228826151560178,0.0007429420505200594
918912528461258753,3,1,0,1,1,0,1,0,0,0,1.0,0.0,1.0,1.0,0.0,1.0,0.0,0.0,0.0,1.0,0.0,1.0,0.0,0,0,1,1.0,0.0,1.0,3,1,122,0.0,3.5378192881907595e-5,0.0,0.0,0.5,0.0,0.0,0.0,0.0,0.0,0.0,0.0,0.0,0.0012527937818940852,0.0,0.0014347202295552333,4.879180990902121e-6,0.0,6.728948044799351e-5,0.002228826151560178,0.0007429420505200594
108408303,3,1,0,1,1,0,1,0,0,0,1.0,0.0,1.0,1.0,0.0,1.0,0.0,0.0,0.0,1.0,0.0,1.0,0.0,0,0,1,1.0,0.0,1.0,3,1,122,0.0,3.5378192881907595e-5,0.0,0.0,0.5,0.0,0.0,0.0,0.0,0.0,0.0,0.0,0.0,0.0012527937818940852,0.0,0.0014347202295552333,4.879180990902121e-6,0.0,6.728948044799351e-5,0.002228826151560178,0.0007429420505200594
1394060181206614019,3,1,0,1,1,0,1,0,0,0,1.0,0.0,1.0,1.0,0.0,1.0,0.0,0.0,0.0,1.0,0.0,1.0,0.0,0,0,1,1.0,0.0,1.0,3,1,122,0.0,3.5378192881907595e-5,0.0,0.0,0.5,0.0,0.0,0.0,0.0,0.0,0.0,0.0,0.0,0.0012527937818940852,0.0,0.0014347202295552333,4.879180990902121e-6,0.0,6.728948044799351e-5,0.002228826151560178,0.0007429420505200594
858042162860183552,17,6,0,6,3,0,3,3,0,3,7.0,0.0,7.0,4.0,0.0,4.0,3.0,0.0,3.0,0.5,0.0,0.5714285714285714,0.0,1,0,6,12.0,0.0,12.0,14,1,351,0.0,0.00024764735017335313,0.0,0.0,0.30952380952380953,0.19444444444444445,0.0,0.0,0.21428571428571427,0.0,0.21428571428571427,0.2857142857142857,0.0,0.0013564506614741568,0.0,0.0014347202295552364,0.0,0.000842807708694493,0.00019359514456758787,0.010401188707280832,0.0007429420505200594
70752796,3,4,0,4,3,0,3,1,0,1,5.0,0.0,5.0,4.0,0.0,4.0,1.0,0.0,1.0,0.75,0.0,0.8,0.0,1,0,4,17.0,0.0,9.0,13,1,328,0.0,0.00017689096440953796,0.0,0.0,0.4,0.25,0.0,0.0,0.26666666666666666,0.0,0.26666666666666666,0.5333333333333333,0.0,0.0012962280910437276,0.0,0.001434720229555235,2.5712507099595605e-5,0.0,0.00018090942284378582,0.009658246656760773,0.0007429420505200594
164676451,9,3,0,3,1,0,1,2,0,2,4.0,0.0,4.0,2.0,0.0,2.0,2.0,0.0,2.0,0.3333333333333333,0.0,0.5,0.0,0,0,3,14.0,0.0,7.0,8,1,242,0.0,0.00014151277152763038,0.0,0.0,0.3333333333333333,0.1111111111111111,0.0,0.0,0.0,0.0,0.0,0.0,0.0,0.0012978482583231538,0.0,0.0014347202295552342,2.030602090730138e-5,0.0,0.00013347585465913465,0.005943536404160475,0.0007429420505200594
71032085,3,3,0,3,3,0,3,0,0,0,5.0,0.0,5.0,5.0,0.0,5.0,0.0,0.0,0.0,1.0,0.0,1.0,0.0,1,0,3,18.0,0.0,9.0,9,1,241,0.0,0.00017689096440953796,0.0,0.0,0.5,0.3333333333333333,0.0,0.0,0.5,0.0,0.5,1.0,0.0,0.001297817590046503,0.0,0.0014347202295552342,2.5712507099595605e-5,0.0,0.00013292430154070848,0.006686478454680535,0.0007429420505200594
2210194536,3,3,0,3,3,0,3,0,0,0,3.0,0.0,3.0,3.0,0.0,3.0,0.0,0.0,0.0,1.0,0.0,1.0,0.0,1,0,3,7.0,0.0,6.0,9,1,230,0.0,0.00010613457864572278,0.0,0.0,0.4166666666666667,0.2222222222222222,0.0,0.0,0.3333333333333333,0.0,0.3333333333333333,0.6666666666666666,0.0,0.0013093430691821313,0.0,0.0014347202295552344,1.50318596962018e-5,0.0,0.00012685721723802054,0.006686478454680535,0.0007429420505200594
602999744,3,4,0,4,4,0,4,0,0,0,4.0,0.0,4.0,4.0,0.0,4.0,0.0,0.0,0.0,1.0,0.0,1.0,0.0,1,0,4,14.0,0.0,7.0,9,1,241,0.0,0.00014151277152763038,0.0,0.0,0.4,0.25,0.0,0.0,0.3333333333333333,0.0,0.3333333333333333,0.6666666666666666,0.0,0.0013089591314835358,0.0,0.0014347202295552353,2.030602090730138e-5,0.0,0.00013292430154070848,0.006686478454680535,0.0007429420505200594
612397643,3,3,0,3,2,0,2,1,0,1,3.0,0.0,3.0,2.0,0.0,2.0,1.0,0.0,1.0,0.6666666666666666,0.0,0.6666666666666666,0.0,0,0,3,7.0,0.0,6.0,5,1,242,0.0,0.00010613457864572278,0.0,0.0,0.25,0.0,0.0,0.0,0.0,0.0,0.0,0.0,0.0,0.0012933423163200215,0.0,0.0014347202295552362,0.0,0.00032398620994555927,0.00013347585465913465,0.003714710252600297,0.0007429420505200594
601555458,3,2,0,2,2,0,2,0,0,0,2.0,0.0,2.0,2.0,0.0,2.0,0.0,0.0,0.0,1.0,0.0,1.0,0.0,0,0,2,4.0,0.0,4.0,3,1,164,0.0,7.075638576381519e-5,0.0,0.0,0.5,0.25,0.0,0.0,0.5,0.0,0.5,1.0,0.0,0.0012642134672882042,0.0,0.0014347202295552355,9.889690447684174e-6,0.0,9.045471142189291e-5,0.002228826151560178,0.0007429420505200594
537959237,3,3,0,3,3,0,3,0,0,0,3.0,0.0,3.0,3.0,0.0,3.0,0.0,0.0,0.0,1.0,0.0,1.0,0.0,1,0,3,7.0,0.0,6.0,9,1,241,0.0,0.00010613457864572278,0.0,0.0,0.5,0.3333333333333333,0.0,0.0,0.5,0.0,0.5,1.0,0.0,0.0012778404887845611,0.0,0.0014347202295552346,1.50318596962018e-5,0.0,0.00013292430154070848,0.006686478454680535,0.0007429420505200594
1497516918382628867,3,4,0,4,4,0,4,0,0,0,5.0,0.0,5.0,5.0,0.0,5.0,0.0,0.0,0.0,1.0,0.0,1.0,0.0,1,0,4,18.0,0.0,9.0,10,1,242,0.0,0.00017689096440953796,0.0,0.0,0.35,0.1875,0.0,0.0,0.26666666666666666,0.0,0.26666666666666666,0.5333333333333333,0.0,0.001337569203168288,0.0,0.0014347202295552349,2.5712507099595605e-5,0.0,0.00013347585465913465,0.007429420505200594,0.0007429420505200594
148642047,3,2,0,2,2,0,2,0,0,0,2.0,0.0,2.0,2.0,0.0,2.0,0.0,0.0,0.0,1.0,0.0,1.0,0.0,0,0,2,4.0,0.0,4.0,4,1,123,0.0,7.075638576381519e-5,0.0,0.0,0.3333333333333333,0.0,0.0,0.0,0.0,0.0,0.0,0.0,0.0,0.0012839124245930596,0.0,0.0014347202295552353,9.889690447684174e-6,0.0,6.784103356641968e-5,0.0029717682020802376,0.0007429420505200594
122362854,3,2,0,2,2,0,2,0,0,0,2.0,0.0,2.0,2.0,0.0,2.0,0.0,0.0,0.0,1.0,0.0,1.0,0.0,0,0,2,4.0,0.0,4.0,4,1,123,0.0,7.075638576381519e-5,0.0,0.0,0.3333333333333333,0.0,0.0,0.0,0.0,0.0,0.0,0.0,0.0,0.0012839124245930596,0.0,0.0014347202295552353,9.889690447684174e-6,0.0,6.784103356641968e-5,0.0029717682020802376,0.0007429420505200594
1114042348403478528,3,2,0,2,2,0,2,0,0,0,2.0,0.0,2.0,2.0,0.0,2.0,0.0,0.0,0.0,1.0,0.0,1.0,0.0,0,0,2,4.0,0.0,4.0,4,1,123,0.0,7.075638576381519e-5,0.0,0.0,0.3333333333333333,0.0,0.0,0.0,0.0,0.0,0.0,0.0,0.0,0.0012839124245930596,0.0,0.0014347202295552353,9.889690447684174e-6,0.0,6.784103356641968e-5,0.0029717682020802376,0.0007429420505200594
1463109054880837640,3,2,0,2,2,0,2,0,0,0,3.0,0.0,3.0,3.0,0.0,3.0,0.0,0.0,0.0,1.0,0.0,1.0,0.0,0,0,2,7.0,0.0,6.0,4,1,123,0.0,0.00010613457864572278,0.0,0.0,0.3333333333333333,0.0,0.0,0.0,0.0,0.0,0.0,0.0,0.0,0.0013052455545470392,0.0,0.0014347202295552344,1.50318596962018e-5,0.0,6.784103356641968e-5,0.0029717682020802376,0.0007429420505200594
1028438369234309120,3,2,0,2,2,0,2,0,0,0,3.0,0.0,3.0,3.0,0.0,3.0,0.0,0.0,0.0,1.0,0.0,1.0,0.0,0,0,2,7.0,0.0,6.0,3,1,164,0.0,0.00010613457864572278,0.0,0.0,0.5,0.25,0.0,0.0,0.5,0.0,0.5,1.0,0.0,0.0012705635470537887,0.0,0.0014347202295552346,1.50318596962018e-5,0.0,9.045471142189291e-5,0.002228826151560178,0.0007429420505200594
731886457799999488,3,4,0,4,3,0,3,1,0,1,5.0,0.0,5.0,4.0,0.0,4.0,1.0,0.0,1.0,0.75,0.0,0.8,0.0,1,0,4,14.0,0.0,9.0,13,1,296,0.0,0.00017689096440953796,0.0,0.0,0.25,0.0625,0.0,0.0,0.1,0.0,0.1,0.2,0.0,0.0013273260877901764,0.0,0.001434720229555235,0.0,0.00036553527627825044,0.00016325972305414817,0.009658246656760773,0.0007429420505200594
1246124670312681479,3,3,0,3,3,0,3,0,0,0,4.0,0.0,4.0,4.0,0.0,4.0,0.0,0.0,0.0,1.0,0.0,1.0,0.0,0,0,3,14.0,0.0,7.0,4,1,165,0.0,0.00014151277152763038,0.0,0.0,0.3333333333333333,0.1111111111111111,0.0,0.0,0.1875,0.0,0.1875,0.375,0.0,0.0013166652399411584,0.0,0.0014347202295552353,2.030602090730138e-5,0.0,9.100626454031908e-5,0.0029717682020802376,0.0007429420505200594
1097248394333036544,3,2,0,2,2,0,2,0,0,0,2.0,0.0,2.0,2.0,0.0,2.0,0.0,0.0,0.0,1.0,0.0,1.0,0.0,0,0,2,4.0,0.0,4.0,3,1,164,0.0,7.075638576381519e-5,0.0,0.0,0.5,0.25,0.0,0.0,0.5,0.0,0.5,1.0,0.0,0.0012642134672882042,0.0,0.0014347202295552355,9.889690447684174e-6,0.0,9.045471142189291e-5,0.002228826151560178,0.0007429420505200594
1262752289959231489,3,2,0,2,2,0,2,0,0,0,2.0,0.0,2.0,2.0,0.0,2.0,0.0,0.0,0.0,1.0,0.0,1.0,0.0,0,0,2,4.0,0.0,4.0,3,1,164,0.0,7.075638576381519e-5,0.0,0.0,0.5,0.25,0.0,0.0,0.5,0.0,0.5,1.0,0.0,0.0012642134672882042,0.0,0.0014347202295552355,9.889690447684174e-6,0.0,9.045471142189291e-5,0.002228826151560178,0.0007429420505200594
1603795177,3,2,0,2,2,0,2,0,0,0,2.0,0.0,2.0,2.0,0.0,2.0,0.0,0.0,0.0,1.0,0.0,1.0,0.0,0,0,2,4.0,0.0,4.0,3,1,164,0.0,7.075638576381519e-5,0.0,0.0,0.5,0.25,0.0,0.0,0.5,0.0,0.5,1.0,0.0,0.0012642134672882042,0.0,0.0014347202295552355,9.889690447684174e-6,0.0,9.045471142189291e-5,0.002228826151560178,0.0007429420505200594
308810129,3,2,0,2,2,0,2,0,0,0,2.0,0.0,2.0,2.0,0.0,2.0,0.0,0.0,0.0,1.0,0.0,1.0,0.0,0,0,2,4.0,0.0,4.0,4,1,123,0.0,7.075638576381519e-5,0.0,0.0,0.3333333333333333,0.0,0.0,0.0,0.0,0.0,0.0,0.0,0.0,0.0012988954747814548,0.0,0.0014347202295552353,9.889690447684174e-6,0.0,6.784103356641968e-5,0.0029717682020802376,0.0007429420505200594
1359329712980582401,3,2,0,2,2,0,2,0,0,0,2.0,0.0,2.0,2.0,0.0,2.0,0.0,0.0,0.0,1.0,0.0,1.0,0.0,0,0,2,4.0,0.0,4.0,4,1,123,0.0,7.075638576381519e-5,0.0,0.0,0.3333333333333333,0.0,0.0,0.0,0.0,0.0,0.0,0.0,0.0,0.0012988954747814548,0.0,0.0014347202295552353,9.889690447684174e-6,0.0,6.784103356641968e-5,0.0029717682020802376,0.0007429420505200594
1613910571,3,2,0,2,2,0,2,0,0,0,2.0,0.0,2.0,2.0,0.0,2.0,0.0,0.0,0.0,1.0,0.0,1.0,0.0,0,0,2,4.0,0.0,4.0,4,1,123,0.0,7.075638576381519e-5,0.0,0.0,0.3333333333333333,0.0,0.0,0.0,0.0,0.0,0.0,0.0,0.0,0.0012988954747814548,0.0,0.0014347202295552353,9.889690447684174e-6,0.0,6.784103356641968e-5,0.0029717682020802376,0.0007429420505200594
1493820130228195331,9,9,0,9,3,0,3,6,0,6,9.0,0.0,9.0,3.0,0.0,3.0,6.0,0.0,6.0,0.3333333333333333,0.0,0.3333333333333333,0.0,1,0,7,21.0,0.0,14.0,18,1,424,0.0,0.00031840373593716834,0.0,0.0,0.2,0.1111111111111111,0.0,0.0,0.09722222222222222,0.0,0.09722222222222222,0.16666666666666666,0.0,0.0015119267133418177,0.0,0.0014347202295552357,0.0,0.0018583433589203224,0.00023385852221269874,0.01337295690936107,0.0007429420505200594
59872846,3,5,0,5,2,0,2,3,0,3,7.0,0.0,7.0,4.0,0.0,4.0,3.0,0.0,3.0,0.4,0.0,0.5714285714285714,0.0,1,0,5,18.0,0.0,12.0,11,1,352,0.0,0.00024764735017335313,0.0,0.0,0.23333333333333334,0.08,0.0,0.0,0.07142857142857142,0.0,0.07142857142857142,0.14285714285714285,0.0,0.0013319809307252625,0.0,0.0014347202295552357,0.0,0.0007281624744874815,0.00019414669768601404,0.008172362555720654,0.0007429420505200594
186991797,3,2,0,2,2,0,2,0,0,0,2.0,0.0,2.0,2.0,0.0,2.0,0.0,0.0,0.0,1.0,0.0,1.0,0.0,0,0,2,4.0,0.0,4.0,4,1,123,0.0,7.075638576381519e-5,0.0,0.0,0.3333333333333333,0.0,0.0,0.0,0.0,0.0,0.0,0.0,0.0,0.0012957160476857739,0.0,0.0014347202295552353,9.889690447684174e-6,0.0,6.784103356641968e-5,0.0029717682020802376,0.0007429420505200594
114901297,3,6,0,6,4,0,4,2,0,2,7.0,0.0,7.0,5.0,0.0,5.0,2.0,0.0,2.0,0.6666666666666666,0.0,0.7142857142857143,0.0,1,0,6,18.0,0.0,12.0,16,1,387,0.0,0.00024764735017335313,0.0,0.0,0.2619047619047619,0.1388888888888889,0.0,0.0,0.15714285714285714,0.0,0.15714285714285714,0.3142857142857143,0.0,0.0013498112046844348,0.0,0.0014347202295552355,0.0,0.0003548788474355691,0.0002134510568309302,0.01188707280832095,0.0007429420505200594
4703767346,3,2,0,2,2,0,2,0,0,0,2.0,0.0,2.0,2.0,0.0,2.0,0.0,0.0,0.0,1.0,0.0,1.0,0.0,0,0,2,4.0,0.0,4.0,3,1,164,0.0,7.075638576381519e-5,0.0,0.0,0.5,0.25,0.0,0.0,0.5,0.0,0.5,1.0,0.0,0.0012642134672882042,0.0,0.0014347202295552355,9.889690447684174e-6,0.0,9.045471142189291e-5,0.002228826151560178,0.0007429420505200594
2791953405,3,2,0,2,2,0,2,0,0,0,2.0,0.0,2.0,2.0,0.0,2.0,0.0,0.0,0.0,1.0,0.0,1.0,0.0,0,0,2,4.0,0.0,4.0,4,1,123,0.0,7.075638576381519e-5,0.0,0.0,0.3333333333333333,0.0,0.0,0.0,0.0,0.0,0.0,0.0,0.0,0.0012957160476857739,0.0,0.0014347202295552353,9.889690447684174e-6,0.0,6.784103356641968e-5,0.0029717682020802376,0.0007429420505200594
76615174,3,2,0,2,2,0,2,0,0,0,2.0,0.0,2.0,2.0,0.0,2.0,0.0,0.0,0.0,1.0,0.0,1.0,0.0,0,0,2,4.0,0.0,4.0,4,1,123,0.0,7.075638576381519e-5,0.0,0.0,0.3333333333333333,0.0,0.0,0.0,0.0,0.0,0.0,0.0,0.0,0.0012988954747814548,0.0,0.0014347202295552353,9.889690447684174e-6,0.0,6.784103356641968e-5,0.0029717682020802376,0.0007429420505200594
1511802440781291521,3,2,0,2,2,0,2,0,0,0,2.0,0.0,2.0,2.0,0.0,2.0,0.0,0.0,0.0,1.0,0.0,1.0,0.0,0,0,2,4.0,0.0,4.0,4,1,123,0.0,7.075638576381519e-5,0.0,0.0,0.3333333333333333,0.0,0.0,0.0,0.0,0.0,0.0,0.0,0.0,0.0012988954747814548,0.0,0.0014347202295552353,9.889690447684174e-6,0.0,6.784103356641968e-5,0.0029717682020802376,0.0007429420505200594
1352231142,3,3,0,3,2,0,2,1,0,1,3.0,0.0,3.0,2.0,0.0,2.0,1.0,0.0,1.0,0.6666666666666666,0.0,0.6666666666666666,0.0,1,0,3,7.0,0.0,6.0,13,1,143,0.0,0.00010613457864572278,0.0,0.0,0.3333333333333333,0.1111111111111111,0.0,0.0,0.0,0.0,0.0,0.0,0.0,0.0013386865562357091,0.0,0.001434720229555236,0.0,0.0003572691748153778,7.88720959349432e-5,0.009658246656760773,0.0007429420505200594
841850514849517569,3,4,0,4,3,0,3,1,0,1,4.0,0.0,4.0,3.0,0.0,3.0,1.0,0.0,1.0,0.75,0.0,0.75,0.0,1,0,4,7.0,0.0,7.0,12,1,153,0.0,0.00014151277152763038,0.0,0.0,0.3,0.125,0.0,0.0,0.16666666666666666,0.0,0.16666666666666666,0.3333333333333333,0.0,0.00140765211045691,0.0,0.001434720229555236,0.0,0.0003522558901162265,8.438762711920497e-5,0.008915304606240713,0.0007429420505200594
1137331911313899520,3,5,0,5,4,0,4,1,0,1,6.0,0.0,6.0,5.0,0.0,5.0,1.0,0.0,1.0,0.8,0.0,0.8333333333333334,0.0,1,0,5,17.0,0.0,11.0,13,1,322,0.0,0.00021226915729144556,0.0,0.0,0.36666666666666664,0.24,0.0,0.0,0.2708333333333333,0.0,0.2708333333333333,0.5416666666666666,0.0,0.001349406662212615,0.0,0.0014347202295552344,3.125165214179493e-5,0.0,0.00017760010413322877,0.009658246656760773,0.0007429420505200594
116056117,17,5,0,5,2,0,2,3,0,3,6.0,0.0,6.0,3.0,0.0,3.0,3.0,0.0,3.0,0.4,0.0,0.5,0.0,1,0,5,12.0,0.0,11.0,12,1,332,0.0,0.00021226915729144556,0.0,0.0,0.3,0.16,0.0,0.0,0.125,0.0,0.125,0.125,0.0,0.0013263549949076717,0.0,0.0014347202295552364,0.0,0.0009216617455874987,0.0001831156353174905,0.008915304606240713,0.0007429420505200594
4512963912,3,2,0,2,2,0,2,0,0,0,2.0,0.0,2.0,2.0,0.0,2.0,0.0,0.0,0.0,1.0,0.0,1.0,0.0,0,0,2,4.0,0.0,4.0,4,1,123,0.0,7.075638576381519e-5,0.0,0.0,0.3333333333333333,0.0,0.0,0.0,0.0,0.0,0.0,0.0,0.0,0.0012839124245930596,0.0,0.0014347202295552353,9.889690447684174e-6,0.0,6.784103356641968e-5,0.0029717682020802376,0.0007429420505200594
100914532,3,2,0,2,2,0,2,0,0,0,2.0,0.0,2.0,2.0,0.0,2.0,0.0,0.0,0.0,1.0,0.0,1.0,0.0,0,0,2,4.0,0.0,4.0,4,1,123,0.0,7.075638576381519e-5,0.0,0.0,0.3333333333333333,0.0,0.0,0.0,0.0,0.0,0.0,0.0,0.0,0.0012957160476857739,0.0,0.0014347202295552353,9.889690447684174e-6,0.0,6.784103356641968e-5,0.0029717682020802376,0.0007429420505200594
1113593675110436865,3,2,0,2,2,0,2,0,0,0,2.0,0.0,2.0,2.0,0.0,2.0,0.0,0.0,0.0,1.0,0.0,1.0,0.0,0,0,2,4.0,0.0,4.0,4,1,123,0.0,7.075638576381519e-5,0.0,0.0,0.3333333333333333,0.0,0.0,0.0,0.0,0.0,0.0,0.0,0.0,0.0012839124245930596,0.0,0.0014347202295552353,9.889690447684174e-6,0.0,6.784103356641968e-5,0.0029717682020802376,0.0007429420505200594
1501345049342201864,3,2,0,2,2,0,2,0,0,0,2.0,0.0,2.0,2.0,0.0,2.0,0.0,0.0,0.0,1.0,0.0,1.0,0.0,0,0,2,4.0,0.0,4.0,4,1,123,0.0,7.075638576381519e-5,0.0,0.0,0.3333333333333333,0.0,0.0,0.0,0.0,0.0,0.0,0.0,0.0,0.0012839124245930596,0.0,0.0014347202295552353,9.889690447684174e-6,0.0,6.784103356641968e-5,0.0029717682020802376,0.0007429420505200594
1678411796,3,2,0,2,2,0,2,0,0,0,2.0,0.0,2.0,2.0,0.0,2.0,0.0,0.0,0.0,1.0,0.0,1.0,0.0,0,0,2,4.0,0.0,4.0,4,1,123,0.0,7.075638576381519e-5,0.0,0.0,0.3333333333333333,0.0,0.0,0.0,0.0,0.0,0.0,0.0,0.0,0.0012957160476857739,0.0,0.0014347202295552353,9.889690447684174e-6,0.0,6.784103356641968e-5,0.0029717682020802376,0.0007429420505200594
4717416690,3,2,0,2,2,0,2,0,0,0,2.0,0.0,2.0,2.0,0.0,2.0,0.0,0.0,0.0,1.0,0.0,1.0,0.0,0,0,2,4.0,0.0,4.0,4,1,123,0.0,7.075638576381519e-5,0.0,0.0,0.3333333333333333,0.0,0.0,0.0,0.0,0.0,0.0,0.0,0.0,0.0012839124245930596,0.0,0.0014347202295552353,9.889690447684174e-6,0.0,6.784103356641968e-5,0.0029717682020802376,0.0007429420505200594
1350593874155036672,3,2,0,2,2,0,2,0,0,0,2.0,0.0,2.0,2.0,0.0,2.0,0.0,0.0,0.0,1.0,0.0,1.0,0.0,0,0,2,4.0,0.0,4.0,4,1,123,0.0,7.075638576381519e-5,0.0,0.0,0.3333333333333333,0.0,0.0,0.0,0.0,0.0,0.0,0.0,0.0,0.0012839124245930596,0.0,0.0014347202295552353,9.889690447684174e-6,0.0,6.784103356641968e-5,0.0029717682020802376,0.0007429420505200594
87979936,3,3,0,3,2,0,2,1,0,1,3.0,0.0,3.0,2.0,0.0,2.0,1.0,0.0,1.0,0.6666666666666666,0.0,0.6666666666666666,0.0,0,0,3,7.0,0.0,6.0,8,1,242,0.0,0.00010613457864572278,0.0,0.0,0.3333333333333333,0.1111111111111111,0.0,0.0,0.0,0.0,0.0,0.0,0.0,0.0012908803414581067,0.0,0.0014347202295552344,1.50318596962018e-5,0.0,0.00013347585465913465,0.005943536404160475,0.0007429420505200594
4511470272,3,2,0,2,2,0,2,0,0,0,2.0,0.0,2.0,2.0,0.0,2.0,0.0,0.0,0.0,1.0,0.0,1.0,0.0,0,0,2,4.0,0.0,4.0,4,1,123,0.0,7.075638576381519e-5,0.0,0.0,0.3333333333333333,0.0,0.0,0.0,0.0,0.0,0.0,0.0,0.0,0.0012839124245930596,0.0,0.0014347202295552353,9.889690447684174e-6,0.0,6.784103356641968e-5,0.0029717682020802376,0.0007429420505200594
122111552,3,2,0,2,2,0,2,0,0,0,2.0,0.0,2.0,2.0,0.0,2.0,0.0,0.0,0.0,1.0,0.0,1.0,0.0,0,0,2,4.0,0.0,4.0,4,1,123,0.0,7.075638576381519e-5,0.0,0.0,0.3333333333333333,0.0,0.0,0.0,0.0,0.0,0.0,0.0,0.0,0.0012839124245930596,0.0,0.0014347202295552353,9.889690447684174e-6,0.0,6.784103356641968e-5,0.0029717682020802376,0.0007429420505200594
749959927687294976,3,2,0,2,2,0,2,0,0,0,2.0,0.0,2.0,2.0,0.0,2.0,0.0,0.0,0.0,1.0,0.0,1.0,0.0,0,0,2,4.0,0.0,4.0,4,1,123,0.0,7.075638576381519e-5,0.0,0.0,0.3333333333333333,0.0,0.0,0.0,0.0,0.0,0.0,0.0,0.0,0.0012839124245930596,0.0,0.0014347202295552353,9.889690447684174e-6,0.0,6.784103356641968e-5,0.0029717682020802376,0.0007429420505200594
1335521326514126848,3,2,0,2,2,0,2,0,0,0,2.0,0.0,2.0,2.0,0.0,2.0,0.0,0.0,0.0,1.0,0.0,1.0,0.0,0,0,2,4.0,0.0,4.0,4,1,123,0.0,7.075638576381519e-5,0.0,0.0,0.3333333333333333,0.0,0.0,0.0,0.0,0.0,0.0,0.0,0.0,0.0012839124245930596,0.0,0.0014347202295552353,9.889690447684174e-6,0.0,6.784103356641968e-5,0.0029717682020802376,0.0007429420505200594
841108085687123969,3,1,0,1,1,0,1,0,0,0,1.0,0.0,1.0,1.0,0.0,1.0,0.0,0.0,0.0,1.0,0.0,1.0,0.0,0,0,1,1.0,0.0,1.0,3,1,122,0.0,3.5378192881907595e-5,0.0,0.0,0.5,0.0,0.0,0.0,0.0,0.0,0.0,0.0,0.0,0.0012527937818940852,0.0,0.0014347202295552333,4.879180990902121e-6,0.0,6.728948044799351e-5,0.002228826151560178,0.0007429420505200594
1423114617325301763,3,1,0,1,1,0,1,0,0,0,1.0,0.0,1.0,1.0,0.0,1.0,0.0,0.0,0.0,1.0,0.0,1.0,0.0,0,0,1,1.0,0.0,1.0,3,1,122,0.0,3.5378192881907595e-5,0.0,0.0,0.5,0.0,0.0,0.0,0.0,0.0,0.0,0.0,0.0,0.0012527937818940852,0.0,0.0014347202295552333,4.879180990902121e-6,0.0,6.728948044799351e-5,0.002228826151560178,0.0007429420505200594
25702596,3,1,0,1,1,0,1,0,0,0,1.0,0.0,1.0,1.0,0.0,1.0,0.0,0.0,0.0,1.0,0.0,1.0,0.0,0,0,1,1.0,0.0,1.0,3,1,122,0.0,3.5378192881907595e-5,0.0,0.0,0.5,0.0,0.0,0.0,0.0,0.0,0.0,0.0,0.0,0.0012527937818940852,0.0,0.0014347202295552333,4.879180990902121e-6,0.0,6.728948044799351e-5,0.002228826151560178,0.0007429420505200594
1060298590801682432,3,2,0,2,2,0,2,0,0,0,2.0,0.0,2.0,2.0,0.0,2.0,0.0,0.0,0.0,1.0,0.0,1.0,0.0,0,0,2,4.0,0.0,4.0,4,1,123,0.0,7.075638576381519e-5,0.0,0.0,0.3333333333333333,0.0,0.0,0.0,0.0,0.0,0.0,0.0,0.0,0.0012839124245930596,0.0,0.0014347202295552353,9.889690447684174e-6,0.0,6.784103356641968e-5,0.0029717682020802376,0.0007429420505200594
3431122335,3,3,0,3,2,0,2,1,0,1,3.0,0.0,3.0,2.0,0.0,2.0,1.0,0.0,1.0,0.6666666666666666,0.0,0.6666666666666666,0.0,0,0,3,7.0,0.0,6.0,8,1,242,0.0,0.00010613457864572278,0.0,0.0,0.3333333333333333,0.1111111111111111,0.0,0.0,0.0,0.0,0.0,0.0,0.0,0.0013026839645508212,0.0,0.0014347202295552344,1.50318596962018e-5,0.0,0.00013347585465913465,0.005943536404160475,0.0007429420505200594
1123237556496228354,3,1,0,1,1,0,1,0,0,0,1.0,0.0,1.0,1.0,0.0,1.0,0.0,0.0,0.0,1.0,0.0,1.0,0.0,0,0,1,1.0,0.0,1.0,3,1,122,0.0,3.5378192881907595e-5,0.0,0.0,0.5,0.0,0.0,0.0,0.0,0.0,0.0,0.0,0.0,0.0012527937818940852,0.0,0.0014347202295552333,4.879180990902121e-6,0.0,6.728948044799351e-5,0.002228826151560178,0.0007429420505200594
1275927619226095616,3,1,0,1,1,0,1,0,0,0,1.0,0.0,1.0,1.0,0.0,1.0,0.0,0.0,0.0,1.0,0.0,1.0,0.0,0,0,1,1.0,0.0,1.0,3,1,122,0.0,3.5378192881907595e-5,0.0,0.0,0.5,0.0,0.0,0.0,0.0,0.0,0.0,0.0,0.0,0.0012527937818940852,0.0,0.0014347202295552333,4.879180990902121e-6,0.0,6.728948044799351e-5,0.002228826151560178,0.0007429420505200594
492377731,3,2,0,2,2,0,2,0,0,0,2.0,0.0,2.0,2.0,0.0,2.0,0.0,0.0,0.0,1.0,0.0,1.0,0.0,0,0,2,4.0,0.0,4.0,3,1,164,0.0,7.075638576381519e-5,0.0,0.0,0.5,0.25,0.0,0.0,0.5,0.0,0.5,1.0,0.0,0.0012642134672882042,0.0,0.0014347202295552355,9.889690447684174e-6,0.0,9.045471142189291e-5,0.002228826151560178,0.0007429420505200594
1441952749587894280,17,4,0,4,3,0,3,1,0,1,4.0,0.0,4.0,3.0,0.0,3.0,1.0,0.0,1.0,0.75,0.0,0.75,0.0,1,0,4,11.0,0.0,7.0,9,1,298,0.0,0.00014151277152763038,0.0,0.0,0.55,0.4375,0.0,0.0,0.4166666666666667,0.0,0.4166666666666667,0.5,0.0,0.0012864906181349362,0.0,0.0014347202295552366,0.0,0.00014975753377166612,0.00016436282929100052,0.006686478454680535,0.0007429420505200594
1530737568,17,2,0,2,2,0,2,0,0,0,2.0,0.0,2.0,2.0,0.0,2.0,0.0,0.0,0.0,1.0,0.0,1.0,0.0,1,0,2,4.0,0.0,4.0,5,1,135,0.0,7.075638576381519e-5,0.0,0.0,0.8333333333333334,0.75,0.0,0.0,1.0,0.0,1.0,1.0,0.0,0.0012710691895231087,0.0,0.0014347202295552379,0.0001569097985103518,0.0,7.445967098753379e-5,0.003714710252600297,0.0007429420505200594
132397046,17,3,0,3,2,0,2,1,0,1,3.0,0.0,3.0,2.0,0.0,2.0,1.0,0.0,1.0,0.6666666666666666,0.0,0.6666666666666666,0.0,1,0,3,7.0,0.0,6.0,9,1,264,0.0,0.00010613457864572278,0.0,0.0,0.5833333333333334,0.4444444444444444,0.0,0.0,0.3333333333333333,0.0,0.3333333333333333,0.3333333333333333,0.0,0.0012780371063881562,0.0,0.0014347202295552362,0.0,0.00022851665281886646,0.00014561002326451053,0.006686478454680535,0.0007429420505200594
935243065911996416,17,3,0,3,3,0,3,0,0,0,4.0,0.0,4.0,4.0,0.0,4.0,0.0,0.0,0.0,1.0,0.0,1.0,0.0,1,0,3,7.0,0.0,7.0,5,1,135,0.0,0.00014151277152763038,0.0,0.0,0.6666666666666666,0.5555555555555556,0.0,0.0,0.6875,0.0,0.6875,1.0,0.0,0.0013365087944744256,0.0,0.0014347202295552379,0.0003148490846810459,0.0,7.445967098753379e-5,0.003714710252600297,0.0007429420505200594
1282738369991258113,17,2,0,2,1,0,1,1,0,1,2.0,0.0,2.0,1.0,0.0,1.0,1.0,0.0,1.0,0.5,0.0,0.5,0.0,1,0,2,4.0,0.0,4.0,11,1,224,0.0,7.075638576381519e-5,0.0,0.0,0.5,0.25,0.0,0.0,0.0,0.0,0.0,0.0,0.0,0.001270919889679814,0.0,0.0014347202295552357,0.0,0.00030701823664702754,0.00012354789852746348,0.008172362555720654,0.0007429420505200594
327945290,17,2,0,2,2,0,2,0,0,0,3.0,0.0,3.0,3.0,0.0,3.0,0.0,0.0,0.0,1.0,0.0,1.0,0.0,1,0,2,7.0,0.0,6.0,5,1,135,0.0,0.00010613457864572278,0.0,0.0,0.8333333333333334,0.75,0.0,0.0,1.0,0.0,1.0,1.0,0.0,0.0012819183555780652,0.0,0.0014347202295552379,0.00023575046883317352,0.0,7.445967098753379e-5,0.003714710252600297,0.0007429420505200594
2668928108,17,2,0,2,2,0,2,0,0,0,2.0,0.0,2.0,2.0,0.0,2.0,0.0,0.0,0.0,1.0,0.0,1.0,0.0,1,0,2,4.0,0.0,4.0,5,1,135,0.0,7.075638576381519e-5,0.0,0.0,0.8333333333333334,0.75,0.0,0.0,1.0,0.0,1.0,1.0,0.0,0.0012710691895231087,0.0,0.0014347202295552379,0.0001569097985103518,0.0,7.445967098753379e-5,0.003714710252600297,0.0007429420505200594
1038791386588487681,17,2,0,2,2,0,2,0,0,0,2.0,0.0,2.0,2.0,0.0,2.0,0.0,0.0,0.0,1.0,0.0,1.0,0.0,1,0,2,3.0,0.0,4.0,4,1,97,0.0,7.075638576381519e-5,0.0,0.0,0.6666666666666666,0.5,0.0,0.0,0.5,0.0,0.5,1.0,0.0,0.0013118833070798173,0.0,0.0014347202295552379,0.0001569097985103518,0.0,5.35006524873391e-5,0.0029717682020802376,0.0007429420505200594
2834794711,17,2,0,2,2,0,2,0,0,0,2.0,0.0,2.0,2.0,0.0,2.0,0.0,0.0,0.0,1.0,0.0,1.0,0.0,1,0,2,4.0,0.0,4.0,5,1,135,0.0,7.075638576381519e-5,0.0,0.0,0.8333333333333334,0.75,0.0,0.0,1.0,0.0,1.0,1.0,0.0,0.0012710691895231087,0.0,0.0014347202295552379,0.0001569097985103518,0.0,7.445967098753379e-5,0.003714710252600297,0.0007429420505200594
1500812862507397120,17,2,0,2,2,0,2,0,0,0,2.0,0.0,2.0,2.0,0.0,2.0,0.0,0.0,0.0,1.0,0.0,1.0,0.0,1,0,2,3.0,0.0,4.0,4,1,97,0.0,7.075638576381519e-5,0.0,0.0,0.6666666666666666,0.5,0.0,0.0,0.5,0.0,0.5,1.0,0.0,0.0013118833070798173,0.0,0.0014347202295552379,0.0001569097985103518,0.0,5.35006524873391e-5,0.0029717682020802376,0.0007429420505200594
2616801380,3,2,0,2,1,0,1,1,0,1,3.0,0.0,3.0,2.0,0.0,2.0,1.0,0.0,1.0,0.5,0.0,0.6666666666666666,0.0,1,0,2,7.0,0.0,6.0,11,1,224,0.0,0.00010613457864572278,0.0,0.0,0.5,0.25,0.0,0.0,0.0,0.0,0.0,0.0,0.0,0.0012845469111761713,0.0,0.001434720229555235,0.0,0.0003756623922435143,0.00012354789852746348,0.008172362555720654,0.0007429420505200594
298244970,3,7,0,7,3,0,3,4,0,4,11.0,0.0,11.0,6.0,0.0,6.0,5.0,0.0,5.0,0.42857142857142855,0.0,0.5454545454545454,0.0,1,0,7,24.0,0.0,25.0,24,1,380,0.0,0.00038916012170098354,0.0,0.0,0.26785714285714285,0.16326530612244897,0.0,0.0,0.12121212121212122,0.0,0.12121212121212122,0.21212121212121213,0.0,0.0014369792040371942,0.0,0.0014347202295552353,0.0,0.0010990284572979236,0.00020959018500194698,0.017830609212481426,0.0007429420505200594
1312049760317120513,9,6,0,6,1,0,1,5,0,5,7.0,0.0,7.0,2.0,0.0,2.0,5.0,0.0,5.0,0.16666666666666666,0.0,0.2857142857142857,0.0,1,0,6,16.0,0.0,12.0,23,1,405,0.0,0.00024764735017335313,0.0,0.0,0.2619047619047619,0.1388888888888889,0.0,0.0,0.05714285714285714,0.0,0.05714285714285714,0.11428571428571428,0.0,0.0013595030521934574,0.0,0.001434720229555236,0.0,0.0011197767837507477,0.0002233790129626014,0.017087667161961365,0.0007429420505200594
1450646610757636100,17,3,0,3,1,0,1,2,0,2,3.0,0.0,3.0,1.0,0.0,1.0,2.0,0.0,2.0,0.3333333333333333,0.0,0.3333333333333333,0.0,1,0,3,7.0,0.0,6.0,15,1,312,0.0,0.00010613457864572278,0.0,0.0,0.4166666666666667,0.2222222222222222,0.0,0.0,0.0,0.0,0.0,0.0,0.0,0.0012778878065448612,0.0,0.0014347202295552346,0.0,0.000692658650542799,0.000172084572948967,0.011144130757800892,0.0007429420505200594
2881789926,17,3,0,3,2,0,2,1,0,1,3.0,0.0,3.0,2.0,0.0,2.0,1.0,0.0,1.0,0.6666666666666666,0.0,0.6666666666666666,0.0,1,0,3,7.0,0.0,6.0,13,1,256,0.0,0.00010613457864572278,0.0,0.0,0.5,0.3333333333333333,0.0,0.0,0.3333333333333333,0.0,0.3333333333333333,0.3333333333333333,0.0,0.0012846962110194661,0.0,0.0014347202295552364,0.0,0.00022851665281886646,0.00014119759831710113,0.009658246656760773,0.0007429420505200594
1418238731891318786,17,3,0,3,2,0,2,1,0,1,3.0,0.0,3.0,2.0,0.0,2.0,1.0,0.0,1.0,0.6666666666666666,0.0,0.6666666666666666,0.0,1,0,3,7.0,0.0,6.0,9,1,264,0.0,0.00010613457864572278,0.0,0.0,0.5833333333333334,0.4444444444444444,0.0,0.0,0.3333333333333333,0.0,0.3333333333333333,0.3333333333333333,0.0,0.0012780371063881562,0.0,0.0014347202295552362,0.0,0.00022851665281886646,0.00014561002326451053,0.006686478454680535,0.0007429420505200594
1070960078629425152,17,1,0,1,1,0,1,0,0,0,4.0,0.0,4.0,4.0,0.0,4.0,0.0,0.0,0.0,1.0,0.0,1.0,0.0,1,0,1,8.0,0.0,7.0,3,1,97,0.0,0.00014151277152763038,0.0,0.0,1.0,1.0,0.0,0.0,0.0,0.0,0.0,0.0,0.0,0.0012898403663483267,0.0,0.0014347202295552379,0.0003148490846810459,0.0,5.35006524873391e-5,0.002228826151560178,0.0007429420505200594
1487072185114152964,17,2,0,2,2,0,2,0,0,0,2.0,0.0,2.0,2.0,0.0,2.0,0.0,0.0,0.0,1.0,0.0,1.0,0.0,1,0,2,3.0,0.0,4.0,4,1,97,0.0,7.075638576381519e-5,0.0,0.0,0.6666666666666666,0.5,0.0,0.0,0.5,0.0,0.5,1.0,0.0,0.0013118833070798173,0.0,0.0014347202295552379,0.0001569097985103518,0.0,5.35006524873391e-5,0.0029717682020802376,0.0007429420505200594
1226140092,17,3,0,3,3,0,3,0,0,0,3.0,0.0,3.0,3.0,0.0,3.0,0.0,0.0,0.0,1.0,0.0,1.0,0.0,1,0,3,7.0,0.0,6.0,5,1,186,0.0,0.00010613457864572278,0.0,0.0,0.75,0.6666666666666666,0.0,0.0,0.8333333333333334,0.0,0.8333333333333334,1.0,0.0,0.0012795227012698891,0.0,0.0014347202295552379,0.00023575046883317352,0.0,0.00010258888002726879,0.003714710252600297,0.0007429420505200594
1895179555,17,3,0,3,3,0,3,0,0,0,3.0,0.0,3.0,3.0,0.0,3.0,0.0,0.0,0.0,1.0,0.0,1.0,0.0,1,0,3,4.0,0.0,6.0,5,1,183,0.0,0.00010613457864572278,0.0,0.0,0.5,0.3333333333333333,0.0,0.0,0.3333333333333333,0.0,0.3333333333333333,0.6666666666666666,0.0,0.0013203368188265973,0.0,0.0014347202295552379,0.00023575046883317352,0.0,0.00010093422067199026,0.003714710252600297,0.0007429420505200594
336333450,17,1,0,1,1,0,1,0,0,0,1.0,0.0,1.0,1.0,0.0,1.0,0.0,0.0,0.0,1.0,0.0,1.0,0.0,1,0,1,1.0,0.0,1.0,3,1,97,0.0,3.5378192881907595e-5,0.0,0.0,1.0,1.0,0.0,0.0,0.0,0.0,0.0,0.0,0.0,0.0012572928681834571,0.0,0.0014347202295552379,7.832649975392236e-5,0.0,5.35006524873391e-5,0.002228826151560178,0.0007429420505200594
756070071630434305,17,2,0,2,2,0,2,0,0,0,2.0,0.0,2.0,2.0,0.0,2.0,0.0,0.0,0.0,1.0,0.0,1.0,0.0,1,0,2,4.0,0.0,4.0,5,1,135,0.0,7.075638576381519e-5,0.0,0.0,0.8333333333333334,0.75,0.0,0.0,1.0,0.0,1.0,1.0,0.0,0.0012710691895231087,0.0,0.0014347202295552379,0.0001569097985103518,0.0,7.445967098753379e-5,0.003714710252600297,0.0007429420505200594
1018440351135092736,17,2,0,2,1,0,1,1,0,1,2.0,0.0,2.0,1.0,0.0,1.0,1.0,0.0,1.0,0.5,0.0,0.5,0.0,1,0,2,4.0,0.0,4.0,11,1,224,0.0,7.075638576381519e-5,0.0,0.0,0.5,0.25,0.0,0.0,0.0,0.0,0.0,0.0,0.0,0.001270919889679814,0.0,0.0014347202295552357,0.0,0.00030701823664702754,0.00012354789852746348,0.008172362555720654,0.0007429420505200594
183627591,17,2,0,2,2,0,2,0,0,0,2.0,0.0,2.0,2.0,0.0,2.0,0.0,0.0,0.0,1.0,0.0,1.0,0.0,1,0,2,4.0,0.0,4.0,5,1,135,0.0,7.075638576381519e-5,0.0,0.0,0.8333333333333334,0.75,0.0,0.0,1.0,0.0,1.0,1.0,0.0,0.0012710691895231087,0.0,0.0014347202295552379,0.0001569097985103518,0.0,7.445967098753379e-5,0.003714710252600297,0.0007429420505200594
744166663,17,1,0,1,1,0,1,0,0,0,1.0,0.0,1.0,1.0,0.0,1.0,0.0,0.0,0.0,1.0,0.0,1.0,0.0,1,0,1,1.0,0.0,1.0,3,1,97,0.0,3.5378192881907595e-5,0.0,0.0,1.0,1.0,0.0,0.0,0.0,0.0,0.0,0.0,0.0,0.0012572928681834571,0.0,0.0014347202295552379,7.832649975392236e-5,0.0,5.35006524873391e-5,0.002228826151560178,0.0007429420505200594
1060767751,17,2,0,2,2,0,2,0,0,0,2.0,0.0,2.0,2.0,0.0,2.0,0.0,0.0,0.0,1.0,0.0,1.0,0.0,1,0,2,3.0,0.0,4.0,4,1,97,0.0,7.075638576381519e-5,0.0,0.0,0.6666666666666666,0.5,0.0,0.0,0.5,0.0,0.5,1.0,0.0,0.0013118833070798173,0.0,0.0014347202295552379,0.0001569097985103518,0.0,5.35006524873391e-5,0.0029717682020802376,0.0007429420505200594
342954124,17,2,0,2,2,0,2,0,0,0,2.0,0.0,2.0,2.0,0.0,2.0,0.0,0.0,0.0,1.0,0.0,1.0,0.0,1,0,2,3.0,0.0,4.0,4,1,97,0.0,7.075638576381519e-5,0.0,0.0,0.6666666666666666,0.5,0.0,0.0,0.5,0.0,0.5,1.0,0.0,0.0013118833070798173,0.0,0.0014347202295552379,0.0001569097985103518,0.0,5.35006524873391e-5,0.0029717682020802376,0.0007429420505200594
41228046,17,2,0,2,2,0,2,0,0,0,2.0,0.0,2.0,2.0,0.0,2.0,0.0,0.0,0.0,1.0,0.0,1.0,0.0,1,0,2,4.0,0.0,4.0,5,1,135,0.0,7.075638576381519e-5,0.0,0.0,0.8333333333333334,0.75,0.0,0.0,1.0,0.0,1.0,1.0,0.0,0.0012710691895231087,0.0,0.0014347202295552379,0.0001569097985103518,0.0,7.445967098753379e-5,0.003714710252600297,0.0007429420505200594
1010171727412772864,17,1,0,1,1,0,1,0,0,0,1.0,0.0,1.0,1.0,0.0,1.0,0.0,0.0,0.0,1.0,0.0,1.0,0.0,1,0,1,1.0,0.0,1.0,3,1,97,0.0,3.5378192881907595e-5,0.0,0.0,1.0,1.0,0.0,0.0,0.0,0.0,0.0,0.0,0.0,0.0012572928681834571,0.0,0.0014347202295552379,7.832649975392236e-5,0.0,5.35006524873391e-5,0.002228826151560178,0.0007429420505200594
1378062217761918978,17,2,0,2,2,0,2,0,0,0,2.0,0.0,2.0,2.0,0.0,2.0,0.0,0.0,0.0,1.0,0.0,1.0,0.0,1,0,2,3.0,0.0,4.0,4,1,97,0.0,7.075638576381519e-5,0.0,0.0,0.6666666666666666,0.5,0.0,0.0,0.5,0.0,0.5,1.0,0.0,0.0013118833070798173,0.0,0.0014347202295552379,0.0001569097985103518,0.0,5.35006524873391e-5,0.0029717682020802376,0.0007429420505200594
1613819856,17,2,0,2,2,0,2,0,0,0,2.0,0.0,2.0,2.0,0.0,2.0,0.0,0.0,0.0,1.0,0.0,1.0,0.0,1,0,2,3.0,0.0,4.0,4,1,97,0.0,7.075638576381519e-5,0.0,0.0,0.6666666666666666,0.5,0.0,0.0,0.5,0.0,0.5,1.0,0.0,0.0013118833070798173,0.0,0.0014347202295552379,0.0001569097985103518,0.0,5.35006524873391e-5,0.0029717682020802376,0.0007429420505200594
138796157,17,2,0,2,2,0,2,0,0,0,2.0,0.0,2.0,2.0,0.0,2.0,0.0,0.0,0.0,1.0,0.0,1.0,0.0,1,0,2,3.0,0.0,4.0,4,1,97,0.0,7.075638576381519e-5,0.0,0.0,0.6666666666666666,0.5,0.0,0.0,0.5,0.0,0.5,1.0,0.0,0.0013118833070798173,0.0,0.0014347202295552379,0.0001569097985103518,0.0,5.35006524873391e-5,0.0029717682020802376,0.0007429420505200594
4749974413,17,1,0,1,1,0,1,0,0,0,1.0,0.0,1.0,1.0,0.0,1.0,0.0,0.0,0.0,1.0,0.0,1.0,0.0,1,0,1,1.0,0.0,1.0,3,1,97,0.0,3.5378192881907595e-5,0.0,0.0,1.0,1.0,0.0,0.0,0.0,0.0,0.0,0.0,0.0,0.0012572928681834571,0.0,0.0014347202295552379,7.832649975392236e-5,0.0,5.35006524873391e-5,0.002228826151560178,0.0007429420505200594
877449874555387905,17,2,0,2,2,0,2,0,0,0,3.0,0.0,3.0,3.0,0.0,3.0,0.0,0.0,0.0,1.0,0.0,1.0,0.0,1,0,2,7.0,0.0,6.0,5,1,135,0.0,0.00010613457864572278,0.0,0.0,0.8333333333333334,0.75,0.0,0.0,1.0,0.0,1.0,1.0,0.0,0.0012819183555780652,0.0,0.0014347202295552379,0.00023575046883317352,0.0,7.445967098753379e-5,0.003714710252600297,0.0007429420505200594
1036563014005268480,17,2,0,2,2,0,2,0,0,0,2.0,0.0,2.0,2.0,0.0,2.0,0.0,0.0,0.0,1.0,0.0,1.0,0.0,1,0,2,4.0,0.0,4.0,5,1,135,0.0,7.075638576381519e-5,0.0,0.0,0.8333333333333334,0.75,0.0,0.0,1.0,0.0,1.0,1.0,0.0,0.0012710691895231087,0.0,0.0014347202295552379,0.0001569097985103518,0.0,7.445967098753379e-5,0.003714710252600297,0.0007429420505200594
883073514747469824,17,2,0,2,2,0,2,0,0,0,2.0,0.0,2.0,2.0,0.0,2.0,0.0,0.0,0.0,1.0,0.0,1.0,0.0,1,0,2,4.0,0.0,4.0,5,1,135,0.0,7.075638576381519e-5,0.0,0.0,0.8333333333333334,0.75,0.0,0.0,1.0,0.0,1.0,1.0,0.0,0.0012710691895231087,0.0,0.0014347202295552379,0.0001569097985103518,0.0,7.445967098753379e-5,0.003714710252600297,0.0007429420505200594
384182626,17,1,0,1,1,0,1,0,0,0,1.0,0.0,1.0,1.0,0.0,1.0,0.0,0.0,0.0,1.0,0.0,1.0,0.0,1,0,1,1.0,0.0,1.0,3,1,97,0.0,3.5378192881907595e-5,0.0,0.0,1.0,1.0,0.0,0.0,0.0,0.0,0.0,0.0,0.0,0.0012572928681834571,0.0,0.0014347202295552379,7.832649975392236e-5,0.0,5.35006524873391e-5,0.002228826151560178,0.0007429420505200594
1080819766242279425,17,2,0,2,2,0,2,0,0,0,3.0,0.0,3.0,3.0,0.0,3.0,0.0,0.0,0.0,1.0,0.0,1.0,0.0,1,0,2,7.0,0.0,6.0,5,1,135,0.0,0.00010613457864572278,0.0,0.0,0.8333333333333334,0.75,0.0,0.0,1.0,0.0,1.0,1.0,0.0,0.0012819183555780652,0.0,0.0014347202295552379,0.00023575046883317352,0.0,7.445967098753379e-5,0.003714710252600297,0.0007429420505200594
3042177804,17,2,0,2,2,0,2,0,0,0,2.0,0.0,2.0,2.0,0.0,2.0,0.0,0.0,0.0,1.0,0.0,1.0,0.0,1,0,2,3.0,0.0,4.0,4,1,97,0.0,7.075638576381519e-5,0.0,0.0,0.6666666666666666,0.5,0.0,0.0,0.5,0.0,0.5,1.0,0.0,0.0013118833070798173,0.0,0.0014347202295552379,0.0001569097985103518,0.0,5.35006524873391e-5,0.0029717682020802376,0.0007429420505200594
1331342493598834702,17,2,0,2,2,0,2,0,0,0,2.0,0.0,2.0,2.0,0.0,2.0,0.0,0.0,0.0,1.0,0.0,1.0,0.0,1,0,2,3.0,0.0,4.0,4,1,97,0.0,7.075638576381519e-5,0.0,0.0,0.6666666666666666,0.5,0.0,0.0,0.5,0.0,0.5,1.0,0.0,0.0013118833070798173,0.0,0.0014347202295552379,0.0001569097985103518,0.0,5.35006524873391e-5,0.0029717682020802376,0.0007429420505200594
3261003656,17,2,0,2,2,0,2,0,0,0,2.0,0.0,2.0,2.0,0.0,2.0,0.0,0.0,0.0,1.0,0.0,1.0,0.0,1,0,2,4.0,0.0,4.0,5,1,135,0.0,7.075638576381519e-5,0.0,0.0,0.8333333333333334,0.75,0.0,0.0,1.0,0.0,1.0,1.0,0.0,0.0012710691895231087,0.0,0.0014347202295552379,0.0001569097985103518,0.0,7.445967098753379e-5,0.003714710252600297,0.0007429420505200594
1434459020987752463,17,2,0,2,2,0,2,0,0,0,2.0,0.0,2.0,2.0,0.0,2.0,0.0,0.0,0.0,1.0,0.0,1.0,0.0,1,0,2,4.0,0.0,4.0,4,1,183,0.0,7.075638576381519e-5,0.0,0.0,0.6666666666666666,0.5,0.0,0.0,0.5,0.0,0.5,1.0,0.0,0.0012657463799302375,0.0,0.0014347202295552379,0.0001569097985103518,0.0,0.00010093422067199026,0.0029717682020802376,0.0007429420505200594
1497899853145329666,17,1,0,1,1,0,1,0,0,0,1.0,0.0,1.0,1.0,0.0,1.0,0.0,0.0,0.0,1.0,0.0,1.0,0.0,1,0,1,1.0,0.0,1.0,3,1,97,0.0,3.5378192881907595e-5,0.0,0.0,1.0,1.0,0.0,0.0,0.0,0.0,0.0,0.0,0.0,0.0012572928681834571,0.0,0.0014347202295552379,7.832649975392236e-5,0.0,5.35006524873391e-5,0.002228826151560178,0.0007429420505200594
3155702215,17,1,0,1,1,0,1,0,0,0,1.0,0.0,1.0,1.0,0.0,1.0,0.0,0.0,0.0,1.0,0.0,1.0,0.0,1,0,1,1.0,0.0,1.0,3,1,97,0.0,3.5378192881907595e-5,0.0,0.0,1.0,1.0,0.0,0.0,0.0,0.0,0.0,0.0,0.0,0.0012572928681834571,0.0,0.0014347202295552379,7.832649975392236e-5,0.0,5.35006524873391e-5,0.002228826151560178,0.0007429420505200594
1445493827544834053,17,1,0,1,1,0,1,0,0,0,1.0,0.0,1.0,1.0,0.0,1.0,0.0,0.0,0.0,1.0,0.0,1.0,0.0,1,0,1,1.0,0.0,1.0,3,1,97,0.0,3.5378192881907595e-5,0.0,0.0,1.0,1.0,0.0,0.0,0.0,0.0,0.0,0.0,0.0,0.0012572928681834571,0.0,0.0014347202295552379,7.832649975392236e-5,0.0,5.35006524873391e-5,0.002228826151560178,0.0007429420505200594
1015748022800564224,17,1,0,1,1,0,1,0,0,0,1.0,0.0,1.0,1.0,0.0,1.0,0.0,0.0,0.0,1.0,0.0,1.0,0.0,1,0,1,1.0,0.0,1.0,3,1,97,0.0,3.5378192881907595e-5,0.0,0.0,1.0,1.0,0.0,0.0,0.0,0.0,0.0,0.0,0.0,0.0012572928681834571,0.0,0.0014347202295552379,7.832649975392236e-5,0.0,5.35006524873391e-5,0.002228826151560178,0.0007429420505200594
1044154931198849025,17,2,0,2,2,0,2,0,0,0,2.0,0.0,2.0,2.0,0.0,2.0,0.0,0.0,0.0,1.0,0.0,1.0,0.0,1,0,2,4.0,0.0,4.0,5,1,135,0.0,7.075638576381519e-5,0.0,0.0,0.8333333333333334,0.75,0.0,0.0,1.0,0.0,1.0,1.0,0.0,0.0012710691895231087,0.0,0.0014347202295552379,0.0001569097985103518,0.0,7.445967098753379e-5,0.003714710252600297,0.0007429420505200594
226530650,17,2,0,2,2,0,2,0,0,0,2.0,0.0,2.0,2.0,0.0,2.0,0.0,0.0,0.0,1.0,0.0,1.0,0.0,1,0,2,3.0,0.0,4.0,4,1,97,0.0,7.075638576381519e-5,0.0,0.0,0.6666666666666666,0.5,0.0,0.0,0.5,0.0,0.5,1.0,0.0,0.0013118833070798173,0.0,0.0014347202295552379,0.0001569097985103518,0.0,5.35006524873391e-5,0.0029717682020802376,0.0007429420505200594
1000107655518711808,17,2,0,2,2,0,2,0,0,0,2.0,0.0,2.0,2.0,0.0,2.0,0.0,0.0,0.0,1.0,0.0,1.0,0.0,1,0,2,3.0,0.0,4.0,4,1,97,0.0,7.075638576381519e-5,0.0,0.0,0.6666666666666666,0.5,0.0,0.0,0.5,0.0,0.5,1.0,0.0,0.0013118833070798173,0.0,0.0014347202295552379,0.0001569097985103518,0.0,5.35006524873391e-5,0.0029717682020802376,0.0007429420505200594
36246871,17,2,0,2,2,0,2,0,0,0,2.0,0.0,2.0,2.0,0.0,2.0,0.0,0.0,0.0,1.0,0.0,1.0,0.0,1,0,2,3.0,0.0,4.0,4,1,97,0.0,7.075638576381519e-5,0.0,0.0,0.6666666666666666,0.5,0.0,0.0,0.5,0.0,0.5,1.0,0.0,0.0013118833070798173,0.0,0.0014347202295552379,0.0001569097985103518,0.0,5.35006524873391e-5,0.0029717682020802376,0.0007429420505200594
1126958241097895936,17,2,0,2,2,0,2,0,0,0,2.0,0.0,2.0,2.0,0.0,2.0,0.0,0.0,0.0,1.0,0.0,1.0,0.0,1,0,2,3.0,0.0,4.0,4,1,97,0.0,7.075638576381519e-5,0.0,0.0,0.6666666666666666,0.5,0.0,0.0,0.5,0.0,0.5,1.0,0.0,0.0013118833070798173,0.0,0.0014347202295552379,0.0001569097985103518,0.0,5.35006524873391e-5,0.0029717682020802376,0.0007429420505200594
1038475633918177281,17,2,0,2,2,0,2,0,0,0,2.0,0.0,2.0,2.0,0.0,2.0,0.0,0.0,0.0,1.0,0.0,1.0,0.0,1,0,2,3.0,0.0,4.0,4,1,97,0.0,7.075638576381519e-5,0.0,0.0,0.6666666666666666,0.5,0.0,0.0,0.5,0.0,0.5,1.0,0.0,0.0013118833070798173,0.0,0.0014347202295552379,0.0001569097985103518,0.0,5.35006524873391e-5,0.0029717682020802376,0.0007429420505200594
1023055032,17,2,0,2,2,0,2,0,0,0,2.0,0.0,2.0,2.0,0.0,2.0,0.0,0.0,0.0,1.0,0.0,1.0,0.0,1,0,2,3.0,0.0,4.0,4,1,97,0.0,7.075638576381519e-5,0.0,0.0,0.6666666666666666,0.5,0.0,0.0,0.5,0.0,0.5,1.0,0.0,0.0013118833070798173,0.0,0.0014347202295552379,0.0001569097985103518,0.0,5.35006524873391e-5,0.0029717682020802376,0.0007429420505200594
283045699,17,2,0,2,2,0,2,0,0,0,2.0,0.0,2.0,2.0,0.0,2.0,0.0,0.0,0.0,1.0,0.0,1.0,0.0,1,0,2,3.0,0.0,4.0,4,1,97,0.0,7.075638576381519e-5,0.0,0.0,0.6666666666666666,0.5,0.0,0.0,0.5,0.0,0.5,1.0,0.0,0.0013118833070798173,0.0,0.0014347202295552379,0.0001569097985103518,0.0,5.35006524873391e-5,0.0029717682020802376,0.0007429420505200594
44505022,17,2,0,2,2,0,2,0,0,0,2.0,0.0,2.0,2.0,0.0,2.0,0.0,0.0,0.0,1.0,0.0,1.0,0.0,1,0,2,3.0,0.0,4.0,4,1,97,0.0,7.075638576381519e-5,0.0,0.0,0.6666666666666666,0.5,0.0,0.0,0.5,0.0,0.5,1.0,0.0,0.0013118833070798173,0.0,0.0014347202295552379,0.0001569097985103518,0.0,5.35006524873391e-5,0.0029717682020802376,0.0007429420505200594
160219359,17,2,0,2,2,0,2,0,0,0,2.0,0.0,2.0,2.0,0.0,2.0,0.0,0.0,0.0,1.0,0.0,1.0,0.0,1,0,2,4.0,0.0,4.0,5,1,135,0.0,7.075638576381519e-5,0.0,0.0,0.8333333333333334,0.75,0.0,0.0,1.0,0.0,1.0,1.0,0.0,0.0012710691895231087,0.0,0.0014347202295552379,0.0001569097985103518,0.0,7.445967098753379e-5,0.003714710252600297,0.0007429420505200594
286983759,17,2,0,2,2,0,2,0,0,0,2.0,0.0,2.0,2.0,0.0,2.0,0.0,0.0,0.0,1.0,0.0,1.0,0.0,1,0,2,4.0,0.0,4.0,5,1,135,0.0,7.075638576381519e-5,0.0,0.0,0.8333333333333334,0.75,0.0,0.0,1.0,0.0,1.0,1.0,0.0,0.0012710691895231087,0.0,0.0014347202295552379,0.0001569097985103518,0.0,7.445967098753379e-5,0.003714710252600297,0.0007429420505200594
1229767833036345345,17,1,0,1,1,0,1,0,0,0,1.0,0.0,1.0,1.0,0.0,1.0,0.0,0.0,0.0,1.0,0.0,1.0,0.0,1,0,1,1.0,0.0,1.0,3,1,97,0.0,3.5378192881907595e-5,0.0,0.0,1.0,1.0,0.0,0.0,0.0,0.0,0.0,0.0,0.0,0.0012572928681834571,0.0,0.0014347202295552379,7.832649975392236e-5,0.0,5.35006524873391e-5,0.002228826151560178,0.0007429420505200594
129389158,17,2,0,2,2,0,2,0,0,0,2.0,0.0,2.0,2.0,0.0,2.0,0.0,0.0,0.0,1.0,0.0,1.0,0.0,1,0,2,4.0,0.0,4.0,5,1,135,0.0,7.075638576381519e-5,0.0,0.0,0.8333333333333334,0.75,0.0,0.0,1.0,0.0,1.0,1.0,0.0,0.0012710691895231087,0.0,0.0014347202295552379,0.0001569097985103518,0.0,7.445967098753379e-5,0.003714710252600297,0.0007429420505200594
631851140,17,1,0,1,1,0,1,0,0,0,1.0,0.0,1.0,1.0,0.0,1.0,0.0,0.0,0.0,1.0,0.0,1.0,0.0,1,0,1,1.0,0.0,1.0,3,1,97,0.0,3.5378192881907595e-5,0.0,0.0,1.0,1.0,0.0,0.0,0.0,0.0,0.0,0.0,0.0,0.0012572928681834571,0.0,0.0014347202295552379,7.832649975392236e-5,0.0,5.35006524873391e-5,0.002228826151560178,0.0007429420505200594
1392289621,17,2,0,2,2,0,2,0,0,0,2.0,0.0,2.0,2.0,0.0,2.0,0.0,0.0,0.0,1.0,0.0,1.0,0.0,1,0,2,4.0,0.0,4.0,5,1,135,0.0,7.075638576381519e-5,0.0,0.0,0.8333333333333334,0.75,0.0,0.0,1.0,0.0,1.0,1.0,0.0,0.0012710691895231087,0.0,0.0014347202295552379,0.0001569097985103518,0.0,7.445967098753379e-5,0.003714710252600297,0.0007429420505200594
1430842536185110535,17,2,0,2,2,0,2,0,0,0,2.0,0.0,2.0,2.0,0.0,2.0,0.0,0.0,0.0,1.0,0.0,1.0,0.0,1,0,2,4.0,0.0,4.0,5,1,135,0.0,7.075638576381519e-5,0.0,0.0,0.8333333333333334,0.75,0.0,0.0,1.0,0.0,1.0,1.0,0.0,0.0012710691895231087,0.0,0.0014347202295552379,0.0001569097985103518,0.0,7.445967098753379e-5,0.003714710252600297,0.0007429420505200594
1407391747731251208,17,3,0,3,3,0,3,0,0,0,3.0,0.0,3.0,3.0,0.0,3.0,0.0,0.0,0.0,1.0,0.0,1.0,0.0,1,0,2,7.0,0.0,5.0,6,1,148,0.0,0.00010613457864572278,0.0,0.0,0.4166666666666667,0.2222222222222222,0.0,0.0,0.3333333333333333,0.0,0.3333333333333333,0.3333333333333333,0.0,0.0018910463891944238,0.0,0.0014347202295552379,0.00023575046883317352,0.0,8.162986152707409e-5,0.004457652303120356,0.0007429420505200594
822328100,17,2,0,2,2,0,2,0,0,0,2.0,0.0,2.0,2.0,0.0,2.0,0.0,0.0,0.0,1.0,0.0,1.0,0.0,1,0,2,4.0,0.0,4.0,6,1,88,0.0,7.075638576381519e-5,0.0,0.0,0.3333333333333333,0.0,0.0,0.0,0.0,0.0,0.0,0.0,0.0,0.001882592877447644,0.0,0.0014347202295552379,0.0001569097985103518,0.0,4.853667442150351e-5,0.004457652303120356,0.0007429420505200594
2780395189,17,1,0,1,1,0,1,0,0,0,1.0,0.0,1.0,1.0,0.0,1.0,0.0,0.0,0.0,1.0,0.0,1.0,0.0,1,0,1,1.0,0.0,1.0,5,1,87,0.0,3.5378192881907595e-5,0.0,0.0,0.5,0.0,0.0,0.0,0.0,0.0,0.0,0.0,0.0,0.0012602200234681524,0.0,0.0014347202295552379,7.832649975392236e-5,0.0,4.798512130307733e-5,0.003714710252600297,0.0007429420505200594
1412626677335683072,17,1,0,1,1,0,1,0,0,0,1.0,0.0,1.0,1.0,0.0,1.0,0.0,0.0,0.0,1.0,0.0,1.0,0.0,1,0,1,1.0,0.0,1.0,4,1,113,0.0,3.5378192881907595e-5,0.0,0.0,0.5,0.0,0.0,0.0,0.0,0.0,0.0,0.0,0.0,0.001254897213875281,0.0,0.0014347202295552379,7.832649975392236e-5,0.0,6.232550238215791e-5,0.0029717682020802376,0.0007429420505200594
1214215640912822272,3,4,0,4,2,0,2,2,0,2,5.0,0.0,5.0,3.0,0.0,3.0,2.0,0.0,2.0,0.5,0.0,0.6,0.0,1,0,4,14.0,0.0,9.0,16,1,340,0.0,0.00017689096440953796,0.0,0.0,0.3,0.125,0.0,0.0,0.1,0.0,0.1,0.2,0.0,0.001300538859127161,0.0,0.001434720229555235,0.0,0.00036553527627825044,0.00018752806026489993,0.01188707280832095,0.0007429420505200594
1116348909478133762,17,1,0,1,1,0,1,0,0,0,1.0,0.0,1.0,1.0,0.0,1.0,0.0,0.0,0.0,1.0,0.0,1.0,0.0,1,0,1,1.0,0.0,1.0,4,1,113,0.0,3.5378192881907595e-5,0.0,0.0,0.5,0.0,0.0,0.0,0.0,0.0,0.0,0.0,0.0,0.001254897213875281,0.0,0.0014347202295552379,7.832649975392236e-5,0.0,6.232550238215791e-5,0.0029717682020802376,0.0007429420505200594
1275878602463199236,17,1,0,1,1,0,1,0,0,0,1.0,0.0,1.0,1.0,0.0,1.0,0.0,0.0,0.0,1.0,0.0,1.0,0.0,1,0,1,1.0,0.0,1.0,4,1,113,0.0,3.5378192881907595e-5,0.0,0.0,0.5,0.0,0.0,0.0,0.0,0.0,0.0,0.0,0.0,0.001254897213875281,0.0,0.0014347202295552379,7.832649975392236e-5,0.0,6.232550238215791e-5,0.0029717682020802376,0.0007429420505200594
1477310174,17,1,0,1,1,0,1,0,0,0,1.0,0.0,1.0,1.0,0.0,1.0,0.0,0.0,0.0,1.0,0.0,1.0,0.0,1,0,1,1.0,0.0,1.0,4,1,113,0.0,3.5378192881907595e-5,0.0,0.0,0.5,0.0,0.0,0.0,0.0,0.0,0.0,0.0,0.0,0.001254897213875281,0.0,0.0014347202295552379,7.832649975392236e-5,0.0,6.232550238215791e-5,0.0029717682020802376,0.0007429420505200594
1657851374,17,2,0,2,1,0,1,1,0,1,2.0,0.0,2.0,1.0,0.0,1.0,1.0,0.0,1.0,0.5,0.0,0.5,0.0,1,0,2,4.0,0.0,4.0,12,1,231,0.0,7.075638576381519e-5,0.0,0.0,0.3333333333333333,0.0,0.0,0.0,0.0,0.0,0.0,0.0,0.0,0.0012685242353716378,0.0,0.0014347202295552357,0.0,0.00030701823664702754,0.0001274087703564467,0.008915304606240713,0.0007429420505200594
1263038801883967489,17,4,0,4,1,0,1,3,0,3,5.0,0.0,5.0,2.0,0.0,2.0,3.0,0.0,3.0,0.25,0.0,0.4,0.0,1,0,4,12.0,0.0,9.0,16,1,340,0.0,0.00017689096440953796,0.0,0.0,0.3,0.125,0.0,0.0,0.06666666666666667,0.0,0.06666666666666667,0.13333333333333333,0.0,0.0012953653493775843,0.0,0.001434720229555236,0.0,0.001000257343314881,0.00018752806026489993,0.01188707280832095,0.0007429420505200594
1386734704854896641,17,1,0,1,1,0,1,0,0,0,2.0,0.0,2.0,2.0,0.0,2.0,0.0,0.0,0.0,1.0,0.0,1.0,0.0,1,0,1,4.0,0.0,4.0,4,1,113,0.0,7.075638576381519e-5,0.0,0.0,0.5,0.0,0.0,0.0,0.0,0.0,0.0,0.0,0.0,0.0012633507256220608,0.0,0.0014347202295552379,0.0001569097985103518,0.0,6.232550238215791e-5,0.0029717682020802376,0.0007429420505200594
1418396786473934854,9,2,0,2,1,0,1,1,0,1,2.0,0.0,2.0,1.0,0.0,1.0,1.0,0.0,1.0,0.5,0.0,0.5,0.0,1,0,2,4.0,0.0,4.0,8,1,236,0.0,7.075638576381519e-5,0.0,0.0,0.5,0.25,0.0,0.0,0.0,0.0,0.0,0.0,0.0,0.0012618651307403279,0.0,0.0014347202295552355,0.0,0.00030701823664702754,0.0001301665359485776,0.005943536404160475,0.0007429420505200594
373790032,17,2,0,2,1,0,1,1,0,1,2.0,0.0,2.0,1.0,0.0,1.0,1.0,0.0,1.0,0.5,0.0,0.5,0.0,1,0,2,4.0,0.0,4.0,12,1,231,0.0,7.075638576381519e-5,0.0,0.0,0.3333333333333333,0.0,0.0,0.0,0.0,0.0,0.0,0.0,0.0,0.0012685242353716378,0.0,0.0014347202295552357,0.0,0.00030701823664702754,0.0001274087703564467,0.008915304606240713,0.0007429420505200594
3336783988,17,1,0,1,1,0,1,0,0,0,1.0,0.0,1.0,1.0,0.0,1.0,0.0,0.0,0.0,1.0,0.0,1.0,0.0,1,0,1,1.0,0.0,1.0,4,1,113,0.0,3.5378192881907595e-5,0.0,0.0,0.5,0.0,0.0,0.0,0.0,0.0,0.0,0.0,0.0,0.001254897213875281,0.0,0.0014347202295552379,7.832649975392236e-5,0.0,6.232550238215791e-5,0.0029717682020802376,0.0007429420505200594
1398418200,17,1,0,1,1,0,1,0,0,0,1.0,0.0,1.0,1.0,0.0,1.0,0.0,0.0,0.0,1.0,0.0,1.0,0.0,1,0,1,1.0,0.0,1.0,4,1,113,0.0,3.5378192881907595e-5,0.0,0.0,0.5,0.0,0.0,0.0,0.0,0.0,0.0,0.0,0.0,0.001254897213875281,0.0,0.0014347202295552379,7.832649975392236e-5,0.0,6.232550238215791e-5,0.0029717682020802376,0.0007429420505200594
1504287528320339968,17,1,0,1,1,0,1,0,0,0,1.0,0.0,1.0,1.0,0.0,1.0,0.0,0.0,0.0,1.0,0.0,1.0,0.0,1,0,1,1.0,0.0,1.0,4,1,113,0.0,3.5378192881907595e-5,0.0,0.0,0.5,0.0,0.0,0.0,0.0,0.0,0.0,0.0,0.0,0.001254897213875281,0.0,0.0014347202295552379,7.832649975392236e-5,0.0,6.232550238215791e-5,0.0029717682020802376,0.0007429420505200594
1511772062389481478,17,1,0,1,1,0,1,0,0,0,1.0,0.0,1.0,1.0,0.0,1.0,0.0,0.0,0.0,1.0,0.0,1.0,0.0,1,0,1,1.0,0.0,1.0,4,1,113,0.0,3.5378192881907595e-5,0.0,0.0,0.5,0.0,0.0,0.0,0.0,0.0,0.0,0.0,0.0,0.001254897213875281,0.0,0.0014347202295552379,7.832649975392236e-5,0.0,6.232550238215791e-5,0.0029717682020802376,0.0007429420505200594
1511564387156639745,17,1,0,1,1,0,1,0,0,0,1.0,0.0,1.0,1.0,0.0,1.0,0.0,0.0,0.0,1.0,0.0,1.0,0.0,1,0,1,1.0,0.0,1.0,4,1,113,0.0,3.5378192881907595e-5,0.0,0.0,0.5,0.0,0.0,0.0,0.0,0.0,0.0,0.0,0.0,0.001254897213875281,0.0,0.0014347202295552379,7.832649975392236e-5,0.0,6.232550238215791e-5,0.0029717682020802376,0.0007429420505200594
288900653,17,1,0,1,1,0,1,0,0,0,1.0,0.0,1.0,1.0,0.0,1.0,0.0,0.0,0.0,1.0,0.0,1.0,0.0,1,0,1,1.0,0.0,1.0,4,1,113,0.0,3.5378192881907595e-5,0.0,0.0,0.5,0.0,0.0,0.0,0.0,0.0,0.0,0.0,0.0,0.001254897213875281,0.0,0.0014347202295552379,7.832649975392236e-5,0.0,6.232550238215791e-5,0.0029717682020802376,0.0007429420505200594
1373800754,17,1,0,1,1,0,1,0,0,0,1.0,0.0,1.0,1.0,0.0,1.0,0.0,0.0,0.0,1.0,0.0,1.0,0.0,1,0,1,1.0,0.0,1.0,4,1,113,0.0,3.5378192881907595e-5,0.0,0.0,0.5,0.0,0.0,0.0,0.0,0.0,0.0,0.0,0.0,0.001254897213875281,0.0,0.0014347202295552379,7.832649975392236e-5,0.0,6.232550238215791e-5,0.0029717682020802376,0.0007429420505200594
1252341005417922561,17,1,0,1,1,0,1,0,0,0,1.0,0.0,1.0,1.0,0.0,1.0,0.0,0.0,0.0,1.0,0.0,1.0,0.0,1,0,1,1.0,0.0,1.0,4,1,113,0.0,3.5378192881907595e-5,0.0,0.0,0.5,0.0,0.0,0.0,0.0,0.0,0.0,0.0,0.0,0.001254897213875281,0.0,0.0014347202295552379,7.832649975392236e-5,0.0,6.232550238215791e-5,0.0029717682020802376,0.0007429420505200594
1348136616058114048,9,5,0,5,1,0,1,4,0,4,6.0,0.0,6.0,2.0,0.0,2.0,4.0,0.0,4.0,0.2,0.0,0.3333333333333333,0.0,1,0,5,16.0,0.0,11.0,23,1,353,0.0,0.00021226915729144556,0.0,0.0,0.26666666666666666,0.12,0.0,0.0,0.041666666666666664,0.0,0.041666666666666664,0.08333333333333333,0.0,0.001348653886138501,0.0,0.0014347202295552355,0.0,0.0007332952652662206,0.00019469825080444022,0.017087667161961365,0.0007429420505200594
1504285365229731840,9,2,0,2,1,0,1,1,0,1,2.0,0.0,2.0,1.0,0.0,1.0,1.0,0.0,1.0,0.5,0.0,0.5,0.0,1,0,2,4.0,0.0,4.0,8,1,236,0.0,7.075638576381519e-5,0.0,0.0,0.5,0.25,0.0,0.0,0.0,0.0,0.0,0.0,0.0,0.0012618651307403279,0.0,0.0014347202295552355,0.0,0.00038052829067836136,0.0001301665359485776,0.005943536404160475,0.0007429420505200594
1010807215,17,1,0,1,1,0,1,0,0,0,1.0,0.0,1.0,1.0,0.0,1.0,0.0,0.0,0.0,1.0,0.0,1.0,0.0,1,0,1,1.0,0.0,1.0,4,1,113,0.0,3.5378192881907595e-5,0.0,0.0,0.5,0.0,0.0,0.0,0.0,0.0,0.0,0.0,0.0,0.001254897213875281,0.0,0.0014347202295552379,7.832649975392236e-5,0.0,6.232550238215791e-5,0.0029717682020802376,0.0007429420505200594
1442912069045534720,17,1,0,1,1,0,1,0,0,0,1.0,0.0,1.0,1.0,0.0,1.0,0.0,0.0,0.0,1.0,0.0,1.0,0.0,1,0,1,1.0,0.0,1.0,4,1,113,0.0,3.5378192881907595e-5,0.0,0.0,0.5,0.0,0.0,0.0,0.0,0.0,0.0,0.0,0.0,0.001254897213875281,0.0,0.0014347202295552379,7.832649975392236e-5,0.0,6.232550238215791e-5,0.0029717682020802376,0.0007429420505200594
525629722,17,1,0,1,1,0,1,0,0,0,1.0,0.0,1.0,1.0,0.0,1.0,0.0,0.0,0.0,1.0,0.0,1.0,0.0,1,0,1,1.0,0.0,1.0,4,1,113,0.0,3.5378192881907595e-5,0.0,0.0,0.5,0.0,0.0,0.0,0.0,0.0,0.0,0.0,0.0,0.001254897213875281,0.0,0.0014347202295552379,7.832649975392236e-5,0.0,6.232550238215791e-5,0.0029717682020802376,0.0007429420505200594
118237177,17,1,0,1,1,0,1,0,0,0,1.0,0.0,1.0,1.0,0.0,1.0,0.0,0.0,0.0,1.0,0.0,1.0,0.0,1,0,1,1.0,0.0,1.0,4,1,113,0.0,3.5378192881907595e-5,0.0,0.0,0.5,0.0,0.0,0.0,0.0,0.0,0.0,0.0,0.0,0.001254897213875281,0.0,0.0014347202295552379,7.832649975392236e-5,0.0,6.232550238215791e-5,0.0029717682020802376,0.0007429420505200594
227705110,17,1,0,1,1,0,1,0,0,0,1.0,0.0,1.0,1.0,0.0,1.0,0.0,0.0,0.0,1.0,0.0,1.0,0.0,1,0,1,1.0,0.0,1.0,4,1,113,0.0,3.5378192881907595e-5,0.0,0.0,0.5,0.0,0.0,0.0,0.0,0.0,0.0,0.0,0.0,0.001254897213875281,0.0,0.0014347202295552379,7.832649975392236e-5,0.0,6.232550238215791e-5,0.0029717682020802376,0.0007429420505200594
156989767,1,2,0,2,1,0,1,1,0,1,2.0,0.0,2.0,1.0,0.0,1.0,1.0,0.0,1.0,0.5,0.0,0.5,0.0,1,0,2,4.0,0.0,4.0,5,1,232,0.0,7.075638576381519e-5,0.0,0.0,0.3333333333333333,0.0,0.0,0.0,0.0,0.0,0.0,0.0,0.0,0.0012643271056022429,0.0,0.0014347202295552379,0.0,0.00011536702435099855,0.0001279603234748729,0.003714710252600297,0.0007429420505200594
2947950695,1,2,0,2,1,0,1,1,0,1,2.0,0.0,2.0,1.0,0.0,1.0,1.0,0.0,1.0,0.5,0.0,0.5,0.0,1,0,2,4.0,0.0,4.0,5,1,232,0.0,7.075638576381519e-5,0.0,0.0,0.3333333333333333,0.0,0.0,0.0,0.0,0.0,0.0,0.0,0.0,0.0012643271056022429,0.0,0.0014347202295552379,0.0,0.00011536702435099855,0.0001279603234748729,0.003714710252600297,0.0007429420505200594
1421547837117108226,17,1,0,1,1,0,1,0,0,0,1.0,0.0,1.0,1.0,0.0,1.0,0.0,0.0,0.0,1.0,0.0,1.0,0.0,1,0,1,1.0,0.0,1.0,4,1,113,0.0,3.5378192881907595e-5,0.0,0.0,0.5,0.0,0.0,0.0,0.0,0.0,0.0,0.0,0.0,0.001254897213875281,0.0,0.0014347202295552379,7.832649975392236e-5,0.0,6.232550238215791e-5,0.0029717682020802376,0.0007429420505200594
1498015223424471041,17,1,0,1,1,0,1,0,0,0,1.0,0.0,1.0,1.0,0.0,1.0,0.0,0.0,0.0,1.0,0.0,1.0,0.0,1,0,1,1.0,0.0,1.0,4,1,113,0.0,3.5378192881907595e-5,0.0,0.0,0.5,0.0,0.0,0.0,0.0,0.0,0.0,0.0,0.0,0.001254897213875281,0.0,0.0014347202295552379,7.832649975392236e-5,0.0,6.232550238215791e-5,0.0029717682020802376,0.0007429420505200594
273819343,4,2,0,2,1,0,1,1,0,1,2.0,0.0,2.0,1.0,0.0,1.0,1.0,0.0,1.0,0.5,0.0,0.5,0.0,1,0,2,4.0,0.0,4.0,13,1,135,0.0,7.075638576381519e-5,0.0,0.0,0.5,0.25,0.0,0.0,0.0,0.0,0.0,0.0,0.0,0.0013096713455179303,0.0,0.0014347202295552375,0.0,0.00021513066910783252,7.445967098753379e-5,0.009658246656760773,0.0007429420505200594
1381515069071106049,17,1,0,1,1,0,1,0,0,0,1.0,0.0,1.0,1.0,0.0,1.0,0.0,0.0,0.0,1.0,0.0,1.0,0.0,1,0,1,1.0,0.0,1.0,4,1,113,0.0,3.5378192881907595e-5,0.0,0.0,0.5,0.0,0.0,0.0,0.0,0.0,0.0,0.0,0.0,0.001254897213875281,0.0,0.0014347202295552379,7.832649975392236e-5,0.0,6.232550238215791e-5,0.0029717682020802376,0.0007429420505200594
137521303,17,1,0,1,1,0,1,0,0,0,1.0,0.0,1.0,1.0,0.0,1.0,0.0,0.0,0.0,1.0,0.0,1.0,0.0,1,0,1,1.0,0.0,1.0,4,1,113,0.0,3.5378192881907595e-5,0.0,0.0,0.5,0.0,0.0,0.0,0.0,0.0,0.0,0.0,0.0,0.001254897213875281,0.0,0.0014347202295552379,7.832649975392236e-5,0.0,6.232550238215791e-5,0.0029717682020802376,0.0007429420505200594
826672360254169089,17,1,0,1,1,0,1,0,0,0,1.0,0.0,1.0,1.0,0.0,1.0,0.0,0.0,0.0,1.0,0.0,1.0,0.0,1,0,1,1.0,0.0,1.0,4,1,113,0.0,3.5378192881907595e-5,0.0,0.0,0.5,0.0,0.0,0.0,0.0,0.0,0.0,0.0,0.0,0.001254897213875281,0.0,0.0014347202295552379,7.832649975392236e-5,0.0,6.232550238215791e-5,0.0029717682020802376,0.0007429420505200594
1492605441335074820,17,1,0,1,1,0,1,0,0,0,1.0,0.0,1.0,1.0,0.0,1.0,0.0,0.0,0.0,1.0,0.0,1.0,0.0,1,0,1,1.0,0.0,1.0,4,1,113,0.0,3.5378192881907595e-5,0.0,0.0,0.5,0.0,0.0,0.0,0.0,0.0,0.0,0.0,0.0,0.001254897213875281,0.0,0.0014347202295552379,7.832649975392236e-5,0.0,6.232550238215791e-5,0.0029717682020802376,0.0007429420505200594
1511649305710542849,17,1,0,1,1,0,1,0,0,0,1.0,0.0,1.0,1.0,0.0,1.0,0.0,0.0,0.0,1.0,0.0,1.0,0.0,1,0,1,1.0,0.0,1.0,4,1,113,0.0,3.5378192881907595e-5,0.0,0.0,0.5,0.0,0.0,0.0,0.0,0.0,0.0,0.0,0.0,0.001254897213875281,0.0,0.0014347202295552379,7.832649975392236e-5,0.0,6.232550238215791e-5,0.0029717682020802376,0.0007429420505200594
828033366712688640,9,1,0,1,1,0,1,0,0,0,1.0,0.0,1.0,1.0,0.0,1.0,0.0,0.0,0.0,1.0,0.0,1.0,0.0,0,0,1,1.0,0.0,1.0,5,1,157,0.0,3.5378192881907595e-5,0.0,0.0,1.0,1.0,0.0,0.0,0.0,0.0,0.0,0.0,0.0,0.0012534116189935477,0.0,0.0014347202295552331,4.879180990902121e-6,0.0,8.659383959290967e-5,0.003714710252600297,0.0007429420505200594
302964768,9,2,0,2,1,0,1,1,0,1,2.0,0.0,2.0,1.0,0.0,1.0,1.0,0.0,1.0,0.5,0.0,0.5,0.0,1,0,2,4.0,0.0,4.0,13,1,251,0.0,7.075638576381519e-5,0.0,0.0,0.5,0.25,0.0,0.0,0.0,0.0,0.0,0.0,0.0,0.0012670386404899049,0.0,0.0014347202295552331,9.889690447684174e-6,0.0,0.00013843983272497024,0.009658246656760773,0.0007429420505200594
873411716,9,1,0,1,1,0,1,0,0,0,3.0,0.0,3.0,3.0,0.0,3.0,0.0,0.0,0.0,1.0,0.0,1.0,0.0,0,0,1,7.0,0.0,6.0,5,1,157,0.0,0.00010613457864572278,0.0,0.0,1.0,1.0,0.0,0.0,0.0,0.0,0.0,0.0,0.0,0.0012673474527236418,0.0,0.0014347202295552333,1.50318596962018e-5,0.0,8.659383959290967e-5,0.003714710252600297,0.0007429420505200594
178978113,9,1,0,1,1,0,1,0,0,0,1.0,0.0,1.0,1.0,0.0,1.0,0.0,0.0,0.0,1.0,0.0,1.0,0.0,0,0,1,1.0,0.0,1.0,5,1,157,0.0,3.5378192881907595e-5,0.0,0.0,1.0,1.0,0.0,0.0,0.0,0.0,0.0,0.0,0.0,0.0012534116189935477,0.0,0.0014347202295552331,4.879180990902121e-6,0.0,8.659383959290967e-5,0.003714710252600297,0.0007429420505200594
1165575239461261312,4,4,0,4,1,0,1,3,0,3,4.0,0.0,4.0,1.0,0.0,1.0,3.0,0.0,3.0,0.25,0.0,0.25,0.0,1,0,4,7.0,0.0,7.0,14,1,275,0.0,0.00014151277152763038,0.0,0.0,0.3,0.125,0.0,0.0,0.08333333333333333,0.0,0.08333333333333333,0.16666666666666666,0.0,0.0013328871879172263,0.0,0.001434720229555235,0.0,0.0003522558901162265,0.00015167710756719847,0.010401188707280832,0.0007429420505200594
1552087369,9,1,0,1,1,0,1,0,0,0,1.0,0.0,1.0,1.0,0.0,1.0,0.0,0.0,0.0,1.0,0.0,1.0,0.0,0,0,1,1.0,0.0,1.0,5,1,157,0.0,3.5378192881907595e-5,0.0,0.0,1.0,1.0,0.0,0.0,0.0,0.0,0.0,0.0,0.0,0.0012534116189935477,0.0,0.0014347202295552331,4.879180990902121e-6,0.0,8.659383959290967e-5,0.003714710252600297,0.0007429420505200594
1021597353910796294,3,5,0,5,3,0,3,2,0,2,8.0,0.0,8.0,5.0,0.0,5.0,3.0,0.0,3.0,0.6,0.0,0.625,0.0,1,0,5,18.0,0.0,14.0,20,1,294,0.0,0.00028302554305526076,0.0,0.0,0.3333333333333333,0.2,0.0,0.0,0.140625,0.0,0.140625,0.28125,0.0,0.0013965193590439904,0.0,0.0014347202295552353,0.0,0.00033087926492936237,0.00016215661681729583,0.014858841010401188,0.0007429420505200594
2367458396,9,2,0,2,1,0,1,1,0,1,2.0,0.0,2.0,1.0,0.0,1.0,1.0,0.0,1.0,0.5,0.0,0.5,0.0,1,0,2,4.0,0.0,4.0,13,1,251,0.0,7.075638576381519e-5,0.0,0.0,0.5,0.25,0.0,0.0,0.0,0.0,0.0,0.0,0.0,0.0012670386404899049,0.0,0.0014347202295552331,9.889690447684174e-6,0.0,0.00013843983272497024,0.009658246656760773,0.0007429420505200594
1861388023,9,1,0,1,1,0,1,0,0,0,1.0,0.0,1.0,1.0,0.0,1.0,0.0,0.0,0.0,1.0,0.0,1.0,0.0,0,0,1,1.0,0.0,1.0,5,1,157,0.0,3.5378192881907595e-5,0.0,0.0,1.0,1.0,0.0,0.0,0.0,0.0,0.0,0.0,0.0,0.0012534116189935477,0.0,0.0014347202295552331,4.879180990902121e-6,0.0,8.659383959290967e-5,0.003714710252600297,0.0007429420505200594
47921816,9,1,0,1,1,0,1,0,0,0,1.0,0.0,1.0,1.0,0.0,1.0,0.0,0.0,0.0,1.0,0.0,1.0,0.0,0,0,1,1.0,0.0,1.0,5,1,157,0.0,3.5378192881907595e-5,0.0,0.0,1.0,1.0,0.0,0.0,0.0,0.0,0.0,0.0,0.0,0.0012534116189935477,0.0,0.0014347202295552331,4.879180990902121e-6,0.0,8.659383959290967e-5,0.003714710252600297,0.0007429420505200594
22239585,9,1,0,1,1,0,1,0,0,0,1.0,0.0,1.0,1.0,0.0,1.0,0.0,0.0,0.0,1.0,0.0,1.0,0.0,0,0,1,1.0,0.0,1.0,5,1,157,0.0,3.5378192881907595e-5,0.0,0.0,1.0,1.0,0.0,0.0,0.0,0.0,0.0,0.0,0.0,0.0012534116189935477,0.0,0.0014347202295552331,4.879180990902121e-6,0.0,8.659383959290967e-5,0.003714710252600297,0.0007429420505200594
130121423,9,2,0,2,1,0,1,1,0,1,2.0,0.0,2.0,1.0,0.0,1.0,1.0,0.0,1.0,0.5,0.0,0.5,0.0,1,0,2,4.0,0.0,4.0,13,1,251,0.0,7.075638576381519e-5,0.0,0.0,0.5,0.25,0.0,0.0,0.0,0.0,0.0,0.0,0.0,0.0012670386404899049,0.0,0.0014347202295552331,9.889690447684174e-6,0.0,0.00013843983272497024,0.009658246656760773,0.0007429420505200594
1482677670261686273,9,2,0,2,2,0,2,0,0,0,2.0,0.0,2.0,2.0,0.0,2.0,0.0,0.0,0.0,1.0,0.0,1.0,0.0,0,0,2,4.0,0.0,4.0,5,1,172,0.0,7.075638576381519e-5,0.0,0.0,0.6666666666666666,0.5,0.0,0.0,0.5,0.0,0.5,1.0,0.0,0.0012853281756078807,0.0,0.0014347202295552349,0.0,0.0001401204098921971,9.486713636930232e-5,0.003714710252600297,0.0007429420505200594
128249268,9,1,0,1,1,0,1,0,0,0,2.0,0.0,2.0,2.0,0.0,2.0,0.0,0.0,0.0,1.0,0.0,1.0,0.0,0,0,1,4.0,0.0,4.0,5,1,157,0.0,7.075638576381519e-5,0.0,0.0,1.0,1.0,0.0,0.0,0.0,0.0,0.0,0.0,0.0,0.0012603795358585947,0.0,0.0014347202295552331,9.889690447684174e-6,0.0,8.659383959290967e-5,0.003714710252600297,0.0007429420505200594
301576617,9,2,0,2,1,0,1,1,0,1,2.0,0.0,2.0,1.0,0.0,1.0,1.0,0.0,1.0,0.5,0.0,0.5,0.0,1,0,2,4.0,0.0,4.0,13,1,251,0.0,7.075638576381519e-5,0.0,0.0,0.5,0.25,0.0,0.0,0.0,0.0,0.0,0.0,0.0,0.0012670386404899049,0.0,0.0014347202295552331,9.889690447684174e-6,0.0,0.00013843983272497024,0.009658246656760773,0.0007429420505200594
1410989402633891844,9,1,0,1,1,0,1,0,0,0,1.0,0.0,1.0,1.0,0.0,1.0,0.0,0.0,0.0,1.0,0.0,1.0,0.0,0,0,1,1.0,0.0,1.0,5,1,157,0.0,3.5378192881907595e-5,0.0,0.0,1.0,1.0,0.0,0.0,0.0,0.0,0.0,0.0,0.0,0.0012534116189935477,0.0,0.0014347202295552331,4.879180990902121e-6,0.0,8.659383959290967e-5,0.003714710252600297,0.0007429420505200594
1410210535883243520,9,1,0,1,1,0,1,0,0,0,1.0,0.0,1.0,1.0,0.0,1.0,0.0,0.0,0.0,1.0,0.0,1.0,0.0,0,0,1,1.0,0.0,1.0,5,1,157,0.0,3.5378192881907595e-5,0.0,0.0,1.0,1.0,0.0,0.0,0.0,0.0,0.0,0.0,0.0,0.0012534116189935477,0.0,0.0014347202295552331,4.879180990902121e-6,0.0,8.659383959290967e-5,0.003714710252600297,0.0007429420505200594
70560147,9,2,0,2,1,0,1,1,0,1,2.0,0.0,2.0,1.0,0.0,1.0,1.0,0.0,1.0,0.5,0.0,0.5,0.0,1,0,2,4.0,0.0,4.0,13,1,251,0.0,7.075638576381519e-5,0.0,0.0,0.5,0.25,0.0,0.0,0.0,0.0,0.0,0.0,0.0,0.0012670386404899049,0.0,0.0014347202295552331,9.889690447684174e-6,0.0,0.00013843983272497024,0.009658246656760773,0.0007429420505200594
1295299885248389123,9,1,0,1,1,0,1,0,0,0,1.0,0.0,1.0,1.0,0.0,1.0,0.0,0.0,0.0,1.0,0.0,1.0,0.0,0,0,1,1.0,0.0,1.0,5,1,157,0.0,3.5378192881907595e-5,0.0,0.0,1.0,1.0,0.0,0.0,0.0,0.0,0.0,0.0,0.0,0.0012534116189935477,0.0,0.0014347202295552331,4.879180990902121e-6,0.0,8.659383959290967e-5,0.003714710252600297,0.0007429420505200594
894221184514088960,9,1,0,1,1,0,1,0,0,0,1.0,0.0,1.0,1.0,0.0,1.0,0.0,0.0,0.0,1.0,0.0,1.0,0.0,0,0,1,1.0,0.0,1.0,5,1,157,0.0,3.5378192881907595e-5,0.0,0.0,1.0,1.0,0.0,0.0,0.0,0.0,0.0,0.0,0.0,0.0012534116189935477,0.0,0.0014347202295552331,4.879180990902121e-6,0.0,8.659383959290967e-5,0.003714710252600297,0.0007429420505200594
2228161285,9,2,0,2,1,0,1,1,0,1,2.0,0.0,2.0,1.0,0.0,1.0,1.0,0.0,1.0,0.5,0.0,0.5,0.0,1,0,2,4.0,0.0,4.0,13,1,251,0.0,7.075638576381519e-5,0.0,0.0,0.5,0.25,0.0,0.0,0.0,0.0,0.0,0.0,0.0,0.0012670386404899049,0.0,0.0014347202295552331,9.889690447684174e-6,0.0,0.00013843983272497024,0.009658246656760773,0.0007429420505200594
512339681,9,1,0,1,1,0,1,0,0,0,1.0,0.0,1.0,1.0,0.0,1.0,0.0,0.0,0.0,1.0,0.0,1.0,0.0,0,0,1,1.0,0.0,1.0,5,1,157,0.0,3.5378192881907595e-5,0.0,0.0,1.0,1.0,0.0,0.0,0.0,0.0,0.0,0.0,0.0,0.0012534116189935477,0.0,0.0014347202295552331,4.879180990902121e-6,0.0,8.659383959290967e-5,0.003714710252600297,0.0007429420505200594
1390005001578233857,9,1,0,1,1,0,1,0,0,0,1.0,0.0,1.0,1.0,0.0,1.0,0.0,0.0,0.0,1.0,0.0,1.0,0.0,0,0,1,1.0,0.0,1.0,5,1,157,0.0,3.5378192881907595e-5,0.0,0.0,1.0,1.0,0.0,0.0,0.0,0.0,0.0,0.0,0.0,0.0012534116189935477,0.0,0.0014347202295552331,4.879180990902121e-6,0.0,8.659383959290967e-5,0.003714710252600297,0.0007429420505200594
1344205880905007110,3,3,0,3,2,0,2,1,0,1,3.0,0.0,3.0,2.0,0.0,2.0,1.0,0.0,1.0,0.6666666666666666,0.0,0.6666666666666666,0.0,1,0,3,5.0,0.0,6.0,13,1,257,0.0,0.00010613457864572278,0.0,0.0,0.4166666666666667,0.2222222222222222,0.0,0.0,0.16666666666666666,0.0,0.16666666666666666,0.3333333333333333,0.0,0.0012983109182516986,0.0,0.0014347202295552344,1.50318596962018e-5,0.0,0.0001417491514355273,0.009658246656760773,0.0007429420505200594
1272160780532629506,9,2,0,2,1,0,1,1,0,1,2.0,0.0,2.0,1.0,0.0,1.0,1.0,0.0,1.0,0.5,0.0,0.5,0.0,1,0,2,4.0,0.0,4.0,13,1,251,0.0,7.075638576381519e-5,0.0,0.0,0.5,0.25,0.0,0.0,0.0,0.0,0.0,0.0,0.0,0.0012670386404899049,0.0,0.0014347202295552331,9.889690447684174e-6,0.0,0.00013843983272497024,0.009658246656760773,0.0007429420505200594
761424823926923266,9,1,0,1,1,0,1,0,0,0,1.0,0.0,1.0,1.0,0.0,1.0,0.0,0.0,0.0,1.0,0.0,1.0,0.0,0,0,1,1.0,0.0,1.0,5,1,157,0.0,3.5378192881907595e-5,0.0,0.0,1.0,1.0,0.0,0.0,0.0,0.0,0.0,0.0,0.0,0.0012534116189935477,0.0,0.0014347202295552331,4.879180990902121e-6,0.0,8.659383959290967e-5,0.003714710252600297,0.0007429420505200594
773551993004646401,9,1,0,1,1,0,1,0,0,0,1.0,0.0,1.0,1.0,0.0,1.0,0.0,0.0,0.0,1.0,0.0,1.0,0.0,0,0,1,1.0,0.0,1.0,5,1,157,0.0,3.5378192881907595e-5,0.0,0.0,1.0,1.0,0.0,0.0,0.0,0.0,0.0,0.0,0.0,0.0012534116189935477,0.0,0.0014347202295552331,4.879180990902121e-6,0.0,8.659383959290967e-5,0.003714710252600297,0.0007429420505200594
1297519387222708225,9,1,0,1,1,0,1,0,0,0,1.0,0.0,1.0,1.0,0.0,1.0,0.0,0.0,0.0,1.0,0.0,1.0,0.0,0,0,1,1.0,0.0,1.0,5,1,157,0.0,3.5378192881907595e-5,0.0,0.0,1.0,1.0,0.0,0.0,0.0,0.0,0.0,0.0,0.0,0.0012534116189935477,0.0,0.0014347202295552331,4.879180990902121e-6,0.0,8.659383959290967e-5,0.003714710252600297,0.0007429420505200594
1081840114828017664,9,1,0,1,1,0,1,0,0,0,1.0,0.0,1.0,1.0,0.0,1.0,0.0,0.0,0.0,1.0,0.0,1.0,0.0,0,0,1,1.0,0.0,1.0,5,1,157,0.0,3.5378192881907595e-5,0.0,0.0,1.0,1.0,0.0,0.0,0.0,0.0,0.0,0.0,0.0,0.0012534116189935477,0.0,0.0014347202295552331,4.879180990902121e-6,0.0,8.659383959290967e-5,0.003714710252600297,0.0007429420505200594
514005773,9,1,0,1,1,0,1,0,0,0,1.0,0.0,1.0,1.0,0.0,1.0,0.0,0.0,0.0,1.0,0.0,1.0,0.0,0,0,1,1.0,0.0,1.0,5,1,157,0.0,3.5378192881907595e-5,0.0,0.0,1.0,1.0,0.0,0.0,0.0,0.0,0.0,0.0,0.0,0.0012534116189935477,0.0,0.0014347202295552331,4.879180990902121e-6,0.0,8.659383959290967e-5,0.003714710252600297,0.0007429420505200594
1506382414309904384,9,1,0,1,1,0,1,0,0,0,1.0,0.0,1.0,1.0,0.0,1.0,0.0,0.0,0.0,1.0,0.0,1.0,0.0,0,0,1,1.0,0.0,1.0,5,1,157,0.0,3.5378192881907595e-5,0.0,0.0,1.0,1.0,0.0,0.0,0.0,0.0,0.0,0.0,0.0,0.0012534116189935477,0.0,0.0014347202295552331,4.879180990902121e-6,0.0,8.659383959290967e-5,0.003714710252600297,0.0007429420505200594
870812067846012928,9,1,0,1,1,0,1,0,0,0,1.0,0.0,1.0,1.0,0.0,1.0,0.0,0.0,0.0,1.0,0.0,1.0,0.0,0,0,1,1.0,0.0,1.0,5,1,157,0.0,3.5378192881907595e-5,0.0,0.0,1.0,1.0,0.0,0.0,0.0,0.0,0.0,0.0,0.0,0.0012534116189935477,0.0,0.0014347202295552331,4.879180990902121e-6,0.0,8.659383959290967e-5,0.003714710252600297,0.0007429420505200594
506912325,3,3,0,3,2,0,2,1,0,1,4.0,0.0,4.0,3.0,0.0,3.0,1.0,0.0,1.0,0.6666666666666666,0.0,0.75,0.0,1,0,3,14.0,0.0,7.0,13,1,278,0.0,0.00014151277152763038,0.0,0.0,0.4166666666666667,0.2222222222222222,0.0,0.0,0.1875,0.0,0.1875,0.375,0.0,0.001292085347380381,0.0,0.0014347202295552344,2.030602090730138e-5,0.0,0.000153331766922477,0.009658246656760773,0.0007429420505200594
876539157060833280,9,1,0,1,1,0,1,0,0,0,1.0,0.0,1.0,1.0,0.0,1.0,0.0,0.0,0.0,1.0,0.0,1.0,0.0,0,0,1,1.0,0.0,1.0,5,1,157,0.0,3.5378192881907595e-5,0.0,0.0,1.0,1.0,0.0,0.0,0.0,0.0,0.0,0.0,0.0,0.0012534116189935477,0.0,0.0014347202295552331,4.879180990902121e-6,0.0,8.659383959290967e-5,0.003714710252600297,0.0007429420505200594
2951501725,9,1,0,1,1,0,1,0,0,0,1.0,0.0,1.0,1.0,0.0,1.0,0.0,0.0,0.0,1.0,0.0,1.0,0.0,0,0,1,1.0,0.0,1.0,5,1,157,0.0,3.5378192881907595e-5,0.0,0.0,1.0,1.0,0.0,0.0,0.0,0.0,0.0,0.0,0.0,0.0012534116189935477,0.0,0.0014347202295552331,4.879180990902121e-6,0.0,8.659383959290967e-5,0.003714710252600297,0.0007429420505200594
4861315633,9,2,0,2,1,0,1,1,0,1,2.0,0.0,2.0,1.0,0.0,1.0,1.0,0.0,1.0,0.5,0.0,0.5,0.0,1,0,2,4.0,0.0,4.0,13,1,251,0.0,7.075638576381519e-5,0.0,0.0,0.5,0.25,0.0,0.0,0.0,0.0,0.0,0.0,0.0,0.0012670386404899049,0.0,0.0014347202295552331,9.889690447684174e-6,0.0,0.00013843983272497024,0.009658246656760773,0.0007429420505200594
973747534593167360,3,3,0,3,2,0,2,1,0,1,3.0,0.0,3.0,2.0,0.0,2.0,1.0,0.0,1.0,0.6666666666666666,0.0,0.6666666666666666,0.0,1,0,3,7.0,0.0,6.0,13,1,278,0.0,0.00010613457864572278,0.0,0.0,0.4166666666666667,0.2222222222222222,0.0,0.0,0.16666666666666666,0.0,0.16666666666666666,0.3333333333333333,0.0,0.0012784583258840239,0.0,0.0014347202295552346,1.50318596962018e-5,0.0,0.000153331766922477,0.009658246656760773,0.0007429420505200594
1305951967722831872,9,1,0,1,1,0,1,0,0,0,1.0,0.0,1.0,1.0,0.0,1.0,0.0,0.0,0.0,1.0,0.0,1.0,0.0,0,0,1,1.0,0.0,1.0,5,1,157,0.0,3.5378192881907595e-5,0.0,0.0,1.0,1.0,0.0,0.0,0.0,0.0,0.0,0.0,0.0,0.0012534116189935477,0.0,0.0014347202295552331,4.879180990902121e-6,0.0,8.659383959290967e-5,0.003714710252600297,0.0007429420505200594
3051148496,3,3,0,3,2,0,2,1,0,1,3.0,0.0,3.0,2.0,0.0,2.0,1.0,0.0,1.0,0.6666666666666666,0.0,0.6666666666666666,0.0,1,0,3,7.0,0.0,6.0,13,1,278,0.0,0.00010613457864572278,0.0,0.0,0.4166666666666667,0.2222222222222222,0.0,0.0,0.16666666666666666,0.0,0.16666666666666666,0.3333333333333333,0.0,0.0012784583258840239,0.0,0.0014347202295552346,1.50318596962018e-5,0.0,0.000153331766922477,0.009658246656760773,0.0007429420505200594
1513182555209707520,9,1,0,1,1,0,1,0,0,0,1.0,0.0,1.0,1.0,0.0,1.0,0.0,0.0,0.0,1.0,0.0,1.0,0.0,0,0,1,1.0,0.0,1.0,5,1,157,0.0,3.5378192881907595e-5,0.0,0.0,1.0,1.0,0.0,0.0,0.0,0.0,0.0,0.0,0.0,0.0012534116189935477,0.0,0.0014347202295552331,4.879180990902121e-6,0.0,8.659383959290967e-5,0.003714710252600297,0.0007429420505200594
1510023002137800704,9,1,0,1,1,0,1,0,0,0,1.0,0.0,1.0,1.0,0.0,1.0,0.0,0.0,0.0,1.0,0.0,1.0,0.0,0,0,1,1.0,0.0,1.0,5,1,157,0.0,3.5378192881907595e-5,0.0,0.0,1.0,1.0,0.0,0.0,0.0,0.0,0.0,0.0,0.0,0.0012534116189935477,0.0,0.0014347202295552331,4.879180990902121e-6,0.0,8.659383959290967e-5,0.003714710252600297,0.0007429420505200594
140415438,9,1,0,1,1,0,1,0,0,0,1.0,0.0,1.0,1.0,0.0,1.0,0.0,0.0,0.0,1.0,0.0,1.0,0.0,0,0,1,1.0,0.0,1.0,5,1,157,0.0,3.5378192881907595e-5,0.0,0.0,1.0,1.0,0.0,0.0,0.0,0.0,0.0,0.0,0.0,0.0012534116189935477,0.0,0.0014347202295552331,4.879180990902121e-6,0.0,8.659383959290967e-5,0.003714710252600297,0.0007429420505200594
723351122048491523,9,1,0,1,1,0,1,0,0,0,1.0,0.0,1.0,1.0,0.0,1.0,0.0,0.0,0.0,1.0,0.0,1.0,0.0,0,0,1,1.0,0.0,1.0,5,1,157,0.0,3.5378192881907595e-5,0.0,0.0,1.0,1.0,0.0,0.0,0.0,0.0,0.0,0.0,0.0,0.0012534116189935477,0.0,0.0014347202295552331,4.879180990902121e-6,0.0,8.659383959290967e-5,0.003714710252600297,0.0007429420505200594
1087550051574902787,4,2,0,2,1,0,1,1,0,1,2.0,0.0,2.0,1.0,0.0,1.0,1.0,0.0,1.0,0.5,0.0,0.5,0.0,0,0,2,4.0,0.0,4.0,6,1,179,0.0,7.075638576381519e-5,0.0,0.0,0.5,0.25,0.0,0.0,0.0,0.0,0.0,0.0,0.0,0.0012879878886590751,0.0,0.001434720229555235,0.0,0.0002518856961234439,9.872800819828555e-5,0.004457652303120356,0.0007429420505200594
4434425412,9,1,0,1,1,0,1,0,0,0,1.0,0.0,1.0,1.0,0.0,1.0,0.0,0.0,0.0,1.0,0.0,1.0,0.0,0,0,1,1.0,0.0,1.0,5,1,157,0.0,3.5378192881907595e-5,0.0,0.0,1.0,1.0,0.0,0.0,0.0,0.0,0.0,0.0,0.0,0.0012534116189935477,0.0,0.0014347202295552331,4.879180990902121e-6,0.0,8.659383959290967e-5,0.003714710252600297,0.0007429420505200594
1512372368882036742,3,3,0,3,2,0,2,1,0,1,3.0,0.0,3.0,2.0,0.0,2.0,1.0,0.0,1.0,0.6666666666666666,0.0,0.6666666666666666,0.0,1,0,3,7.0,0.0,6.0,13,1,278,0.0,0.00010613457864572278,0.0,0.0,0.4166666666666667,0.2222222222222222,0.0,0.0,0.16666666666666666,0.0,0.16666666666666666,0.3333333333333333,0.0,0.0012784583258840239,0.0,0.0014347202295552346,1.50318596962018e-5,0.0,0.000153331766922477,0.009658246656760773,0.0007429420505200594
121621270,9,1,0,1,1,0,1,0,0,0,1.0,0.0,1.0,1.0,0.0,1.0,0.0,0.0,0.0,1.0,0.0,1.0,0.0,0,0,1,1.0,0.0,1.0,5,1,157,0.0,3.5378192881907595e-5,0.0,0.0,1.0,1.0,0.0,0.0,0.0,0.0,0.0,0.0,0.0,0.0012534116189935477,0.0,0.0014347202295552331,4.879180990902121e-6,0.0,8.659383959290967e-5,0.003714710252600297,0.0007429420505200594
1458556085028388864,9,1,0,1,1,0,1,0,0,0,1.0,0.0,1.0,1.0,0.0,1.0,0.0,0.0,0.0,1.0,0.0,1.0,0.0,0,0,1,1.0,0.0,1.0,5,1,157,0.0,3.5378192881907595e-5,0.0,0.0,1.0,1.0,0.0,0.0,0.0,0.0,0.0,0.0,0.0,0.0012534116189935477,0.0,0.0014347202295552331,4.879180990902121e-6,0.0,8.659383959290967e-5,0.003714710252600297,0.0007429420505200594
852503424,9,1,0,1,1,0,1,0,0,0,1.0,0.0,1.0,1.0,0.0,1.0,0.0,0.0,0.0,1.0,0.0,1.0,0.0,0,0,1,1.0,0.0,1.0,5,1,157,0.0,3.5378192881907595e-5,0.0,0.0,1.0,1.0,0.0,0.0,0.0,0.0,0.0,0.0,0.0,0.0012534116189935477,0.0,0.0014347202295552331,4.879180990902121e-6,0.0,8.659383959290967e-5,0.003714710252600297,0.0007429420505200594
1281554674428997632,9,1,0,1,1,0,1,0,0,0,1.0,0.0,1.0,1.0,0.0,1.0,0.0,0.0,0.0,1.0,0.0,1.0,0.0,0,0,1,1.0,0.0,1.0,5,1,157,0.0,3.5378192881907595e-5,0.0,0.0,1.0,1.0,0.0,0.0,0.0,0.0,0.0,0.0,0.0,0.0012534116189935477,0.0,0.0014347202295552331,4.879180990902121e-6,0.0,8.659383959290967e-5,0.003714710252600297,0.0007429420505200594
135656924,9,1,0,1,1,0,1,0,0,0,1.0,0.0,1.0,1.0,0.0,1.0,0.0,0.0,0.0,1.0,0.0,1.0,0.0,0,0,1,1.0,0.0,1.0,5,1,157,0.0,3.5378192881907595e-5,0.0,0.0,1.0,1.0,0.0,0.0,0.0,0.0,0.0,0.0,0.0,0.0012534116189935477,0.0,0.0014347202295552331,4.879180990902121e-6,0.0,8.659383959290967e-5,0.003714710252600297,0.0007429420505200594
721667688318152705,9,1,0,1,1,0,1,0,0,0,1.0,0.0,1.0,1.0,0.0,1.0,0.0,0.0,0.0,1.0,0.0,1.0,0.0,0,0,1,1.0,0.0,1.0,5,1,157,0.0,3.5378192881907595e-5,0.0,0.0,1.0,1.0,0.0,0.0,0.0,0.0,0.0,0.0,0.0,0.0012534116189935477,0.0,0.0014347202295552331,4.879180990902121e-6,0.0,8.659383959290967e-5,0.003714710252600297,0.0007429420505200594
248114547,9,2,0,2,1,0,1,1,0,1,2.0,0.0,2.0,1.0,0.0,1.0,1.0,0.0,1.0,0.5,0.0,0.5,0.0,1,0,2,4.0,0.0,4.0,13,1,251,0.0,7.075638576381519e-5,0.0,0.0,0.5,0.25,0.0,0.0,0.0,0.0,0.0,0.0,0.0,0.0012670386404899049,0.0,0.0014347202295552331,9.889690447684174e-6,0.0,0.00013843983272497024,0.009658246656760773,0.0007429420505200594
2315150910,9,1,0,1,1,0,1,0,0,0,1.0,0.0,1.0,1.0,0.0,1.0,0.0,0.0,0.0,1.0,0.0,1.0,0.0,0,0,1,1.0,0.0,1.0,5,1,157,0.0,3.5378192881907595e-5,0.0,0.0,1.0,1.0,0.0,0.0,0.0,0.0,0.0,0.0,0.0,0.0012534116189935477,0.0,0.0014347202295552331,4.879180990902121e-6,0.0,8.659383959290967e-5,0.003714710252600297,0.0007429420505200594
756706553382789121,9,2,0,2,1,0,1,1,0,1,2.0,0.0,2.0,1.0,0.0,1.0,1.0,0.0,1.0,0.5,0.0,0.5,0.0,1,0,2,4.0,0.0,4.0,13,1,251,0.0,7.075638576381519e-5,0.0,0.0,0.5,0.25,0.0,0.0,0.0,0.0,0.0,0.0,0.0,0.0012670386404899049,0.0,0.0014347202295552331,9.889690447684174e-6,0.0,0.00013843983272497024,0.009658246656760773,0.0007429420505200594
788178359150796800,9,1,0,1,1,0,1,0,0,0,1.0,0.0,1.0,1.0,0.0,1.0,0.0,0.0,0.0,1.0,0.0,1.0,0.0,0,0,1,1.0,0.0,1.0,5,1,157,0.0,3.5378192881907595e-5,0.0,0.0,1.0,1.0,0.0,0.0,0.0,0.0,0.0,0.0,0.0,0.0012534116189935477,0.0,0.0014347202295552331,4.879180990902121e-6,0.0,8.659383959290967e-5,0.003714710252600297,0.0007429420505200594
1180315088537845761,9,1,0,1,1,0,1,0,0,0,1.0,0.0,1.0,1.0,0.0,1.0,0.0,0.0,0.0,1.0,0.0,1.0,0.0,0,0,1,1.0,0.0,1.0,5,1,157,0.0,3.5378192881907595e-5,0.0,0.0,1.0,1.0,0.0,0.0,0.0,0.0,0.0,0.0,0.0,0.0012534116189935477,0.0,0.0014347202295552331,4.879180990902121e-6,0.0,8.659383959290967e-5,0.003714710252600297,0.0007429420505200594
1799190817,9,1,0,1,1,0,1,0,0,0,1.0,0.0,1.0,1.0,0.0,1.0,0.0,0.0,0.0,1.0,0.0,1.0,0.0,0,0,1,1.0,0.0,1.0,5,1,157,0.0,3.5378192881907595e-5,0.0,0.0,1.0,1.0,0.0,0.0,0.0,0.0,0.0,0.0,0.0,0.0012534116189935477,0.0,0.0014347202295552331,4.879180990902121e-6,0.0,8.659383959290967e-5,0.003714710252600297,0.0007429420505200594
2873161344,9,1,0,1,1,0,1,0,0,0,1.0,0.0,1.0,1.0,0.0,1.0,0.0,0.0,0.0,1.0,0.0,1.0,0.0,0,0,1,1.0,0.0,1.0,5,1,157,0.0,3.5378192881907595e-5,0.0,0.0,1.0,1.0,0.0,0.0,0.0,0.0,0.0,0.0,0.0,0.0012534116189935477,0.0,0.0014347202295552331,4.879180990902121e-6,0.0,8.659383959290967e-5,0.003714710252600297,0.0007429420505200594
932015019314659328,9,1,0,1,1,0,1,0,0,0,1.0,0.0,1.0,1.0,0.0,1.0,0.0,0.0,0.0,1.0,0.0,1.0,0.0,0,0,1,1.0,0.0,1.0,5,1,157,0.0,3.5378192881907595e-5,0.0,0.0,1.0,1.0,0.0,0.0,0.0,0.0,0.0,0.0,0.0,0.0012534116189935477,0.0,0.0014347202295552331,4.879180990902121e-6,0.0,8.659383959290967e-5,0.003714710252600297,0.0007429420505200594
294455311,9,1,0,1,1,0,1,0,0,0,1.0,0.0,1.0,1.0,0.0,1.0,0.0,0.0,0.0,1.0,0.0,1.0,0.0,0,0,1,1.0,0.0,1.0,5,1,157,0.0,3.5378192881907595e-5,0.0,0.0,1.0,1.0,0.0,0.0,0.0,0.0,0.0,0.0,0.0,0.0012534116189935477,0.0,0.0014347202295552331,4.879180990902121e-6,0.0,8.659383959290967e-5,0.003714710252600297,0.0007429420505200594
1437325146058997761,9,1,0,1,1,0,1,0,0,0,1.0,0.0,1.0,1.0,0.0,1.0,0.0,0.0,0.0,1.0,0.0,1.0,0.0,0,0,1,1.0,0.0,1.0,5,1,157,0.0,3.5378192881907595e-5,0.0,0.0,1.0,1.0,0.0,0.0,0.0,0.0,0.0,0.0,0.0,0.0012534116189935477,0.0,0.0014347202295552331,4.879180990902121e-6,0.0,8.659383959290967e-5,0.003714710252600297,0.0007429420505200594
549882072,9,1,0,1,1,0,1,0,0,0,1.0,0.0,1.0,1.0,0.0,1.0,0.0,0.0,0.0,1.0,0.0,1.0,0.0,0,0,1,1.0,0.0,1.0,5,1,157,0.0,3.5378192881907595e-5,0.0,0.0,1.0,1.0,0.0,0.0,0.0,0.0,0.0,0.0,0.0,0.0012534116189935477,0.0,0.0014347202295552331,4.879180990902121e-6,0.0,8.659383959290967e-5,0.003714710252600297,0.0007429420505200594
1135155874480185344,9,1,0,1,1,0,1,0,0,0,1.0,0.0,1.0,1.0,0.0,1.0,0.0,0.0,0.0,1.0,0.0,1.0,0.0,0,0,1,1.0,0.0,1.0,5,1,157,0.0,3.5378192881907595e-5,0.0,0.0,1.0,1.0,0.0,0.0,0.0,0.0,0.0,0.0,0.0,0.0012534116189935477,0.0,0.0014347202295552331,4.879180990902121e-6,0.0,8.659383959290967e-5,0.003714710252600297,0.0007429420505200594
785818380657831936,9,1,0,1,1,0,1,0,0,0,1.0,0.0,1.0,1.0,0.0,1.0,0.0,0.0,0.0,1.0,0.0,1.0,0.0,0,0,1,1.0,0.0,1.0,5,1,157,0.0,3.5378192881907595e-5,0.0,0.0,1.0,1.0,0.0,0.0,0.0,0.0,0.0,0.0,0.0,0.0012534116189935477,0.0,0.0014347202295552331,4.879180990902121e-6,0.0,8.659383959290967e-5,0.003714710252600297,0.0007429420505200594
1396957901206421508,9,1,0,1,1,0,1,0,0,0,1.0,0.0,1.0,1.0,0.0,1.0,0.0,0.0,0.0,1.0,0.0,1.0,0.0,0,0,1,1.0,0.0,1.0,5,1,157,0.0,3.5378192881907595e-5,0.0,0.0,1.0,1.0,0.0,0.0,0.0,0.0,0.0,0.0,0.0,0.0012534116189935477,0.0,0.0014347202295552331,4.879180990902121e-6,0.0,8.659383959290967e-5,0.003714710252600297,0.0007429420505200594
842882665258733568,9,1,0,1,1,0,1,0,0,0,1.0,0.0,1.0,1.0,0.0,1.0,0.0,0.0,0.0,1.0,0.0,1.0,0.0,0,0,1,1.0,0.0,1.0,5,1,157,0.0,3.5378192881907595e-5,0.0,0.0,1.0,1.0,0.0,0.0,0.0,0.0,0.0,0.0,0.0,0.0012534116189935477,0.0,0.0014347202295552331,4.879180990902121e-6,0.0,8.659383959290967e-5,0.003714710252600297,0.0007429420505200594
855944034,9,1,0,1,1,0,1,0,0,0,1.0,0.0,1.0,1.0,0.0,1.0,0.0,0.0,0.0,1.0,0.0,1.0,0.0,0,0,1,1.0,0.0,1.0,5,1,157,0.0,3.5378192881907595e-5,0.0,0.0,1.0,1.0,0.0,0.0,0.0,0.0,0.0,0.0,0.0,0.0012534116189935477,0.0,0.0014347202295552331,4.879180990902121e-6,0.0,8.659383959290967e-5,0.003714710252600297,0.0007429420505200594
1457942825233190913,9,1,0,1,1,0,1,0,0,0,1.0,0.0,1.0,1.0,0.0,1.0,0.0,0.0,0.0,1.0,0.0,1.0,0.0,0,0,1,1.0,0.0,1.0,5,1,157,0.0,3.5378192881907595e-5,0.0,0.0,1.0,1.0,0.0,0.0,0.0,0.0,0.0,0.0,0.0,0.0012534116189935477,0.0,0.0014347202295552331,4.879180990902121e-6,0.0,8.659383959290967e-5,0.003714710252600297,0.0007429420505200594
920170150011080705,9,1,0,1,1,0,1,0,0,0,1.0,0.0,1.0,1.0,0.0,1.0,0.0,0.0,0.0,1.0,0.0,1.0,0.0,0,0,1,1.0,0.0,1.0,5,1,157,0.0,3.5378192881907595e-5,0.0,0.0,1.0,1.0,0.0,0.0,0.0,0.0,0.0,0.0,0.0,0.0012534116189935477,0.0,0.0014347202295552331,4.879180990902121e-6,0.0,8.659383959290967e-5,0.003714710252600297,0.0007429420505200594
1073238673779449856,9,1,0,1,1,0,1,0,0,0,1.0,0.0,1.0,1.0,0.0,1.0,0.0,0.0,0.0,1.0,0.0,1.0,0.0,0,0,1,1.0,0.0,1.0,5,1,157,0.0,3.5378192881907595e-5,0.0,0.0,1.0,1.0,0.0,0.0,0.0,0.0,0.0,0.0,0.0,0.0012534116189935477,0.0,0.0014347202295552331,4.879180990902121e-6,0.0,8.659383959290967e-5,0.003714710252600297,0.0007429420505200594
2570067865,9,1,0,1,1,0,1,0,0,0,1.0,0.0,1.0,1.0,0.0,1.0,0.0,0.0,0.0,1.0,0.0,1.0,0.0,0,0,1,1.0,0.0,1.0,5,1,157,0.0,3.5378192881907595e-5,0.0,0.0,1.0,1.0,0.0,0.0,0.0,0.0,0.0,0.0,0.0,0.0012534116189935477,0.0,0.0014347202295552331,4.879180990902121e-6,0.0,8.659383959290967e-5,0.003714710252600297,0.0007429420505200594
15193667,9,1,0,1,1,0,1,0,0,0,1.0,0.0,1.0,1.0,0.0,1.0,0.0,0.0,0.0,1.0,0.0,1.0,0.0,0,0,1,1.0,0.0,1.0,5,1,157,0.0,3.5378192881907595e-5,0.0,0.0,1.0,1.0,0.0,0.0,0.0,0.0,0.0,0.0,0.0,0.0012534116189935477,0.0,0.0014347202295552331,4.879180990902121e-6,0.0,8.659383959290967e-5,0.003714710252600297,0.0007429420505200594
60780206,9,1,0,1,1,0,1,0,0,0,1.0,0.0,1.0,1.0,0.0,1.0,0.0,0.0,0.0,1.0,0.0,1.0,0.0,0,0,1,1.0,0.0,1.0,5,1,157,0.0,3.5378192881907595e-5,0.0,0.0,1.0,1.0,0.0,0.0,0.0,0.0,0.0,0.0,0.0,0.0012534116189935477,0.0,0.0014347202295552331,4.879180990902121e-6,0.0,8.659383959290967e-5,0.003714710252600297,0.0007429420505200594
922915933,9,1,0,1,1,0,1,0,0,0,1.0,0.0,1.0,1.0,0.0,1.0,0.0,0.0,0.0,1.0,0.0,1.0,0.0,0,0,1,1.0,0.0,1.0,5,1,157,0.0,3.5378192881907595e-5,0.0,0.0,1.0,1.0,0.0,0.0,0.0,0.0,0.0,0.0,0.0,0.0012534116189935477,0.0,0.0014347202295552331,4.879180990902121e-6,0.0,8.659383959290967e-5,0.003714710252600297,0.0007429420505200594
1092891589297532929,9,1,0,1,1,0,1,0,0,0,1.0,0.0,1.0,1.0,0.0,1.0,0.0,0.0,0.0,1.0,0.0,1.0,0.0,0,0,1,1.0,0.0,1.0,5,1,157,0.0,3.5378192881907595e-5,0.0,0.0,1.0,1.0,0.0,0.0,0.0,0.0,0.0,0.0,0.0,0.0012534116189935477,0.0,0.0014347202295552331,4.879180990902121e-6,0.0,8.659383959290967e-5,0.003714710252600297,0.0007429420505200594
1404442835517050886,9,1,0,1,1,0,1,0,0,0,1.0,0.0,1.0,1.0,0.0,1.0,0.0,0.0,0.0,1.0,0.0,1.0,0.0,0,0,1,1.0,0.0,1.0,5,1,157,0.0,3.5378192881907595e-5,0.0,0.0,1.0,1.0,0.0,0.0,0.0,0.0,0.0,0.0,0.0,0.0012534116189935477,0.0,0.0014347202295552331,4.879180990902121e-6,0.0,8.659383959290967e-5,0.003714710252600297,0.0007429420505200594
16479017,9,1,0,1,1,0,1,0,0,0,1.0,0.0,1.0,1.0,0.0,1.0,0.0,0.0,0.0,1.0,0.0,1.0,0.0,0,0,1,1.0,0.0,1.0,5,1,157,0.0,3.5378192881907595e-5,0.0,0.0,1.0,1.0,0.0,0.0,0.0,0.0,0.0,0.0,0.0,0.0012534116189935477,0.0,0.0014347202295552331,4.879180990902121e-6,0.0,8.659383959290967e-5,0.003714710252600297,0.0007429420505200594
281503159,9,2,0,2,2,0,2,0,0,0,2.0,0.0,2.0,2.0,0.0,2.0,0.0,0.0,0.0,1.0,0.0,1.0,0.0,0,0,2,4.0,0.0,4.0,5,1,172,0.0,7.075638576381519e-5,0.0,0.0,0.6666666666666666,0.5,0.0,0.0,0.5,0.0,0.5,1.0,0.0,0.0012853281756078807,0.0,0.0014347202295552349,0.0,0.0001401204098921971,9.486713636930232e-5,0.003714710252600297,0.0007429420505200594
1150808563255844865,9,3,0,3,3,0,3,0,0,0,3.0,0.0,3.0,3.0,0.0,3.0,0.0,0.0,0.0,1.0,0.0,1.0,0.0,0,0,3,7.0,0.0,6.0,5,1,172,0.0,0.00010613457864572278,0.0,0.0,0.5,0.3333333333333333,0.0,0.0,0.3333333333333333,0.0,0.3333333333333333,0.6666666666666666,0.0,0.0014098027464037792,0.0,0.0014347202295552353,4.988408716399828e-5,0.0,9.486713636930232e-5,0.003714710252600297,0.0007429420505200594
750502701457440768,9,3,0,3,3,0,3,0,0,0,3.0,0.0,3.0,3.0,0.0,3.0,0.0,0.0,0.0,1.0,0.0,1.0,0.0,0,0,3,7.0,0.0,6.0,5,1,172,0.0,0.00010613457864572278,0.0,0.0,0.5,0.3333333333333333,0.0,0.0,0.3333333333333333,0.0,0.3333333333333333,0.6666666666666666,0.0,0.0014098027464037792,0.0,0.0014347202295552353,4.988408716399828e-5,0.0,9.486713636930232e-5,0.003714710252600297,0.0007429420505200594
1513380994287472642,9,3,0,3,3,0,3,0,0,0,3.0,0.0,3.0,3.0,0.0,3.0,0.0,0.0,0.0,1.0,0.0,1.0,0.0,0,0,2,7.0,0.0,5.0,6,1,173,0.0,0.00010613457864572278,0.0,0.0,0.4166666666666667,0.2222222222222222,0.0,0.0,0.16666666666666666,0.0,0.16666666666666666,0.3333333333333333,0.0,0.0019077010295873724,0.0,0.0014347202295552353,4.988408716399828e-5,0.0,9.54186894877285e-5,0.004457652303120356,0.0007429420505200594
1498048308010536960,4,2,0,2,1,0,1,1,0,1,2.0,0.0,2.0,1.0,0.0,1.0,1.0,0.0,1.0,0.5,0.0,0.5,0.0,1,0,2,4.0,0.0,4.0,15,1,170,0.0,7.075638576381519e-5,0.0,0.0,0.5,0.25,0.0,0.0,0.5,0.0,0.5,1.0,0.0,0.0013525381317269142,0.0,0.0014347202295552349,0.0,0.0002518856961234439,9.376403013244997e-5,0.011144130757800892,0.0007429420505200594
1506684921867251714,4,1,0,1,1,0,1,0,0,0,1.0,0.0,1.0,1.0,0.0,1.0,0.0,0.0,0.0,1.0,0.0,1.0,0.0,1,0,1,1.0,0.0,1.0,8,1,23,0.0,3.5378192881907595e-5,0.0,0.0,0.5,0.0,0.0,0.0,0.0,0.0,0.0,0.0,0.0,0.001338911110230557,0.0,0.0014347202295552362,0.000115050159135488,0.0,1.2685721723802054e-5,0.005943536404160475,0.0007429420505200594
1394861289189482499,4,1,0,1,1,0,1,0,0,0,1.0,0.0,1.0,1.0,0.0,1.0,0.0,0.0,0.0,1.0,0.0,1.0,0.0,1,0,1,1.0,0.0,1.0,8,1,23,0.0,3.5378192881907595e-5,0.0,0.0,0.5,0.0,0.0,0.0,0.0,0.0,0.0,0.0,0.0,0.001338911110230557,0.0,0.0014347202295552362,0.000115050159135488,0.0,1.2685721723802054e-5,0.005943536404160475,0.0007429420505200594
1366653623065714690,4,1,0,1,1,0,1,0,0,0,1.0,0.0,1.0,1.0,0.0,1.0,0.0,0.0,0.0,1.0,0.0,1.0,0.0,1,0,1,1.0,0.0,1.0,8,1,23,0.0,3.5378192881907595e-5,0.0,0.0,0.5,0.0,0.0,0.0,0.0,0.0,0.0,0.0,0.0,0.001338911110230557,0.0,0.0014347202295552362,0.000115050159135488,0.0,1.2685721723802054e-5,0.005943536404160475,0.0007429420505200594
1150225766677827584,4,2,0,2,1,0,1,1,0,1,2.0,0.0,2.0,1.0,0.0,1.0,1.0,0.0,1.0,0.5,0.0,0.5,0.0,1,0,2,4.0,0.0,4.0,11,1,49,0.0,7.075638576381519e-5,0.0,0.0,0.3333333333333333,0.0,0.0,0.0,0.0,0.0,0.0,0.0,0.0,0.0013701833879923512,0.0,0.0014347202295552366,0.0,0.00036215077717050015,2.7026102802882636e-5,0.008172362555720654,0.0007429420505200594
27936658,4,1,0,1,1,0,1,0,0,0,1.0,0.0,1.0,1.0,0.0,1.0,0.0,0.0,0.0,1.0,0.0,1.0,0.0,0,0,1,1.0,0.0,1.0,2,1,30,0.0,3.5378192881907595e-5,0.0,0.0,0.5,0.0,0.0,0.0,0.0,0.0,0.0,0.0,0.0,0.0012810199717940278,0.0,0.001434720229555237,0.000115050159135488,0.0,1.6546593552785288e-5,0.0014858841010401188,0.0007429420505200594
1179834158929076224,4,1,0,1,1,0,1,0,0,0,1.0,0.0,1.0,1.0,0.0,1.0,0.0,0.0,0.0,1.0,0.0,1.0,0.0,0,0,1,1.0,0.0,1.0,2,1,30,0.0,3.5378192881907595e-5,0.0,0.0,0.5,0.0,0.0,0.0,0.0,0.0,0.0,0.0,0.0,0.0012810199717940278,0.0,0.001434720229555237,0.000115050159135488,0.0,1.6546593552785288e-5,0.0014858841010401188,0.0007429420505200594
1036814163371220993,4,1,0,1,1,0,1,0,0,0,1.0,0.0,1.0,1.0,0.0,1.0,0.0,0.0,0.0,1.0,0.0,1.0,0.0,0,0,1,1.0,0.0,1.0,2,1,30,0.0,3.5378192881907595e-5,0.0,0.0,0.5,0.0,0.0,0.0,0.0,0.0,0.0,0.0,0.0,0.0012810199717940278,0.0,0.001434720229555237,0.000115050159135488,0.0,1.6546593552785288e-5,0.0014858841010401188,0.0007429420505200594
43502354,4,1,0,1,1,0,1,0,0,0,1.0,0.0,1.0,1.0,0.0,1.0,0.0,0.0,0.0,1.0,0.0,1.0,0.0,0,0,1,1.0,0.0,1.0,2,1,30,0.0,3.5378192881907595e-5,0.0,0.0,0.5,0.0,0.0,0.0,0.0,0.0,0.0,0.0,0.0,0.0012810199717940278,0.0,0.001434720229555237,0.000115050159135488,0.0,1.6546593552785288e-5,0.0014858841010401188,0.0007429420505200594
595377339,9,3,0,3,3,0,3,0,0,0,3.0,0.0,3.0,3.0,0.0,3.0,0.0,0.0,0.0,1.0,0.0,1.0,0.0,1,0,2,7.0,0.0,4.0,9,1,35,0.0,0.00010613457864572278,0.0,0.0,0.3333333333333333,0.1111111111111111,0.0,0.0,0.16666666666666666,0.0,0.16666666666666666,0.3333333333333333,0.0,0.003613910710943196,0.0,0.0014347202295552364,0.0005698313568126556,0.0,1.930435914491617e-5,0.006686478454680535,0.0007429420505200594
85359060,3,1,0,1,1,0,1,0,0,0,1.0,0.0,1.0,1.0,0.0,1.0,0.0,0.0,0.0,1.0,0.0,1.0,0.0,1,0,1,1.0,0.0,1.0,9,1,155,0.0,3.5378192881907595e-5,0.0,0.0,0.5,0.0,0.0,0.0,0.0,0.0,0.0,0.0,0.0,0.0012600707236248576,0.0,0.0014347202295552333,4.879180990902121e-6,0.0,8.549073335605733e-5,0.006686478454680535,0.0007429420505200594
4900928924,3,1,0,1,1,0,1,0,0,0,1.0,0.0,1.0,1.0,0.0,1.0,0.0,0.0,0.0,1.0,0.0,1.0,0.0,1,0,1,1.0,0.0,1.0,9,1,155,0.0,3.5378192881907595e-5,0.0,0.0,0.5,0.0,0.0,0.0,0.0,0.0,0.0,0.0,0.0,0.0012600707236248576,0.0,0.0014347202295552333,4.879180990902121e-6,0.0,8.549073335605733e-5,0.006686478454680535,0.0007429420505200594
878433890838265856,3,1,0,1,1,0,1,0,0,0,1.0,0.0,1.0,1.0,0.0,1.0,0.0,0.0,0.0,1.0,0.0,1.0,0.0,1,0,1,1.0,0.0,1.0,9,1,155,0.0,3.5378192881907595e-5,0.0,0.0,0.5,0.0,0.0,0.0,0.0,0.0,0.0,0.0,0.0,0.0012600707236248576,0.0,0.0014347202295552333,4.879180990902121e-6,0.0,8.549073335605733e-5,0.006686478454680535,0.0007429420505200594
1139775874134183937,3,2,0,2,2,0,2,0,0,0,3.0,0.0,3.0,3.0,0.0,3.0,0.0,0.0,0.0,1.0,0.0,1.0,0.0,1,0,2,7.0,0.0,6.0,9,1,184,0.0,0.00010613457864572278,0.0,0.0,0.5,0.25,0.0,0.0,0.5,0.0,0.5,1.0,0.0,0.001282910094413096,0.0,0.0014347202295552362,1.50318596962018e-5,0.0,0.00010148577379041643,0.006686478454680535,0.0007429420505200594
892118401,3,3,0,3,3,0,3,0,0,0,3.0,0.0,3.0,3.0,0.0,3.0,0.0,0.0,0.0,1.0,0.0,1.0,0.0,1,0,3,5.0,0.0,6.0,9,1,190,0.0,0.00010613457864572278,0.0,0.0,0.4166666666666667,0.2222222222222222,0.0,0.0,0.3333333333333333,0.0,0.3333333333333333,0.6666666666666666,0.0,0.0013027626867807708,0.0,0.0014347202295552362,1.50318596962018e-5,0.0,0.00010479509250097349,0.006686478454680535,0.0007429420505200594
2878932553,3,1,0,1,1,0,1,0,0,0,1.0,0.0,1.0,1.0,0.0,1.0,0.0,0.0,0.0,1.0,0.0,1.0,0.0,1,0,1,1.0,0.0,1.0,9,1,155,0.0,3.5378192881907595e-5,0.0,0.0,0.5,0.0,0.0,0.0,0.0,0.0,0.0,0.0,0.0,0.0012600707236248576,0.0,0.0014347202295552333,4.879180990902121e-6,0.0,8.549073335605733e-5,0.006686478454680535,0.0007429420505200594
1199458907313360896,3,2,0,2,2,0,2,0,0,0,3.0,0.0,3.0,3.0,0.0,3.0,0.0,0.0,0.0,1.0,0.0,1.0,0.0,1,0,2,5.0,0.0,6.0,9,1,161,0.0,0.00010613457864572278,0.0,0.0,0.5,0.25,0.0,0.0,0.5,0.0,0.5,1.0,0.0,0.0013049700228830086,0.0,0.0014347202295552346,1.50318596962018e-5,0.0,8.880005206661438e-5,0.006686478454680535,0.0007429420505200594
1025513274,3,1,0,1,1,0,1,0,0,0,1.0,0.0,1.0,1.0,0.0,1.0,0.0,0.0,0.0,1.0,0.0,1.0,0.0,1,0,1,1.0,0.0,1.0,9,1,155,0.0,3.5378192881907595e-5,0.0,0.0,0.5,0.0,0.0,0.0,0.0,0.0,0.0,0.0,0.0,0.0012600707236248576,0.0,0.0014347202295552333,4.879180990902121e-6,0.0,8.549073335605733e-5,0.006686478454680535,0.0007429420505200594
1455562738357444625,1,2,0,2,1,0,1,1,0,1,2.0,0.0,2.0,1.0,0.0,1.0,1.0,0.0,1.0,0.5,0.0,0.5,0.0,1,0,2,4.0,0.0,4.0,10,1,276,0.0,7.075638576381519e-5,0.0,0.0,0.3333333333333333,0.0,0.0,0.0,0.0,0.0,0.0,0.0,0.0,0.0012695006153518196,0.0,0.0014347202295552357,0.0,0.00015212205136660994,0.00015222866068562464,0.007429420505200594,0.0007429420505200594
1350896789583368194,3,2,0,2,2,0,2,0,0,0,2.0,0.0,2.0,2.0,0.0,2.0,0.0,0.0,0.0,1.0,0.0,1.0,0.0,1,0,2,4.0,0.0,4.0,9,1,161,0.0,7.075638576381519e-5,0.0,0.0,0.5,0.25,0.0,0.0,0.5,0.0,0.5,1.0,0.0,0.0012913430013866516,0.0,0.0014347202295552353,9.889690447684174e-6,0.0,8.880005206661438e-5,0.006686478454680535,0.0007429420505200594
1243953799468732416,3,2,0,2,2,0,2,0,0,0,2.0,0.0,2.0,2.0,0.0,2.0,0.0,0.0,0.0,1.0,0.0,1.0,0.0,1,0,2,4.0,0.0,4.0,9,1,161,0.0,7.075638576381519e-5,0.0,0.0,0.5,0.25,0.0,0.0,0.5,0.0,0.5,1.0,0.0,0.0012913430013866516,0.0,0.0014347202295552353,9.889690447684174e-6,0.0,8.880005206661438e-5,0.006686478454680535,0.0007429420505200594
1376533330141704192,3,2,0,2,2,0,2,0,0,0,2.0,0.0,2.0,2.0,0.0,2.0,0.0,0.0,0.0,1.0,0.0,1.0,0.0,1,0,2,4.0,0.0,4.0,9,1,161,0.0,7.075638576381519e-5,0.0,0.0,0.5,0.25,0.0,0.0,0.5,0.0,0.5,1.0,0.0,0.0012913430013866516,0.0,0.0014347202295552353,9.889690447684174e-6,0.0,8.880005206661438e-5,0.006686478454680535,0.0007429420505200594
1475343749849153538,3,2,0,2,2,0,2,0,0,0,2.0,0.0,2.0,2.0,0.0,2.0,0.0,0.0,0.0,1.0,0.0,1.0,0.0,1,0,2,4.0,0.0,4.0,9,1,161,0.0,7.075638576381519e-5,0.0,0.0,0.5,0.25,0.0,0.0,0.5,0.0,0.5,1.0,0.0,0.0012913430013866516,0.0,0.0014347202295552353,9.889690447684174e-6,0.0,8.880005206661438e-5,0.006686478454680535,0.0007429420505200594
2591408232,3,2,0,2,2,0,2,0,0,0,2.0,0.0,2.0,2.0,0.0,2.0,0.0,0.0,0.0,1.0,0.0,1.0,0.0,1,0,2,4.0,0.0,4.0,9,1,161,0.0,7.075638576381519e-5,0.0,0.0,0.5,0.25,0.0,0.0,0.5,0.0,0.5,1.0,0.0,0.0012913430013866516,0.0,0.0014347202295552353,9.889690447684174e-6,0.0,8.880005206661438e-5,0.006686478454680535,0.0007429420505200594
1180151818027966465,3,1,0,1,1,0,1,0,0,0,1.0,0.0,1.0,1.0,0.0,1.0,0.0,0.0,0.0,1.0,0.0,1.0,0.0,1,0,1,1.0,0.0,1.0,9,1,155,0.0,3.5378192881907595e-5,0.0,0.0,0.5,0.0,0.0,0.0,0.0,0.0,0.0,0.0,0.0,0.0012600707236248576,0.0,0.0014347202295552333,4.879180990902121e-6,0.0,8.549073335605733e-5,0.006686478454680535,0.0007429420505200594
2543309396,3,1,0,1,1,0,1,0,0,0,1.0,0.0,1.0,1.0,0.0,1.0,0.0,0.0,0.0,1.0,0.0,1.0,0.0,1,0,1,1.0,0.0,1.0,9,1,155,0.0,3.5378192881907595e-5,0.0,0.0,0.5,0.0,0.0,0.0,0.0,0.0,0.0,0.0,0.0,0.0012600707236248576,0.0,0.0014347202295552333,4.879180990902121e-6,0.0,8.549073335605733e-5,0.006686478454680535,0.0007429420505200594
2502805669,3,1,0,1,1,0,1,0,0,0,1.0,0.0,1.0,1.0,0.0,1.0,0.0,0.0,0.0,1.0,0.0,1.0,0.0,1,0,1,1.0,0.0,1.0,9,1,155,0.0,3.5378192881907595e-5,0.0,0.0,0.5,0.0,0.0,0.0,0.0,0.0,0.0,0.0,0.0,0.0012600707236248576,0.0,0.0014347202295552333,4.879180990902121e-6,0.0,8.549073335605733e-5,0.006686478454680535,0.0007429420505200594
50960481,3,2,0,2,2,0,2,0,0,0,3.0,0.0,3.0,3.0,0.0,3.0,0.0,0.0,0.0,1.0,0.0,1.0,0.0,1,0,2,7.0,0.0,6.0,9,1,184,0.0,0.00010613457864572278,0.0,0.0,0.5,0.25,0.0,0.0,0.5,0.0,0.5,1.0,0.0,0.001285117430515334,0.0,0.0014347202295552346,1.50318596962018e-5,0.0,0.00010148577379041643,0.006686478454680535,0.0007429420505200594
810851798504402944,3,2,0,2,2,0,2,0,0,0,2.0,0.0,2.0,2.0,0.0,2.0,0.0,0.0,0.0,1.0,0.0,1.0,0.0,1,0,2,4.0,0.0,4.0,9,1,184,0.0,7.075638576381519e-5,0.0,0.0,0.5,0.25,0.0,0.0,0.5,0.0,0.5,1.0,0.0,0.0012714904090189768,0.0,0.0014347202295552355,9.889690447684174e-6,0.0,0.00010148577379041643,0.006686478454680535,0.0007429420505200594
1369845164408246274,3,2,0,2,2,0,2,0,0,0,2.0,0.0,2.0,2.0,0.0,2.0,0.0,0.0,0.0,1.0,0.0,1.0,0.0,1,0,2,4.0,0.0,4.0,9,1,184,0.0,7.075638576381519e-5,0.0,0.0,0.5,0.25,0.0,0.0,0.5,0.0,0.5,1.0,0.0,0.0012714904090189768,0.0,0.0014347202295552355,9.889690447684174e-6,0.0,0.00010148577379041643,0.006686478454680535,0.0007429420505200594
890399937455902722,3,1,0,1,1,0,1,0,0,0,1.0,0.0,1.0,1.0,0.0,1.0,0.0,0.0,0.0,1.0,0.0,1.0,0.0,1,0,1,1.0,0.0,1.0,9,1,155,0.0,3.5378192881907595e-5,0.0,0.0,0.5,0.0,0.0,0.0,0.0,0.0,0.0,0.0,0.0,0.0012600707236248576,0.0,0.0014347202295552333,4.879180990902121e-6,0.0,8.549073335605733e-5,0.006686478454680535,0.0007429420505200594
1404797569386045448,3,2,0,2,2,0,2,0,0,0,2.0,0.0,2.0,2.0,0.0,2.0,0.0,0.0,0.0,1.0,0.0,1.0,0.0,1,0,2,4.0,0.0,4.0,9,1,184,0.0,7.075638576381519e-5,0.0,0.0,0.5,0.25,0.0,0.0,0.5,0.0,0.5,1.0,0.0,0.0012714904090189768,0.0,0.0014347202295552355,9.889690447684174e-6,0.0,0.00010148577379041643,0.006686478454680535,0.0007429420505200594
1260901057565204480,3,2,0,2,2,0,2,0,0,0,2.0,0.0,2.0,2.0,0.0,2.0,0.0,0.0,0.0,1.0,0.0,1.0,0.0,1,0,2,4.0,0.0,4.0,9,1,184,0.0,7.075638576381519e-5,0.0,0.0,0.5,0.25,0.0,0.0,0.5,0.0,0.5,1.0,0.0,0.0012714904090189768,0.0,0.0014347202295552355,9.889690447684174e-6,0.0,0.00010148577379041643,0.006686478454680535,0.0007429420505200594
1273459368890191874,3,2,0,2,2,0,2,0,0,0,2.0,0.0,2.0,2.0,0.0,2.0,0.0,0.0,0.0,1.0,0.0,1.0,0.0,1,0,2,4.0,0.0,4.0,9,1,184,0.0,7.075638576381519e-5,0.0,0.0,0.5,0.25,0.0,0.0,0.5,0.0,0.5,1.0,0.0,0.0012714904090189768,0.0,0.0014347202295552355,9.889690447684174e-6,0.0,0.00010148577379041643,0.006686478454680535,0.0007429420505200594
1181304724466868224,3,2,0,2,2,0,2,0,0,0,2.0,0.0,2.0,2.0,0.0,2.0,0.0,0.0,0.0,1.0,0.0,1.0,0.0,1,0,2,4.0,0.0,4.0,9,1,184,0.0,7.075638576381519e-5,0.0,0.0,0.5,0.25,0.0,0.0,0.5,0.0,0.5,1.0,0.0,0.0012714904090189768,0.0,0.0014347202295552355,9.889690447684174e-6,0.0,0.00010148577379041643,0.006686478454680535,0.0007429420505200594
1512446661070622721,3,2,0,2,2,0,2,0,0,0,2.0,0.0,2.0,2.0,0.0,2.0,0.0,0.0,0.0,1.0,0.0,1.0,0.0,1,0,2,4.0,0.0,4.0,9,1,184,0.0,7.075638576381519e-5,0.0,0.0,0.5,0.25,0.0,0.0,0.5,0.0,0.5,1.0,0.0,0.0012714904090189768,0.0,0.0014347202295552355,9.889690447684174e-6,0.0,0.00010148577379041643,0.006686478454680535,0.0007429420505200594
2189425016,3,2,0,2,2,0,2,0,0,0,2.0,0.0,2.0,2.0,0.0,2.0,0.0,0.0,0.0,1.0,0.0,1.0,0.0,1,0,2,4.0,0.0,4.0,9,1,184,0.0,7.075638576381519e-5,0.0,0.0,0.5,0.25,0.0,0.0,0.5,0.0,0.5,1.0,0.0,0.0012714904090189768,0.0,0.0014347202295552355,9.889690447684174e-6,0.0,0.00010148577379041643,0.006686478454680535,0.0007429420505200594
1334806362245783552,3,2,0,2,2,0,2,0,0,0,2.0,0.0,2.0,2.0,0.0,2.0,0.0,0.0,0.0,1.0,0.0,1.0,0.0,1,0,2,4.0,0.0,4.0,9,1,184,0.0,7.075638576381519e-5,0.0,0.0,0.5,0.25,0.0,0.0,0.5,0.0,0.5,1.0,0.0,0.0012714904090189768,0.0,0.0014347202295552355,9.889690447684174e-6,0.0,0.00010148577379041643,0.006686478454680535,0.0007429420505200594
1642872914,3,2,0,2,2,0,2,0,0,0,2.0,0.0,2.0,2.0,0.0,2.0,0.0,0.0,0.0,1.0,0.0,1.0,0.0,1,0,2,4.0,0.0,4.0,9,1,184,0.0,7.075638576381519e-5,0.0,0.0,0.5,0.25,0.0,0.0,0.5,0.0,0.5,1.0,0.0,0.0012714904090189768,0.0,0.0014347202295552355,9.889690447684174e-6,0.0,0.00010148577379041643,0.006686478454680535,0.0007429420505200594
70926181,3,2,0,2,2,0,2,0,0,0,2.0,0.0,2.0,2.0,0.0,2.0,0.0,0.0,0.0,1.0,0.0,1.0,0.0,1,0,2,4.0,0.0,4.0,9,1,161,0.0,7.075638576381519e-5,0.0,0.0,0.5,0.25,0.0,0.0,0.5,0.0,0.5,1.0,0.0,0.0012913430013866516,0.0,0.0014347202295552353,9.889690447684174e-6,0.0,8.880005206661438e-5,0.006686478454680535,0.0007429420505200594
1497649906688958472,3,2,0,2,2,0,2,0,0,0,2.0,0.0,2.0,2.0,0.0,2.0,0.0,0.0,0.0,1.0,0.0,1.0,0.0,1,0,2,4.0,0.0,4.0,9,1,184,0.0,7.075638576381519e-5,0.0,0.0,0.5,0.25,0.0,0.0,0.5,0.0,0.5,1.0,0.0,0.0012714904090189768,0.0,0.0014347202295552355,9.889690447684174e-6,0.0,0.00010148577379041643,0.006686478454680535,0.0007429420505200594
455795822,4,3,0,3,1,0,1,2,0,2,3.0,0.0,3.0,1.0,0.0,1.0,2.0,0.0,2.0,0.3333333333333333,0.0,0.3333333333333333,0.0,1,0,3,7.0,0.0,6.0,16,1,199,0.0,0.00010613457864572278,0.0,0.0,0.4166666666666667,0.2222222222222222,0.0,0.0,0.16666666666666666,0.0,0.16666666666666666,0.3333333333333333,0.0,0.0013262645406616263,0.0,0.0014347202295552362,0.0,0.0003572691748153778,0.00010975907056680907,0.01188707280832095,0.0007429420505200594
3952728313,3,2,0,2,2,0,2,0,0,0,2.0,0.0,2.0,2.0,0.0,2.0,0.0,0.0,0.0,1.0,0.0,1.0,0.0,1,0,2,4.0,0.0,4.0,9,1,184,0.0,7.075638576381519e-5,0.0,0.0,0.5,0.25,0.0,0.0,0.5,0.0,0.5,1.0,0.0,0.0012714904090189768,0.0,0.0014347202295552355,9.889690447684174e-6,0.0,0.00010148577379041643,0.006686478454680535,0.0007429420505200594
827804009469661185,3,2,0,2,2,0,2,0,0,0,2.0,0.0,2.0,2.0,0.0,2.0,0.0,0.0,0.0,1.0,0.0,1.0,0.0,1,0,2,4.0,0.0,4.0,9,1,184,0.0,7.075638576381519e-5,0.0,0.0,0.5,0.25,0.0,0.0,0.5,0.0,0.5,1.0,0.0,0.0012714904090189768,0.0,0.0014347202295552355,9.889690447684174e-6,0.0,0.00010148577379041643,0.006686478454680535,0.0007429420505200594
533315713,3,1,0,1,1,0,1,0,0,0,1.0,0.0,1.0,1.0,0.0,1.0,0.0,0.0,0.0,1.0,0.0,1.0,0.0,1,0,1,1.0,0.0,1.0,9,1,155,0.0,3.5378192881907595e-5,0.0,0.0,0.5,0.0,0.0,0.0,0.0,0.0,0.0,0.0,0.0,0.0012600707236248576,0.0,0.0014347202295552333,4.879180990902121e-6,0.0,8.549073335605733e-5,0.006686478454680535,0.0007429420505200594
818736782032261120,3,1,0,1,1,0,1,0,0,0,1.0,0.0,1.0,1.0,0.0,1.0,0.0,0.0,0.0,1.0,0.0,1.0,0.0,1,0,1,1.0,0.0,1.0,9,1,155,0.0,3.5378192881907595e-5,0.0,0.0,0.5,0.0,0.0,0.0,0.0,0.0,0.0,0.0,0.0,0.0012600707236248576,0.0,0.0014347202295552333,4.879180990902121e-6,0.0,8.549073335605733e-5,0.006686478454680535,0.0007429420505200594
1628968362,3,2,0,2,2,0,2,0,0,0,2.0,0.0,2.0,2.0,0.0,2.0,0.0,0.0,0.0,1.0,0.0,1.0,0.0,1,0,2,4.0,0.0,4.0,9,1,161,0.0,7.075638576381519e-5,0.0,0.0,0.5,0.25,0.0,0.0,0.5,0.0,0.5,1.0,0.0,0.0012913430013866516,0.0,0.0014347202295552353,9.889690447684174e-6,0.0,8.880005206661438e-5,0.006686478454680535,0.0007429420505200594
1135159747676524544,3,1,0,1,1,0,1,0,0,0,1.0,0.0,1.0,1.0,0.0,1.0,0.0,0.0,0.0,1.0,0.0,1.0,0.0,1,0,1,1.0,0.0,1.0,9,1,155,0.0,3.5378192881907595e-5,0.0,0.0,0.5,0.0,0.0,0.0,0.0,0.0,0.0,0.0,0.0,0.0012600707236248576,0.0,0.0014347202295552333,4.879180990902121e-6,0.0,8.549073335605733e-5,0.006686478454680535,0.0007429420505200594
997837603587080192,3,1,0,1,1,0,1,0,0,0,1.0,0.0,1.0,1.0,0.0,1.0,0.0,0.0,0.0,1.0,0.0,1.0,0.0,1,0,1,1.0,0.0,1.0,9,1,155,0.0,3.5378192881907595e-5,0.0,0.0,0.5,0.0,0.0,0.0,0.0,0.0,0.0,0.0,0.0,0.0012600707236248576,0.0,0.0014347202295552333,4.879180990902121e-6,0.0,8.549073335605733e-5,0.006686478454680535,0.0007429420505200594
1433710841715589121,3,1,0,1,1,0,1,0,0,0,1.0,0.0,1.0,1.0,0.0,1.0,0.0,0.0,0.0,1.0,0.0,1.0,0.0,1,0,1,1.0,0.0,1.0,9,1,155,0.0,3.5378192881907595e-5,0.0,0.0,0.5,0.0,0.0,0.0,0.0,0.0,0.0,0.0,0.0,0.0012600707236248576,0.0,0.0014347202295552333,4.879180990902121e-6,0.0,8.549073335605733e-5,0.006686478454680535,0.0007429420505200594
1287186958524002304,3,1,0,1,1,0,1,0,0,0,1.0,0.0,1.0,1.0,0.0,1.0,0.0,0.0,0.0,1.0,0.0,1.0,0.0,1,0,1,1.0,0.0,1.0,9,1,155,0.0,3.5378192881907595e-5,0.0,0.0,0.5,0.0,0.0,0.0,0.0,0.0,0.0,0.0,0.0,0.0012600707236248576,0.0,0.0014347202295552333,4.879180990902121e-6,0.0,8.549073335605733e-5,0.006686478454680535,0.0007429420505200594
1224408214156070913,3,1,0,1,1,0,1,0,0,0,1.0,0.0,1.0,1.0,0.0,1.0,0.0,0.0,0.0,1.0,0.0,1.0,0.0,1,0,1,1.0,0.0,1.0,9,1,155,0.0,3.5378192881907595e-5,0.0,0.0,0.5,0.0,0.0,0.0,0.0,0.0,0.0,0.0,0.0,0.0012600707236248576,0.0,0.0014347202295552333,4.879180990902121e-6,0.0,8.549073335605733e-5,0.006686478454680535,0.0007429420505200594
1377727969867747331,3,1,0,1,1,0,1,0,0,0,1.0,0.0,1.0,1.0,0.0,1.0,0.0,0.0,0.0,1.0,0.0,1.0,0.0,1,0,1,1.0,0.0,1.0,9,1,155,0.0,3.5378192881907595e-5,0.0,0.0,0.5,0.0,0.0,0.0,0.0,0.0,0.0,0.0,0.0,0.0012600707236248576,0.0,0.0014347202295552333,4.879180990902121e-6,0.0,8.549073335605733e-5,0.006686478454680535,0.0007429420505200594
221022215,3,1,0,1,1,0,1,0,0,0,1.0,0.0,1.0,1.0,0.0,1.0,0.0,0.0,0.0,1.0,0.0,1.0,0.0,1,0,1,1.0,0.0,1.0,9,1,155,0.0,3.5378192881907595e-5,0.0,0.0,0.5,0.0,0.0,0.0,0.0,0.0,0.0,0.0,0.0,0.0012600707236248576,0.0,0.0014347202295552333,4.879180990902121e-6,0.0,8.549073335605733e-5,0.006686478454680535,0.0007429420505200594
1480164071328858115,3,1,0,1,1,0,1,0,0,0,1.0,0.0,1.0,1.0,0.0,1.0,0.0,0.0,0.0,1.0,0.0,1.0,0.0,1,0,1,1.0,0.0,1.0,9,1,155,0.0,3.5378192881907595e-5,0.0,0.0,0.5,0.0,0.0,0.0,0.0,0.0,0.0,0.0,0.0,0.0012600707236248576,0.0,0.0014347202295552333,4.879180990902121e-6,0.0,8.549073335605733e-5,0.006686478454680535,0.0007429420505200594
2325694279,3,1,0,1,1,0,1,0,0,0,1.0,0.0,1.0,1.0,0.0,1.0,0.0,0.0,0.0,1.0,0.0,1.0,0.0,1,0,1,1.0,0.0,1.0,9,1,155,0.0,3.5378192881907595e-5,0.0,0.0,0.5,0.0,0.0,0.0,0.0,0.0,0.0,0.0,0.0,0.0012600707236248576,0.0,0.0014347202295552333,4.879180990902121e-6,0.0,8.549073335605733e-5,0.006686478454680535,0.0007429420505200594
549217350,3,1,0,1,1,0,1,0,0,0,1.0,0.0,1.0,1.0,0.0,1.0,0.0,0.0,0.0,1.0,0.0,1.0,0.0,1,0,1,1.0,0.0,1.0,9,1,155,0.0,3.5378192881907595e-5,0.0,0.0,0.5,0.0,0.0,0.0,0.0,0.0,0.0,0.0,0.0,0.0012600707236248576,0.0,0.0014347202295552333,4.879180990902121e-6,0.0,8.549073335605733e-5,0.006686478454680535,0.0007429420505200594
1320948354008838145,3,1,0,1,1,0,1,0,0,0,1.0,0.0,1.0,1.0,0.0,1.0,0.0,0.0,0.0,1.0,0.0,1.0,0.0,1,0,1,1.0,0.0,1.0,9,1,155,0.0,3.5378192881907595e-5,0.0,0.0,0.5,0.0,0.0,0.0,0.0,0.0,0.0,0.0,0.0,0.0012600707236248576,0.0,0.0014347202295552333,4.879180990902121e-6,0.0,8.549073335605733e-5,0.006686478454680535,0.0007429420505200594
1437049280657862658,3,1,0,1,1,0,1,0,0,0,1.0,0.0,1.0,1.0,0.0,1.0,0.0,0.0,0.0,1.0,0.0,1.0,0.0,1,0,1,1.0,0.0,1.0,9,1,155,0.0,3.5378192881907595e-5,0.0,0.0,0.5,0.0,0.0,0.0,0.0,0.0,0.0,0.0,0.0,0.0012600707236248576,0.0,0.0014347202295552333,4.879180990902121e-6,0.0,8.549073335605733e-5,0.006686478454680535,0.0007429420505200594
1100416763613696001,3,1,0,1,1,0,1,0,0,0,1.0,0.0,1.0,1.0,0.0,1.0,0.0,0.0,0.0,1.0,0.0,1.0,0.0,1,0,1,1.0,0.0,1.0,9,1,155,0.0,3.5378192881907595e-5,0.0,0.0,0.5,0.0,0.0,0.0,0.0,0.0,0.0,0.0,0.0,0.0012600707236248576,0.0,0.0014347202295552333,4.879180990902121e-6,0.0,8.549073335605733e-5,0.006686478454680535,0.0007429420505200594
104691861,3,1,0,1,1,0,1,0,0,0,1.0,0.0,1.0,1.0,0.0,1.0,0.0,0.0,0.0,1.0,0.0,1.0,0.0,1,0,1,1.0,0.0,1.0,9,1,155,0.0,3.5378192881907595e-5,0.0,0.0,0.5,0.0,0.0,0.0,0.0,0.0,0.0,0.0,0.0,0.0012600707236248576,0.0,0.0014347202295552333,4.879180990902121e-6,0.0,8.549073335605733e-5,0.006686478454680535,0.0007429420505200594
1506817627070423043,3,1,0,1,1,0,1,0,0,0,1.0,0.0,1.0,1.0,0.0,1.0,0.0,0.0,0.0,1.0,0.0,1.0,0.0,1,0,1,1.0,0.0,1.0,9,1,155,0.0,3.5378192881907595e-5,0.0,0.0,0.5,0.0,0.0,0.0,0.0,0.0,0.0,0.0,0.0,0.0012600707236248576,0.0,0.0014347202295552333,4.879180990902121e-6,0.0,8.549073335605733e-5,0.006686478454680535,0.0007429420505200594
2410659768,3,1,0,1,1,0,1,0,0,0,1.0,0.0,1.0,1.0,0.0,1.0,0.0,0.0,0.0,1.0,0.0,1.0,0.0,1,0,1,1.0,0.0,1.0,9,1,155,0.0,3.5378192881907595e-5,0.0,0.0,0.5,0.0,0.0,0.0,0.0,0.0,0.0,0.0,0.0,0.0012600707236248576,0.0,0.0014347202295552333,4.879180990902121e-6,0.0,8.549073335605733e-5,0.006686478454680535,0.0007429420505200594
1492624686584373253,3,1,0,1,1,0,1,0,0,0,1.0,0.0,1.0,1.0,0.0,1.0,0.0,0.0,0.0,1.0,0.0,1.0,0.0,1,0,1,1.0,0.0,1.0,9,1,155,0.0,3.5378192881907595e-5,0.0,0.0,0.5,0.0,0.0,0.0,0.0,0.0,0.0,0.0,0.0,0.0012600707236248576,0.0,0.0014347202295552333,4.879180990902121e-6,0.0,8.549073335605733e-5,0.006686478454680535,0.0007429420505200594
1413466639136223242,3,1,0,1,1,0,1,0,0,0,1.0,0.0,1.0,1.0,0.0,1.0,0.0,0.0,0.0,1.0,0.0,1.0,0.0,1,0,1,1.0,0.0,1.0,9,1,155,0.0,3.5378192881907595e-5,0.0,0.0,0.5,0.0,0.0,0.0,0.0,0.0,0.0,0.0,0.0,0.0012600707236248576,0.0,0.0014347202295552333,4.879180990902121e-6,0.0,8.549073335605733e-5,0.006686478454680535,0.0007429420505200594
572304001,3,1,0,1,1,0,1,0,0,0,1.0,0.0,1.0,1.0,0.0,1.0,0.0,0.0,0.0,1.0,0.0,1.0,0.0,1,0,1,1.0,0.0,1.0,9,1,155,0.0,3.5378192881907595e-5,0.0,0.0,0.5,0.0,0.0,0.0,0.0,0.0,0.0,0.0,0.0,0.0012600707236248576,0.0,0.0014347202295552333,4.879180990902121e-6,0.0,8.549073335605733e-5,0.006686478454680535,0.0007429420505200594
1313146068767584259,3,1,0,1,1,0,1,0,0,0,1.0,0.0,1.0,1.0,0.0,1.0,0.0,0.0,0.0,1.0,0.0,1.0,0.0,1,0,1,1.0,0.0,1.0,9,1,155,0.0,3.5378192881907595e-5,0.0,0.0,0.5,0.0,0.0,0.0,0.0,0.0,0.0,0.0,0.0,0.0012600707236248576,0.0,0.0014347202295552333,4.879180990902121e-6,0.0,8.549073335605733e-5,0.006686478454680535,0.0007429420505200594
1503788953270468609,3,1,0,1,1,0,1,0,0,0,1.0,0.0,1.0,1.0,0.0,1.0,0.0,0.0,0.0,1.0,0.0,1.0,0.0,1,0,1,1.0,0.0,1.0,9,1,155,0.0,3.5378192881907595e-5,0.0,0.0,0.5,0.0,0.0,0.0,0.0,0.0,0.0,0.0,0.0,0.0012600707236248576,0.0,0.0014347202295552333,4.879180990902121e-6,0.0,8.549073335605733e-5,0.006686478454680535,0.0007429420505200594
1491528200912084998,3,1,0,1,1,0,1,0,0,0,1.0,0.0,1.0,1.0,0.0,1.0,0.0,0.0,0.0,1.0,0.0,1.0,0.0,1,0,1,1.0,0.0,1.0,9,1,155,0.0,3.5378192881907595e-5,0.0,0.0,0.5,0.0,0.0,0.0,0.0,0.0,0.0,0.0,0.0,0.0012600707236248576,0.0,0.0014347202295552333,4.879180990902121e-6,0.0,8.549073335605733e-5,0.006686478454680535,0.0007429420505200594
970342982678298624,3,1,0,1,1,0,1,0,0,0,1.0,0.0,1.0,1.0,0.0,1.0,0.0,0.0,0.0,1.0,0.0,1.0,0.0,1,0,1,1.0,0.0,1.0,9,1,155,0.0,3.5378192881907595e-5,0.0,0.0,0.5,0.0,0.0,0.0,0.0,0.0,0.0,0.0,0.0,0.0012600707236248576,0.0,0.0014347202295552333,4.879180990902121e-6,0.0,8.549073335605733e-5,0.006686478454680535,0.0007429420505200594
704224716626780160,5,1,0,1,1,0,1,0,0,0,1.0,0.0,1.0,1.0,0.0,1.0,0.0,0.0,0.0,1.0,0.0,1.0,0.0,0,0,1,1.0,0.0,1.0,2,1,3,0.0,3.5378192881907595e-5,0.0,0.0,0.5,0.0,0.0,0.0,0.0,0.0,0.0,0.0,0.0,0.001520541720435589,0.0,0.0014347202295552362,0.00021347955911033,0.0,1.6546593552785288e-6,0.0014858841010401188,0.0007429420505200594
1507733800842899459,5,1,0,1,1,0,1,0,0,0,1.0,0.0,1.0,1.0,0.0,1.0,0.0,0.0,0.0,1.0,0.0,1.0,0.0,0,0,1,1.0,0.0,1.0,2,1,3,0.0,3.5378192881907595e-5,0.0,0.0,0.5,0.0,0.0,0.0,0.0,0.0,0.0,0.0,0.0,0.001520541720435589,0.0,0.0014347202295552362,0.00021347955911033,0.0,1.6546593552785288e-6,0.0014858841010401188,0.0007429420505200594
1601766740,6,1,0,1,1,0,1,0,0,0,1.0,0.0,1.0,1.0,0.0,1.0,0.0,0.0,0.0,1.0,0.0,1.0,0.0,0,0,1,1.0,0.0,1.0,2,1,5,0.0,3.5378192881907595e-5,0.0,0.0,0.5,0.0,0.0,0.0,0.0,0.0,0.0,0.0,0.0,0.0013586956521739128,0.0,0.0014347202295552362,0.00021273009667399645,0.0,2.757765592130881e-6,0.0014858841010401188,0.0007429420505200594
44890357,6,1,0,1,1,0,1,0,0,0,2.0,0.0,2.0,2.0,0.0,2.0,0.0,0.0,0.0,1.0,0.0,1.0,0.0,0,0,1,4.0,0.0,4.0,2,1,5,0.0,7.075638576381519e-5,0.0,0.0,0.5,0.0,0.0,0.0,0.0,0.0,0.0,0.0,0.0,0.0015776667105123843,0.0,0.0014347202295552362,0.00042594659489714193,0.0,2.757765592130881e-6,0.0014858841010401188,0.0007429420505200594
1528726698,6,1,0,1,1,0,1,0,0,0,1.0,0.0,1.0,1.0,0.0,1.0,0.0,0.0,0.0,1.0,0.0,1.0,0.0,0,0,1,1.0,0.0,1.0,2,1,5,0.0,3.5378192881907595e-5,0.0,0.0,0.5,0.0,0.0,0.0,0.0,0.0,0.0,0.0,0.0,0.0013586956521739128,0.0,0.0014347202295552362,0.00021273009667399645,0.0,2.757765592130881e-6,0.0014858841010401188,0.0007429420505200594
731034620,6,1,0,1,1,0,1,0,0,0,1.0,0.0,1.0,1.0,0.0,1.0,0.0,0.0,0.0,1.0,0.0,1.0,0.0,0,0,1,1.0,0.0,1.0,2,1,5,0.0,3.5378192881907595e-5,0.0,0.0,0.5,0.0,0.0,0.0,0.0,0.0,0.0,0.0,0.0,0.0013586956521739128,0.0,0.0014347202295552362,0.00021273009667399645,0.0,2.757765592130881e-6,0.0014858841010401188,0.0007429420505200594
87658895,7,1,0,1,1,0,1,0,0,0,1.0,0.0,1.0,1.0,0.0,1.0,0.0,0.0,0.0,1.0,0.0,1.0,0.0,1,0,1,1.0,0.0,1.0,8,1,9,0.0,3.5378192881907595e-5,0.0,0.0,1.0,1.0,0.0,0.0,0.0,0.0,0.0,0.0,0.0,0.001910651008802834,0.0,0.0014347202295552362,0.00016876163374102138,0.0,4.963978065835587e-6,0.005943536404160475,0.0007429420505200594
1152949239401418752,7,1,0,1,1,0,1,0,0,0,1.0,0.0,1.0,1.0,0.0,1.0,0.0,0.0,0.0,1.0,0.0,1.0,0.0,1,0,1,1.0,0.0,1.0,8,1,9,0.0,3.5378192881907595e-5,0.0,0.0,1.0,1.0,0.0,0.0,0.0,0.0,0.0,0.0,0.0,0.001910651008802834,0.0,0.0014347202295552362,0.00016876163374102138,0.0,4.963978065835587e-6,0.005943536404160475,0.0007429420505200594
1337040795086499841,7,7,0,7,6,0,6,1,0,1,37.0,0.0,37.0,36.0,0.0,36.0,1.0,0.0,1.0,0.8571428571428571,0.0,0.972972972972973,0.0,1,0,5,29.0,0.0,49.0,10,1,18,0.0,0.0013089931366305808,0.0,0.0,0.32142857142857145,0.22448979591836735,0.0,0.0,0.20270270270270271,0.0,0.20270270270270271,0.40540540540540543,0.0,0.002550219899427116,0.0,0.0014347202295552364,0.006524995705062819,0.0,9.927956131671174e-6,0.007429420505200594,0.0007429420505200594
1004722948043755521,7,6,0,6,6,0,6,0,0,0,36.0,0.0,36.0,36.0,0.0,36.0,0.0,0.0,0.0,1.0,0.0,1.0,0.0,1,0,5,29.0,0.0,49.0,9,1,10,0.0,0.0012736149437486733,0.0,0.0,0.38095238095238093,0.2777777777777778,0.0,0.0,0.25,0.0,0.25,0.5,0.0,0.0024627163906915583,0.0,0.0014347202295552364,0.006340864649262645,0.0,5.515531184261762e-6,0.006686478454680535,0.0007429420505200594
36955864,18,1,0,1,1,0,1,0,0,0,1.0,0.0,1.0,1.0,0.0,1.0,0.0,0.0,0.0,1.0,0.0,1.0,0.0,0,0,1,1.0,0.0,1.0,2,1,2,0.0,3.5378192881907595e-5,0.0,0.0,0.5,0.0,0.0,0.0,0.0,0.0,0.0,0.0,0.0,0.00177920256490933,0.0,0.0014347202295552362,0.0002137293799224782,0.0,1.1031062368523526e-6,0.0014858841010401188,0.0007429420505200594
1496277013908553730,9,4,0,4,3,0,3,1,0,1,13.0,0.0,13.0,12.0,0.0,12.0,1.0,0.0,1.0,0.75,0.0,0.9230769230769231,0.0,0,0,3,28.0,0.0,14.0,6,1,31,0.0,0.0004599165074647987,0.0,0.0,0.4,0.25,0.0,0.0,0.2692307692307692,0.0,0.2692307692307692,0.5384615384615384,0.0,0.0029662231679278652,0.0,0.001434720229555236,0.002498571205863498,0.0,1.7098146671211463e-5,0.004457652303120356,0.0007429420505200594
3376588993,9,4,0,4,3,0,3,1,0,1,7.0,0.0,7.0,6.0,0.0,6.0,1.0,0.0,1.0,0.75,0.0,0.8571428571428571,0.0,0,0,3,24.0,0.0,12.0,6,1,31,0.0,0.00024764735017335313,0.0,0.0,0.4,0.25,0.0,0.0,0.2619047619047619,0.0,0.2619047619047619,0.5238095238095238,0.0,0.0024382124729547885,0.0,0.001434720229555236,0.0013358911754016711,0.0,1.7098146671211463e-5,0.004457652303120356,0.0007429420505200594
317341166,19,1,0,1,1,0,1,0,0,0,1.0,0.0,1.0,1.0,0.0,1.0,0.0,0.0,0.0,1.0,0.0,1.0,0.0,0,0,1,1.0,0.0,1.0,2,1,4,0.0,3.5378192881907595e-5,0.0,0.0,0.5,0.0,0.0,0.0,0.0,0.0,0.0,0.0,0.0,0.0014459961617697597,0.0,0.0014347202295552362,0.00021322973829829284,0.0,2.206212473704705e-6,0.0014858841010401188,0.0007429420505200594
17197784,19,1,0,1,1,0,1,0,0,0,1.0,0.0,1.0,1.0,0.0,1.0,0.0,0.0,0.0,1.0,0.0,1.0,0.0,0,0,1,1.0,0.0,1.0,2,1,4,0.0,3.5378192881907595e-5,0.0,0.0,0.5,0.0,0.0,0.0,0.0,0.0,0.0,0.0,0.0,0.0014459961617697597,0.0,0.0014347202295552362,0.00021322973829829284,0.0,2.206212473704705e-6,0.0014858841010401188,0.0007429420505200594
1324022303194292224,19,1,0,1,1,0,1,0,0,0,1.0,0.0,1.0,1.0,0.0,1.0,0.0,0.0,0.0,1.0,0.0,1.0,0.0,0,0,1,1.0,0.0,1.0,2,1,4,0.0,3.5378192881907595e-5,0.0,0.0,0.5,0.0,0.0,0.0,0.0,0.0,0.0,0.0,0.0,0.0014459961617697597,0.0,0.0014347202295552362,0.00021322973829829284,0.0,2.206212473704705e-6,0.0014858841010401188,0.0007429420505200594
1473804356696825858,3,1,0,1,1,0,1,0,0,0,1.0,0.0,1.0,1.0,0.0,1.0,0.0,0.0,0.0,1.0,0.0,1.0,0.0,0,0,1,1.0,0.0,1.0,2,1,88,0.0,3.5378192881907595e-5,0.0,0.0,0.5,0.0,0.0,0.0,0.0,0.0,0.0,0.0,0.0,0.0012578633875226198,0.0,0.0014347202295552377,4.879180990902121e-6,0.0,4.853667442150351e-5,0.0014858841010401188,0.0007429420505200594
799969685227728897,3,1,0,1,1,0,1,0,0,0,1.0,0.0,1.0,1.0,0.0,1.0,0.0,0.0,0.0,1.0,0.0,1.0,0.0,0,0,1,1.0,0.0,1.0,2,1,88,0.0,3.5378192881907595e-5,0.0,0.0,0.5,0.0,0.0,0.0,0.0,0.0,0.0,0.0,0.0,0.0012578633875226198,0.0,0.0014347202295552377,4.879180990902121e-6,0.0,4.853667442150351e-5,0.0014858841010401188,0.0007429420505200594
1182749956307767296,3,1,0,1,1,0,1,0,0,0,1.0,0.0,1.0,1.0,0.0,1.0,0.0,0.0,0.0,1.0,0.0,1.0,0.0,0,0,1,1.0,0.0,1.0,2,1,88,0.0,3.5378192881907595e-5,0.0,0.0,0.5,0.0,0.0,0.0,0.0,0.0,0.0,0.0,0.0,0.0012578633875226198,0.0,0.0014347202295552377,4.879180990902121e-6,0.0,4.853667442150351e-5,0.0014858841010401188,0.0007429420505200594
1210694865706606592,3,1,0,1,1,0,1,0,0,0,1.0,0.0,1.0,1.0,0.0,1.0,0.0,0.0,0.0,1.0,0.0,1.0,0.0,0,0,1,1.0,0.0,1.0,2,1,88,0.0,3.5378192881907595e-5,0.0,0.0,0.5,0.0,0.0,0.0,0.0,0.0,0.0,0.0,0.0,0.0012578633875226198,0.0,0.0014347202295552377,4.879180990902121e-6,0.0,4.853667442150351e-5,0.0014858841010401188,0.0007429420505200594
1495554767598206979,3,1,0,1,1,0,1,0,0,0,1.0,0.0,1.0,1.0,0.0,1.0,0.0,0.0,0.0,1.0,0.0,1.0,0.0,0,0,1,1.0,0.0,1.0,2,1,88,0.0,3.5378192881907595e-5,0.0,0.0,0.5,0.0,0.0,0.0,0.0,0.0,0.0,0.0,0.0,0.0012578633875226198,0.0,0.0014347202295552377,4.879180990902121e-6,0.0,4.853667442150351e-5,0.0014858841010401188,0.0007429420505200594
1418655951649972229,3,1,0,1,1,0,1,0,0,0,1.0,0.0,1.0,1.0,0.0,1.0,0.0,0.0,0.0,1.0,0.0,1.0,0.0,0,0,1,1.0,0.0,1.0,2,1,88,0.0,3.5378192881907595e-5,0.0,0.0,0.5,0.0,0.0,0.0,0.0,0.0,0.0,0.0,0.0,0.0012578633875226198,0.0,0.0014347202295552377,4.879180990902121e-6,0.0,4.853667442150351e-5,0.0014858841010401188,0.0007429420505200594
1449943323720884233,3,1,0,1,1,0,1,0,0,0,1.0,0.0,1.0,1.0,0.0,1.0,0.0,0.0,0.0,1.0,0.0,1.0,0.0,0,0,1,1.0,0.0,1.0,2,1,88,0.0,3.5378192881907595e-5,0.0,0.0,0.5,0.0,0.0,0.0,0.0,0.0,0.0,0.0,0.0,0.0012578633875226198,0.0,0.0014347202295552377,4.879180990902121e-6,0.0,4.853667442150351e-5,0.0014858841010401188,0.0007429420505200594
1586727434,3,1,0,1,1,0,1,0,0,0,1.0,0.0,1.0,1.0,0.0,1.0,0.0,0.0,0.0,1.0,0.0,1.0,0.0,0,0,1,1.0,0.0,1.0,2,1,88,0.0,3.5378192881907595e-5,0.0,0.0,0.5,0.0,0.0,0.0,0.0,0.0,0.0,0.0,0.0,0.0012578633875226198,0.0,0.0014347202295552377,4.879180990902121e-6,0.0,4.853667442150351e-5,0.0014858841010401188,0.0007429420505200594
835379979772833793,3,1,0,1,1,0,1,0,0,0,1.0,0.0,1.0,1.0,0.0,1.0,0.0,0.0,0.0,1.0,0.0,1.0,0.0,0,0,1,1.0,0.0,1.0,2,1,88,0.0,3.5378192881907595e-5,0.0,0.0,0.5,0.0,0.0,0.0,0.0,0.0,0.0,0.0,0.0,0.0012578633875226198,0.0,0.0014347202295552377,4.879180990902121e-6,0.0,4.853667442150351e-5,0.0014858841010401188,0.0007429420505200594
1512394385375256585,3,1,0,1,1,0,1,0,0,0,1.0,0.0,1.0,1.0,0.0,1.0,0.0,0.0,0.0,1.0,0.0,1.0,0.0,0,0,1,1.0,0.0,1.0,2,1,88,0.0,3.5378192881907595e-5,0.0,0.0,0.5,0.0,0.0,0.0,0.0,0.0,0.0,0.0,0.0,0.0012578633875226198,0.0,0.0014347202295552377,4.879180990902121e-6,0.0,4.853667442150351e-5,0.0014858841010401188,0.0007429420505200594
1034833974525407232,3,1,0,1,1,0,1,0,0,0,1.0,0.0,1.0,1.0,0.0,1.0,0.0,0.0,0.0,1.0,0.0,1.0,0.0,0,0,1,1.0,0.0,1.0,2,1,88,0.0,3.5378192881907595e-5,0.0,0.0,0.5,0.0,0.0,0.0,0.0,0.0,0.0,0.0,0.0,0.0012578633875226198,0.0,0.0014347202295552377,4.879180990902121e-6,0.0,4.853667442150351e-5,0.0014858841010401188,0.0007429420505200594
125248923,17,2,0,2,2,0,2,0,0,0,2.0,0.0,2.0,2.0,0.0,2.0,0.0,0.0,0.0,1.0,0.0,1.0,0.0,1,0,2,3.0,0.0,4.0,10,1,10,0.0,7.075638576381519e-5,0.0,0.0,0.5,0.25,0.0,0.0,0.5,0.0,0.5,1.0,0.0,0.0038963876046000105,0.0,0.0014347202295552362,9.889690447684174e-6,0.0,5.515531184261762e-6,0.007429420505200594,0.0007429420505200594
637168842,9,1,0,1,1,0,1,0,0,0,1.0,0.0,1.0,1.0,0.0,1.0,0.0,0.0,0.0,1.0,0.0,1.0,0.0,0,0,1,1.0,0.0,1.0,2,1,29,0.0,3.5378192881907595e-5,0.0,0.0,0.5,0.0,0.0,0.0,0.0,0.0,0.0,0.0,0.0,0.0012783602587428335,0.0,0.0014347202295552366,0.00018949676114699,0.0,1.5995040434359113e-5,0.0014858841010401188,0.0007429420505200594
1285402673676722176,9,1,0,1,1,0,1,0,0,0,1.0,0.0,1.0,1.0,0.0,1.0,0.0,0.0,0.0,1.0,0.0,1.0,0.0,0,0,1,1.0,0.0,1.0,2,1,29,0.0,3.5378192881907595e-5,0.0,0.0,0.5,0.0,0.0,0.0,0.0,0.0,0.0,0.0,0.0,0.0012783602587428335,0.0,0.0014347202295552366,0.00018949676114699,0.0,1.5995040434359113e-5,0.0014858841010401188,0.0007429420505200594
1449231164300939266,9,1,0,1,1,0,1,0,0,0,1.0,0.0,1.0,1.0,0.0,1.0,0.0,0.0,0.0,1.0,0.0,1.0,0.0,0,0,1,1.0,0.0,1.0,2,1,29,0.0,3.5378192881907595e-5,0.0,0.0,0.5,0.0,0.0,0.0,0.0,0.0,0.0,0.0,0.0,0.0012783602587428335,0.0,0.0014347202295552366,0.00018949676114699,0.0,1.5995040434359113e-5,0.0014858841010401188,0.0007429420505200594
1142268080,9,1,0,1,1,0,1,0,0,0,1.0,0.0,1.0,1.0,0.0,1.0,0.0,0.0,0.0,1.0,0.0,1.0,0.0,0,0,1,1.0,0.0,1.0,2,1,29,0.0,3.5378192881907595e-5,0.0,0.0,0.5,0.0,0.0,0.0,0.0,0.0,0.0,0.0,0.0,0.0012783602587428335,0.0,0.0014347202295552366,0.00018949676114699,0.0,1.5995040434359113e-5,0.0014858841010401188,0.0007429420505200594
1263530913498947590,9,3,0,3,3,0,3,0,0,0,3.0,0.0,3.0,3.0,0.0,3.0,0.0,0.0,0.0,1.0,0.0,1.0,0.0,0,0,3,7.0,0.0,6.0,4,1,30,0.0,0.00010613457864572278,0.0,0.0,0.5,0.3333333333333333,0.0,0.0,0.3333333333333333,0.0,0.3333333333333333,0.6666666666666666,0.0,0.0015104490496150387,0.0,0.001434720229555236,0.0005698313568126556,0.0,1.6546593552785288e-5,0.0029717682020802376,0.0007429420505200594
1454096627287744516,9,3,0,3,3,0,3,0,0,0,3.0,0.0,3.0,3.0,0.0,3.0,0.0,0.0,0.0,1.0,0.0,1.0,0.0,0,0,3,7.0,0.0,6.0,4,1,30,0.0,0.00010613457864572278,0.0,0.0,0.5,0.3333333333333333,0.0,0.0,0.3333333333333333,0.0,0.3333333333333333,0.6666666666666666,0.0,0.0015104490496150387,0.0,0.001434720229555236,0.0005698313568126556,0.0,1.6546593552785288e-5,0.0029717682020802376,0.0007429420505200594
1429561775549079552,9,3,0,3,3,0,3,0,0,0,3.0,0.0,3.0,3.0,0.0,3.0,0.0,0.0,0.0,1.0,0.0,1.0,0.0,0,0,3,7.0,0.0,6.0,4,1,30,0.0,0.00010613457864572278,0.0,0.0,0.5,0.3333333333333333,0.0,0.0,0.3333333333333333,0.0,0.3333333333333333,0.6666666666666666,0.0,0.0015104490496150387,0.0,0.001434720229555236,0.0005698313568126556,0.0,1.6546593552785288e-5,0.0029717682020802376,0.0007429420505200594
943497439146778624,9,3,0,3,3,0,3,0,0,0,3.0,0.0,3.0,3.0,0.0,3.0,0.0,0.0,0.0,1.0,0.0,1.0,0.0,0,0,3,7.0,0.0,6.0,4,1,30,0.0,0.00010613457864572278,0.0,0.0,0.5,0.3333333333333333,0.0,0.0,0.3333333333333333,0.0,0.3333333333333333,0.6666666666666666,0.0,0.0015104490496150387,0.0,0.001434720229555236,0.0005698313568126556,0.0,1.6546593552785288e-5,0.0029717682020802376,0.0007429420505200594
1393383788562894849,9,3,0,3,3,0,3,0,0,0,3.0,0.0,3.0,3.0,0.0,3.0,0.0,0.0,0.0,1.0,0.0,1.0,0.0,0,0,3,7.0,0.0,6.0,4,1,30,0.0,0.00010613457864572278,0.0,0.0,0.5,0.3333333333333333,0.0,0.0,0.3333333333333333,0.0,0.3333333333333333,0.6666666666666666,0.0,0.0015104490496150387,0.0,0.001434720229555236,0.0005698313568126556,0.0,1.6546593552785288e-5,0.0029717682020802376,0.0007429420505200594
1138538286182387712,9,1,0,1,1,0,1,0,0,0,1.0,0.0,1.0,1.0,0.0,1.0,0.0,0.0,0.0,1.0,0.0,1.0,0.0,0,0,1,1.0,0.0,1.0,2,1,29,0.0,3.5378192881907595e-5,0.0,0.0,0.5,0.0,0.0,0.0,0.0,0.0,0.0,0.0,0.0,0.0012783602587428335,0.0,0.0014347202295552366,0.00018949676114699,0.0,1.5995040434359113e-5,0.0014858841010401188,0.0007429420505200594
1445397158400774154,20,1,0,1,1,0,1,0,0,0,1.0,0.0,1.0,1.0,0.0,1.0,0.0,0.0,0.0,1.0,0.0,1.0,0.0,0,0,1,1.0,0.0,1.0,2,1,2,0.0,3.5378192881907595e-5,0.0,0.0,1.0,1.0,0.0,0.0,0.0,0.0,0.0,0.0,0.0,0.001779203197302617,0.0,0.0014347202295552362,0.00021347955911033,0.0,1.1031062368523526e-6,0.0014858841010401188,0.0007429420505200594
2446465550,9,1,0,1,1,0,1,0,0,0,1.0,0.0,1.0,1.0,0.0,1.0,0.0,0.0,0.0,1.0,0.0,1.0,0.0,0,0,1,1.0,0.0,1.0,2,1,3,0.0,3.5378192881907595e-5,0.0,0.0,0.5,0.0,0.0,0.0,0.0,0.0,0.0,0.0,0.0,0.0018688165561079923,0.0,0.0014347202295552362,0.00018949676114699,0.0,1.6546593552785288e-6,0.0014858841010401188,0.0007429420505200594
985029721,7,1,0,1,1,0,1,0,0,0,1.0,0.0,1.0,1.0,0.0,1.0,0.0,0.0,0.0,1.0,0.0,1.0,0.0,0,0,1,1.0,0.0,1.0,2,1,6,0.0,3.5378192881907595e-5,0.0,0.0,1.0,1.0,0.0,0.0,0.0,0.0,0.0,0.0,0.0,0.0009643165540890093,0.0,0.0014347202295552362,0.00016876163374102138,0.0,3.3093187105570577e-6,0.0014858841010401188,0.0007429420505200594
716248878,7,1,0,1,1,0,1,0,0,0,1.0,0.0,1.0,1.0,0.0,1.0,0.0,0.0,0.0,1.0,0.0,1.0,0.0,0,0,1,1.0,0.0,1.0,2,1,6,0.0,3.5378192881907595e-5,0.0,0.0,1.0,1.0,0.0,0.0,0.0,0.0,0.0,0.0,0.0,0.0009643165540890093,0.0,0.0014347202295552362,0.00016876163374102138,0.0,3.3093187105570577e-6,0.0014858841010401188,0.0007429420505200594
857255720282202112,7,1,0,1,1,0,1,0,0,0,1.0,0.0,1.0,1.0,0.0,1.0,0.0,0.0,0.0,1.0,0.0,1.0,0.0,0,0,1,1.0,0.0,1.0,2,1,6,0.0,3.5378192881907595e-5,0.0,0.0,1.0,1.0,0.0,0.0,0.0,0.0,0.0,0.0,0.0,0.0009643165540890093,0.0,0.0014347202295552362,0.00016876163374102138,0.0,3.3093187105570577e-6,0.0014858841010401188,0.0007429420505200594
96750689,7,1,0,1,1,0,1,0,0,0,1.0,0.0,1.0,1.0,0.0,1.0,0.0,0.0,0.0,1.0,0.0,1.0,0.0,0,0,1,1.0,0.0,1.0,2,1,6,0.0,3.5378192881907595e-5,0.0,0.0,1.0,1.0,0.0,0.0,0.0,0.0,0.0,0.0,0.0,0.0009643165540890093,0.0,0.0014347202295552362,0.00016876163374102138,0.0,3.3093187105570577e-6,0.0014858841010401188,0.0007429420505200594
38798601,9,1,0,1,1,0,1,0,0,0,1.0,0.0,1.0,1.0,0.0,1.0,0.0,0.0,0.0,1.0,0.0,1.0,0.0,0,0,1,1.0,0.0,1.0,5,1,6,0.0,3.5378192881907595e-5,0.0,0.0,0.5,0.0,0.0,0.0,0.0,0.0,0.0,0.0,0.0,0.002218410568510415,0.0,0.0014347202295552362,0.00018949676114699,0.0,3.3093187105570577e-6,0.003714710252600297,0.0007429420505200594
142265166,21,1,0,1,1,0,1,0,0,0,1.0,0.0,1.0,1.0,0.0,1.0,0.0,0.0,0.0,1.0,0.0,1.0,0.0,0,0,1,1.0,0.0,1.0,3,1,3,0.0,3.5378192881907595e-5,0.0,0.0,0.5,0.0,0.0,0.0,0.0,0.0,0.0,0.0,0.0,0.002186647620891283,0.0,0.0014347202295552362,0.00021273009667399645,0.0,1.6546593552785288e-6,0.002228826151560178,0.0007429420505200594
1040246530030981121,8,1,0,1,1,0,1,0,0,0,1.0,0.0,1.0,1.0,0.0,1.0,0.0,0.0,0.0,1.0,0.0,1.0,0.0,0,0,1,1.0,0.0,1.0,2,1,9,0.0,3.5378192881907595e-5,0.0,0.0,1.0,1.0,0.0,0.0,0.0,0.0,0.0,0.0,0.0,0.0008943137471005629,0.0,0.0014347202295552362,0.00016876163374102138,0.0,4.963978065835587e-6,0.0014858841010401188,0.0007429420505200594
1662456378,8,1,0,1,1,0,1,0,0,0,1.0,0.0,1.0,1.0,0.0,1.0,0.0,0.0,0.0,1.0,0.0,1.0,0.0,0,0,1,1.0,0.0,1.0,2,1,9,0.0,3.5378192881907595e-5,0.0,0.0,1.0,1.0,0.0,0.0,0.0,0.0,0.0,0.0,0.0,0.0008943137471005629,0.0,0.0014347202295552362,0.00016876163374102138,0.0,4.963978065835587e-6,0.0014858841010401188,0.0007429420505200594
1115213444578402304,8,1,0,1,1,0,1,0,0,0,2.0,0.0,2.0,2.0,0.0,2.0,0.0,0.0,0.0,1.0,0.0,1.0,0.0,0,0,1,2.0,0.0,4.0,2,1,9,0.0,7.075638576381519e-5,0.0,0.0,1.0,1.0,0.0,0.0,0.0,0.0,0.0,0.0,0.0,0.000981817255836121,0.0,0.0014347202295552362,0.00033793455741748524,0.0,4.963978065835587e-6,0.0014858841010401188,0.0007429420505200594
807579481770594304,8,1,0,1,1,0,1,0,0,0,1.0,0.0,1.0,1.0,0.0,1.0,0.0,0.0,0.0,1.0,0.0,1.0,0.0,0,0,1,1.0,0.0,1.0,2,1,9,0.0,3.5378192881907595e-5,0.0,0.0,1.0,1.0,0.0,0.0,0.0,0.0,0.0,0.0,0.0,0.0008943137471005629,0.0,0.0014347202295552362,0.00016876163374102138,0.0,4.963978065835587e-6,0.0014858841010401188,0.0007429420505200594
1620222817,8,1,0,1,1,0,1,0,0,0,1.0,0.0,1.0,1.0,0.0,1.0,0.0,0.0,0.0,1.0,0.0,1.0,0.0,0,0,1,1.0,0.0,1.0,2,1,9,0.0,3.5378192881907595e-5,0.0,0.0,1.0,1.0,0.0,0.0,0.0,0.0,0.0,0.0,0.0,0.0008943137471005629,0.0,0.0014347202295552362,0.00016876163374102138,0.0,4.963978065835587e-6,0.0014858841010401188,0.0007429420505200594
1478626276386623489,8,1,0,1,1,0,1,0,0,0,1.0,0.0,1.0,1.0,0.0,1.0,0.0,0.0,0.0,1.0,0.0,1.0,0.0,0,0,1,1.0,0.0,1.0,2,1,9,0.0,3.5378192881907595e-5,0.0,0.0,1.0,1.0,0.0,0.0,0.0,0.0,0.0,0.0,0.0,0.0008943137471005629,0.0,0.0014347202295552362,0.00016876163374102138,0.0,4.963978065835587e-6,0.0014858841010401188,0.0007429420505200594
3278510262,8,1,0,1,1,0,1,0,0,0,1.0,0.0,1.0,1.0,0.0,1.0,0.0,0.0,0.0,1.0,0.0,1.0,0.0,0,0,1,1.0,0.0,1.0,2,1,9,0.0,3.5378192881907595e-5,0.0,0.0,1.0,1.0,0.0,0.0,0.0,0.0,0.0,0.0,0.0,0.0008943137471005629,0.0,0.0014347202295552362,0.00016876163374102138,0.0,4.963978065835587e-6,0.0014858841010401188,0.0007429420505200594
1475140461392285698,4,1,0,1,1,0,1,0,0,0,1.0,0.0,1.0,1.0,0.0,1.0,0.0,0.0,0.0,1.0,0.0,1.0,0.0,1,0,1,1.0,0.0,1.0,10,1,37,0.0,3.5378192881907595e-5,0.0,0.0,1.0,1.0,0.0,0.0,0.0,0.0,0.0,0.0,0.0,0.0013012178337711501,0.0,0.0014347202295552372,0.000115050159135488,0.0,2.0407465381768522e-5,0.007429420505200594,0.0007429420505200594
1210229651135778818,4,1,0,1,1,0,1,0,0,0,1.0,0.0,1.0,1.0,0.0,1.0,0.0,0.0,0.0,1.0,0.0,1.0,0.0,1,0,1,1.0,0.0,1.0,10,1,37,0.0,3.5378192881907595e-5,0.0,0.0,1.0,1.0,0.0,0.0,0.0,0.0,0.0,0.0,0.0,0.0013012178337711501,0.0,0.0014347202295552372,0.000115050159135488,0.0,2.0407465381768522e-5,0.007429420505200594,0.0007429420505200594
1410428882474344454,4,1,0,1,1,0,1,0,0,0,1.0,0.0,1.0,1.0,0.0,1.0,0.0,0.0,0.0,1.0,0.0,1.0,0.0,1,0,1,1.0,0.0,1.0,10,1,37,0.0,3.5378192881907595e-5,0.0,0.0,1.0,1.0,0.0,0.0,0.0,0.0,0.0,0.0,0.0,0.0013012178337711501,0.0,0.0014347202295552372,0.000115050159135488,0.0,2.0407465381768522e-5,0.007429420505200594,0.0007429420505200594
1424059864527949825,4,1,0,1,1,0,1,0,0,0,1.0,0.0,1.0,1.0,0.0,1.0,0.0,0.0,0.0,1.0,0.0,1.0,0.0,1,0,1,1.0,0.0,1.0,10,1,37,0.0,3.5378192881907595e-5,0.0,0.0,1.0,1.0,0.0,0.0,0.0,0.0,0.0,0.0,0.0,0.0013012178337711501,0.0,0.0014347202295552372,0.000115050159135488,0.0,2.0407465381768522e-5,0.007429420505200594,0.0007429420505200594
2445657906,10,1,0,1,1,0,1,0,0,0,1.0,0.0,1.0,1.0,0.0,1.0,0.0,0.0,0.0,1.0,0.0,1.0,0.0,1,0,1,1.0,0.0,1.0,3,1,3,0.0,3.5378192881907595e-5,0.0,0.0,0.5,0.0,0.0,0.0,0.0,0.0,0.0,0.0,0.0,0.0009105901963267191,0.0,0.0014347202295552362,0.00021273009667399645,0.0,1.6546593552785288e-6,0.002228826151560178,0.0007429420505200594
1049196099007733760,12,1,0,1,1,0,1,0,0,0,1.0,0.0,1.0,1.0,0.0,1.0,0.0,0.0,0.0,1.0,0.0,1.0,0.0,0,0,1,1.0,0.0,1.0,2,1,2,0.0,3.5378192881907595e-5,0.0,0.0,0.5,0.0,0.0,0.0,0.0,0.0,0.0,0.0,0.0,0.0017792031564828063,0.0,0.0014347202295552362,0.0002137293799224782,0.0,1.1031062368523526e-6,0.0014858841010401188,0.0007429420505200594
1459144189531148291,21,1,0,1,1,0,1,0,0,0,1.0,0.0,1.0,1.0,0.0,1.0,0.0,0.0,0.0,1.0,0.0,1.0,0.0,0,0,1,1.0,0.0,1.0,2,1,5,0.0,3.5378192881907595e-5,0.0,0.0,0.5,0.0,0.0,0.0,0.0,0.0,0.0,0.0,0.0,0.0012409314338672362,0.0,0.0014347202295552362,0.00021273009667399645,0.0,2.757765592130881e-6,0.0014858841010401188,0.0007429420505200594
1065622335380582400,21,1,0,1,1,0,1,0,0,0,1.0,0.0,1.0,1.0,0.0,1.0,0.0,0.0,0.0,1.0,0.0,1.0,0.0,0,0,1,1.0,0.0,1.0,2,1,5,0.0,3.5378192881907595e-5,0.0,0.0,0.5,0.0,0.0,0.0,0.0,0.0,0.0,0.0,0.0,0.0012409314338672362,0.0,0.0014347202295552362,0.00021273009667399645,0.0,2.757765592130881e-6,0.0014858841010401188,0.0007429420505200594
92174767,21,1,0,1,1,0,1,0,0,0,1.0,0.0,1.0,1.0,0.0,1.0,0.0,0.0,0.0,1.0,0.0,1.0,0.0,0,0,1,1.0,0.0,1.0,2,1,5,0.0,3.5378192881907595e-5,0.0,0.0,0.5,0.0,0.0,0.0,0.0,0.0,0.0,0.0,0.0,0.0012409314338672362,0.0,0.0014347202295552362,0.00021273009667399645,0.0,2.757765592130881e-6,0.0014858841010401188,0.0007429420505200594
1694120298,22,2,0,2,2,0,2,0,0,0,2.0,0.0,2.0,2.0,0.0,2.0,0.0,0.0,0.0,1.0,0.0,1.0,0.0,0,0,2,4.0,0.0,4.0,3,1,3,0.0,7.075638576381519e-5,0.0,0.0,0.6666666666666666,0.5,0.0,0.0,0.5,0.0,0.5,1.0,0.0,0.0021670659438629515,0.0,0.0014347202295552362,0.00042644666329194614,0.0,1.6546593552785288e-6,0.002228826151560178,0.0007429420505200594
1114761930818895872,1,1,0,1,1,0,1,0,0,0,1.0,0.0,1.0,1.0,0.0,1.0,0.0,0.0,0.0,1.0,0.0,1.0,0.0,0,0,1,1.0,0.0,1.0,2,1,130,0.0,3.5378192881907595e-5,0.0,0.0,0.5,0.0,0.0,0.0,0.0,0.0,0.0,0.0,0.0,0.0012558735938554627,0.0,0.001434720229555238,0.00018150249515913597,0.0,7.170190539540292e-5,0.0014858841010401188,0.0007429420505200594
291652961,1,1,0,1,1,0,1,0,0,0,1.0,0.0,1.0,1.0,0.0,1.0,0.0,0.0,0.0,1.0,0.0,1.0,0.0,0,0,1,1.0,0.0,1.0,2,1,130,0.0,3.5378192881907595e-5,0.0,0.0,0.5,0.0,0.0,0.0,0.0,0.0,0.0,0.0,0.0,0.0012558735938554627,0.0,0.001434720229555238,0.00018150249515913597,0.0,7.170190539540292e-5,0.0014858841010401188,0.0007429420505200594
1309505310206439430,1,1,0,1,1,0,1,0,0,0,1.0,0.0,1.0,1.0,0.0,1.0,0.0,0.0,0.0,1.0,0.0,1.0,0.0,0,0,1,1.0,0.0,1.0,2,1,130,0.0,3.5378192881907595e-5,0.0,0.0,0.5,0.0,0.0,0.0,0.0,0.0,0.0,0.0,0.0,0.0012558735938554627,0.0,0.001434720229555238,0.00018150249515913597,0.0,7.170190539540292e-5,0.0014858841010401188,0.0007429420505200594
885849167674957824,1,1,0,1,1,0,1,0,0,0,1.0,0.0,1.0,1.0,0.0,1.0,0.0,0.0,0.0,1.0,0.0,1.0,0.0,0,0,1,1.0,0.0,1.0,2,1,130,0.0,3.5378192881907595e-5,0.0,0.0,0.5,0.0,0.0,0.0,0.0,0.0,0.0,0.0,0.0,0.0012558735938554627,0.0,0.001434720229555238,0.00018150249515913597,0.0,7.170190539540292e-5,0.0014858841010401188,0.0007429420505200594
910123708253052929,1,1,0,1,1,0,1,0,0,0,1.0,0.0,1.0,1.0,0.0,1.0,0.0,0.0,0.0,1.0,0.0,1.0,0.0,0,0,1,1.0,0.0,1.0,2,1,130,0.0,3.5378192881907595e-5,0.0,0.0,0.5,0.0,0.0,0.0,0.0,0.0,0.0,0.0,0.0,0.0012558735938554627,0.0,0.001434720229555238,0.00018150249515913597,0.0,7.170190539540292e-5,0.0014858841010401188,0.0007429420505200594
249118156,1,1,0,1,1,0,1,0,0,0,1.0,0.0,1.0,1.0,0.0,1.0,0.0,0.0,0.0,1.0,0.0,1.0,0.0,0,0,1,1.0,0.0,1.0,2,1,130,0.0,3.5378192881907595e-5,0.0,0.0,0.5,0.0,0.0,0.0,0.0,0.0,0.0,0.0,0.0,0.0012558735938554627,0.0,0.001434720229555238,0.00018150249515913597,0.0,7.170190539540292e-5,0.0014858841010401188,0.0007429420505200594
258788589,1,1,0,1,1,0,1,0,0,0,1.0,0.0,1.0,1.0,0.0,1.0,0.0,0.0,0.0,1.0,0.0,1.0,0.0,0,0,1,1.0,0.0,1.0,2,1,130,0.0,3.5378192881907595e-5,0.0,0.0,0.5,0.0,0.0,0.0,0.0,0.0,0.0,0.0,0.0,0.0012558735938554627,0.0,0.001434720229555238,0.00018150249515913597,0.0,7.170190539540292e-5,0.0014858841010401188,0.0007429420505200594
582200009,1,1,0,1,1,0,1,0,0,0,1.0,0.0,1.0,1.0,0.0,1.0,0.0,0.0,0.0,1.0,0.0,1.0,0.0,0,0,1,1.0,0.0,1.0,2,1,130,0.0,3.5378192881907595e-5,0.0,0.0,0.5,0.0,0.0,0.0,0.0,0.0,0.0,0.0,0.0,0.0012558735938554627,0.0,0.001434720229555238,0.00018150249515913597,0.0,7.170190539540292e-5,0.0014858841010401188,0.0007429420505200594
403802054,1,1,0,1,1,0,1,0,0,0,1.0,0.0,1.0,1.0,0.0,1.0,0.0,0.0,0.0,1.0,0.0,1.0,0.0,0,0,1,1.0,0.0,1.0,2,1,130,0.0,3.5378192881907595e-5,0.0,0.0,0.5,0.0,0.0,0.0,0.0,0.0,0.0,0.0,0.0,0.0012558735938554627,0.0,0.001434720229555238,0.00018150249515913597,0.0,7.170190539540292e-5,0.0014858841010401188,0.0007429420505200594
251377054,1,1,0,1,1,0,1,0,0,0,1.0,0.0,1.0,1.0,0.0,1.0,0.0,0.0,0.0,1.0,0.0,1.0,0.0,0,0,1,1.0,0.0,1.0,2,1,130,0.0,3.5378192881907595e-5,0.0,0.0,0.5,0.0,0.0,0.0,0.0,0.0,0.0,0.0,0.0,0.0012558735938554627,0.0,0.001434720229555238,0.00018150249515913597,0.0,7.170190539540292e-5,0.0014858841010401188,0.0007429420505200594
1266145259718955010,1,1,0,1,1,0,1,0,0,0,2.0,0.0,2.0,2.0,0.0,2.0,0.0,0.0,0.0,1.0,0.0,1.0,0.0,0,0,1,4.0,0.0,4.0,2,1,130,0.0,7.075638576381519e-5,0.0,0.0,0.5,0.0,0.0,0.0,0.0,0.0,0.0,0.0,0.0,0.0012653034855824245,0.0,0.001434720229555238,0.0003634380455508346,0.0,7.170190539540292e-5,0.0014858841010401188,0.0007429420505200594
1489181198828154885,1,1,0,1,1,0,1,0,0,0,1.0,0.0,1.0,1.0,0.0,1.0,0.0,0.0,0.0,1.0,0.0,1.0,0.0,0,0,1,1.0,0.0,1.0,2,1,130,0.0,3.5378192881907595e-5,0.0,0.0,0.5,0.0,0.0,0.0,0.0,0.0,0.0,0.0,0.0,0.0012558735938554627,0.0,0.001434720229555238,0.00018150249515913597,0.0,7.170190539540292e-5,0.0014858841010401188,0.0007429420505200594
1117225159365144577,1,1,0,1,1,0,1,0,0,0,1.0,0.0,1.0,1.0,0.0,1.0,0.0,0.0,0.0,1.0,0.0,1.0,0.0,0,0,1,1.0,0.0,1.0,2,1,130,0.0,3.5378192881907595e-5,0.0,0.0,0.5,0.0,0.0,0.0,0.0,0.0,0.0,0.0,0.0,0.0012558735938554627,0.0,0.001434720229555238,0.00018150249515913597,0.0,7.170190539540292e-5,0.0014858841010401188,0.0007429420505200594
88915116,1,1,0,1,1,0,1,0,0,0,1.0,0.0,1.0,1.0,0.0,1.0,0.0,0.0,0.0,1.0,0.0,1.0,0.0,0,0,1,1.0,0.0,1.0,2,1,130,0.0,3.5378192881907595e-5,0.0,0.0,0.5,0.0,0.0,0.0,0.0,0.0,0.0,0.0,0.0,0.0012558735938554627,0.0,0.001434720229555238,0.00018150249515913597,0.0,7.170190539540292e-5,0.0014858841010401188,0.0007429420505200594
1432997751537774603,1,1,0,1,1,0,1,0,0,0,1.0,0.0,1.0,1.0,0.0,1.0,0.0,0.0,0.0,1.0,0.0,1.0,0.0,0,0,1,1.0,0.0,1.0,2,1,130,0.0,3.5378192881907595e-5,0.0,0.0,0.5,0.0,0.0,0.0,0.0,0.0,0.0,0.0,0.0,0.0012558735938554627,0.0,0.001434720229555238,0.00018150249515913597,0.0,7.170190539540292e-5,0.0014858841010401188,0.0007429420505200594
18341645,1,1,0,1,1,0,1,0,0,0,1.0,0.0,1.0,1.0,0.0,1.0,0.0,0.0,0.0,1.0,0.0,1.0,0.0,0,0,1,1.0,0.0,1.0,2,1,130,0.0,3.5378192881907595e-5,0.0,0.0,0.5,0.0,0.0,0.0,0.0,0.0,0.0,0.0,0.0,0.0012558735938554627,0.0,0.001434720229555238,0.00018150249515913597,0.0,7.170190539540292e-5,0.0014858841010401188,0.0007429420505200594
84155547,1,1,0,1,1,0,1,0,0,0,1.0,0.0,1.0,1.0,0.0,1.0,0.0,0.0,0.0,1.0,0.0,1.0,0.0,0,0,1,1.0,0.0,1.0,2,1,130,0.0,3.5378192881907595e-5,0.0,0.0,0.5,0.0,0.0,0.0,0.0,0.0,0.0,0.0,0.0,0.0012558735938554627,0.0,0.001434720229555238,0.00018150249515913597,0.0,7.170190539540292e-5,0.0014858841010401188,0.0007429420505200594
1261774075,1,1,0,1,1,0,1,0,0,0,1.0,0.0,1.0,1.0,0.0,1.0,0.0,0.0,0.0,1.0,0.0,1.0,0.0,0,0,1,1.0,0.0,1.0,2,1,130,0.0,3.5378192881907595e-5,0.0,0.0,0.5,0.0,0.0,0.0,0.0,0.0,0.0,0.0,0.0,0.0012558735938554627,0.0,0.001434720229555238,0.00018150249515913597,0.0,7.170190539540292e-5,0.0014858841010401188,0.0007429420505200594
29499299,1,1,0,1,1,0,1,0,0,0,1.0,0.0,1.0,1.0,0.0,1.0,0.0,0.0,0.0,1.0,0.0,1.0,0.0,0,0,1,1.0,0.0,1.0,2,1,130,0.0,3.5378192881907595e-5,0.0,0.0,0.5,0.0,0.0,0.0,0.0,0.0,0.0,0.0,0.0,0.0012558735938554627,0.0,0.001434720229555238,0.00018150249515913597,0.0,7.170190539540292e-5,0.0014858841010401188,0.0007429420505200594
70955722,1,1,0,1,1,0,1,0,0,0,1.0,0.0,1.0,1.0,0.0,1.0,0.0,0.0,0.0,1.0,0.0,1.0,0.0,0,0,1,1.0,0.0,1.0,2,1,130,0.0,3.5378192881907595e-5,0.0,0.0,0.5,0.0,0.0,0.0,0.0,0.0,0.0,0.0,0.0,0.0012558735938554627,0.0,0.001434720229555238,0.00018150249515913597,0.0,7.170190539540292e-5,0.0014858841010401188,0.0007429420505200594
1411633993259229185,1,1,0,1,1,0,1,0,0,0,1.0,0.0,1.0,1.0,0.0,1.0,0.0,0.0,0.0,1.0,0.0,1.0,0.0,0,0,1,1.0,0.0,1.0,2,1,130,0.0,3.5378192881907595e-5,0.0,0.0,0.5,0.0,0.0,0.0,0.0,0.0,0.0,0.0,0.0,0.0012558735938554627,0.0,0.001434720229555238,0.00018150249515913597,0.0,7.170190539540292e-5,0.0014858841010401188,0.0007429420505200594
1205475859055775744,1,1,0,1,1,0,1,0,0,0,1.0,0.0,1.0,1.0,0.0,1.0,0.0,0.0,0.0,1.0,0.0,1.0,0.0,0,0,1,1.0,0.0,1.0,2,1,130,0.0,3.5378192881907595e-5,0.0,0.0,0.5,0.0,0.0,0.0,0.0,0.0,0.0,0.0,0.0,0.0012558735938554627,0.0,0.001434720229555238,0.00018150249515913597,0.0,7.170190539540292e-5,0.0014858841010401188,0.0007429420505200594
957504464163807233,1,1,0,1,1,0,1,0,0,0,1.0,0.0,1.0,1.0,0.0,1.0,0.0,0.0,0.0,1.0,0.0,1.0,0.0,0,0,1,1.0,0.0,1.0,2,1,130,0.0,3.5378192881907595e-5,0.0,0.0,0.5,0.0,0.0,0.0,0.0,0.0,0.0,0.0,0.0,0.0012558735938554627,0.0,0.001434720229555238,0.00018150249515913597,0.0,7.170190539540292e-5,0.0014858841010401188,0.0007429420505200594
25962170,1,1,0,1,1,0,1,0,0,0,1.0,0.0,1.0,1.0,0.0,1.0,0.0,0.0,0.0,1.0,0.0,1.0,0.0,0,0,1,1.0,0.0,1.0,2,1,130,0.0,3.5378192881907595e-5,0.0,0.0,0.5,0.0,0.0,0.0,0.0,0.0,0.0,0.0,0.0,0.0012558735938554627,0.0,0.001434720229555238,0.00018150249515913597,0.0,7.170190539540292e-5,0.0014858841010401188,0.0007429420505200594
3774128121,1,1,0,1,1,0,1,0,0,0,1.0,0.0,1.0,1.0,0.0,1.0,0.0,0.0,0.0,1.0,0.0,1.0,0.0,0,0,1,1.0,0.0,1.0,2,1,130,0.0,3.5378192881907595e-5,0.0,0.0,0.5,0.0,0.0,0.0,0.0,0.0,0.0,0.0,0.0,0.0012558735938554627,0.0,0.001434720229555238,0.00018150249515913597,0.0,7.170190539540292e-5,0.0014858841010401188,0.0007429420505200594
978894471806050304,1,1,0,1,1,0,1,0,0,0,1.0,0.0,1.0,1.0,0.0,1.0,0.0,0.0,0.0,1.0,0.0,1.0,0.0,0,0,1,1.0,0.0,1.0,2,1,130,0.0,3.5378192881907595e-5,0.0,0.0,0.5,0.0,0.0,0.0,0.0,0.0,0.0,0.0,0.0,0.0012558735938554627,0.0,0.001434720229555238,0.00018150249515913597,0.0,7.170190539540292e-5,0.0014858841010401188,0.0007429420505200594
1492170215865872385,1,1,0,1,1,0,1,0,0,0,1.0,0.0,1.0,1.0,0.0,1.0,0.0,0.0,0.0,1.0,0.0,1.0,0.0,0,0,1,1.0,0.0,1.0,2,1,130,0.0,3.5378192881907595e-5,0.0,0.0,0.5,0.0,0.0,0.0,0.0,0.0,0.0,0.0,0.0,0.0012558735938554627,0.0,0.001434720229555238,0.00018150249515913597,0.0,7.170190539540292e-5,0.0014858841010401188,0.0007429420505200594
823208500910313478,1,1,0,1,1,0,1,0,0,0,1.0,0.0,1.0,1.0,0.0,1.0,0.0,0.0,0.0,1.0,0.0,1.0,0.0,0,0,1,1.0,0.0,1.0,2,1,130,0.0,3.5378192881907595e-5,0.0,0.0,0.5,0.0,0.0,0.0,0.0,0.0,0.0,0.0,0.0,0.0012558735938554627,0.0,0.001434720229555238,0.00018150249515913597,0.0,7.170190539540292e-5,0.0014858841010401188,0.0007429420505200594
1972372730,1,1,0,1,1,0,1,0,0,0,1.0,0.0,1.0,1.0,0.0,1.0,0.0,0.0,0.0,1.0,0.0,1.0,0.0,0,0,1,1.0,0.0,1.0,2,1,130,0.0,3.5378192881907595e-5,0.0,0.0,0.5,0.0,0.0,0.0,0.0,0.0,0.0,0.0,0.0,0.0012558735938554627,0.0,0.001434720229555238,0.00018150249515913597,0.0,7.170190539540292e-5,0.0014858841010401188,0.0007429420505200594
2328829518,1,1,0,1,1,0,1,0,0,0,1.0,0.0,1.0,1.0,0.0,1.0,0.0,0.0,0.0,1.0,0.0,1.0,0.0,0,0,1,1.0,0.0,1.0,2,1,130,0.0,3.5378192881907595e-5,0.0,0.0,0.5,0.0,0.0,0.0,0.0,0.0,0.0,0.0,0.0,0.0012558735938554627,0.0,0.001434720229555238,0.00018150249515913597,0.0,7.170190539540292e-5,0.0014858841010401188,0.0007429420505200594
979691299715633152,1,1,0,1,1,0,1,0,0,0,1.0,0.0,1.0,1.0,0.0,1.0,0.0,0.0,0.0,1.0,0.0,1.0,0.0,0,0,1,1.0,0.0,1.0,2,1,130,0.0,3.5378192881907595e-5,0.0,0.0,0.5,0.0,0.0,0.0,0.0,0.0,0.0,0.0,0.0,0.0012558735938554627,0.0,0.001434720229555238,0.00018150249515913597,0.0,7.170190539540292e-5,0.0014858841010401188,0.0007429420505200594
930603304362676225,1,1,0,1,1,0,1,0,0,0,1.0,0.0,1.0,1.0,0.0,1.0,0.0,0.0,0.0,1.0,0.0,1.0,0.0,0,0,1,1.0,0.0,1.0,2,1,130,0.0,3.5378192881907595e-5,0.0,0.0,0.5,0.0,0.0,0.0,0.0,0.0,0.0,0.0,0.0,0.0012558735938554627,0.0,0.001434720229555238,0.00018150249515913597,0.0,7.170190539540292e-5,0.0014858841010401188,0.0007429420505200594
1460282107,1,1,0,1,1,0,1,0,0,0,1.0,0.0,1.0,1.0,0.0,1.0,0.0,0.0,0.0,1.0,0.0,1.0,0.0,0,0,1,1.0,0.0,1.0,2,1,130,0.0,3.5378192881907595e-5,0.0,0.0,0.5,0.0,0.0,0.0,0.0,0.0,0.0,0.0,0.0,0.0012558735938554627,0.0,0.001434720229555238,0.00018150249515913597,0.0,7.170190539540292e-5,0.0014858841010401188,0.0007429420505200594
812760079116206081,1,1,0,1,1,0,1,0,0,0,1.0,0.0,1.0,1.0,0.0,1.0,0.0,0.0,0.0,1.0,0.0,1.0,0.0,0,0,1,1.0,0.0,1.0,2,1,130,0.0,3.5378192881907595e-5,0.0,0.0,0.5,0.0,0.0,0.0,0.0,0.0,0.0,0.0,0.0,0.0012558735938554627,0.0,0.001434720229555238,0.00018150249515913597,0.0,7.170190539540292e-5,0.0014858841010401188,0.0007429420505200594
1495278824182923267,1,1,0,1,1,0,1,0,0,0,1.0,0.0,1.0,1.0,0.0,1.0,0.0,0.0,0.0,1.0,0.0,1.0,0.0,0,0,1,1.0,0.0,1.0,2,1,130,0.0,3.5378192881907595e-5,0.0,0.0,0.5,0.0,0.0,0.0,0.0,0.0,0.0,0.0,0.0,0.0012558735938554627,0.0,0.001434720229555238,0.00018150249515913597,0.0,7.170190539540292e-5,0.0014858841010401188,0.0007429420505200594
1285816680011173888,1,1,0,1,1,0,1,0,0,0,1.0,0.0,1.0,1.0,0.0,1.0,0.0,0.0,0.0,1.0,0.0,1.0,0.0,0,0,1,1.0,0.0,1.0,2,1,130,0.0,3.5378192881907595e-5,0.0,0.0,0.5,0.0,0.0,0.0,0.0,0.0,0.0,0.0,0.0,0.0012558735938554627,0.0,0.001434720229555238,0.00018150249515913597,0.0,7.170190539540292e-5,0.0014858841010401188,0.0007429420505200594
1364374610922323972,1,1,0,1,1,0,1,0,0,0,1.0,0.0,1.0,1.0,0.0,1.0,0.0,0.0,0.0,1.0,0.0,1.0,0.0,0,0,1,1.0,0.0,1.0,2,1,130,0.0,3.5378192881907595e-5,0.0,0.0,0.5,0.0,0.0,0.0,0.0,0.0,0.0,0.0,0.0,0.0012558735938554627,0.0,0.001434720229555238,0.00018150249515913597,0.0,7.170190539540292e-5,0.0014858841010401188,0.0007429420505200594
127911494,1,1,0,1,1,0,1,0,0,0,1.0,0.0,1.0,1.0,0.0,1.0,0.0,0.0,0.0,1.0,0.0,1.0,0.0,0,0,1,1.0,0.0,1.0,2,1,130,0.0,3.5378192881907595e-5,0.0,0.0,0.5,0.0,0.0,0.0,0.0,0.0,0.0,0.0,0.0,0.0012558735938554627,0.0,0.001434720229555238,0.00018150249515913597,0.0,7.170190539540292e-5,0.0014858841010401188,0.0007429420505200594
3057759609,1,1,0,1,1,0,1,0,0,0,1.0,0.0,1.0,1.0,0.0,1.0,0.0,0.0,0.0,1.0,0.0,1.0,0.0,0,0,1,1.0,0.0,1.0,2,1,130,0.0,3.5378192881907595e-5,0.0,0.0,0.5,0.0,0.0,0.0,0.0,0.0,0.0,0.0,0.0,0.0012558735938554627,0.0,0.001434720229555238,0.00018150249515913597,0.0,7.170190539540292e-5,0.0014858841010401188,0.0007429420505200594
241580381,1,1,0,1,1,0,1,0,0,0,1.0,0.0,1.0,1.0,0.0,1.0,0.0,0.0,0.0,1.0,0.0,1.0,0.0,0,0,1,1.0,0.0,1.0,2,1,130,0.0,3.5378192881907595e-5,0.0,0.0,0.5,0.0,0.0,0.0,0.0,0.0,0.0,0.0,0.0,0.0012558735938554627,0.0,0.001434720229555238,0.00018150249515913597,0.0,7.170190539540292e-5,0.0014858841010401188,0.0007429420505200594
940361293701287938,1,1,0,1,1,0,1,0,0,0,1.0,0.0,1.0,1.0,0.0,1.0,0.0,0.0,0.0,1.0,0.0,1.0,0.0,0,0,1,1.0,0.0,1.0,2,1,130,0.0,3.5378192881907595e-5,0.0,0.0,0.5,0.0,0.0,0.0,0.0,0.0,0.0,0.0,0.0,0.0012558735938554627,0.0,0.001434720229555238,0.00018150249515913597,0.0,7.170190539540292e-5,0.0014858841010401188,0.0007429420505200594
1153531941909483521,1,1,0,1,1,0,1,0,0,0,1.0,0.0,1.0,1.0,0.0,1.0,0.0,0.0,0.0,1.0,0.0,1.0,0.0,0,0,1,1.0,0.0,1.0,2,1,130,0.0,3.5378192881907595e-5,0.0,0.0,0.5,0.0,0.0,0.0,0.0,0.0,0.0,0.0,0.0,0.0012558735938554627,0.0,0.001434720229555238,0.00018150249515913597,0.0,7.170190539540292e-5,0.0014858841010401188,0.0007429420505200594
1336979933462204416,1,1,0,1,1,0,1,0,0,0,1.0,0.0,1.0,1.0,0.0,1.0,0.0,0.0,0.0,1.0,0.0,1.0,0.0,0,0,1,1.0,0.0,1.0,2,1,130,0.0,3.5378192881907595e-5,0.0,0.0,0.5,0.0,0.0,0.0,0.0,0.0,0.0,0.0,0.0,0.0012558735938554627,0.0,0.001434720229555238,0.00018150249515913597,0.0,7.170190539540292e-5,0.0014858841010401188,0.0007429420505200594
1320190957296492547,1,1,0,1,1,0,1,0,0,0,1.0,0.0,1.0,1.0,0.0,1.0,0.0,0.0,0.0,1.0,0.0,1.0,0.0,0,0,1,1.0,0.0,1.0,2,1,130,0.0,3.5378192881907595e-5,0.0,0.0,0.5,0.0,0.0,0.0,0.0,0.0,0.0,0.0,0.0,0.0012558735938554627,0.0,0.001434720229555238,0.00018150249515913597,0.0,7.170190539540292e-5,0.0014858841010401188,0.0007429420505200594
2429023207,1,1,0,1,1,0,1,0,0,0,1.0,0.0,1.0,1.0,0.0,1.0,0.0,0.0,0.0,1.0,0.0,1.0,0.0,0,0,1,1.0,0.0,1.0,2,1,130,0.0,3.5378192881907595e-5,0.0,0.0,0.5,0.0,0.0,0.0,0.0,0.0,0.0,0.0,0.0,0.0012558735938554627,0.0,0.001434720229555238,0.00018150249515913597,0.0,7.170190539540292e-5,0.0014858841010401188,0.0007429420505200594
4604350872,1,1,0,1,1,0,1,0,0,0,1.0,0.0,1.0,1.0,0.0,1.0,0.0,0.0,0.0,1.0,0.0,1.0,0.0,0,0,1,1.0,0.0,1.0,2,1,130,0.0,3.5378192881907595e-5,0.0,0.0,0.5,0.0,0.0,0.0,0.0,0.0,0.0,0.0,0.0,0.0012558735938554627,0.0,0.001434720229555238,0.00018150249515913597,0.0,7.170190539540292e-5,0.0014858841010401188,0.0007429420505200594
1029663452372058112,1,1,0,1,1,0,1,0,0,0,1.0,0.0,1.0,1.0,0.0,1.0,0.0,0.0,0.0,1.0,0.0,1.0,0.0,0,0,1,1.0,0.0,1.0,2,1,130,0.0,3.5378192881907595e-5,0.0,0.0,0.5,0.0,0.0,0.0,0.0,0.0,0.0,0.0,0.0,0.0012558735938554627,0.0,0.001434720229555238,0.00018150249515913597,0.0,7.170190539540292e-5,0.0014858841010401188,0.0007429420505200594
330414774,1,1,0,1,1,0,1,0,0,0,1.0,0.0,1.0,1.0,0.0,1.0,0.0,0.0,0.0,1.0,0.0,1.0,0.0,0,0,1,1.0,0.0,1.0,2,1,130,0.0,3.5378192881907595e-5,0.0,0.0,0.5,0.0,0.0,0.0,0.0,0.0,0.0,0.0,0.0,0.0012558735938554627,0.0,0.001434720229555238,0.00018150249515913597,0.0,7.170190539540292e-5,0.0014858841010401188,0.0007429420505200594
1301116544513007622,1,1,0,1,1,0,1,0,0,0,1.0,0.0,1.0,1.0,0.0,1.0,0.0,0.0,0.0,1.0,0.0,1.0,0.0,0,0,1,1.0,0.0,1.0,2,1,130,0.0,3.5378192881907595e-5,0.0,0.0,0.5,0.0,0.0,0.0,0.0,0.0,0.0,0.0,0.0,0.0012558735938554627,0.0,0.001434720229555238,0.00018150249515913597,0.0,7.170190539540292e-5,0.0014858841010401188,0.0007429420505200594
1293603924834885635,1,1,0,1,1,0,1,0,0,0,1.0,0.0,1.0,1.0,0.0,1.0,0.0,0.0,0.0,1.0,0.0,1.0,0.0,0,0,1,1.0,0.0,1.0,2,1,130,0.0,3.5378192881907595e-5,0.0,0.0,0.5,0.0,0.0,0.0,0.0,0.0,0.0,0.0,0.0,0.0012558735938554627,0.0,0.001434720229555238,0.00018150249515913597,0.0,7.170190539540292e-5,0.0014858841010401188,0.0007429420505200594
472092482,1,1,0,1,1,0,1,0,0,0,1.0,0.0,1.0,1.0,0.0,1.0,0.0,0.0,0.0,1.0,0.0,1.0,0.0,0,0,1,1.0,0.0,1.0,2,1,130,0.0,3.5378192881907595e-5,0.0,0.0,0.5,0.0,0.0,0.0,0.0,0.0,0.0,0.0,0.0,0.0012558735938554627,0.0,0.001434720229555238,0.00018150249515913597,0.0,7.170190539540292e-5,0.0014858841010401188,0.0007429420505200594
45184617,1,1,0,1,1,0,1,0,0,0,1.0,0.0,1.0,1.0,0.0,1.0,0.0,0.0,0.0,1.0,0.0,1.0,0.0,0,0,1,1.0,0.0,1.0,2,1,130,0.0,3.5378192881907595e-5,0.0,0.0,0.5,0.0,0.0,0.0,0.0,0.0,0.0,0.0,0.0,0.0012558735938554627,0.0,0.001434720229555238,0.00018150249515913597,0.0,7.170190539540292e-5,0.0014858841010401188,0.0007429420505200594
148208800,1,1,0,1,1,0,1,0,0,0,1.0,0.0,1.0,1.0,0.0,1.0,0.0,0.0,0.0,1.0,0.0,1.0,0.0,0,0,1,1.0,0.0,1.0,2,1,130,0.0,3.5378192881907595e-5,0.0,0.0,0.5,0.0,0.0,0.0,0.0,0.0,0.0,0.0,0.0,0.0012558735938554627,0.0,0.001434720229555238,0.00018150249515913597,0.0,7.170190539540292e-5,0.0014858841010401188,0.0007429420505200594
799096424927367168,1,1,0,1,1,0,1,0,0,0,1.0,0.0,1.0,1.0,0.0,1.0,0.0,0.0,0.0,1.0,0.0,1.0,0.0,0,0,1,1.0,0.0,1.0,2,1,130,0.0,3.5378192881907595e-5,0.0,0.0,0.5,0.0,0.0,0.0,0.0,0.0,0.0,0.0,0.0,0.0012558735938554627,0.0,0.001434720229555238,0.00018150249515913597,0.0,7.170190539540292e-5,0.0014858841010401188,0.0007429420505200594
1506824648192933893,1,1,0,1,1,0,1,0,0,0,1.0,0.0,1.0,1.0,0.0,1.0,0.0,0.0,0.0,1.0,0.0,1.0,0.0,0,0,1,1.0,0.0,1.0,2,1,130,0.0,3.5378192881907595e-5,0.0,0.0,0.5,0.0,0.0,0.0,0.0,0.0,0.0,0.0,0.0,0.0012558735938554627,0.0,0.001434720229555238,0.00018150249515913597,0.0,7.170190539540292e-5,0.0014858841010401188,0.0007429420505200594
307214153,1,1,0,1,1,0,1,0,0,0,1.0,0.0,1.0,1.0,0.0,1.0,0.0,0.0,0.0,1.0,0.0,1.0,0.0,0,0,1,1.0,0.0,1.0,2,1,130,0.0,3.5378192881907595e-5,0.0,0.0,0.5,0.0,0.0,0.0,0.0,0.0,0.0,0.0,0.0,0.0012558735938554627,0.0,0.001434720229555238,0.00018150249515913597,0.0,7.170190539540292e-5,0.0014858841010401188,0.0007429420505200594
1434807667793424385,1,1,0,1,1,0,1,0,0,0,1.0,0.0,1.0,1.0,0.0,1.0,0.0,0.0,0.0,1.0,0.0,1.0,0.0,0,0,1,1.0,0.0,1.0,2,1,130,0.0,3.5378192881907595e-5,0.0,0.0,0.5,0.0,0.0,0.0,0.0,0.0,0.0,0.0,0.0,0.0012558735938554627,0.0,0.001434720229555238,0.00018150249515913597,0.0,7.170190539540292e-5,0.0014858841010401188,0.0007429420505200594
1272863244739198977,1,1,0,1,1,0,1,0,0,0,1.0,0.0,1.0,1.0,0.0,1.0,0.0,0.0,0.0,1.0,0.0,1.0,0.0,0,0,1,1.0,0.0,1.0,2,1,130,0.0,3.5378192881907595e-5,0.0,0.0,0.5,0.0,0.0,0.0,0.0,0.0,0.0,0.0,0.0,0.0012558735938554627,0.0,0.001434720229555238,0.00018150249515913597,0.0,7.170190539540292e-5,0.0014858841010401188,0.0007429420505200594
1444719585673023493,1,1,0,1,1,0,1,0,0,0,1.0,0.0,1.0,1.0,0.0,1.0,0.0,0.0,0.0,1.0,0.0,1.0,0.0,0,0,1,1.0,0.0,1.0,2,1,130,0.0,3.5378192881907595e-5,0.0,0.0,0.5,0.0,0.0,0.0,0.0,0.0,0.0,0.0,0.0,0.0012558735938554627,0.0,0.001434720229555238,0.00018150249515913597,0.0,7.170190539540292e-5,0.0014858841010401188,0.0007429420505200594
208366291,1,1,0,1,1,0,1,0,0,0,1.0,0.0,1.0,1.0,0.0,1.0,0.0,0.0,0.0,1.0,0.0,1.0,0.0,0,0,1,1.0,0.0,1.0,2,1,130,0.0,3.5378192881907595e-5,0.0,0.0,0.5,0.0,0.0,0.0,0.0,0.0,0.0,0.0,0.0,0.0012558735938554627,0.0,0.001434720229555238,0.00018150249515913597,0.0,7.170190539540292e-5,0.0014858841010401188,0.0007429420505200594
250684785,1,1,0,1,1,0,1,0,0,0,1.0,0.0,1.0,1.0,0.0,1.0,0.0,0.0,0.0,1.0,0.0,1.0,0.0,0,0,1,1.0,0.0,1.0,2,1,130,0.0,3.5378192881907595e-5,0.0,0.0,0.5,0.0,0.0,0.0,0.0,0.0,0.0,0.0,0.0,0.0012558735938554627,0.0,0.001434720229555238,0.00018150249515913597,0.0,7.170190539540292e-5,0.0014858841010401188,0.0007429420505200594
2158855397,1,1,0,1,1,0,1,0,0,0,1.0,0.0,1.0,1.0,0.0,1.0,0.0,0.0,0.0,1.0,0.0,1.0,0.0,0,0,1,1.0,0.0,1.0,2,1,130,0.0,3.5378192881907595e-5,0.0,0.0,0.5,0.0,0.0,0.0,0.0,0.0,0.0,0.0,0.0,0.0012558735938554627,0.0,0.001434720229555238,0.00018150249515913597,0.0,7.170190539540292e-5,0.0014858841010401188,0.0007429420505200594
1389517324823277568,1,1,0,1,1,0,1,0,0,0,1.0,0.0,1.0,1.0,0.0,1.0,0.0,0.0,0.0,1.0,0.0,1.0,0.0,0,0,1,1.0,0.0,1.0,2,1,130,0.0,3.5378192881907595e-5,0.0,0.0,0.5,0.0,0.0,0.0,0.0,0.0,0.0,0.0,0.0,0.0012558735938554627,0.0,0.001434720229555238,0.00018150249515913597,0.0,7.170190539540292e-5,0.0014858841010401188,0.0007429420505200594
4824127323,1,1,0,1,1,0,1,0,0,0,1.0,0.0,1.0,1.0,0.0,1.0,0.0,0.0,0.0,1.0,0.0,1.0,0.0,0,0,1,1.0,0.0,1.0,2,1,130,0.0,3.5378192881907595e-5,0.0,0.0,0.5,0.0,0.0,0.0,0.0,0.0,0.0,0.0,0.0,0.0012558735938554627,0.0,0.001434720229555238,0.00018150249515913597,0.0,7.170190539540292e-5,0.0014858841010401188,0.0007429420505200594
1084440330806521858,1,1,0,1,1,0,1,0,0,0,1.0,0.0,1.0,1.0,0.0,1.0,0.0,0.0,0.0,1.0,0.0,1.0,0.0,0,0,1,1.0,0.0,1.0,2,1,130,0.0,3.5378192881907595e-5,0.0,0.0,0.5,0.0,0.0,0.0,0.0,0.0,0.0,0.0,0.0,0.0012558735938554627,0.0,0.001434720229555238,0.00018150249515913597,0.0,7.170190539540292e-5,0.0014858841010401188,0.0007429420505200594
1398532436,1,1,0,1,1,0,1,0,0,0,1.0,0.0,1.0,1.0,0.0,1.0,0.0,0.0,0.0,1.0,0.0,1.0,0.0,0,0,1,1.0,0.0,1.0,2,1,130,0.0,3.5378192881907595e-5,0.0,0.0,0.5,0.0,0.0,0.0,0.0,0.0,0.0,0.0,0.0,0.0012558735938554627,0.0,0.001434720229555238,0.00018150249515913597,0.0,7.170190539540292e-5,0.0014858841010401188,0.0007429420505200594
1474566176,1,1,0,1,1,0,1,0,0,0,1.0,0.0,1.0,1.0,0.0,1.0,0.0,0.0,0.0,1.0,0.0,1.0,0.0,0,0,1,1.0,0.0,1.0,2,1,130,0.0,3.5378192881907595e-5,0.0,0.0,0.5,0.0,0.0,0.0,0.0,0.0,0.0,0.0,0.0,0.0012558735938554627,0.0,0.001434720229555238,0.00018150249515913597,0.0,7.170190539540292e-5,0.0014858841010401188,0.0007429420505200594
1157440529304604678,1,1,0,1,1,0,1,0,0,0,1.0,0.0,1.0,1.0,0.0,1.0,0.0,0.0,0.0,1.0,0.0,1.0,0.0,0,0,1,1.0,0.0,1.0,2,1,130,0.0,3.5378192881907595e-5,0.0,0.0,0.5,0.0,0.0,0.0,0.0,0.0,0.0,0.0,0.0,0.0012558735938554627,0.0,0.001434720229555238,0.00018150249515913597,0.0,7.170190539540292e-5,0.0014858841010401188,0.0007429420505200594
120403022,1,1,0,1,1,0,1,0,0,0,1.0,0.0,1.0,1.0,0.0,1.0,0.0,0.0,0.0,1.0,0.0,1.0,0.0,0,0,1,1.0,0.0,1.0,2,1,130,0.0,3.5378192881907595e-5,0.0,0.0,0.5,0.0,0.0,0.0,0.0,0.0,0.0,0.0,0.0,0.0012558735938554627,0.0,0.001434720229555238,0.00018150249515913597,0.0,7.170190539540292e-5,0.0014858841010401188,0.0007429420505200594
1464582321533767695,1,1,0,1,1,0,1,0,0,0,1.0,0.0,1.0,1.0,0.0,1.0,0.0,0.0,0.0,1.0,0.0,1.0,0.0,0,0,1,1.0,0.0,1.0,2,1,130,0.0,3.5378192881907595e-5,0.0,0.0,0.5,0.0,0.0,0.0,0.0,0.0,0.0,0.0,0.0,0.0012558735938554627,0.0,0.001434720229555238,0.00018150249515913597,0.0,7.170190539540292e-5,0.0014858841010401188,0.0007429420505200594
204661628,1,1,0,1,1,0,1,0,0,0,1.0,0.0,1.0,1.0,0.0,1.0,0.0,0.0,0.0,1.0,0.0,1.0,0.0,0,0,1,1.0,0.0,1.0,2,1,130,0.0,3.5378192881907595e-5,0.0,0.0,0.5,0.0,0.0,0.0,0.0,0.0,0.0,0.0,0.0,0.0012558735938554627,0.0,0.001434720229555238,0.00018150249515913597,0.0,7.170190539540292e-5,0.0014858841010401188,0.0007429420505200594
1262965547412738048,1,1,0,1,1,0,1,0,0,0,1.0,0.0,1.0,1.0,0.0,1.0,0.0,0.0,0.0,1.0,0.0,1.0,0.0,0,0,1,1.0,0.0,1.0,2,1,130,0.0,3.5378192881907595e-5,0.0,0.0,0.5,0.0,0.0,0.0,0.0,0.0,0.0,0.0,0.0,0.0012558735938554627,0.0,0.001434720229555238,0.00018150249515913597,0.0,7.170190539540292e-5,0.0014858841010401188,0.0007429420505200594
49330590,1,1,0,1,1,0,1,0,0,0,1.0,0.0,1.0,1.0,0.0,1.0,0.0,0.0,0.0,1.0,0.0,1.0,0.0,0,0,1,1.0,0.0,1.0,2,1,130,0.0,3.5378192881907595e-5,0.0,0.0,0.5,0.0,0.0,0.0,0.0,0.0,0.0,0.0,0.0,0.0012558735938554627,0.0,0.001434720229555238,0.00018150249515913597,0.0,7.170190539540292e-5,0.0014858841010401188,0.0007429420505200594
905429012075315200,1,1,0,1,1,0,1,0,0,0,1.0,0.0,1.0,1.0,0.0,1.0,0.0,0.0,0.0,1.0,0.0,1.0,0.0,0,0,1,1.0,0.0,1.0,2,1,130,0.0,3.5378192881907595e-5,0.0,0.0,0.5,0.0,0.0,0.0,0.0,0.0,0.0,0.0,0.0,0.0012558735938554627,0.0,0.001434720229555238,0.00018150249515913597,0.0,7.170190539540292e-5,0.0014858841010401188,0.0007429420505200594
1446422907840651269,1,1,0,1,1,0,1,0,0,0,1.0,0.0,1.0,1.0,0.0,1.0,0.0,0.0,0.0,1.0,0.0,1.0,0.0,0,0,1,1.0,0.0,1.0,2,1,130,0.0,3.5378192881907595e-5,0.0,0.0,0.5,0.0,0.0,0.0,0.0,0.0,0.0,0.0,0.0,0.0012558735938554627,0.0,0.001434720229555238,0.00018150249515913597,0.0,7.170190539540292e-5,0.0014858841010401188,0.0007429420505200594
41766933,1,1,0,1,1,0,1,0,0,0,1.0,0.0,1.0,1.0,0.0,1.0,0.0,0.0,0.0,1.0,0.0,1.0,0.0,0,0,1,1.0,0.0,1.0,2,1,130,0.0,3.5378192881907595e-5,0.0,0.0,0.5,0.0,0.0,0.0,0.0,0.0,0.0,0.0,0.0,0.0012558735938554627,0.0,0.001434720229555238,0.00018150249515913597,0.0,7.170190539540292e-5,0.0014858841010401188,0.0007429420505200594
555465800,1,1,0,1,1,0,1,0,0,0,1.0,0.0,1.0,1.0,0.0,1.0,0.0,0.0,0.0,1.0,0.0,1.0,0.0,0,0,1,1.0,0.0,1.0,2,1,130,0.0,3.5378192881907595e-5,0.0,0.0,0.5,0.0,0.0,0.0,0.0,0.0,0.0,0.0,0.0,0.0012558735938554627,0.0,0.001434720229555238,0.00018150249515913597,0.0,7.170190539540292e-5,0.0014858841010401188,0.0007429420505200594
1156761839876935681,1,1,0,1,1,0,1,0,0,0,1.0,0.0,1.0,1.0,0.0,1.0,0.0,0.0,0.0,1.0,0.0,1.0,0.0,0,0,1,1.0,0.0,1.0,2,1,130,0.0,3.5378192881907595e-5,0.0,0.0,0.5,0.0,0.0,0.0,0.0,0.0,0.0,0.0,0.0,0.0012558735938554627,0.0,0.001434720229555238,0.00018150249515913597,0.0,7.170190539540292e-5,0.0014858841010401188,0.0007429420505200594
1455053718680838145,1,1,0,1,1,0,1,0,0,0,1.0,0.0,1.0,1.0,0.0,1.0,0.0,0.0,0.0,1.0,0.0,1.0,0.0,0,0,1,1.0,0.0,1.0,2,1,130,0.0,3.5378192881907595e-5,0.0,0.0,0.5,0.0,0.0,0.0,0.0,0.0,0.0,0.0,0.0,0.0012558735938554627,0.0,0.001434720229555238,0.00018150249515913597,0.0,7.170190539540292e-5,0.0014858841010401188,0.0007429420505200594
876632298166341632,1,1,0,1,1,0,1,0,0,0,1.0,0.0,1.0,1.0,0.0,1.0,0.0,0.0,0.0,1.0,0.0,1.0,0.0,0,0,1,1.0,0.0,1.0,2,1,130,0.0,3.5378192881907595e-5,0.0,0.0,0.5,0.0,0.0,0.0,0.0,0.0,0.0,0.0,0.0,0.0012558735938554627,0.0,0.001434720229555238,0.00018150249515913597,0.0,7.170190539540292e-5,0.0014858841010401188,0.0007429420505200594
3330362494,1,1,0,1,1,0,1,0,0,0,1.0,0.0,1.0,1.0,0.0,1.0,0.0,0.0,0.0,1.0,0.0,1.0,0.0,0,0,1,1.0,0.0,1.0,2,1,130,0.0,3.5378192881907595e-5,0.0,0.0,0.5,0.0,0.0,0.0,0.0,0.0,0.0,0.0,0.0,0.0012558735938554627,0.0,0.001434720229555238,0.00018150249515913597,0.0,7.170190539540292e-5,0.0014858841010401188,0.0007429420505200594
3224252246,1,1,0,1,1,0,1,0,0,0,1.0,0.0,1.0,1.0,0.0,1.0,0.0,0.0,0.0,1.0,0.0,1.0,0.0,0,0,1,1.0,0.0,1.0,2,1,130,0.0,3.5378192881907595e-5,0.0,0.0,0.5,0.0,0.0,0.0,0.0,0.0,0.0,0.0,0.0,0.0012558735938554627,0.0,0.001434720229555238,0.00018150249515913597,0.0,7.170190539540292e-5,0.0014858841010401188,0.0007429420505200594
1400973042487115777,1,1,0,1,1,0,1,0,0,0,1.0,0.0,1.0,1.0,0.0,1.0,0.0,0.0,0.0,1.0,0.0,1.0,0.0,0,0,1,1.0,0.0,1.0,2,1,130,0.0,3.5378192881907595e-5,0.0,0.0,0.5,0.0,0.0,0.0,0.0,0.0,0.0,0.0,0.0,0.0012558735938554627,0.0,0.001434720229555238,0.00018150249515913597,0.0,7.170190539540292e-5,0.0014858841010401188,0.0007429420505200594
876754004,1,1,0,1,1,0,1,0,0,0,1.0,0.0,1.0,1.0,0.0,1.0,0.0,0.0,0.0,1.0,0.0,1.0,0.0,0,0,1,1.0,0.0,1.0,2,1,130,0.0,3.5378192881907595e-5,0.0,0.0,0.5,0.0,0.0,0.0,0.0,0.0,0.0,0.0,0.0,0.0012558735938554627,0.0,0.001434720229555238,0.00018150249515913597,0.0,7.170190539540292e-5,0.0014858841010401188,0.0007429420505200594
19644337,1,1,0,1,1,0,1,0,0,0,1.0,0.0,1.0,1.0,0.0,1.0,0.0,0.0,0.0,1.0,0.0,1.0,0.0,0,0,1,1.0,0.0,1.0,2,1,130,0.0,3.5378192881907595e-5,0.0,0.0,0.5,0.0,0.0,0.0,0.0,0.0,0.0,0.0,0.0,0.0012558735938554627,0.0,0.001434720229555238,0.00018150249515913597,0.0,7.170190539540292e-5,0.0014858841010401188,0.0007429420505200594
865317470,1,1,0,1,1,0,1,0,0,0,1.0,0.0,1.0,1.0,0.0,1.0,0.0,0.0,0.0,1.0,0.0,1.0,0.0,0,0,1,1.0,0.0,1.0,2,1,130,0.0,3.5378192881907595e-5,0.0,0.0,0.5,0.0,0.0,0.0,0.0,0.0,0.0,0.0,0.0,0.0012558735938554627,0.0,0.001434720229555238,0.00018150249515913597,0.0,7.170190539540292e-5,0.0014858841010401188,0.0007429420505200594
83294661,1,1,0,1,1,0,1,0,0,0,1.0,0.0,1.0,1.0,0.0,1.0,0.0,0.0,0.0,1.0,0.0,1.0,0.0,0,0,1,1.0,0.0,1.0,2,1,130,0.0,3.5378192881907595e-5,0.0,0.0,0.5,0.0,0.0,0.0,0.0,0.0,0.0,0.0,0.0,0.0012558735938554627,0.0,0.001434720229555238,0.00018150249515913597,0.0,7.170190539540292e-5,0.0014858841010401188,0.0007429420505200594
14219103,1,1,0,1,1,0,1,0,0,0,1.0,0.0,1.0,1.0,0.0,1.0,0.0,0.0,0.0,1.0,0.0,1.0,0.0,0,0,1,1.0,0.0,1.0,2,1,130,0.0,3.5378192881907595e-5,0.0,0.0,0.5,0.0,0.0,0.0,0.0,0.0,0.0,0.0,0.0,0.0012558735938554627,0.0,0.001434720229555238,0.00018150249515913597,0.0,7.170190539540292e-5,0.0014858841010401188,0.0007429420505200594
31212830,1,1,0,1,1,0,1,0,0,0,1.0,0.0,1.0,1.0,0.0,1.0,0.0,0.0,0.0,1.0,0.0,1.0,0.0,0,0,1,1.0,0.0,1.0,2,1,130,0.0,3.5378192881907595e-5,0.0,0.0,0.5,0.0,0.0,0.0,0.0,0.0,0.0,0.0,0.0,0.0012558735938554627,0.0,0.001434720229555238,0.00018150249515913597,0.0,7.170190539540292e-5,0.0014858841010401188,0.0007429420505200594
987881405911887873,1,1,0,1,1,0,1,0,0,0,1.0,0.0,1.0,1.0,0.0,1.0,0.0,0.0,0.0,1.0,0.0,1.0,0.0,0,0,1,1.0,0.0,1.0,2,1,130,0.0,3.5378192881907595e-5,0.0,0.0,0.5,0.0,0.0,0.0,0.0,0.0,0.0,0.0,0.0,0.0012558735938554627,0.0,0.001434720229555238,0.00018150249515913597,0.0,7.170190539540292e-5,0.0014858841010401188,0.0007429420505200594
1161930318594445312,1,1,0,1,1,0,1,0,0,0,1.0,0.0,1.0,1.0,0.0,1.0,0.0,0.0,0.0,1.0,0.0,1.0,0.0,0,0,1,1.0,0.0,1.0,2,1,130,0.0,3.5378192881907595e-5,0.0,0.0,0.5,0.0,0.0,0.0,0.0,0.0,0.0,0.0,0.0,0.0012558735938554627,0.0,0.001434720229555238,0.00018150249515913597,0.0,7.170190539540292e-5,0.0014858841010401188,0.0007429420505200594
104664862,1,1,0,1,1,0,1,0,0,0,1.0,0.0,1.0,1.0,0.0,1.0,0.0,0.0,0.0,1.0,0.0,1.0,0.0,0,0,1,1.0,0.0,1.0,2,1,130,0.0,3.5378192881907595e-5,0.0,0.0,0.5,0.0,0.0,0.0,0.0,0.0,0.0,0.0,0.0,0.0012558735938554627,0.0,0.001434720229555238,0.00018150249515913597,0.0,7.170190539540292e-5,0.0014858841010401188,0.0007429420505200594
1422174968045965312,1,1,0,1,1,0,1,0,0,0,1.0,0.0,1.0,1.0,0.0,1.0,0.0,0.0,0.0,1.0,0.0,1.0,0.0,0,0,1,1.0,0.0,1.0,2,1,130,0.0,3.5378192881907595e-5,0.0,0.0,0.5,0.0,0.0,0.0,0.0,0.0,0.0,0.0,0.0,0.0012558735938554627,0.0,0.001434720229555238,0.00018150249515913597,0.0,7.170190539540292e-5,0.0014858841010401188,0.0007429420505200594
488373285,1,1,0,1,1,0,1,0,0,0,1.0,0.0,1.0,1.0,0.0,1.0,0.0,0.0,0.0,1.0,0.0,1.0,0.0,0,0,1,1.0,0.0,1.0,2,1,130,0.0,3.5378192881907595e-5,0.0,0.0,0.5,0.0,0.0,0.0,0.0,0.0,0.0,0.0,0.0,0.0012558735938554627,0.0,0.001434720229555238,0.00018150249515913597,0.0,7.170190539540292e-5,0.0014858841010401188,0.0007429420505200594
1107143226664910849,1,1,0,1,1,0,1,0,0,0,1.0,0.0,1.0,1.0,0.0,1.0,0.0,0.0,0.0,1.0,0.0,1.0,0.0,0,0,1,1.0,0.0,1.0,2,1,130,0.0,3.5378192881907595e-5,0.0,0.0,0.5,0.0,0.0,0.0,0.0,0.0,0.0,0.0,0.0,0.0012558735938554627,0.0,0.001434720229555238,0.00018150249515913597,0.0,7.170190539540292e-5,0.0014858841010401188,0.0007429420505200594
1442939824558718976,1,1,0,1,1,0,1,0,0,0,1.0,0.0,1.0,1.0,0.0,1.0,0.0,0.0,0.0,1.0,0.0,1.0,0.0,0,0,1,1.0,0.0,1.0,2,1,130,0.0,3.5378192881907595e-5,0.0,0.0,0.5,0.0,0.0,0.0,0.0,0.0,0.0,0.0,0.0,0.0012558735938554627,0.0,0.001434720229555238,0.00018150249515913597,0.0,7.170190539540292e-5,0.0014858841010401188,0.0007429420505200594
1268049341941534723,1,1,0,1,1,0,1,0,0,0,1.0,0.0,1.0,1.0,0.0,1.0,0.0,0.0,0.0,1.0,0.0,1.0,0.0,0,0,1,1.0,0.0,1.0,2,1,130,0.0,3.5378192881907595e-5,0.0,0.0,0.5,0.0,0.0,0.0,0.0,0.0,0.0,0.0,0.0,0.0012558735938554627,0.0,0.001434720229555238,0.00018150249515913597,0.0,7.170190539540292e-5,0.0014858841010401188,0.0007429420505200594
41533816,1,1,0,1,1,0,1,0,0,0,1.0,0.0,1.0,1.0,0.0,1.0,0.0,0.0,0.0,1.0,0.0,1.0,0.0,0,0,1,1.0,0.0,1.0,2,1,130,0.0,3.5378192881907595e-5,0.0,0.0,0.5,0.0,0.0,0.0,0.0,0.0,0.0,0.0,0.0,0.0012558735938554627,0.0,0.001434720229555238,0.00018150249515913597,0.0,7.170190539540292e-5,0.0014858841010401188,0.0007429420505200594
3150913182,1,1,0,1,1,0,1,0,0,0,1.0,0.0,1.0,1.0,0.0,1.0,0.0,0.0,0.0,1.0,0.0,1.0,0.0,0,0,1,1.0,0.0,1.0,2,1,130,0.0,3.5378192881907595e-5,0.0,0.0,0.5,0.0,0.0,0.0,0.0,0.0,0.0,0.0,0.0,0.0012558735938554627,0.0,0.001434720229555238,0.00018150249515913597,0.0,7.170190539540292e-5,0.0014858841010401188,0.0007429420505200594
706560632343171072,1,1,0,1,1,0,1,0,0,0,1.0,0.0,1.0,1.0,0.0,1.0,0.0,0.0,0.0,1.0,0.0,1.0,0.0,0,0,1,1.0,0.0,1.0,2,1,130,0.0,3.5378192881907595e-5,0.0,0.0,0.5,0.0,0.0,0.0,0.0,0.0,0.0,0.0,0.0,0.0012558735938554627,0.0,0.001434720229555238,0.00018150249515913597,0.0,7.170190539540292e-5,0.0014858841010401188,0.0007429420505200594
1694002507,1,1,0,1,1,0,1,0,0,0,1.0,0.0,1.0,1.0,0.0,1.0,0.0,0.0,0.0,1.0,0.0,1.0,0.0,0,0,1,1.0,0.0,1.0,2,1,130,0.0,3.5378192881907595e-5,0.0,0.0,0.5,0.0,0.0,0.0,0.0,0.0,0.0,0.0,0.0,0.0012558735938554627,0.0,0.001434720229555238,0.00018150249515913597,0.0,7.170190539540292e-5,0.0014858841010401188,0.0007429420505200594
1463204076934479873,1,1,0,1,1,0,1,0,0,0,1.0,0.0,1.0,1.0,0.0,1.0,0.0,0.0,0.0,1.0,0.0,1.0,0.0,0,0,1,1.0,0.0,1.0,2,1,130,0.0,3.5378192881907595e-5,0.0,0.0,0.5,0.0,0.0,0.0,0.0,0.0,0.0,0.0,0.0,0.0012558735938554627,0.0,0.001434720229555238,0.00018150249515913597,0.0,7.170190539540292e-5,0.0014858841010401188,0.0007429420505200594
335996055,1,1,0,1,1,0,1,0,0,0,1.0,0.0,1.0,1.0,0.0,1.0,0.0,0.0,0.0,1.0,0.0,1.0,0.0,0,0,1,1.0,0.0,1.0,2,1,130,0.0,3.5378192881907595e-5,0.0,0.0,0.5,0.0,0.0,0.0,0.0,0.0,0.0,0.0,0.0,0.0012558735938554627,0.0,0.001434720229555238,0.00018150249515913597,0.0,7.170190539540292e-5,0.0014858841010401188,0.0007429420505200594
1206591791576862723,1,1,0,1,1,0,1,0,0,0,1.0,0.0,1.0,1.0,0.0,1.0,0.0,0.0,0.0,1.0,0.0,1.0,0.0,0,0,1,1.0,0.0,1.0,2,1,130,0.0,3.5378192881907595e-5,0.0,0.0,0.5,0.0,0.0,0.0,0.0,0.0,0.0,0.0,0.0,0.0012558735938554627,0.0,0.001434720229555238,0.00018150249515913597,0.0,7.170190539540292e-5,0.0014858841010401188,0.0007429420505200594
28834750,1,1,0,1,1,0,1,0,0,0,1.0,0.0,1.0,1.0,0.0,1.0,0.0,0.0,0.0,1.0,0.0,1.0,0.0,0,0,1,1.0,0.0,1.0,2,1,130,0.0,3.5378192881907595e-5,0.0,0.0,0.5,0.0,0.0,0.0,0.0,0.0,0.0,0.0,0.0,0.0012558735938554627,0.0,0.001434720229555238,0.00018150249515913597,0.0,7.170190539540292e-5,0.0014858841010401188,0.0007429420505200594
1309646195585941505,1,1,0,1,1,0,1,0,0,0,1.0,0.0,1.0,1.0,0.0,1.0,0.0,0.0,0.0,1.0,0.0,1.0,0.0,0,0,1,1.0,0.0,1.0,2,1,130,0.0,3.5378192881907595e-5,0.0,0.0,0.5,0.0,0.0,0.0,0.0,0.0,0.0,0.0,0.0,0.0012558735938554627,0.0,0.001434720229555238,0.00018150249515913597,0.0,7.170190539540292e-5,0.0014858841010401188,0.0007429420505200594
1446763412650741762,1,1,0,1,1,0,1,0,0,0,1.0,0.0,1.0,1.0,0.0,1.0,0.0,0.0,0.0,1.0,0.0,1.0,0.0,0,0,1,1.0,0.0,1.0,2,1,130,0.0,3.5378192881907595e-5,0.0,0.0,0.5,0.0,0.0,0.0,0.0,0.0,0.0,0.0,0.0,0.0012558735938554627,0.0,0.001434720229555238,0.00018150249515913597,0.0,7.170190539540292e-5,0.0014858841010401188,0.0007429420505200594
210729774,1,1,0,1,1,0,1,0,0,0,1.0,0.0,1.0,1.0,0.0,1.0,0.0,0.0,0.0,1.0,0.0,1.0,0.0,0,0,1,1.0,0.0,1.0,2,1,130,0.0,3.5378192881907595e-5,0.0,0.0,0.5,0.0,0.0,0.0,0.0,0.0,0.0,0.0,0.0,0.0012558735938554627,0.0,0.001434720229555238,0.00018150249515913597,0.0,7.170190539540292e-5,0.0014858841010401188,0.0007429420505200594
1872223814,1,1,0,1,1,0,1,0,0,0,1.0,0.0,1.0,1.0,0.0,1.0,0.0,0.0,0.0,1.0,0.0,1.0,0.0,0,0,1,1.0,0.0,1.0,2,1,130,0.0,3.5378192881907595e-5,0.0,0.0,0.5,0.0,0.0,0.0,0.0,0.0,0.0,0.0,0.0,0.0012558735938554627,0.0,0.001434720229555238,0.00018150249515913597,0.0,7.170190539540292e-5,0.0014858841010401188,0.0007429420505200594
4834005858,1,1,0,1,1,0,1,0,0,0,1.0,0.0,1.0,1.0,0.0,1.0,0.0,0.0,0.0,1.0,0.0,1.0,0.0,0,0,1,1.0,0.0,1.0,2,1,130,0.0,3.5378192881907595e-5,0.0,0.0,0.5,0.0,0.0,0.0,0.0,0.0,0.0,0.0,0.0,0.0012558735938554627,0.0,0.001434720229555238,0.00018150249515913597,0.0,7.170190539540292e-5,0.0014858841010401188,0.0007429420505200594
813763484227932161,1,1,0,1,1,0,1,0,0,0,1.0,0.0,1.0,1.0,0.0,1.0,0.0,0.0,0.0,1.0,0.0,1.0,0.0,0,0,1,1.0,0.0,1.0,2,1,130,0.0,3.5378192881907595e-5,0.0,0.0,0.5,0.0,0.0,0.0,0.0,0.0,0.0,0.0,0.0,0.0012558735938554627,0.0,0.001434720229555238,0.00018150249515913597,0.0,7.170190539540292e-5,0.0014858841010401188,0.0007429420505200594
2742164083,1,1,0,1,1,0,1,0,0,0,1.0,0.0,1.0,1.0,0.0,1.0,0.0,0.0,0.0,1.0,0.0,1.0,0.0,0,0,1,1.0,0.0,1.0,2,1,130,0.0,3.5378192881907595e-5,0.0,0.0,0.5,0.0,0.0,0.0,0.0,0.0,0.0,0.0,0.0,0.0012558735938554627,0.0,0.001434720229555238,0.00018150249515913597,0.0,7.170190539540292e-5,0.0014858841010401188,0.0007429420505200594
447181951,23,1,0,1,1,0,1,0,0,0,1.0,0.0,1.0,1.0,0.0,1.0,0.0,0.0,0.0,1.0,0.0,1.0,0.0,0,0,1,1.0,0.0,1.0,2,1,2,0.0,3.5378192881907595e-5,0.0,0.0,0.5,0.0,0.0,0.0,0.0,0.0,0.0,0.0,0.0,0.00177920264557761,0.0,0.0014347202295552362,0.0002137293799224782,0.0,1.1031062368523526e-6,0.0014858841010401188,0.0007429420505200594
361978119,16,1,0,1,1,0,1,0,0,0,1.0,0.0,1.0,1.0,0.0,1.0,0.0,0.0,0.0,1.0,0.0,1.0,0.0,0,0,1,1.0,0.0,1.0,2,1,9,0.0,3.5378192881907595e-5,0.0,0.0,1.0,1.0,0.0,0.0,0.0,0.0,0.0,0.0,0.0,0.0013753812887563053,0.0,0.0014347202295552362,0.0002117308134255147,0.0,4.963978065835587e-6,0.0014858841010401188,0.0007429420505200594
919023246497869824,16,1,0,1,1,0,1,0,0,0,1.0,0.0,1.0,1.0,0.0,1.0,0.0,0.0,0.0,1.0,0.0,1.0,0.0,0,0,1,1.0,0.0,1.0,2,1,9,0.0,3.5378192881907595e-5,0.0,0.0,1.0,1.0,0.0,0.0,0.0,0.0,0.0,0.0,0.0,0.0013753812887563053,0.0,0.0014347202295552362,0.0002117308134255147,0.0,4.963978065835587e-6,0.0014858841010401188,0.0007429420505200594
1159508483399536640,16,1,0,1,1,0,1,0,0,0,1.0,0.0,1.0,1.0,0.0,1.0,0.0,0.0,0.0,1.0,0.0,1.0,0.0,0,0,1,1.0,0.0,1.0,2,1,9,0.0,3.5378192881907595e-5,0.0,0.0,1.0,1.0,0.0,0.0,0.0,0.0,0.0,0.0,0.0,0.0013753812887563053,0.0,0.0014347202295552362,0.0002117308134255147,0.0,4.963978065835587e-6,0.0014858841010401188,0.0007429420505200594
59725400,16,1,0,1,1,0,1,0,0,0,1.0,0.0,1.0,1.0,0.0,1.0,0.0,0.0,0.0,1.0,0.0,1.0,0.0,0,0,1,1.0,0.0,1.0,2,1,9,0.0,3.5378192881907595e-5,0.0,0.0,1.0,1.0,0.0,0.0,0.0,0.0,0.0,0.0,0.0,0.0013753812887563053,0.0,0.0014347202295552362,0.0002117308134255147,0.0,4.963978065835587e-6,0.0014858841010401188,0.0007429420505200594
2215799126,16,1,0,1,1,0,1,0,0,0,1.0,0.0,1.0,1.0,0.0,1.0,0.0,0.0,0.0,1.0,0.0,1.0,0.0,0,0,1,1.0,0.0,1.0,2,1,9,0.0,3.5378192881907595e-5,0.0,0.0,1.0,1.0,0.0,0.0,0.0,0.0,0.0,0.0,0.0,0.0013753812887563053,0.0,0.0014347202295552362,0.0002117308134255147,0.0,4.963978065835587e-6,0.0014858841010401188,0.0007429420505200594
75816710,16,1,0,1,1,0,1,0,0,0,1.0,0.0,1.0,1.0,0.0,1.0,0.0,0.0,0.0,1.0,0.0,1.0,0.0,0,0,1,1.0,0.0,1.0,2,1,9,0.0,3.5378192881907595e-5,0.0,0.0,1.0,1.0,0.0,0.0,0.0,0.0,0.0,0.0,0.0,0.0013753812887563053,0.0,0.0014347202295552362,0.0002117308134255147,0.0,4.963978065835587e-6,0.0014858841010401188,0.0007429420505200594
28405879,16,1,0,1,1,0,1,0,0,0,1.0,0.0,1.0,1.0,0.0,1.0,0.0,0.0,0.0,1.0,0.0,1.0,0.0,0,0,1,1.0,0.0,1.0,2,1,9,0.0,3.5378192881907595e-5,0.0,0.0,1.0,1.0,0.0,0.0,0.0,0.0,0.0,0.0,0.0,0.0013753812887563053,0.0,0.0014347202295552362,0.0002117308134255147,0.0,4.963978065835587e-6,0.0014858841010401188,0.0007429420505200594
431418115,16,1,0,1,1,0,1,0,0,0,1.0,0.0,1.0,1.0,0.0,1.0,0.0,0.0,0.0,1.0,0.0,1.0,0.0,0,0,1,1.0,0.0,1.0,2,1,9,0.0,3.5378192881907595e-5,0.0,0.0,1.0,1.0,0.0,0.0,0.0,0.0,0.0,0.0,0.0,0.0013753812887563053,0.0,0.0014347202295552362,0.0002117308134255147,0.0,4.963978065835587e-6,0.0014858841010401188,0.0007429420505200594
