node,community,in_degree,out_degree,total_degree,in_degree_in_group,out_degree_in_group,total_degree_in_group,in_degree_between,out_degree_between,total_degree_between,weighted_in_degree,weighted_out_degree,weighted_total_degree,weighted_in_degree_in_group,weighted_out_degree_in_group,weighted_total_degree_in_group,weighted_in_degree_between,weighted_out_degree_between,weighted_total_degree_between,in_group_indegree_ratio,in_group_outdegree_ratio,in_group_indegree_strength_fraction,in_group_outdegree_strength_fraction,k_core_in,k_core_out,k_core_undirected,s_core_in,s_core_out,s_core_undirected,in_reach_2,out_reach_2,undirected_reach_2,out_degree_normalized,in_degree_normalized,in_out_ratio,weighted_in_out_ratio,ego_density,density_clustering_coefficient,cg_cycle,cg_middleman,cg_in,cg_out,cg_total,barrat_local,r_norm_ranked,page_rank,salsa_hub,salsa_authority,modularity_vitality_hub,modularity_vitality_bridge,undirected_reach_2_normalized,in_reach_2_normalized,out_reach_2_normalized
0,6,0,278,278,0,161,161,0,117,117,0.0,387.0,387.0,0.0,242.0,242.0,0.0,145.0,145.0,0.0,0.579136690647482,0.0,0.6253229974160207,0,2,5,0.0,17.0,19.0,1,410,414,0.1657387580299786,0.0,0.0,0.0,0.0066656352337484855,0.0030924900367475805,0.0,0.0,0.0,0.003526152296196793,0.003526152296196793,0.0067258090094124015,0.0,0.002097817119634378,0.05555555555555575,0.0,0.0,0.053579655609859334,0.0018942513589194532,0.0021413276231263384,0.8779443254817987
16851560610110651,1,1,53,54,1,40,41,0,13,13,1.0,63.0,64.0,1.0,45.0,46.0,0.0,18.0,18.0,1.0,0.7547169811320755,1.0,0.7142857142857143,1,2,6,1.0,11.0,15.0,5,174,182,0.026980728051391862,0.00042826552462526765,0.018867924528266286,0.015873015872990677,0.04682040531097135,0.02847988608045568,0.06140350877192982,0.6403508771929824,0.0,0.03311965811965812,0.04380530973451328,0.06911057692307693,0.3,0.0021327852280447436,0.05555555555555549,0.0022371364653243834,0.012733314890213676,0.0,0.0008327385201046872,0.010706638115631691,0.37259100642398285
3577105742580564507,3,5,58,63,2,40,42,3,18,21,7.0,63.0,70.0,3.0,45.0,48.0,4.0,18.0,22.0,0.4,0.6896551724137931,0.42857142857142855,0.7142857142857143,2,2,6,13.0,12.0,14.0,12,113,191,0.026980728051391862,0.0029978586723768737,0.0862068965515755,0.11111111111093475,0.03917050691244239,0.023413111342351717,0.02092050209205021,0.2691771269177127,0.5357142857142857,0.011974380395433026,0.03736162361623616,0.06276346604215456,0.4,0.0024472632155226656,0.05555555555555548,0.002237136465324383,0.014284437139197692,0.0,0.0008739178974725014,0.02569593147751606,0.24197002141327623
6331486836036895988,2,0,12,12,0,11,11,0,1,1,0.0,12.0,12.0,0.0,11.0,11.0,0.0,1.0,1.0,0.0,0.9166666666666666,0.0,0.9166666666666666,0,0,3,0.0,7.0,4.0,1,13,19,0.005139186295503212,0.0,0.0,0.0,0.07692307692307693,0.0,0.0,0.0,0.0,0.0,0.0,0.0,0.0,0.002097817119634378,0.05555555555555553,0.0,0.008468847059752316,0.0,8.693424110982997e-5,0.0021413276231263384,0.027837259100642397
4391701289550400083,7,0,32,32,0,24,24,0,8,8,0.0,36.0,36.0,0.0,26.0,26.0,0.0,10.0,10.0,0.0,0.75,0.0,0.7222222222222222,0,2,5,0.0,9.0,9.0,1,157,164,0.015417558886509636,0.0,0.0,0.0,0.05303030303030303,0.0234375,0.0,0.0,0.0,0.02867383512544803,0.02867383512544803,0.05197132616487455,0.0,0.002097817119634378,0.055555555555555566,0.0,0.0056763839893133605,0.0,0.0007503797653690587,0.0021413276231263384,0.3361884368308351
7907653196361365248,3,5,50,55,1,34,35,4,16,20,16.0,61.0,77.0,5.0,45.0,50.0,11.0,16.0,27.0,0.2,0.68,0.3125,0.7377049180327869,2,2,6,17.0,10.0,20.0,12,140,421,0.026124197002141327,0.006852248394004282,0.0999999999998,0.26229508196678314,0.046464646464646465,0.028463648834019206,0.02187784867821331,0.2543299908842297,0.4140625,0.017898962863834057,0.05578313253012048,0.09507473658417055,0.7,0.002679775128027399,0.0555555555555555,0.0022371364653243847,0.010440895776769099,0.0,0.0019262797635388642,0.02569593147751606,0.29978586723768735
1099183719775572333,1,4,60,64,1,40,41,3,20,23,4.0,72.0,76.0,1.0,49.0,50.0,3.0,23.0,26.0,0.25,0.6666666666666666,0.25,0.6805555555555556,2,2,6,6.0,13.0,16.0,12,174,413,0.030835117773019272,0.0017130620985010706,0.06666666666655556,0.05555555555547839,0.048122686409307246,0.03171190540177372,0.036468330134357005,0.3666026871401152,0.5,0.026129943502824857,0.04643380046015478,0.07478070175438596,0.5,0.002520414513970603,0.0555555555555555,0.0022371364653243843,0.014869442760459706,0.0,0.0018896758725452515,0.02569593147751606,0.37259100642398285
422174908067001742,3,12,77,88,6,57,62,6,20,26,22.0,104.0,123.0,11.0,84.0,92.0,11.0,20.0,31.0,0.5,0.7402597402597403,0.5,0.8076923076923077,2,2,6,18.0,14.0,21.0,15,166,448,0.043254817987152035,0.008137044967880086,0.15584415584395345,0.21153846153825814,0.027395295467584624,0.014951371752068515,0.011815675462780622,0.14887751083103584,0.22105263157894736,0.013927392739273927,0.03411296583850932,0.05508130081300813,0.8,0.006084570996985008,0.05555555555555546,0.0022371364653243843,0.021059408970803828,0.0,0.0020498178956423066,0.032119914346895075,0.3554603854389722
7409110796171492211,4,1,1,1,1,1,1,0,0,0,1.0,1.0,1.0,1.0,1.0,1.0,0.0,0.0,0.0,1.0,1.0,1.0,1.0,0,0,0,1.0,1.0,3.0,1,1,1,0.0,0.0,0.9999999999,0.9999999999,0.0,0.0,0.0,0.0,0.0,0.0,0.0,0.0,0.0,0.002202643171806167,0.0,0.0,0.0008068442319790203,0.0,4.575486374201577e-6,0.0021413276231263384,0.0021413276231263384
7524153963603998917,5,3,21,24,1,19,20,2,2,4,5.0,22.0,27.0,1.0,20.0,21.0,4.0,2.0,6.0,0.3333333333333333,0.9047619047619048,0.2,0.9090909090909091,2,2,4,9.0,8.0,13.0,6,259,369,0.009421841541755889,0.0021413276231263384,0.1428571428564626,0.22727272727169423,0.1358695652173913,0.09640831758034027,0.05917159763313609,0.7751479289940828,0.4,0.045454545454545456,0.15266558966074315,0.25757575757575757,0.6,0.0021563995539745236,0.05555555555555562,0.0022371364653243856,0.0029946801865563533,0.0,0.0016883544720803821,0.01284796573875803,0.5546038543897216
7399440070709979434,6,2,143,145,0,128,128,2,15,17,2.0,158.0,160.0,0.0,141.0,141.0,2.0,17.0,19.0,0.0,0.8951048951048951,0.0,0.8924050632911392,2,2,4,3.0,15.0,11.0,6,225,226,0.06766595289079229,0.0008565310492505353,0.013986013986004207,0.012658227848093255,0.012383449883449884,0.0053792361484669175,0.016778523489932886,0.35067114093959734,1.0,0.007421108932073453,0.012069115220977686,0.01875,0.1,0.002716047911617058,0.05555555555555554,0.002237136465324382,0.006772736724077966,0.0,0.0010340599205695565,0.01284796573875803,0.4817987152034261
8393363019731571283,3,0,2,2,0,2,2,0,0,0,0.0,2.0,2.0,0.0,2.0,2.0,0.0,0.0,0.0,0.0,1.0,0.0,1.0,0,1,1,0.0,2.0,2.0,1,79,85,0.0008565310492505353,0.0,0.0,0.0,0.5,0.25,0.0,0.0,0.0,0.0,0.0,0.0,0.0,0.002097817119634378,0.055555555555555566,0.0,0.00033405369051303646,0.0,0.0003889163418071341,0.0021413276231263384,0.16916488222698073
6607728628972233481,5,5,179,184,3,91,94,2,88,90,8.0,194.0,202.0,5.0,104.0,109.0,3.0,90.0,93.0,0.6,0.5083798882681564,0.625,0.5360824742268041,2,2,4,9.0,16.0,12.0,6,301,369,0.08308351177730193,0.003426124197002141,0.027932960893839145,0.0412371134020406,0.01390322384797523,0.008363603064619517,0.005847953216374269,0.27736006683375103,0.390625,0.0035474342638711917,0.01282536933816765,0.02178217821782178,0.2,0.004887470136306571,0.05555555555555551,0.0022371364653243843,0.01803282175343668,0.0,0.0016883544720803821,0.01284796573875803,0.6445396145610278
1088130128537301131,5,4,3,7,2,2,4,2,1,3,9.0,4.0,13.0,3.0,3.0,6.0,6.0,1.0,7.0,0.5,0.6666666666666666,0.3333333333333333,0.75,2,2,4,12.0,4.0,13.0,6,224,305,0.0017130620985010706,0.003854389721627409,1.3333333332888888,2.24999999994375,0.5333333333333333,0.36,0.35135135135135137,0.6216216216216216,0.5,0.5625,0.5,0.7307692307692307,1.0,0.0023748117319211085,0.05555555555555558,0.0022371364653243856,0.0,0.0010394971051135293,0.0013955233441314812,0.01284796573875803,0.4796573875802998
725140664409406866,5,2,2,4,1,2,3,1,0,1,2.0,3.0,5.0,1.0,3.0,4.0,1.0,0.0,1.0,0.5,1.0,0.5,1.0,1,1,4,3.0,3.0,7.0,5,181,305,0.001284796573875803,0.0008565310492505353,0.99999999995,0.6666666666444444,0.5,0.375,0.3,0.8,0.5,0.5,0.5333333333333333,0.8666666666666667,0.0,0.0022011448035122354,0.05555555555555558,0.0022371364653243865,0.00139052728351724,0.0,0.0013955233441314812,0.010706638115631691,0.3875802997858672
9905005095708949095,7,2,3,5,1,2,3,1,1,2,2.0,6.0,8.0,1.0,5.0,6.0,1.0,1.0,2.0,0.5,0.6666666666666666,0.5,0.8333333333333334,0,0,3,3.0,5.0,6.0,3,4,305,0.002569593147751606,0.0008565310492505353,0.6666666666444444,0.33333333332777776,0.26666666666666666,0.12,0.0,0.5,0.0,0.0,0.140625,0.28125,0.0,0.0021614420671095575,0.05555555555555558,0.002237136465324385,0.002905128799117973,0.0,0.0013955233441314812,0.006423982869379015,0.008565310492505354
8177346544881664043,3,0,1,1,0,1,1,0,0,0,0.0,1.0,1.0,0.0,1.0,1.0,0.0,0.0,0.0,0.0,1.0,0.0,1.0,0,1,1,0.0,1.0,1.0,1,78,84,0.00042826552462526765,0.0,0.0,0.0,1.0,1.0,0.0,0.0,0.0,0.0,0.0,0.0,0.0,0.002097817119634378,0.0555555555555556,0.0,0.00016642391077786867,0.0,0.00038434085543293255,0.0021413276231263384,0.1670235546038544
9213053959873058888,7,0,1,1,0,1,1,0,0,0,0.0,1.0,1.0,0.0,1.0,1.0,0.0,0.0,0.0,0.0,1.0,0.0,1.0,0,0,1,0.0,1.0,1.0,1,2,4,0.00042826552462526765,0.0,0.0,0.0,0.5,0.0,0.0,0.0,0.0,0.0,0.0,0.0,0.0,0.002097817119634378,0.05555555555555558,0.0,0.0007957770605297454,0.0,1.830194549680631e-5,0.0021413276231263384,0.004282655246252677
7390708921792861494,3,6,8,14,3,5,8,3,3,6,14.0,8.0,22.0,7.0,5.0,12.0,7.0,3.0,10.0,0.5,0.625,0.5,0.625,2,2,6,14.0,6.0,17.0,12,119,412,0.003426124197002141,0.0059957173447537475,0.749999999990625,1.749999999978125,0.33974358974358976,0.2708333333333333,0.16129032258064516,0.5870967741935483,0.5428571428571428,0.25,0.3914590747330961,0.6033057851239669,0.9,0.002588275256983927,0.05555555555555555,0.0022371364653243834,0.002086357036997555,0.0,0.00188510038617105,0.02569593147751606,0.25481798715203424
5147475753250500028,1,3,0,3,2,0,2,1,0,1,5.0,0.0,5.0,3.0,0.0,3.0,2.0,0.0,2.0,0.6666666666666666,0.0,0.6,0.0,1,0,3,6.0,0.0,8.0,6,1,329,0.0,0.0021413276231263384,0.0,0.0,0.5,0.3333333333333333,0.0,0.0,0.45,0.0,0.45,0.6,0.0,0.00221124969351613,0.0,0.002237136465324385,0.0,0.0009636838007193171,0.001505335017112319,0.01284796573875803,0.0021413276231263384
7216921531766855648,3,3,0,3,2,0,2,1,0,1,11.0,0.0,11.0,9.0,0.0,9.0,2.0,0.0,2.0,0.6666666666666666,0.0,0.8181818181818182,0.0,2,0,3,16.0,0.0,14.0,13,1,372,0.0,0.004710920770877944,0.0,0.0,0.6666666666666666,0.5555555555555556,0.0,0.0,0.7045454545454546,0.0,0.7045454545454546,1.0,0.0,0.0025850734816551613,0.0,0.0022371364653243834,7.115264189860859e-5,0.0,0.0017020809312029868,0.027837259100642397,0.0021413276231263384
480775452057338485,6,3,0,3,2,0,2,1,0,1,4.0,0.0,4.0,3.0,0.0,3.0,1.0,0.0,1.0,0.6666666666666666,0.0,0.75,0.0,2,0,3,6.0,0.0,5.0,7,1,305,0.0,0.0017130620985010706,0.0,0.0,0.5,0.3333333333333333,0.0,0.0,0.4375,0.0,0.4375,0.625,0.0,0.0021509846648277,0.0,0.0022371364653243847,0.0,0.0004448645760964376,0.0013955233441314812,0.014989293361884369,0.0021413276231263384
7181703098341176891,7,2,0,2,1,0,1,1,0,1,4.0,0.0,4.0,3.0,0.0,3.0,1.0,0.0,1.0,0.5,0.0,0.75,0.0,0,0,2,4.0,0.0,5.0,4,1,280,0.0,0.0017130620985010706,0.0,0.0,0.5,0.25,0.0,0.0,0.5,0.0,0.5,1.0,0.0,0.0031827913355575435,0.0,0.0022371364653243847,0.001983996247123143,0.0,0.0012811361847764418,0.008565310492505354,0.0021413276231263384
108729280960716849,3,8,0,8,4,0,4,4,0,4,15.0,0.0,15.0,9.0,0.0,9.0,6.0,0.0,6.0,0.5,0.0,0.6,0.0,2,0,6,15.0,0.0,18.0,14,1,412,0.0,0.006423982869379015,0.0,0.0,0.4861111111111111,0.421875,0.0,0.0,0.5285714285714286,0.0,0.5285714285714286,0.7714285714285715,0.0,0.003335010930392196,0.0,0.0022371364653243834,0.0011716421721138515,0.0,0.00188510038617105,0.029978586723768737,0.0021413276231263384
4541156820498934959,7,3,0,3,2,0,2,1,0,1,4.0,0.0,4.0,3.0,0.0,3.0,1.0,0.0,1.0,0.6666666666666666,0.0,0.75,0.0,0,0,2,5.0,0.0,4.0,5,1,281,0.0,0.0017130620985010706,0.0,0.0,0.3333333333333333,0.1111111111111111,0.0,0.0,0.1875,0.0,0.1875,0.375,0.0,0.0049185003264528866,0.0,0.0022371364653243847,0.001983996247123143,0.0,0.0012857116711506432,0.010706638115631691,0.0021413276231263384
5231813673079595751,6,1,0,1,1,0,1,0,0,0,1.0,0.0,1.0,1.0,0.0,1.0,0.0,0.0,0.0,1.0,0.0,1.0,0.0,0,0,1,1.0,0.0,1.0,2,1,279,0.0,0.00042826552462526765,0.0,0.0,0.5,0.0,0.0,0.0,0.0,0.0,0.0,0.0,0.0,0.002103232008781202,0.0,0.002237136465324388,4.173377911537157e-5,0.0,0.00127656069840224,0.004282655246252677,0.0021413276231263384
8472378112518352925,6,3,0,3,2,0,2,1,0,1,4.0,0.0,4.0,3.0,0.0,3.0,1.0,0.0,1.0,0.6666666666666666,0.0,0.75,0.0,2,0,3,6.0,0.0,5.0,7,1,305,0.0,0.0017130620985010706,0.0,0.0,0.5,0.3333333333333333,0.0,0.0,0.4375,0.0,0.4375,0.625,0.0,0.0021509846648277,0.0,0.0022371364653243847,0.0,0.0004448645760964376,0.0013955233441314812,0.014989293361884369,0.0021413276231263384
4647250235727854959,6,2,0,2,2,0,2,0,0,0,2.0,0.0,2.0,2.0,0.0,2.0,0.0,0.0,0.0,1.0,0.0,1.0,0.0,1,0,2,3.0,0.0,3.0,5,1,281,0.0,0.0008565310492505353,0.0,0.0,0.3333333333333333,0.0,0.0,0.0,0.0,0.0,0.0,0.0,0.0,0.0021204037081188967,0.0,0.0022371364653243856,8.425622899532748e-5,0.0,0.0012857116711506432,0.010706638115631691,0.0021413276231263384
9801998045589068669,6,3,0,3,2,0,2,1,0,1,4.0,0.0,4.0,3.0,0.0,3.0,1.0,0.0,1.0,0.6666666666666666,0.0,0.75,0.0,2,0,3,6.0,0.0,5.0,7,1,305,0.0,0.0017130620985010706,0.0,0.0,0.5,0.3333333333333333,0.0,0.0,0.4375,0.0,0.4375,0.625,0.0,0.0021509846648277,0.0,0.0022371364653243847,0.0,0.0004448645760964376,0.0013955233441314812,0.014989293361884369,0.0021413276231263384
7609962296920991996,5,2,0,2,1,0,1,1,0,1,2.0,0.0,2.0,1.0,0.0,1.0,1.0,0.0,1.0,0.5,0.0,0.5,0.0,1,0,2,3.0,0.0,3.0,7,1,305,0.0,0.0008565310492505353,0.0,0.0,0.5,0.25,0.0,0.0,0.5,0.0,0.5,1.0,0.0,0.0021283980763431814,0.0,0.0022371364653243847,0.0,8.450586538849558e-5,0.0013955233441314812,0.014989293361884369,0.0021413276231263384
9423950957866292850,6,2,0,2,2,0,2,0,0,0,3.0,0.0,3.0,3.0,0.0,3.0,0.0,0.0,0.0,1.0,0.0,1.0,0.0,1,0,2,5.0,0.0,4.0,5,1,281,0.0,0.001284796573875803,0.0,0.0,0.3333333333333333,0.0,0.0,0.0,0.0,0.0,0.0,0.0,0.0,0.002125818597265721,0.0,0.002237136465324386,0.0001275711358011411,0.0,0.0012857116711506432,0.010706638115631691,0.0021413276231263384
1789203196728907042,5,4,0,4,2,0,2,2,0,2,5.0,0.0,5.0,2.0,0.0,2.0,3.0,0.0,3.0,0.5,0.0,0.4,0.0,2,0,4,9.0,0.0,8.0,7,1,305,0.0,0.0021413276231263384,0.0,0.0,0.55,0.4375,0.0,0.0,0.5333333333333333,0.0,0.5333333333333333,0.8,0.0,0.0022488974595587332,0.0,0.0022371364653243847,0.0,0.0007382639539963431,0.0013955233441314812,0.014989293361884369,0.0021413276231263384
1567607254947885386,5,2,0,2,1,0,1,1,0,1,2.0,0.0,2.0,1.0,0.0,1.0,1.0,0.0,1.0,0.5,0.0,0.5,0.0,1,0,2,3.0,0.0,3.0,7,1,305,0.0,0.0008565310492505353,0.0,0.0,0.5,0.25,0.0,0.0,0.5,0.0,0.5,1.0,0.0,0.0021283980763431814,0.0,0.0022371364653243847,0.0,8.450586538849558e-5,0.0013955233441314812,0.014989293361884369,0.0021413276231263384
4940856781375489857,6,3,0,3,2,0,2,1,0,1,3.0,0.0,3.0,2.0,0.0,2.0,1.0,0.0,1.0,0.6666666666666666,0.0,0.6666666666666666,0.0,2,0,3,5.0,0.0,4.0,7,1,305,0.0,0.001284796573875803,0.0,0.0,0.5,0.3333333333333333,0.0,0.0,0.5,0.0,0.5,0.6666666666666666,0.0,0.0021455697756808762,0.0,0.002237136465324384,0.0,0.0004879042835468361,0.0013955233441314812,0.014989293361884369,0.0021413276231263384
6133936004894329430,6,2,0,2,2,0,2,0,0,0,2.0,0.0,2.0,2.0,0.0,2.0,0.0,0.0,0.0,1.0,0.0,1.0,0.0,1,0,2,3.0,0.0,3.0,5,1,281,0.0,0.0008565310492505353,0.0,0.0,0.3333333333333333,0.0,0.0,0.0,0.0,0.0,0.0,0.0,0.0,0.0021204037081188967,0.0,0.0022371364653243856,8.425622899532748e-5,0.0,0.0012857116711506432,0.010706638115631691,0.0021413276231263384
1170154116995816671,5,2,0,2,1,0,1,1,0,1,2.0,0.0,2.0,1.0,0.0,1.0,1.0,0.0,1.0,0.5,0.0,0.5,0.0,1,0,2,3.0,0.0,3.0,7,1,305,0.0,0.0008565310492505353,0.0,0.0,0.5,0.25,0.0,0.0,0.5,0.0,0.5,1.0,0.0,0.0021283980763431814,0.0,0.0022371364653243847,0.0,8.450586538849558e-5,0.0013955233441314812,0.014989293361884369,0.0021413276231263384
7187324434400477101,6,4,0,4,2,0,2,2,0,2,7.0,0.0,7.0,5.0,0.0,5.0,2.0,0.0,2.0,0.5,0.0,0.7142857142857143,0.0,2,0,4,11.0,0.0,10.0,7,1,305,0.0,0.0029978586723768737,0.0,0.0,0.55,0.4375,0.0,0.0,0.5,0.0,0.5,0.7619047619047619,0.0,0.002271484048043252,0.0,0.0022371364653243847,0.0,0.0009299783736963496,0.0013955233441314812,0.014989293361884369,0.0021413276231263384
9413712446255960842,6,3,0,3,2,0,2,1,0,1,4.0,0.0,4.0,3.0,0.0,3.0,1.0,0.0,1.0,0.6666666666666666,0.0,0.75,0.0,2,0,3,6.0,0.0,5.0,7,1,305,0.0,0.0017130620985010706,0.0,0.0,0.5,0.3333333333333333,0.0,0.0,0.4375,0.0,0.4375,0.625,0.0,0.0021509846648277,0.0,0.0022371364653243847,0.0,0.0004448645760964376,0.0013955233441314812,0.014989293361884369,0.0021413276231263384
4901947058230122757,6,3,0,3,2,0,2,1,0,1,5.0,0.0,5.0,4.0,0.0,4.0,1.0,0.0,1.0,0.6666666666666666,0.0,0.8,0.0,2,0,3,6.0,0.0,8.0,7,1,305,0.0,0.0021413276231263384,0.0,0.0,0.5,0.3333333333333333,0.0,0.0,0.45,0.0,0.45,0.6,0.0,0.002168156364165395,0.0,0.0022371364653243847,0.0,0.0004010275121851259,0.0013955233441314812,0.014989293361884369,0.0021413276231263384
3891881645679995655,6,2,0,2,2,0,2,0,0,0,3.0,0.0,3.0,3.0,0.0,3.0,0.0,0.0,0.0,1.0,0.0,1.0,0.0,1,0,2,4.0,0.0,4.0,5,1,281,0.0,0.001284796573875803,0.0,0.0,0.3333333333333333,0.0,0.0,0.0,0.0,0.0,0.0,0.0,0.0,0.0021375754074565924,0.0,0.0022371364653243843,0.0001275711358011411,0.0,0.0012857116711506432,0.010706638115631691,0.0021413276231263384
9549684505842288823,6,3,0,3,2,0,2,1,0,1,4.0,0.0,4.0,3.0,0.0,3.0,1.0,0.0,1.0,0.6666666666666666,0.0,0.75,0.0,2,0,3,6.0,0.0,5.0,7,1,305,0.0,0.0017130620985010706,0.0,0.0,0.5,0.3333333333333333,0.0,0.0,0.4375,0.0,0.4375,0.625,0.0,0.0021509846648277,0.0,0.0022371364653243847,0.0,0.0004448645760964376,0.0013955233441314812,0.014989293361884369,0.0021413276231263384
4841474579975958066,6,3,0,3,2,0,2,1,0,1,3.0,0.0,3.0,2.0,0.0,2.0,1.0,0.0,1.0,0.6666666666666666,0.0,0.6666666666666666,0.0,2,0,3,5.0,0.0,4.0,7,1,305,0.0,0.001284796573875803,0.0,0.0,0.5,0.3333333333333333,0.0,0.0,0.5,0.0,0.5,0.6666666666666666,0.0,0.0021455697756808762,0.0,0.002237136465324384,0.0,0.0004879042835468361,0.0013955233441314812,0.014989293361884369,0.0021413276231263384
4270490265755475514,6,3,0,3,2,0,2,1,0,1,4.0,0.0,4.0,3.0,0.0,3.0,1.0,0.0,1.0,0.6666666666666666,0.0,0.75,0.0,2,0,3,6.0,0.0,5.0,7,1,305,0.0,0.0017130620985010706,0.0,0.0,0.5,0.3333333333333333,0.0,0.0,0.4375,0.0,0.4375,0.625,0.0,0.0021509846648277,0.0,0.0022371364653243847,0.0,0.0004448645760964376,0.0013955233441314812,0.014989293361884369,0.0021413276231263384
9431846391295416560,6,3,0,3,2,0,2,1,0,1,4.0,0.0,4.0,3.0,0.0,3.0,1.0,0.0,1.0,0.6666666666666666,0.0,0.75,0.0,2,0,3,6.0,0.0,5.0,7,1,305,0.0,0.0017130620985010706,0.0,0.0,0.5,0.3333333333333333,0.0,0.0,0.4375,0.0,0.4375,0.625,0.0,0.0021509846648277,0.0,0.0022371364653243847,0.0,0.0004448645760964376,0.0013955233441314812,0.014989293361884369,0.0021413276231263384
6577370561272669276,6,2,0,2,2,0,2,0,0,0,3.0,0.0,3.0,3.0,0.0,3.0,0.0,0.0,0.0,1.0,0.0,1.0,0.0,1,0,2,5.0,0.0,4.0,5,1,281,0.0,0.001284796573875803,0.0,0.0,0.3333333333333333,0.0,0.0,0.0,0.0,0.0,0.0,0.0,0.0,0.002125818597265721,0.0,0.002237136465324386,0.0001275711358011411,0.0,0.0012857116711506432,0.010706638115631691,0.0021413276231263384
877199024491968922,6,3,0,3,2,0,2,1,0,1,4.0,0.0,4.0,3.0,0.0,3.0,1.0,0.0,1.0,0.6666666666666666,0.0,0.75,0.0,2,0,3,6.0,0.0,5.0,7,1,305,0.0,0.0017130620985010706,0.0,0.0,0.5,0.3333333333333333,0.0,0.0,0.4375,0.0,0.4375,0.625,0.0,0.0021509846648277,0.0,0.0022371364653243847,0.0,0.0004448645760964376,0.0013955233441314812,0.014989293361884369,0.0021413276231263384
3511566897613450019,6,3,0,3,2,0,2,1,0,1,4.0,0.0,4.0,3.0,0.0,3.0,1.0,0.0,1.0,0.6666666666666666,0.0,0.75,0.0,2,0,3,6.0,0.0,5.0,7,1,305,0.0,0.0017130620985010706,0.0,0.0,0.5,0.3333333333333333,0.0,0.0,0.4375,0.0,0.4375,0.625,0.0,0.0021509846648277,0.0,0.0022371364653243847,0.0,0.0004448645760964376,0.0013955233441314812,0.014989293361884369,0.0021413276231263384
5376420050072934932,6,1,0,1,1,0,1,0,0,0,1.0,0.0,1.0,1.0,0.0,1.0,0.0,0.0,0.0,1.0,0.0,1.0,0.0,0,0,1,1.0,0.0,1.0,2,1,279,0.0,0.00042826552462526765,0.0,0.0,0.5,0.0,0.0,0.0,0.0,0.0,0.0,0.0,0.0,0.002103232008781202,0.0,0.002237136465324388,4.173377911537157e-5,0.0,0.00127656069840224,0.004282655246252677,0.0021413276231263384
8540556175725613117,5,2,0,2,1,0,1,1,0,1,2.0,0.0,2.0,1.0,0.0,1.0,1.0,0.0,1.0,0.5,0.0,0.5,0.0,1,0,2,3.0,0.0,3.0,7,1,305,0.0,0.0008565310492505353,0.0,0.0,0.5,0.25,0.0,0.0,0.5,0.0,0.5,1.0,0.0,0.0021283980763431814,0.0,0.0022371364653243847,0.0,8.450586538849558e-5,0.0013955233441314812,0.014989293361884369,0.0021413276231263384
3473111154645954708,6,3,0,3,2,0,2,1,0,1,3.0,0.0,3.0,2.0,0.0,2.0,1.0,0.0,1.0,0.6666666666666666,0.0,0.6666666666666666,0.0,2,0,3,5.0,0.0,4.0,7,1,305,0.0,0.001284796573875803,0.0,0.0,0.5,0.3333333333333333,0.0,0.0,0.5,0.0,0.5,0.6666666666666666,0.0,0.0021455697756808762,0.0,0.002237136465324384,0.0,0.0004879042835468361,0.0013955233441314812,0.014989293361884369,0.0021413276231263384
1346820926659650560,5,2,0,2,1,0,1,1,0,1,2.0,0.0,2.0,1.0,0.0,1.0,1.0,0.0,1.0,0.5,0.0,0.5,0.0,1,0,2,3.0,0.0,3.0,7,1,305,0.0,0.0008565310492505353,0.0,0.0,0.5,0.25,0.0,0.0,0.5,0.0,0.5,1.0,0.0,0.0021283980763431814,0.0,0.0022371364653243847,0.0,8.450586538849558e-5,0.0013955233441314812,0.014989293361884369,0.0021413276231263384
393981260242032288,5,2,0,2,1,0,1,1,0,1,2.0,0.0,2.0,1.0,0.0,1.0,1.0,0.0,1.0,0.5,0.0,0.5,0.0,1,0,2,3.0,0.0,3.0,7,1,305,0.0,0.0008565310492505353,0.0,0.0,0.5,0.25,0.0,0.0,0.5,0.0,0.5,1.0,0.0,0.0021283980763431814,0.0,0.0022371364653243847,0.0,8.450586538849558e-5,0.0013955233441314812,0.014989293361884369,0.0021413276231263384
4929126765149750373,6,3,0,3,2,0,2,1,0,1,4.0,0.0,4.0,3.0,0.0,3.0,1.0,0.0,1.0,0.6666666666666666,0.0,0.75,0.0,2,0,3,6.0,0.0,5.0,7,1,305,0.0,0.0017130620985010706,0.0,0.0,0.5,0.3333333333333333,0.0,0.0,0.4375,0.0,0.4375,0.625,0.0,0.0021509846648277,0.0,0.0022371364653243847,0.0,0.0004448645760964376,0.0013955233441314812,0.014989293361884369,0.0021413276231263384
7514791268465467465,5,2,0,2,1,0,1,1,0,1,2.0,0.0,2.0,1.0,0.0,1.0,1.0,0.0,1.0,0.5,0.0,0.5,0.0,1,0,2,3.0,0.0,3.0,7,1,305,0.0,0.0008565310492505353,0.0,0.0,0.5,0.25,0.0,0.0,0.5,0.0,0.5,1.0,0.0,0.0021283980763431814,0.0,0.0022371364653243847,0.0,8.450586538849558e-5,0.0013955233441314812,0.014989293361884369,0.0021413276231263384
7757476116280636452,5,2,0,2,1,0,1,1,0,1,2.0,0.0,2.0,1.0,0.0,1.0,1.0,0.0,1.0,0.5,0.0,0.5,0.0,1,0,2,3.0,0.0,3.0,7,1,305,0.0,0.0008565310492505353,0.0,0.0,0.5,0.25,0.0,0.0,0.5,0.0,0.5,1.0,0.0,0.0021283980763431814,0.0,0.0022371364653243847,0.0,8.450586538849558e-5,0.0013955233441314812,0.014989293361884369,0.0021413276231263384
753257128543532865,5,2,0,2,1,0,1,1,0,1,2.0,0.0,2.0,1.0,0.0,1.0,1.0,0.0,1.0,0.5,0.0,0.5,0.0,1,0,2,3.0,0.0,3.0,7,1,305,0.0,0.0008565310492505353,0.0,0.0,0.5,0.25,0.0,0.0,0.5,0.0,0.5,1.0,0.0,0.0021283980763431814,0.0,0.0022371364653243847,0.0,8.450586538849558e-5,0.0013955233441314812,0.014989293361884369,0.0021413276231263384
6242808612892918903,6,3,0,3,2,0,2,1,0,1,4.0,0.0,4.0,3.0,0.0,3.0,1.0,0.0,1.0,0.6666666666666666,0.0,0.75,0.0,2,0,3,6.0,0.0,5.0,7,1,305,0.0,0.0017130620985010706,0.0,0.0,0.5,0.3333333333333333,0.0,0.0,0.4375,0.0,0.4375,0.625,0.0,0.0021509846648277,0.0,0.0022371364653243847,0.0,0.0004448645760964376,0.0013955233441314812,0.014989293361884369,0.0021413276231263384
3077353188596988058,5,3,0,3,2,0,2,1,0,1,3.0,0.0,3.0,2.0,0.0,2.0,1.0,0.0,1.0,0.6666666666666666,0.0,0.6666666666666666,0.0,2,0,3,6.0,0.0,4.0,7,1,305,0.0,0.001284796573875803,0.0,0.0,0.5833333333333334,0.4444444444444444,0.0,0.0,0.6666666666666666,0.0,0.6666666666666666,1.0,0.0,0.0022263108710742145,0.0,0.0022371364653243843,0.000404877205372689,0.0,0.0013955233441314812,0.014989293361884369,0.0021413276231263384
4551756220168236319,6,3,0,3,2,0,2,1,0,1,4.0,0.0,4.0,3.0,0.0,3.0,1.0,0.0,1.0,0.6666666666666666,0.0,0.75,0.0,2,0,3,6.0,0.0,5.0,7,1,305,0.0,0.0017130620985010706,0.0,0.0,0.5,0.3333333333333333,0.0,0.0,0.4375,0.0,0.4375,0.625,0.0,0.0021509846648277,0.0,0.0022371364653243847,0.0,0.0004448645760964376,0.0013955233441314812,0.014989293361884369,0.0021413276231263384
6504837945176405616,6,3,0,3,2,0,2,1,0,1,3.0,0.0,3.0,2.0,0.0,2.0,1.0,0.0,1.0,0.6666666666666666,0.0,0.6666666666666666,0.0,2,0,3,5.0,0.0,4.0,7,1,305,0.0,0.001284796573875803,0.0,0.0,0.5,0.3333333333333333,0.0,0.0,0.5,0.0,0.5,0.6666666666666666,0.0,0.0021455697756808762,0.0,0.002237136465324384,0.0,0.0004879042835468361,0.0013955233441314812,0.014989293361884369,0.0021413276231263384
8299828704943553680,6,3,0,3,2,0,2,1,0,1,4.0,0.0,4.0,3.0,0.0,3.0,1.0,0.0,1.0,0.6666666666666666,0.0,0.75,0.0,2,0,3,6.0,0.0,5.0,7,1,305,0.0,0.0017130620985010706,0.0,0.0,0.5,0.3333333333333333,0.0,0.0,0.4375,0.0,0.4375,0.625,0.0,0.0021509846648277,0.0,0.0022371364653243847,0.0,0.0004448645760964376,0.0013955233441314812,0.014989293361884369,0.0021413276231263384
2100136665677817978,6,3,0,3,2,0,2,1,0,1,4.0,0.0,4.0,3.0,0.0,3.0,1.0,0.0,1.0,0.6666666666666666,0.0,0.75,0.0,2,0,3,6.0,0.0,5.0,7,1,305,0.0,0.0017130620985010706,0.0,0.0,0.5,0.3333333333333333,0.0,0.0,0.4375,0.0,0.4375,0.625,0.0,0.0021509846648277,0.0,0.0022371364653243847,0.0,0.0004448645760964376,0.0013955233441314812,0.014989293361884369,0.0021413276231263384
2523500833479667565,6,3,0,3,2,0,2,1,0,1,4.0,0.0,4.0,3.0,0.0,3.0,1.0,0.0,1.0,0.6666666666666666,0.0,0.75,0.0,2,0,3,6.0,0.0,5.0,7,1,305,0.0,0.0017130620985010706,0.0,0.0,0.5,0.3333333333333333,0.0,0.0,0.4375,0.0,0.4375,0.625,0.0,0.0021509846648277,0.0,0.0022371364653243847,0.0,0.0004448645760964376,0.0013955233441314812,0.014989293361884369,0.0021413276231263384
633947305464347019,6,3,0,3,2,0,2,1,0,1,3.0,0.0,3.0,2.0,0.0,2.0,1.0,0.0,1.0,0.6666666666666666,0.0,0.6666666666666666,0.0,2,0,3,5.0,0.0,4.0,7,1,305,0.0,0.001284796573875803,0.0,0.0,0.5,0.3333333333333333,0.0,0.0,0.5,0.0,0.5,0.6666666666666666,0.0,0.0021455697756808762,0.0,0.002237136465324384,0.0,0.0004879042835468361,0.0013955233441314812,0.014989293361884369,0.0021413276231263384
243284146573785364,6,3,0,3,2,0,2,1,0,1,3.0,0.0,3.0,2.0,0.0,2.0,1.0,0.0,1.0,0.6666666666666666,0.0,0.6666666666666666,0.0,2,0,3,5.0,0.0,4.0,7,1,305,0.0,0.001284796573875803,0.0,0.0,0.5,0.3333333333333333,0.0,0.0,0.5,0.0,0.5,0.6666666666666666,0.0,0.0021455697756808762,0.0,0.002237136465324384,0.0,0.0004879042835468361,0.0013955233441314812,0.014989293361884369,0.0021413276231263384
1576976594400529292,5,4,0,4,3,0,3,1,0,1,4.0,0.0,4.0,3.0,0.0,3.0,1.0,0.0,1.0,0.75,0.0,0.75,0.0,2,0,4,6.0,0.0,5.0,7,1,305,0.0,0.0017130620985010706,0.0,0.0,0.5,0.375,0.0,0.0,0.5,0.0,0.5,0.8333333333333334,0.0,0.003454389043402654,0.0,0.0022371364653243843,0.0008965517662037903,0.0,0.0013955233441314812,0.014989293361884369,0.0021413276231263384
2017252701256612218,6,3,0,3,2,0,2,1,0,1,7.0,0.0,7.0,5.0,0.0,5.0,2.0,0.0,2.0,0.6666666666666666,0.0,0.7142857142857143,0.0,2,0,3,11.0,0.0,10.0,7,1,305,0.0,0.0029978586723768737,0.0,0.0,0.5,0.3333333333333333,0.0,0.0,0.4642857142857143,0.0,0.4642857142857143,0.6428571428571429,0.0,0.002198737320874198,0.0,0.0022371364653243843,0.0,0.0009299783736963496,0.0013955233441314812,0.014989293361884369,0.0021413276231263384
2623552125275834706,5,2,0,2,1,0,1,1,0,1,2.0,0.0,2.0,1.0,0.0,1.0,1.0,0.0,1.0,0.5,0.0,0.5,0.0,1,0,2,3.0,0.0,3.0,7,1,305,0.0,0.0008565310492505353,0.0,0.0,0.5,0.25,0.0,0.0,0.5,0.0,0.5,1.0,0.0,0.0021283980763431814,0.0,0.0022371364653243847,0.0,8.450586538849558e-5,0.0013955233441314812,0.014989293361884369,0.0021413276231263384
2642234141294539974,6,3,0,3,2,0,2,1,0,1,4.0,0.0,4.0,3.0,0.0,3.0,1.0,0.0,1.0,0.6666666666666666,0.0,0.75,0.0,2,0,3,6.0,0.0,5.0,7,1,305,0.0,0.0017130620985010706,0.0,0.0,0.5,0.3333333333333333,0.0,0.0,0.4375,0.0,0.4375,0.625,0.0,0.0021509846648277,0.0,0.0022371364653243847,0.0,0.0004448645760964376,0.0013955233441314812,0.014989293361884369,0.0021413276231263384
49297138993797080,6,3,0,3,2,0,2,1,0,1,4.0,0.0,4.0,3.0,0.0,3.0,1.0,0.0,1.0,0.6666666666666666,0.0,0.75,0.0,2,0,3,6.0,0.0,5.0,7,1,305,0.0,0.0017130620985010706,0.0,0.0,0.5,0.3333333333333333,0.0,0.0,0.4375,0.0,0.4375,0.625,0.0,0.0021509846648277,0.0,0.0022371364653243847,0.0,0.0004448645760964376,0.0013955233441314812,0.014989293361884369,0.0021413276231263384
592145755174505675,6,1,0,1,1,0,1,0,0,0,1.0,0.0,1.0,1.0,0.0,1.0,0.0,0.0,0.0,1.0,0.0,1.0,0.0,0,0,1,1.0,0.0,1.0,2,1,279,0.0,0.00042826552462526765,0.0,0.0,0.5,0.0,0.0,0.0,0.0,0.0,0.0,0.0,0.0,0.002103232008781202,0.0,0.002237136465324388,4.173377911537157e-5,0.0,0.00127656069840224,0.004282655246252677,0.0021413276231263384
3011490012722423397,5,2,0,2,1,0,1,1,0,1,3.0,0.0,3.0,2.0,0.0,2.0,1.0,0.0,1.0,0.5,0.0,0.6666666666666666,0.0,1,0,2,6.0,0.0,4.0,7,1,305,0.0,0.001284796573875803,0.0,0.0,0.5,0.25,0.0,0.0,0.5,0.0,0.5,1.0,0.0,0.00215356414390516,0.0,0.0022371364653243834,0.000404877205372689,0.0,0.0013955233441314812,0.014989293361884369,0.0021413276231263384
5405658783913204015,6,3,0,3,2,0,2,1,0,1,3.0,0.0,3.0,2.0,0.0,2.0,1.0,0.0,1.0,0.6666666666666666,0.0,0.6666666666666666,0.0,2,0,3,5.0,0.0,4.0,7,1,305,0.0,0.001284796573875803,0.0,0.0,0.5,0.3333333333333333,0.0,0.0,0.5,0.0,0.5,0.6666666666666666,0.0,0.0021455697756808762,0.0,0.002237136465324384,0.0,0.0004879042835468361,0.0013955233441314812,0.014989293361884369,0.0021413276231263384
4284269489837106347,6,2,0,2,2,0,2,0,0,0,2.0,0.0,2.0,2.0,0.0,2.0,0.0,0.0,0.0,1.0,0.0,1.0,0.0,1,0,2,3.0,0.0,3.0,5,1,281,0.0,0.0008565310492505353,0.0,0.0,0.3333333333333333,0.0,0.0,0.0,0.0,0.0,0.0,0.0,0.0,0.0021204037081188967,0.0,0.0022371364653243856,8.425622899532748e-5,0.0,0.0012857116711506432,0.010706638115631691,0.0021413276231263384
6270655566964474166,6,3,0,3,2,0,2,1,0,1,4.0,0.0,4.0,3.0,0.0,3.0,1.0,0.0,1.0,0.6666666666666666,0.0,0.75,0.0,2,0,3,6.0,0.0,5.0,7,1,305,0.0,0.0017130620985010706,0.0,0.0,0.5,0.3333333333333333,0.0,0.0,0.4375,0.0,0.4375,0.625,0.0,0.0021509846648277,0.0,0.0022371364653243847,0.0,0.0004448645760964376,0.0013955233441314812,0.014989293361884369,0.0021413276231263384
2252775279253051931,6,2,0,2,2,0,2,0,0,0,2.0,0.0,2.0,2.0,0.0,2.0,0.0,0.0,0.0,1.0,0.0,1.0,0.0,1,0,2,3.0,0.0,3.0,5,1,281,0.0,0.0008565310492505353,0.0,0.0,0.3333333333333333,0.0,0.0,0.0,0.0,0.0,0.0,0.0,0.0,0.0021204037081188967,0.0,0.0022371364653243856,8.425622899532748e-5,0.0,0.0012857116711506432,0.010706638115631691,0.0021413276231263384
2714680188047279137,6,1,0,1,1,0,1,0,0,0,1.0,0.0,1.0,1.0,0.0,1.0,0.0,0.0,0.0,1.0,0.0,1.0,0.0,0,0,1,1.0,0.0,1.0,2,1,279,0.0,0.00042826552462526765,0.0,0.0,0.5,0.0,0.0,0.0,0.0,0.0,0.0,0.0,0.0,0.002103232008781202,0.0,0.002237136465324388,4.173377911537157e-5,0.0,0.00127656069840224,0.004282655246252677,0.0021413276231263384
7717109713479178890,6,2,0,2,2,0,2,0,0,0,4.0,0.0,4.0,4.0,0.0,4.0,0.0,0.0,0.0,1.0,0.0,1.0,0.0,1,0,2,5.0,0.0,5.0,5,1,281,0.0,0.0017130620985010706,0.0,0.0,0.3333333333333333,0.0,0.0,0.0,0.0,0.0,0.0,0.0,0.0,0.002142990296603416,0.0,0.0022371364653243856,0.0001716823044337068,0.0,0.0012857116711506432,0.010706638115631691,0.0021413276231263384
3959086114843505376,6,2,0,2,2,0,2,0,0,0,2.0,0.0,2.0,2.0,0.0,2.0,0.0,0.0,0.0,1.0,0.0,1.0,0.0,1,0,2,3.0,0.0,3.0,5,1,281,0.0,0.0008565310492505353,0.0,0.0,0.3333333333333333,0.0,0.0,0.0,0.0,0.0,0.0,0.0,0.0,0.0021204037081188967,0.0,0.0022371364653243856,8.425622899532748e-5,0.0,0.0012857116711506432,0.010706638115631691,0.0021413276231263384
5667077735145163870,5,2,0,2,1,0,1,1,0,1,2.0,0.0,2.0,1.0,0.0,1.0,1.0,0.0,1.0,0.5,0.0,0.5,0.0,1,0,2,3.0,0.0,3.0,7,1,305,0.0,0.0008565310492505353,0.0,0.0,0.5,0.25,0.0,0.0,0.5,0.0,0.5,1.0,0.0,0.0021283980763431814,0.0,0.0022371364653243847,0.0,8.450586538849558e-5,0.0013955233441314812,0.014989293361884369,0.0021413276231263384
4857568751070577031,6,2,0,2,2,0,2,0,0,0,2.0,0.0,2.0,2.0,0.0,2.0,0.0,0.0,0.0,1.0,0.0,1.0,0.0,1,0,2,3.0,0.0,3.0,5,1,281,0.0,0.0008565310492505353,0.0,0.0,0.3333333333333333,0.0,0.0,0.0,0.0,0.0,0.0,0.0,0.0,0.0021204037081188967,0.0,0.0022371364653243856,8.425622899532748e-5,0.0,0.0012857116711506432,0.010706638115631691,0.0021413276231263384
5066987476778470836,6,2,0,2,2,0,2,0,0,0,2.0,0.0,2.0,2.0,0.0,2.0,0.0,0.0,0.0,1.0,0.0,1.0,0.0,1,0,2,3.0,0.0,3.0,5,1,281,0.0,0.0008565310492505353,0.0,0.0,0.3333333333333333,0.0,0.0,0.0,0.0,0.0,0.0,0.0,0.0,0.0021204037081188967,0.0,0.0022371364653243856,8.425622899532748e-5,0.0,0.0012857116711506432,0.010706638115631691,0.0021413276231263384
429906740423698304,6,3,0,3,2,0,2,1,0,1,3.0,0.0,3.0,2.0,0.0,2.0,1.0,0.0,1.0,0.6666666666666666,0.0,0.6666666666666666,0.0,2,0,3,5.0,0.0,4.0,7,1,305,0.0,0.001284796573875803,0.0,0.0,0.5,0.3333333333333333,0.0,0.0,0.5,0.0,0.5,0.6666666666666666,0.0,0.0021455697756808762,0.0,0.002237136465324384,0.0,0.0004879042835468361,0.0013955233441314812,0.014989293361884369,0.0021413276231263384
8698684210926911419,5,2,0,2,1,0,1,1,0,1,2.0,0.0,2.0,1.0,0.0,1.0,1.0,0.0,1.0,0.5,0.0,0.5,0.0,1,0,2,3.0,0.0,3.0,7,1,305,0.0,0.0008565310492505353,0.0,0.0,0.5,0.25,0.0,0.0,0.5,0.0,0.5,1.0,0.0,0.0021283980763431814,0.0,0.0022371364653243847,0.0,8.450586538849558e-5,0.0013955233441314812,0.014989293361884369,0.0021413276231263384
4127537826656741831,5,2,0,2,1,0,1,1,0,1,2.0,0.0,2.0,1.0,0.0,1.0,1.0,0.0,1.0,0.5,0.0,0.5,0.0,1,0,2,3.0,0.0,3.0,7,1,305,0.0,0.0008565310492505353,0.0,0.0,0.5,0.25,0.0,0.0,0.5,0.0,0.5,1.0,0.0,0.0021283980763431814,0.0,0.0022371364653243847,0.0,8.450586538849558e-5,0.0013955233441314812,0.014989293361884369,0.0021413276231263384
889400152569075438,6,3,0,3,2,0,2,1,0,1,4.0,0.0,4.0,3.0,0.0,3.0,1.0,0.0,1.0,0.6666666666666666,0.0,0.75,0.0,2,0,3,6.0,0.0,5.0,7,1,305,0.0,0.0017130620985010706,0.0,0.0,0.5,0.3333333333333333,0.0,0.0,0.4375,0.0,0.4375,0.625,0.0,0.0021509846648277,0.0,0.0022371364653243847,0.0,0.0004448645760964376,0.0013955233441314812,0.014989293361884369,0.0021413276231263384
6297588350150100378,6,3,0,3,2,0,2,1,0,1,4.0,0.0,4.0,3.0,0.0,3.0,1.0,0.0,1.0,0.6666666666666666,0.0,0.75,0.0,2,0,3,6.0,0.0,5.0,7,1,305,0.0,0.0017130620985010706,0.0,0.0,0.5,0.3333333333333333,0.0,0.0,0.4375,0.0,0.4375,0.625,0.0,0.0021509846648277,0.0,0.0022371364653243847,0.0,0.0004448645760964376,0.0013955233441314812,0.014989293361884369,0.0021413276231263384
7310358478573855555,5,2,0,2,1,0,1,1,0,1,2.0,0.0,2.0,1.0,0.0,1.0,1.0,0.0,1.0,0.5,0.0,0.5,0.0,1,0,2,3.0,0.0,3.0,7,1,305,0.0,0.0008565310492505353,0.0,0.0,0.5,0.25,0.0,0.0,0.5,0.0,0.5,1.0,0.0,0.0021283980763431814,0.0,0.0022371364653243847,0.0,8.450586538849558e-5,0.0013955233441314812,0.014989293361884369,0.0021413276231263384
8469333504546951241,6,3,0,3,2,0,2,1,0,1,4.0,0.0,4.0,3.0,0.0,3.0,1.0,0.0,1.0,0.6666666666666666,0.0,0.75,0.0,2,0,3,6.0,0.0,5.0,7,1,305,0.0,0.0017130620985010706,0.0,0.0,0.5,0.3333333333333333,0.0,0.0,0.4375,0.0,0.4375,0.625,0.0,0.0021509846648277,0.0,0.0022371364653243847,0.0,0.0004448645760964376,0.0013955233441314812,0.014989293361884369,0.0021413276231263384
9781353408270583884,6,3,0,3,2,0,2,1,0,1,5.0,0.0,5.0,4.0,0.0,4.0,1.0,0.0,1.0,0.6666666666666666,0.0,0.8,0.0,2,0,3,6.0,0.0,8.0,7,1,305,0.0,0.0021413276231263384,0.0,0.0,0.5,0.3333333333333333,0.0,0.0,0.45,0.0,0.45,0.6,0.0,0.002168156364165395,0.0,0.0022371364653243847,0.0,0.0004010275121851259,0.0013955233441314812,0.014989293361884369,0.0021413276231263384
9604735091270002787,6,1,0,1,1,0,1,0,0,0,1.0,0.0,1.0,1.0,0.0,1.0,0.0,0.0,0.0,1.0,0.0,1.0,0.0,0,0,1,1.0,0.0,1.0,2,1,279,0.0,0.00042826552462526765,0.0,0.0,0.5,0.0,0.0,0.0,0.0,0.0,0.0,0.0,0.0,0.002103232008781202,0.0,0.002237136465324388,4.173377911537157e-5,0.0,0.00127656069840224,0.004282655246252677,0.0021413276231263384
4917790937866708784,5,2,0,2,1,0,1,1,0,1,2.0,0.0,2.0,1.0,0.0,1.0,1.0,0.0,1.0,0.5,0.0,0.5,0.0,1,0,2,3.0,0.0,3.0,7,1,305,0.0,0.0008565310492505353,0.0,0.0,0.5,0.25,0.0,0.0,0.5,0.0,0.5,1.0,0.0,0.0021283980763431814,0.0,0.0022371364653243847,0.0,8.450586538849558e-5,0.0013955233441314812,0.014989293361884369,0.0021413276231263384
5659541208466242797,6,2,0,2,2,0,2,0,0,0,3.0,0.0,3.0,3.0,0.0,3.0,0.0,0.0,0.0,1.0,0.0,1.0,0.0,1,0,2,5.0,0.0,4.0,5,1,281,0.0,0.001284796573875803,0.0,0.0,0.3333333333333333,0.0,0.0,0.0,0.0,0.0,0.0,0.0,0.0,0.002125818597265721,0.0,0.002237136465324386,0.0001275711358011411,0.0,0.0012857116711506432,0.010706638115631691,0.0021413276231263384
5902483924769619157,5,3,0,3,1,0,1,2,0,2,4.0,0.0,4.0,1.0,0.0,1.0,3.0,0.0,3.0,0.3333333333333333,0.0,0.25,0.0,2,0,3,6.0,0.0,5.0,6,1,284,0.0,0.0017130620985010706,0.0,0.0,0.4166666666666667,0.2222222222222222,0.0,0.0,0.3125,0.0,0.3125,0.625,0.0,0.0022237313919967537,0.0,0.002237136465324386,0.0,0.0004448645760964376,0.0012994381302732481,0.01284796573875803,0.0021413276231263384
1285865957868311315,6,3,0,3,2,0,2,1,0,1,3.0,0.0,3.0,2.0,0.0,2.0,1.0,0.0,1.0,0.6666666666666666,0.0,0.6666666666666666,0.0,2,0,3,5.0,0.0,4.0,7,1,305,0.0,0.001284796573875803,0.0,0.0,0.5,0.3333333333333333,0.0,0.0,0.5,0.0,0.5,0.6666666666666666,0.0,0.0021455697756808762,0.0,0.002237136465324384,0.0,0.0004879042835468361,0.0013955233441314812,0.014989293361884369,0.0021413276231263384
5868608737818028348,6,1,0,1,1,0,1,0,0,0,1.0,0.0,1.0,1.0,0.0,1.0,0.0,0.0,0.0,1.0,0.0,1.0,0.0,0,0,1,1.0,0.0,1.0,2,1,279,0.0,0.00042826552462526765,0.0,0.0,0.5,0.0,0.0,0.0,0.0,0.0,0.0,0.0,0.0,0.002103232008781202,0.0,0.002237136465324388,4.173377911537157e-5,0.0,0.00127656069840224,0.004282655246252677,0.0021413276231263384
7905076932040741656,6,3,0,3,2,0,2,1,0,1,4.0,0.0,4.0,3.0,0.0,3.0,1.0,0.0,1.0,0.6666666666666666,0.0,0.75,0.0,2,0,3,6.0,0.0,5.0,7,1,305,0.0,0.0017130620985010706,0.0,0.0,0.5,0.3333333333333333,0.0,0.0,0.4375,0.0,0.4375,0.625,0.0,0.0021509846648277,0.0,0.0022371364653243847,0.0,0.0004448645760964376,0.0013955233441314812,0.014989293361884369,0.0021413276231263384
1038838647038291515,6,3,0,3,2,0,2,1,0,1,4.0,0.0,4.0,3.0,0.0,3.0,1.0,0.0,1.0,0.6666666666666666,0.0,0.75,0.0,2,0,3,5.0,0.0,5.0,7,1,305,0.0,0.0017130620985010706,0.0,0.0,0.5,0.3333333333333333,0.0,0.0,0.5,0.0,0.5,0.625,0.0,0.0021627414750185715,0.0,0.0022371364653243834,0.0,0.0004448645760964376,0.0013955233441314812,0.014989293361884369,0.0021413276231263384
2697024164275775464,6,1,0,1,1,0,1,0,0,0,1.0,0.0,1.0,1.0,0.0,1.0,0.0,0.0,0.0,1.0,0.0,1.0,0.0,0,0,1,1.0,0.0,1.0,2,1,279,0.0,0.00042826552462526765,0.0,0.0,0.5,0.0,0.0,0.0,0.0,0.0,0.0,0.0,0.0,0.002103232008781202,0.0,0.002237136465324388,4.173377911537157e-5,0.0,0.00127656069840224,0.004282655246252677,0.0021413276231263384
2531762477714799932,5,2,0,2,1,0,1,1,0,1,2.0,0.0,2.0,1.0,0.0,1.0,1.0,0.0,1.0,0.5,0.0,0.5,0.0,1,0,2,3.0,0.0,3.0,7,1,305,0.0,0.0008565310492505353,0.0,0.0,0.5,0.25,0.0,0.0,0.5,0.0,0.5,1.0,0.0,0.0021283980763431814,0.0,0.0022371364653243847,0.0,8.450586538849558e-5,0.0013955233441314812,0.014989293361884369,0.0021413276231263384
4110308809924843811,5,2,0,2,1,0,1,1,0,1,2.0,0.0,2.0,1.0,0.0,1.0,1.0,0.0,1.0,0.5,0.0,0.5,0.0,1,0,2,3.0,0.0,3.0,7,1,305,0.0,0.0008565310492505353,0.0,0.0,0.5,0.25,0.0,0.0,0.5,0.0,0.5,1.0,0.0,0.0021283980763431814,0.0,0.0022371364653243847,0.0,8.450586538849558e-5,0.0013955233441314812,0.014989293361884369,0.0021413276231263384
6488378377742040045,6,3,0,3,2,0,2,1,0,1,3.0,0.0,3.0,2.0,0.0,2.0,1.0,0.0,1.0,0.6666666666666666,0.0,0.6666666666666666,0.0,2,0,3,5.0,0.0,4.0,7,1,305,0.0,0.001284796573875803,0.0,0.0,0.5,0.3333333333333333,0.0,0.0,0.5,0.0,0.5,0.6666666666666666,0.0,0.0021455697756808762,0.0,0.002237136465324384,0.0,0.0004879042835468361,0.0013955233441314812,0.014989293361884369,0.0021413276231263384
7927162423840389923,6,3,0,3,2,0,2,1,0,1,4.0,0.0,4.0,3.0,0.0,3.0,1.0,0.0,1.0,0.6666666666666666,0.0,0.75,0.0,2,0,3,6.0,0.0,5.0,7,1,305,0.0,0.0017130620985010706,0.0,0.0,0.5,0.3333333333333333,0.0,0.0,0.4375,0.0,0.4375,0.625,0.0,0.0021509846648277,0.0,0.0022371364653243847,0.0,0.0004448645760964376,0.0013955233441314812,0.014989293361884369,0.0021413276231263384
6643023109398916294,6,3,0,3,2,0,2,1,0,1,4.0,0.0,4.0,3.0,0.0,3.0,1.0,0.0,1.0,0.6666666666666666,0.0,0.75,0.0,2,0,3,6.0,0.0,5.0,7,1,305,0.0,0.0017130620985010706,0.0,0.0,0.5,0.3333333333333333,0.0,0.0,0.4375,0.0,0.4375,0.625,0.0,0.0021509846648277,0.0,0.0022371364653243847,0.0,0.0004448645760964376,0.0013955233441314812,0.014989293361884369,0.0021413276231263384
1578904322412453751,6,1,0,1,1,0,1,0,0,0,1.0,0.0,1.0,1.0,0.0,1.0,0.0,0.0,0.0,1.0,0.0,1.0,0.0,0,0,1,1.0,0.0,1.0,2,1,279,0.0,0.00042826552462526765,0.0,0.0,0.5,0.0,0.0,0.0,0.0,0.0,0.0,0.0,0.0,0.002103232008781202,0.0,0.002237136465324388,4.173377911537157e-5,0.0,0.00127656069840224,0.004282655246252677,0.0021413276231263384
9194656083864770532,6,3,0,3,2,0,2,1,0,1,3.0,0.0,3.0,2.0,0.0,2.0,1.0,0.0,1.0,0.6666666666666666,0.0,0.6666666666666666,0.0,2,0,3,5.0,0.0,4.0,7,1,305,0.0,0.001284796573875803,0.0,0.0,0.5,0.3333333333333333,0.0,0.0,0.5,0.0,0.5,0.6666666666666666,0.0,0.0021455697756808762,0.0,0.002237136465324384,0.0,0.0004879042835468361,0.0013955233441314812,0.014989293361884369,0.0021413276231263384
674044114159046659,6,1,0,1,1,0,1,0,0,0,1.0,0.0,1.0,1.0,0.0,1.0,0.0,0.0,0.0,1.0,0.0,1.0,0.0,0,0,1,1.0,0.0,1.0,2,1,279,0.0,0.00042826552462526765,0.0,0.0,0.5,0.0,0.0,0.0,0.0,0.0,0.0,0.0,0.0,0.002103232008781202,0.0,0.002237136465324388,4.173377911537157e-5,0.0,0.00127656069840224,0.004282655246252677,0.0021413276231263384
3033313879820384637,5,4,0,4,2,0,2,2,0,2,6.0,0.0,6.0,3.0,0.0,3.0,3.0,0.0,3.0,0.5,0.0,0.5,0.0,2,0,4,10.0,0.0,9.0,7,1,305,0.0,0.002569593147751606,0.0,0.0,0.55,0.4375,0.0,0.0,0.5833333333333334,0.0,0.5833333333333334,0.8333333333333334,0.0,0.002274063527120712,0.0,0.0022371364653243843,0.0,0.0002456316991542584,0.0013955233441314812,0.014989293361884369,0.0021413276231263384
4256929874362363882,6,3,0,3,2,0,2,1,0,1,4.0,0.0,4.0,3.0,0.0,3.0,1.0,0.0,1.0,0.6666666666666666,0.0,0.75,0.0,2,0,3,6.0,0.0,5.0,7,1,305,0.0,0.0017130620985010706,0.0,0.0,0.5,0.3333333333333333,0.0,0.0,0.4375,0.0,0.4375,0.625,0.0,0.0021509846648277,0.0,0.0022371364653243847,0.0,0.0004448645760964376,0.0013955233441314812,0.014989293361884369,0.0021413276231263384
755389339145035373,6,3,0,3,2,0,2,1,0,1,4.0,0.0,4.0,3.0,0.0,3.0,1.0,0.0,1.0,0.6666666666666666,0.0,0.75,0.0,2,0,3,6.0,0.0,5.0,7,1,305,0.0,0.0017130620985010706,0.0,0.0,0.5,0.3333333333333333,0.0,0.0,0.4375,0.0,0.4375,0.625,0.0,0.0021509846648277,0.0,0.0022371364653243847,0.0,0.0004448645760964376,0.0013955233441314812,0.014989293361884369,0.0021413276231263384
5711395077557555291,6,2,0,2,2,0,2,0,0,0,3.0,0.0,3.0,3.0,0.0,3.0,0.0,0.0,0.0,1.0,0.0,1.0,0.0,1,0,2,5.0,0.0,4.0,5,1,281,0.0,0.001284796573875803,0.0,0.0,0.3333333333333333,0.0,0.0,0.0,0.0,0.0,0.0,0.0,0.0,0.002125818597265721,0.0,0.002237136465324386,0.0001275711358011411,0.0,0.0012857116711506432,0.010706638115631691,0.0021413276231263384
6186988100878912343,5,3,0,3,2,0,2,1,0,1,4.0,0.0,4.0,2.0,0.0,2.0,2.0,0.0,2.0,0.6666666666666666,0.0,0.5,0.0,2,0,3,9.0,0.0,5.0,7,1,305,0.0,0.0017130620985010706,0.0,0.0,0.5833333333333334,0.4444444444444444,0.0,0.0,0.625,0.0,0.625,1.0,0.0,0.002231725760221038,0.0,0.0022371364653243856,0.0,0.0010606699329436808,0.0013955233441314812,0.014989293361884369,0.0021413276231263384
9895982640105860468,6,3,0,3,2,0,2,1,0,1,3.0,0.0,3.0,2.0,0.0,2.0,1.0,0.0,1.0,0.6666666666666666,0.0,0.6666666666666666,0.0,2,0,3,5.0,0.0,4.0,7,1,305,0.0,0.001284796573875803,0.0,0.0,0.5,0.3333333333333333,0.0,0.0,0.5,0.0,0.5,0.6666666666666666,0.0,0.0021455697756808762,0.0,0.002237136465324384,0.0,0.0004879042835468361,0.0013955233441314812,0.014989293361884369,0.0021413276231263384
5809948847795224390,5,2,0,2,1,0,1,1,0,1,2.0,0.0,2.0,1.0,0.0,1.0,1.0,0.0,1.0,0.5,0.0,0.5,0.0,1,0,2,3.0,0.0,3.0,7,1,305,0.0,0.0008565310492505353,0.0,0.0,0.5,0.25,0.0,0.0,0.5,0.0,0.5,1.0,0.0,0.0021283980763431814,0.0,0.0022371364653243847,0.0,8.450586538849558e-5,0.0013955233441314812,0.014989293361884369,0.0021413276231263384
838896096385814889,5,2,0,2,1,0,1,1,0,1,2.0,0.0,2.0,1.0,0.0,1.0,1.0,0.0,1.0,0.5,0.0,0.5,0.0,1,0,2,3.0,0.0,3.0,7,1,305,0.0,0.0008565310492505353,0.0,0.0,0.5,0.25,0.0,0.0,0.5,0.0,0.5,1.0,0.0,0.0021283980763431814,0.0,0.0022371364653243847,0.0,8.450586538849558e-5,0.0013955233441314812,0.014989293361884369,0.0021413276231263384
1982739350054563961,5,2,0,2,1,0,1,1,0,1,2.0,0.0,2.0,1.0,0.0,1.0,1.0,0.0,1.0,0.5,0.0,0.5,0.0,1,0,2,3.0,0.0,3.0,7,1,305,0.0,0.0008565310492505353,0.0,0.0,0.5,0.25,0.0,0.0,0.5,0.0,0.5,1.0,0.0,0.0021283980763431814,0.0,0.0022371364653243847,0.0,8.450586538849558e-5,0.0013955233441314812,0.014989293361884369,0.0021413276231263384
6924602533243139190,6,3,0,3,2,0,2,1,0,1,3.0,0.0,3.0,2.0,0.0,2.0,1.0,0.0,1.0,0.6666666666666666,0.0,0.6666666666666666,0.0,2,0,3,5.0,0.0,4.0,7,1,305,0.0,0.001284796573875803,0.0,0.0,0.5,0.3333333333333333,0.0,0.0,0.5,0.0,0.5,0.6666666666666666,0.0,0.0021455697756808762,0.0,0.002237136465324384,0.0,0.0004879042835468361,0.0013955233441314812,0.014989293361884369,0.0021413276231263384
2906843924966539118,5,2,0,2,1,0,1,1,0,1,2.0,0.0,2.0,1.0,0.0,1.0,1.0,0.0,1.0,0.5,0.0,0.5,0.0,1,0,2,3.0,0.0,3.0,7,1,305,0.0,0.0008565310492505353,0.0,0.0,0.5,0.25,0.0,0.0,0.5,0.0,0.5,1.0,0.0,0.0021283980763431814,0.0,0.0022371364653243847,0.0,8.450586538849558e-5,0.0013955233441314812,0.014989293361884369,0.0021413276231263384
3422976187340975171,6,2,0,2,2,0,2,0,0,0,2.0,0.0,2.0,2.0,0.0,2.0,0.0,0.0,0.0,1.0,0.0,1.0,0.0,1,0,2,3.0,0.0,3.0,5,1,281,0.0,0.0008565310492505353,0.0,0.0,0.3333333333333333,0.0,0.0,0.0,0.0,0.0,0.0,0.0,0.0,0.0021204037081188967,0.0,0.0022371364653243856,8.425622899532748e-5,0.0,0.0012857116711506432,0.010706638115631691,0.0021413276231263384
5615925881157487443,6,2,0,2,2,0,2,0,0,0,3.0,0.0,3.0,3.0,0.0,3.0,0.0,0.0,0.0,1.0,0.0,1.0,0.0,1,0,2,5.0,0.0,4.0,5,1,281,0.0,0.001284796573875803,0.0,0.0,0.3333333333333333,0.0,0.0,0.0,0.0,0.0,0.0,0.0,0.0,0.002125818597265721,0.0,0.002237136465324386,0.0001275711358011411,0.0,0.0012857116711506432,0.010706638115631691,0.0021413276231263384
9347330472605126711,6,2,0,2,2,0,2,0,0,0,3.0,0.0,3.0,3.0,0.0,3.0,0.0,0.0,0.0,1.0,0.0,1.0,0.0,1,0,2,5.0,0.0,4.0,5,1,281,0.0,0.001284796573875803,0.0,0.0,0.3333333333333333,0.0,0.0,0.0,0.0,0.0,0.0,0.0,0.0,0.002125818597265721,0.0,0.002237136465324386,0.0001275711358011411,0.0,0.0012857116711506432,0.010706638115631691,0.0021413276231263384
5081746089170828699,5,2,0,2,1,0,1,1,0,1,2.0,0.0,2.0,1.0,0.0,1.0,1.0,0.0,1.0,0.5,0.0,0.5,0.0,1,0,2,3.0,0.0,3.0,7,1,305,0.0,0.0008565310492505353,0.0,0.0,0.5,0.25,0.0,0.0,0.5,0.0,0.5,1.0,0.0,0.0021283980763431814,0.0,0.0022371364653243847,0.0,8.450586538849558e-5,0.0013955233441314812,0.014989293361884369,0.0021413276231263384
3735703946545785737,6,1,0,1,1,0,1,0,0,0,1.0,0.0,1.0,1.0,0.0,1.0,0.0,0.0,0.0,1.0,0.0,1.0,0.0,0,0,1,1.0,0.0,1.0,2,1,279,0.0,0.00042826552462526765,0.0,0.0,0.5,0.0,0.0,0.0,0.0,0.0,0.0,0.0,0.0,0.002103232008781202,0.0,0.002237136465324388,4.173377911537157e-5,0.0,0.00127656069840224,0.004282655246252677,0.0021413276231263384
6071532077495582529,6,2,0,2,2,0,2,0,0,0,3.0,0.0,3.0,3.0,0.0,3.0,0.0,0.0,0.0,1.0,0.0,1.0,0.0,1,0,2,5.0,0.0,4.0,5,1,281,0.0,0.001284796573875803,0.0,0.0,0.3333333333333333,0.0,0.0,0.0,0.0,0.0,0.0,0.0,0.0,0.002125818597265721,0.0,0.002237136465324386,0.0001275711358011411,0.0,0.0012857116711506432,0.010706638115631691,0.0021413276231263384
5746017635563558570,5,2,0,2,1,0,1,1,0,1,2.0,0.0,2.0,1.0,0.0,1.0,1.0,0.0,1.0,0.5,0.0,0.5,0.0,1,0,2,3.0,0.0,3.0,7,1,305,0.0,0.0008565310492505353,0.0,0.0,0.5,0.25,0.0,0.0,0.5,0.0,0.5,1.0,0.0,0.0021283980763431814,0.0,0.0022371364653243847,0.0,8.450586538849558e-5,0.0013955233441314812,0.014989293361884369,0.0021413276231263384
4025094677501309004,6,2,0,2,2,0,2,0,0,0,4.0,0.0,4.0,4.0,0.0,4.0,0.0,0.0,0.0,1.0,0.0,1.0,0.0,1,0,2,5.0,0.0,5.0,5,1,281,0.0,0.0017130620985010706,0.0,0.0,0.3333333333333333,0.0,0.0,0.0,0.0,0.0,0.0,0.0,0.0,0.002142990296603416,0.0,0.0022371364653243856,0.0001716823044337068,0.0,0.0012857116711506432,0.010706638115631691,0.0021413276231263384
8146341189804457032,6,3,0,3,2,0,2,1,0,1,3.0,0.0,3.0,2.0,0.0,2.0,1.0,0.0,1.0,0.6666666666666666,0.0,0.6666666666666666,0.0,2,0,3,5.0,0.0,4.0,7,1,305,0.0,0.001284796573875803,0.0,0.0,0.5,0.3333333333333333,0.0,0.0,0.5,0.0,0.5,0.6666666666666666,0.0,0.0021455697756808762,0.0,0.002237136465324384,0.0,0.0004879042835468361,0.0013955233441314812,0.014989293361884369,0.0021413276231263384
8866842111955005185,5,4,0,4,2,0,2,2,0,2,6.0,0.0,6.0,3.0,0.0,3.0,3.0,0.0,3.0,0.5,0.0,0.5,0.0,2,0,4,10.0,0.0,9.0,7,1,305,0.0,0.002569593147751606,0.0,0.0,0.55,0.4375,0.0,0.0,0.5833333333333334,0.0,0.5833333333333334,0.8333333333333334,0.0,0.002274063527120712,0.0,0.0022371364653243843,0.0,0.0002456316991542584,0.0013955233441314812,0.014989293361884369,0.0021413276231263384
4447511008711031824,5,3,0,3,2,0,2,1,0,1,3.0,0.0,3.0,2.0,0.0,2.0,1.0,0.0,1.0,0.6666666666666666,0.0,0.6666666666666666,0.0,2,0,3,6.0,0.0,4.0,7,1,305,0.0,0.001284796573875803,0.0,0.0,0.5833333333333334,0.4444444444444444,0.0,0.0,0.6666666666666666,0.0,0.6666666666666666,1.0,0.0,0.0022263108710742145,0.0,0.0022371364653243843,0.000404877205372689,0.0,0.0013955233441314812,0.014989293361884369,0.0021413276231263384
1800513204660261310,6,3,0,3,2,0,2,1,0,1,6.0,0.0,6.0,4.0,0.0,4.0,2.0,0.0,2.0,0.6666666666666666,0.0,0.6666666666666666,0.0,2,0,3,9.0,0.0,9.0,7,1,305,0.0,0.002569593147751606,0.0,0.0,0.5,0.3333333333333333,0.0,0.0,0.5,0.0,0.5,0.6666666666666666,0.0,0.0021933224317273745,0.0,0.002237136465324384,0.0,0.0009743432436792876,0.0013955233441314812,0.014989293361884369,0.0021413276231263384
1940282122241782391,6,2,0,2,2,0,2,0,0,0,3.0,0.0,3.0,3.0,0.0,3.0,0.0,0.0,0.0,1.0,0.0,1.0,0.0,1,0,2,5.0,0.0,4.0,5,1,281,0.0,0.001284796573875803,0.0,0.0,0.3333333333333333,0.0,0.0,0.0,0.0,0.0,0.0,0.0,0.0,0.002125818597265721,0.0,0.002237136465324386,0.0001275711358011411,0.0,0.0012857116711506432,0.010706638115631691,0.0021413276231263384
6960288108270174006,5,2,0,2,1,0,1,1,0,1,3.0,0.0,3.0,2.0,0.0,2.0,1.0,0.0,1.0,0.5,0.0,0.6666666666666666,0.0,1,0,2,6.0,0.0,4.0,7,1,305,0.0,0.001284796573875803,0.0,0.0,0.5,0.25,0.0,0.0,0.5,0.0,0.5,1.0,0.0,0.00215356414390516,0.0,0.0022371364653243834,0.000404877205372689,0.0,0.0013955233441314812,0.014989293361884369,0.0021413276231263384
954943243313763296,6,2,0,2,2,0,2,0,0,0,3.0,0.0,3.0,3.0,0.0,3.0,0.0,0.0,0.0,1.0,0.0,1.0,0.0,1,0,2,5.0,0.0,4.0,5,1,281,0.0,0.001284796573875803,0.0,0.0,0.3333333333333333,0.0,0.0,0.0,0.0,0.0,0.0,0.0,0.0,0.002125818597265721,0.0,0.002237136465324386,0.0001275711358011411,0.0,0.0012857116711506432,0.010706638115631691,0.0021413276231263384
4222535201731039210,6,3,0,3,2,0,2,1,0,1,3.0,0.0,3.0,2.0,0.0,2.0,1.0,0.0,1.0,0.6666666666666666,0.0,0.6666666666666666,0.0,2,0,3,5.0,0.0,4.0,7,1,305,0.0,0.001284796573875803,0.0,0.0,0.5,0.3333333333333333,0.0,0.0,0.5,0.0,0.5,0.6666666666666666,0.0,0.0021455697756808762,0.0,0.002237136465324384,0.0,0.0004879042835468361,0.0013955233441314812,0.014989293361884369,0.0021413276231263384
8254175772673242707,6,3,0,3,2,0,2,1,0,1,4.0,0.0,4.0,3.0,0.0,3.0,1.0,0.0,1.0,0.6666666666666666,0.0,0.75,0.0,2,0,3,6.0,0.0,5.0,7,1,305,0.0,0.0017130620985010706,0.0,0.0,0.5,0.3333333333333333,0.0,0.0,0.4375,0.0,0.4375,0.625,0.0,0.0021509846648277,0.0,0.0022371364653243847,0.0,0.0004448645760964376,0.0013955233441314812,0.014989293361884369,0.0021413276231263384
6224081810669274347,6,1,0,1,1,0,1,0,0,0,1.0,0.0,1.0,1.0,0.0,1.0,0.0,0.0,0.0,1.0,0.0,1.0,0.0,0,0,1,1.0,0.0,1.0,2,1,279,0.0,0.00042826552462526765,0.0,0.0,0.5,0.0,0.0,0.0,0.0,0.0,0.0,0.0,0.0,0.002103232008781202,0.0,0.002237136465324388,4.173377911537157e-5,0.0,0.00127656069840224,0.004282655246252677,0.0021413276231263384
9554053639726531956,6,3,0,3,2,0,2,1,0,1,3.0,0.0,3.0,2.0,0.0,2.0,1.0,0.0,1.0,0.6666666666666666,0.0,0.6666666666666666,0.0,2,0,3,5.0,0.0,4.0,7,1,305,0.0,0.001284796573875803,0.0,0.0,0.5,0.3333333333333333,0.0,0.0,0.5,0.0,0.5,0.6666666666666666,0.0,0.0021455697756808762,0.0,0.002237136465324384,0.0,0.0004879042835468361,0.0013955233441314812,0.014989293361884369,0.0021413276231263384
9916162822938033309,6,2,0,2,2,0,2,0,0,0,3.0,0.0,3.0,3.0,0.0,3.0,0.0,0.0,0.0,1.0,0.0,1.0,0.0,1,0,2,5.0,0.0,4.0,5,1,281,0.0,0.001284796573875803,0.0,0.0,0.3333333333333333,0.0,0.0,0.0,0.0,0.0,0.0,0.0,0.0,0.002125818597265721,0.0,0.002237136465324386,0.0001275711358011411,0.0,0.0012857116711506432,0.010706638115631691,0.0021413276231263384
141564092894158266,6,1,0,1,1,0,1,0,0,0,1.0,0.0,1.0,1.0,0.0,1.0,0.0,0.0,0.0,1.0,0.0,1.0,0.0,0,0,1,1.0,0.0,1.0,2,1,279,0.0,0.00042826552462526765,0.0,0.0,0.5,0.0,0.0,0.0,0.0,0.0,0.0,0.0,0.0,0.002103232008781202,0.0,0.002237136465324388,4.173377911537157e-5,0.0,0.00127656069840224,0.004282655246252677,0.0021413276231263384
397953945358007534,6,2,0,2,2,0,2,0,0,0,3.0,0.0,3.0,3.0,0.0,3.0,0.0,0.0,0.0,1.0,0.0,1.0,0.0,1,0,2,5.0,0.0,4.0,5,1,281,0.0,0.001284796573875803,0.0,0.0,0.3333333333333333,0.0,0.0,0.0,0.0,0.0,0.0,0.0,0.0,0.002125818597265721,0.0,0.002237136465324386,0.0001275711358011411,0.0,0.0012857116711506432,0.010706638115631691,0.0021413276231263384
1434543040500451704,6,2,0,2,2,0,2,0,0,0,2.0,0.0,2.0,2.0,0.0,2.0,0.0,0.0,0.0,1.0,0.0,1.0,0.0,1,0,2,3.0,0.0,3.0,5,1,281,0.0,0.0008565310492505353,0.0,0.0,0.3333333333333333,0.0,0.0,0.0,0.0,0.0,0.0,0.0,0.0,0.0021204037081188967,0.0,0.0022371364653243856,8.425622899532748e-5,0.0,0.0012857116711506432,0.010706638115631691,0.0021413276231263384
7734647301605528525,6,3,0,3,2,0,2,1,0,1,4.0,0.0,4.0,3.0,0.0,3.0,1.0,0.0,1.0,0.6666666666666666,0.0,0.75,0.0,2,0,3,5.0,0.0,5.0,7,1,305,0.0,0.0017130620985010706,0.0,0.0,0.5,0.3333333333333333,0.0,0.0,0.5,0.0,0.5,0.625,0.0,0.0021627414750185715,0.0,0.0022371364653243834,0.0,0.0004448645760964376,0.0013955233441314812,0.014989293361884369,0.0021413276231263384
5973108922362456596,6,2,0,2,2,0,2,0,0,0,3.0,0.0,3.0,3.0,0.0,3.0,0.0,0.0,0.0,1.0,0.0,1.0,0.0,1,0,2,5.0,0.0,4.0,5,1,281,0.0,0.001284796573875803,0.0,0.0,0.3333333333333333,0.0,0.0,0.0,0.0,0.0,0.0,0.0,0.0,0.002125818597265721,0.0,0.002237136465324386,0.0001275711358011411,0.0,0.0012857116711506432,0.010706638115631691,0.0021413276231263384
2893167354879055200,6,3,0,3,2,0,2,1,0,1,4.0,0.0,4.0,3.0,0.0,3.0,1.0,0.0,1.0,0.6666666666666666,0.0,0.75,0.0,2,0,3,6.0,0.0,5.0,7,1,305,0.0,0.0017130620985010706,0.0,0.0,0.5,0.3333333333333333,0.0,0.0,0.4375,0.0,0.4375,0.625,0.0,0.0021509846648277,0.0,0.0022371364653243847,0.0,0.0004448645760964376,0.0013955233441314812,0.014989293361884369,0.0021413276231263384
2095287912354251038,5,2,0,2,1,0,1,1,0,1,2.0,0.0,2.0,1.0,0.0,1.0,1.0,0.0,1.0,0.5,0.0,0.5,0.0,1,0,2,3.0,0.0,3.0,7,1,305,0.0,0.0008565310492505353,0.0,0.0,0.5,0.25,0.0,0.0,0.5,0.0,0.5,1.0,0.0,0.0021283980763431814,0.0,0.0022371364653243847,0.0,8.450586538849558e-5,0.0013955233441314812,0.014989293361884369,0.0021413276231263384
8292131163033764830,5,2,0,2,1,0,1,1,0,1,2.0,0.0,2.0,1.0,0.0,1.0,1.0,0.0,1.0,0.5,0.0,0.5,0.0,1,0,2,3.0,0.0,3.0,7,1,305,0.0,0.0008565310492505353,0.0,0.0,0.5,0.25,0.0,0.0,0.5,0.0,0.5,1.0,0.0,0.0021283980763431814,0.0,0.0022371364653243847,0.0,8.450586538849558e-5,0.0013955233441314812,0.014989293361884369,0.0021413276231263384
5852446689195152116,6,2,0,2,2,0,2,0,0,0,2.0,0.0,2.0,2.0,0.0,2.0,0.0,0.0,0.0,1.0,0.0,1.0,0.0,1,0,2,3.0,0.0,3.0,5,1,281,0.0,0.0008565310492505353,0.0,0.0,0.3333333333333333,0.0,0.0,0.0,0.0,0.0,0.0,0.0,0.0,0.0021204037081188967,0.0,0.0022371364653243856,8.425622899532748e-5,0.0,0.0012857116711506432,0.010706638115631691,0.0021413276231263384
4689759728510959277,5,2,0,2,1,0,1,1,0,1,2.0,0.0,2.0,1.0,0.0,1.0,1.0,0.0,1.0,0.5,0.0,0.5,0.0,1,0,2,3.0,0.0,3.0,7,1,305,0.0,0.0008565310492505353,0.0,0.0,0.5,0.25,0.0,0.0,0.5,0.0,0.5,1.0,0.0,0.0021283980763431814,0.0,0.0022371364653243847,0.0,8.450586538849558e-5,0.0013955233441314812,0.014989293361884369,0.0021413276231263384
1576543256295333013,6,3,0,3,2,0,2,1,0,1,5.0,0.0,5.0,4.0,0.0,4.0,1.0,0.0,1.0,0.6666666666666666,0.0,0.8,0.0,2,0,3,6.0,0.0,8.0,7,1,305,0.0,0.0021413276231263384,0.0,0.0,0.5,0.3333333333333333,0.0,0.0,0.45,0.0,0.45,0.6,0.0,0.002168156364165395,0.0,0.0022371364653243847,0.0,0.0004010275121851259,0.0013955233441314812,0.014989293361884369,0.0021413276231263384
4574498102315491386,5,2,0,2,1,0,1,1,0,1,2.0,0.0,2.0,1.0,0.0,1.0,1.0,0.0,1.0,0.5,0.0,0.5,0.0,1,0,2,3.0,0.0,3.0,7,1,305,0.0,0.0008565310492505353,0.0,0.0,0.5,0.25,0.0,0.0,0.5,0.0,0.5,1.0,0.0,0.0021283980763431814,0.0,0.0022371364653243847,0.0,8.450586538849558e-5,0.0013955233441314812,0.014989293361884369,0.0021413276231263384
9828389526900063859,6,3,0,3,2,0,2,1,0,1,3.0,0.0,3.0,2.0,0.0,2.0,1.0,0.0,1.0,0.6666666666666666,0.0,0.6666666666666666,0.0,2,0,3,5.0,0.0,4.0,7,1,305,0.0,0.001284796573875803,0.0,0.0,0.5,0.3333333333333333,0.0,0.0,0.5,0.0,0.5,0.6666666666666666,0.0,0.0021455697756808762,0.0,0.002237136465324384,0.0,0.0004879042835468361,0.0013955233441314812,0.014989293361884369,0.0021413276231263384
9328127358668771344,6,3,0,3,2,0,2,1,0,1,4.0,0.0,4.0,3.0,0.0,3.0,1.0,0.0,1.0,0.6666666666666666,0.0,0.75,0.0,2,0,3,6.0,0.0,5.0,7,1,305,0.0,0.0017130620985010706,0.0,0.0,0.5,0.3333333333333333,0.0,0.0,0.4375,0.0,0.4375,0.625,0.0,0.0021509846648277,0.0,0.0022371364653243847,0.0,0.0004448645760964376,0.0013955233441314812,0.014989293361884369,0.0021413276231263384
8885004233610795401,6,2,0,2,2,0,2,0,0,0,2.0,0.0,2.0,2.0,0.0,2.0,0.0,0.0,0.0,1.0,0.0,1.0,0.0,1,0,2,3.0,0.0,3.0,5,1,281,0.0,0.0008565310492505353,0.0,0.0,0.3333333333333333,0.0,0.0,0.0,0.0,0.0,0.0,0.0,0.0,0.0021204037081188967,0.0,0.0022371364653243856,8.425622899532748e-5,0.0,0.0012857116711506432,0.010706638115631691,0.0021413276231263384
2658548578843836239,5,2,0,2,1,0,1,1,0,1,2.0,0.0,2.0,1.0,0.0,1.0,1.0,0.0,1.0,0.5,0.0,0.5,0.0,1,0,2,3.0,0.0,3.0,7,1,305,0.0,0.0008565310492505353,0.0,0.0,0.5,0.25,0.0,0.0,0.5,0.0,0.5,1.0,0.0,0.0021283980763431814,0.0,0.0022371364653243847,0.0,8.450586538849558e-5,0.0013955233441314812,0.014989293361884369,0.0021413276231263384
2087981989364518870,5,4,0,4,2,0,2,2,0,2,4.0,0.0,4.0,2.0,0.0,2.0,2.0,0.0,2.0,0.5,0.0,0.5,0.0,2,0,4,6.0,0.0,5.0,7,1,305,0.0,0.0017130620985010706,0.0,0.0,0.55,0.4375,0.0,0.0,0.5833333333333334,0.0,0.5833333333333334,0.8333333333333334,0.0,0.0022434825704119093,0.0,0.002237136465324384,0.0,0.00016639237141019558,0.0013955233441314812,0.014989293361884369,0.0021413276231263384
4724247318116168967,5,2,0,2,1,0,1,1,0,1,2.0,0.0,2.0,1.0,0.0,1.0,1.0,0.0,1.0,0.5,0.0,0.5,0.0,1,0,2,3.0,0.0,3.0,7,1,305,0.0,0.0008565310492505353,0.0,0.0,0.5,0.25,0.0,0.0,0.5,0.0,0.5,1.0,0.0,0.0021283980763431814,0.0,0.0022371364653243847,0.0,8.450586538849558e-5,0.0013955233441314812,0.014989293361884369,0.0021413276231263384
2969677232936831962,6,2,0,2,2,0,2,0,0,0,2.0,0.0,2.0,2.0,0.0,2.0,0.0,0.0,0.0,1.0,0.0,1.0,0.0,1,0,2,3.0,0.0,3.0,5,1,281,0.0,0.0008565310492505353,0.0,0.0,0.3333333333333333,0.0,0.0,0.0,0.0,0.0,0.0,0.0,0.0,0.0021204037081188967,0.0,0.0022371364653243856,8.425622899532748e-5,0.0,0.0012857116711506432,0.010706638115631691,0.0021413276231263384
2064934871487925359,5,2,0,2,1,0,1,1,0,1,2.0,0.0,2.0,1.0,0.0,1.0,1.0,0.0,1.0,0.5,0.0,0.5,0.0,1,0,2,3.0,0.0,3.0,7,1,305,0.0,0.0008565310492505353,0.0,0.0,0.5,0.25,0.0,0.0,0.5,0.0,0.5,1.0,0.0,0.0021283980763431814,0.0,0.0022371364653243847,0.0,8.450586538849558e-5,0.0013955233441314812,0.014989293361884369,0.0021413276231263384
611513499717436384,5,2,0,2,1,0,1,1,0,1,2.0,0.0,2.0,1.0,0.0,1.0,1.0,0.0,1.0,0.5,0.0,0.5,0.0,1,0,2,3.0,0.0,3.0,7,1,305,0.0,0.0008565310492505353,0.0,0.0,0.5,0.25,0.0,0.0,0.5,0.0,0.5,1.0,0.0,0.0021283980763431814,0.0,0.0022371364653243847,0.0,8.450586538849558e-5,0.0013955233441314812,0.014989293361884369,0.0021413276231263384
7285069963938973236,5,4,0,4,2,0,2,2,0,2,6.0,0.0,6.0,2.0,0.0,2.0,4.0,0.0,4.0,0.5,0.0,0.3333333333333333,0.0,2,0,4,11.0,0.0,9.0,7,1,305,0.0,0.002569593147751606,0.0,0.0,0.55,0.4375,0.0,0.0,0.5,0.0,0.5,0.7777777777777778,0.0,0.0022543123487055567,0.0,0.002237136465324385,0.0,0.0009743432436792876,0.0013955233441314812,0.014989293361884369,0.0021413276231263384
9364872455914909649,6,3,0,3,2,0,2,1,0,1,4.0,0.0,4.0,3.0,0.0,3.0,1.0,0.0,1.0,0.6666666666666666,0.0,0.75,0.0,2,0,3,6.0,0.0,5.0,7,1,305,0.0,0.0017130620985010706,0.0,0.0,0.5,0.3333333333333333,0.0,0.0,0.4375,0.0,0.4375,0.625,0.0,0.0021509846648277,0.0,0.0022371364653243847,0.0,0.0004448645760964376,0.0013955233441314812,0.014989293361884369,0.0021413276231263384
4928682412649383721,6,3,0,3,2,0,2,1,0,1,4.0,0.0,4.0,3.0,0.0,3.0,1.0,0.0,1.0,0.6666666666666666,0.0,0.75,0.0,2,0,3,6.0,0.0,5.0,7,1,305,0.0,0.0017130620985010706,0.0,0.0,0.5,0.3333333333333333,0.0,0.0,0.4375,0.0,0.4375,0.625,0.0,0.0021509846648277,0.0,0.0022371364653243847,0.0,0.0004448645760964376,0.0013955233441314812,0.014989293361884369,0.0021413276231263384
5714228661496668117,6,3,0,3,2,0,2,1,0,1,4.0,0.0,4.0,3.0,0.0,3.0,1.0,0.0,1.0,0.6666666666666666,0.0,0.75,0.0,2,0,3,6.0,0.0,5.0,7,1,305,0.0,0.0017130620985010706,0.0,0.0,0.5,0.3333333333333333,0.0,0.0,0.4375,0.0,0.4375,0.625,0.0,0.0021509846648277,0.0,0.0022371364653243847,0.0,0.0004448645760964376,0.0013955233441314812,0.014989293361884369,0.0021413276231263384
6316563057376135200,6,3,0,3,2,0,2,1,0,1,4.0,0.0,4.0,3.0,0.0,3.0,1.0,0.0,1.0,0.6666666666666666,0.0,0.75,0.0,2,0,3,6.0,0.0,5.0,7,1,305,0.0,0.0017130620985010706,0.0,0.0,0.5,0.3333333333333333,0.0,0.0,0.4375,0.0,0.4375,0.625,0.0,0.0021509846648277,0.0,0.0022371364653243847,0.0,0.0004448645760964376,0.0013955233441314812,0.014989293361884369,0.0021413276231263384
9042054027817111999,6,3,0,3,2,0,2,1,0,1,4.0,0.0,4.0,3.0,0.0,3.0,1.0,0.0,1.0,0.6666666666666666,0.0,0.75,0.0,2,0,3,6.0,0.0,5.0,7,1,305,0.0,0.0017130620985010706,0.0,0.0,0.5,0.3333333333333333,0.0,0.0,0.4375,0.0,0.4375,0.625,0.0,0.0021509846648277,0.0,0.0022371364653243847,0.0,0.0004448645760964376,0.0013955233441314812,0.014989293361884369,0.0021413276231263384
4325992010381310792,6,3,0,3,2,0,2,1,0,1,3.0,0.0,3.0,2.0,0.0,2.0,1.0,0.0,1.0,0.6666666666666666,0.0,0.6666666666666666,0.0,2,0,3,5.0,0.0,4.0,7,1,305,0.0,0.001284796573875803,0.0,0.0,0.5,0.3333333333333333,0.0,0.0,0.5,0.0,0.5,0.6666666666666666,0.0,0.0021455697756808762,0.0,0.002237136465324384,0.0,0.0004879042835468361,0.0013955233441314812,0.014989293361884369,0.0021413276231263384
8088534525088339029,5,2,0,2,1,0,1,1,0,1,2.0,0.0,2.0,1.0,0.0,1.0,1.0,0.0,1.0,0.5,0.0,0.5,0.0,1,0,2,3.0,0.0,3.0,7,1,305,0.0,0.0008565310492505353,0.0,0.0,0.5,0.25,0.0,0.0,0.5,0.0,0.5,1.0,0.0,0.0021283980763431814,0.0,0.0022371364653243847,0.0,8.450586538849558e-5,0.0013955233441314812,0.014989293361884369,0.0021413276231263384
4699816449470483039,6,1,0,1,1,0,1,0,0,0,1.0,0.0,1.0,1.0,0.0,1.0,0.0,0.0,0.0,1.0,0.0,1.0,0.0,0,0,1,1.0,0.0,1.0,2,1,279,0.0,0.00042826552462526765,0.0,0.0,0.5,0.0,0.0,0.0,0.0,0.0,0.0,0.0,0.0,0.002103232008781202,0.0,0.002237136465324388,4.173377911537157e-5,0.0,0.00127656069840224,0.004282655246252677,0.0021413276231263384
5865231938159002515,5,4,0,4,2,0,2,2,0,2,5.0,0.0,5.0,2.0,0.0,2.0,3.0,0.0,3.0,0.5,0.0,0.4,0.0,2,0,4,9.0,0.0,8.0,7,1,305,0.0,0.0021413276231263384,0.0,0.0,0.55,0.4375,0.0,0.0,0.5333333333333333,0.0,0.5333333333333333,0.8,0.0,0.0022488974595587332,0.0,0.0022371364653243847,0.0,0.0010179058156803977,0.0013955233441314812,0.014989293361884369,0.0021413276231263384
4701353792573515448,5,2,0,2,1,0,1,1,0,1,2.0,0.0,2.0,1.0,0.0,1.0,1.0,0.0,1.0,0.5,0.0,0.5,0.0,1,0,2,3.0,0.0,3.0,7,1,305,0.0,0.0008565310492505353,0.0,0.0,0.5,0.25,0.0,0.0,0.5,0.0,0.5,1.0,0.0,0.0021283980763431814,0.0,0.0022371364653243847,0.0,8.450586538849558e-5,0.0013955233441314812,0.014989293361884369,0.0021413276231263384
6269211698580390062,5,3,0,3,1,0,1,2,0,2,4.0,0.0,4.0,2.0,0.0,2.0,2.0,0.0,2.0,0.3333333333333333,0.0,0.5,0.0,2,0,3,6.0,0.0,5.0,7,1,305,0.0,0.0017130620985010706,0.0,0.0,0.5,0.3333333333333333,0.0,0.0,0.5625,0.0,0.5625,0.75,0.0,0.0021707358432428553,0.0,0.002237136465324383,0.0,0.00016639237141019558,0.0013955233441314812,0.014989293361884369,0.0021413276231263384
1004724357162684961,5,2,0,2,1,0,1,1,0,1,2.0,0.0,2.0,1.0,0.0,1.0,1.0,0.0,1.0,0.5,0.0,0.5,0.0,1,0,2,3.0,0.0,3.0,7,1,305,0.0,0.0008565310492505353,0.0,0.0,0.5,0.25,0.0,0.0,0.5,0.0,0.5,1.0,0.0,0.0021283980763431814,0.0,0.0022371364653243847,0.0,8.450586538849558e-5,0.0013955233441314812,0.014989293361884369,0.0021413276231263384
5411053893129728547,6,1,0,1,1,0,1,0,0,0,1.0,0.0,1.0,1.0,0.0,1.0,0.0,0.0,0.0,1.0,0.0,1.0,0.0,0,0,1,1.0,0.0,1.0,2,1,279,0.0,0.00042826552462526765,0.0,0.0,0.5,0.0,0.0,0.0,0.0,0.0,0.0,0.0,0.0,0.002103232008781202,0.0,0.002237136465324388,4.173377911537157e-5,0.0,0.00127656069840224,0.004282655246252677,0.0021413276231263384
8925942571399654893,6,3,0,3,2,0,2,1,0,1,4.0,0.0,4.0,3.0,0.0,3.0,1.0,0.0,1.0,0.6666666666666666,0.0,0.75,0.0,2,0,3,6.0,0.0,5.0,7,1,305,0.0,0.0017130620985010706,0.0,0.0,0.5,0.3333333333333333,0.0,0.0,0.4375,0.0,0.4375,0.625,0.0,0.0021509846648277,0.0,0.0022371364653243847,0.0,0.0004448645760964376,0.0013955233441314812,0.014989293361884369,0.0021413276231263384
1650282881851176404,6,3,0,3,2,0,2,1,0,1,4.0,0.0,4.0,3.0,0.0,3.0,1.0,0.0,1.0,0.6666666666666666,0.0,0.75,0.0,2,0,3,6.0,0.0,5.0,7,1,305,0.0,0.0017130620985010706,0.0,0.0,0.5,0.3333333333333333,0.0,0.0,0.4375,0.0,0.4375,0.625,0.0,0.0021509846648277,0.0,0.0022371364653243847,0.0,0.0004448645760964376,0.0013955233441314812,0.014989293361884369,0.0021413276231263384
5186502763290307531,6,3,0,3,2,0,2,1,0,1,4.0,0.0,4.0,3.0,0.0,3.0,1.0,0.0,1.0,0.6666666666666666,0.0,0.75,0.0,2,0,3,6.0,0.0,5.0,7,1,305,0.0,0.0017130620985010706,0.0,0.0,0.5,0.3333333333333333,0.0,0.0,0.4375,0.0,0.4375,0.625,0.0,0.0021509846648277,0.0,0.0022371364653243847,0.0,0.0004448645760964376,0.0013955233441314812,0.014989293361884369,0.0021413276231263384
3182622856710736777,5,2,0,2,1,0,1,1,0,1,2.0,0.0,2.0,1.0,0.0,1.0,1.0,0.0,1.0,0.5,0.0,0.5,0.0,1,0,2,3.0,0.0,3.0,7,1,305,0.0,0.0008565310492505353,0.0,0.0,0.5,0.25,0.0,0.0,0.5,0.0,0.5,1.0,0.0,0.0021283980763431814,0.0,0.0022371364653243847,0.0,8.450586538849558e-5,0.0013955233441314812,0.014989293361884369,0.0021413276231263384
7098189480991966917,6,2,0,2,2,0,2,0,0,0,4.0,0.0,4.0,4.0,0.0,4.0,0.0,0.0,0.0,1.0,0.0,1.0,0.0,1,0,2,5.0,0.0,5.0,5,1,281,0.0,0.0017130620985010706,0.0,0.0,0.3333333333333333,0.0,0.0,0.0,0.0,0.0,0.0,0.0,0.0,0.002142990296603416,0.0,0.0022371364653243856,0.0001716823044337068,0.0,0.0012857116711506432,0.010706638115631691,0.0021413276231263384
200117198493266635,6,1,0,1,1,0,1,0,0,0,1.0,0.0,1.0,1.0,0.0,1.0,0.0,0.0,0.0,1.0,0.0,1.0,0.0,0,0,1,1.0,0.0,1.0,2,1,279,0.0,0.00042826552462526765,0.0,0.0,0.5,0.0,0.0,0.0,0.0,0.0,0.0,0.0,0.0,0.002103232008781202,0.0,0.002237136465324388,4.173377911537157e-5,0.0,0.00127656069840224,0.004282655246252677,0.0021413276231263384
8728903398385039603,5,2,0,2,1,0,1,1,0,1,2.0,0.0,2.0,1.0,0.0,1.0,1.0,0.0,1.0,0.5,0.0,0.5,0.0,1,0,2,3.0,0.0,3.0,7,1,305,0.0,0.0008565310492505353,0.0,0.0,0.5,0.25,0.0,0.0,0.5,0.0,0.5,1.0,0.0,0.0021283980763431814,0.0,0.0022371364653243847,0.0,8.450586538849558e-5,0.0013955233441314812,0.014989293361884369,0.0021413276231263384
4389495244000733617,6,3,0,3,2,0,2,1,0,1,3.0,0.0,3.0,2.0,0.0,2.0,1.0,0.0,1.0,0.6666666666666666,0.0,0.6666666666666666,0.0,2,0,3,5.0,0.0,4.0,7,1,305,0.0,0.001284796573875803,0.0,0.0,0.5,0.3333333333333333,0.0,0.0,0.5,0.0,0.5,0.6666666666666666,0.0,0.0021455697756808762,0.0,0.002237136465324384,0.0,0.0004879042835468361,0.0013955233441314812,0.014989293361884369,0.0021413276231263384
8322794987967515690,5,3,0,3,1,0,1,2,0,2,4.0,0.0,4.0,2.0,0.0,2.0,2.0,0.0,2.0,0.3333333333333333,0.0,0.5,0.0,2,0,3,6.0,0.0,5.0,7,1,305,0.0,0.0017130620985010706,0.0,0.0,0.5,0.3333333333333333,0.0,0.0,0.5625,0.0,0.5625,0.75,0.0,0.0021707358432428553,0.0,0.002237136465324383,0.0,0.00016639237141019558,0.0013955233441314812,0.014989293361884369,0.0021413276231263384
8413443718727498708,5,2,0,2,1,0,1,1,0,1,3.0,0.0,3.0,2.0,0.0,2.0,1.0,0.0,1.0,0.5,0.0,0.6666666666666666,0.0,1,0,2,6.0,0.0,4.0,7,1,305,0.0,0.001284796573875803,0.0,0.0,0.5,0.25,0.0,0.0,0.5,0.0,0.5,1.0,0.0,0.00215356414390516,0.0,0.0022371364653243834,0.000404877205372689,0.0,0.0013955233441314812,0.014989293361884369,0.0021413276231263384
9561376186176565170,6,2,0,2,2,0,2,0,0,0,3.0,0.0,3.0,3.0,0.0,3.0,0.0,0.0,0.0,1.0,0.0,1.0,0.0,1,0,2,5.0,0.0,4.0,5,1,281,0.0,0.001284796573875803,0.0,0.0,0.3333333333333333,0.0,0.0,0.0,0.0,0.0,0.0,0.0,0.0,0.002125818597265721,0.0,0.002237136465324386,0.0001275711358011411,0.0,0.0012857116711506432,0.010706638115631691,0.0021413276231263384
107202683742442673,5,2,0,2,1,0,1,1,0,1,2.0,0.0,2.0,1.0,0.0,1.0,1.0,0.0,1.0,0.5,0.0,0.5,0.0,1,0,2,3.0,0.0,3.0,7,1,305,0.0,0.0008565310492505353,0.0,0.0,0.5,0.25,0.0,0.0,0.5,0.0,0.5,1.0,0.0,0.0021283980763431814,0.0,0.0022371364653243847,0.0,8.450586538849558e-5,0.0013955233441314812,0.014989293361884369,0.0021413276231263384
2753486438238562920,6,1,0,1,1,0,1,0,0,0,1.0,0.0,1.0,1.0,0.0,1.0,0.0,0.0,0.0,1.0,0.0,1.0,0.0,0,0,1,1.0,0.0,1.0,2,1,279,0.0,0.00042826552462526765,0.0,0.0,0.5,0.0,0.0,0.0,0.0,0.0,0.0,0.0,0.0,0.002103232008781202,0.0,0.002237136465324388,4.173377911537157e-5,0.0,0.00127656069840224,0.004282655246252677,0.0021413276231263384
2719873875973612369,5,2,0,2,1,0,1,1,0,1,2.0,0.0,2.0,1.0,0.0,1.0,1.0,0.0,1.0,0.5,0.0,0.5,0.0,1,0,2,3.0,0.0,3.0,7,1,305,0.0,0.0008565310492505353,0.0,0.0,0.5,0.25,0.0,0.0,0.5,0.0,0.5,1.0,0.0,0.0021283980763431814,0.0,0.0022371364653243847,0.0,8.450586538849558e-5,0.0013955233441314812,0.014989293361884369,0.0021413276231263384
9997602517105845245,6,3,0,3,2,0,2,1,0,1,4.0,0.0,4.0,3.0,0.0,3.0,1.0,0.0,1.0,0.6666666666666666,0.0,0.75,0.0,2,0,3,6.0,0.0,5.0,7,1,305,0.0,0.0017130620985010706,0.0,0.0,0.5,0.3333333333333333,0.0,0.0,0.4375,0.0,0.4375,0.625,0.0,0.0021509846648277,0.0,0.0022371364653243847,0.0,0.0004448645760964376,0.0013955233441314812,0.014989293361884369,0.0021413276231263384
8889744612599415173,6,1,0,1,1,0,1,0,0,0,1.0,0.0,1.0,1.0,0.0,1.0,0.0,0.0,0.0,1.0,0.0,1.0,0.0,0,0,1,1.0,0.0,1.0,2,1,279,0.0,0.00042826552462526765,0.0,0.0,0.5,0.0,0.0,0.0,0.0,0.0,0.0,0.0,0.0,0.002103232008781202,0.0,0.002237136465324388,4.173377911537157e-5,0.0,0.00127656069840224,0.004282655246252677,0.0021413276231263384
1234036584408316217,6,1,0,1,1,0,1,0,0,0,1.0,0.0,1.0,1.0,0.0,1.0,0.0,0.0,0.0,1.0,0.0,1.0,0.0,0,0,1,1.0,0.0,1.0,2,1,279,0.0,0.00042826552462526765,0.0,0.0,0.5,0.0,0.0,0.0,0.0,0.0,0.0,0.0,0.0,0.002103232008781202,0.0,0.002237136465324388,4.173377911537157e-5,0.0,0.00127656069840224,0.004282655246252677,0.0021413276231263384
8343329955440739894,5,2,0,2,1,0,1,1,0,1,2.0,0.0,2.0,1.0,0.0,1.0,1.0,0.0,1.0,0.5,0.0,0.5,0.0,1,0,2,3.0,0.0,3.0,7,1,305,0.0,0.0008565310492505353,0.0,0.0,0.5,0.25,0.0,0.0,0.5,0.0,0.5,1.0,0.0,0.0021283980763431814,0.0,0.0022371364653243847,0.0,8.450586538849558e-5,0.0013955233441314812,0.014989293361884369,0.0021413276231263384
5962406208712014212,5,2,0,2,1,0,1,1,0,1,2.0,0.0,2.0,1.0,0.0,1.0,1.0,0.0,1.0,0.5,0.0,0.5,0.0,1,0,2,3.0,0.0,3.0,7,1,305,0.0,0.0008565310492505353,0.0,0.0,0.5,0.25,0.0,0.0,0.5,0.0,0.5,1.0,0.0,0.0021283980763431814,0.0,0.0022371364653243847,0.0,8.450586538849558e-5,0.0013955233441314812,0.014989293361884369,0.0021413276231263384
4902767597759544259,6,3,0,3,2,0,2,1,0,1,3.0,0.0,3.0,2.0,0.0,2.0,1.0,0.0,1.0,0.6666666666666666,0.0,0.6666666666666666,0.0,2,0,3,5.0,0.0,4.0,7,1,305,0.0,0.001284796573875803,0.0,0.0,0.5,0.3333333333333333,0.0,0.0,0.5,0.0,0.5,0.6666666666666666,0.0,0.0021455697756808762,0.0,0.002237136465324384,0.0,0.0004879042835468361,0.0013955233441314812,0.014989293361884369,0.0021413276231263384
274354283771999006,6,3,0,3,2,0,2,1,0,1,3.0,0.0,3.0,2.0,0.0,2.0,1.0,0.0,1.0,0.6666666666666666,0.0,0.6666666666666666,0.0,2,0,3,5.0,0.0,4.0,7,1,305,0.0,0.001284796573875803,0.0,0.0,0.5,0.3333333333333333,0.0,0.0,0.5,0.0,0.5,0.6666666666666666,0.0,0.0021455697756808762,0.0,0.002237136465324384,0.0,0.0004879042835468361,0.0013955233441314812,0.014989293361884369,0.0021413276231263384
8215280654420431194,6,2,0,2,2,0,2,0,0,0,2.0,0.0,2.0,2.0,0.0,2.0,0.0,0.0,0.0,1.0,0.0,1.0,0.0,1,0,2,3.0,0.0,3.0,5,1,281,0.0,0.0008565310492505353,0.0,0.0,0.3333333333333333,0.0,0.0,0.0,0.0,0.0,0.0,0.0,0.0,0.0021204037081188967,0.0,0.0022371364653243856,8.425622899532748e-5,0.0,0.0012857116711506432,0.010706638115631691,0.0021413276231263384
205945681449750545,6,2,0,2,2,0,2,0,0,0,3.0,0.0,3.0,3.0,0.0,3.0,0.0,0.0,0.0,1.0,0.0,1.0,0.0,1,0,2,5.0,0.0,4.0,5,1,281,0.0,0.001284796573875803,0.0,0.0,0.3333333333333333,0.0,0.0,0.0,0.0,0.0,0.0,0.0,0.0,0.002125818597265721,0.0,0.002237136465324386,0.0001275711358011411,0.0,0.0012857116711506432,0.010706638115631691,0.0021413276231263384
1836679913050380170,6,3,0,3,2,0,2,1,0,1,3.0,0.0,3.0,2.0,0.0,2.0,1.0,0.0,1.0,0.6666666666666666,0.0,0.6666666666666666,0.0,2,0,3,5.0,0.0,4.0,7,1,305,0.0,0.001284796573875803,0.0,0.0,0.5,0.3333333333333333,0.0,0.0,0.5,0.0,0.5,0.6666666666666666,0.0,0.0021455697756808762,0.0,0.002237136465324384,0.0,0.0004879042835468361,0.0013955233441314812,0.014989293361884369,0.0021413276231263384
8508085203305517033,5,3,0,3,2,0,2,1,0,1,3.0,0.0,3.0,2.0,0.0,2.0,1.0,0.0,1.0,0.6666666666666666,0.0,0.6666666666666666,0.0,2,0,3,6.0,0.0,4.0,7,1,305,0.0,0.001284796573875803,0.0,0.0,0.5833333333333334,0.4444444444444444,0.0,0.0,0.6666666666666666,0.0,0.6666666666666666,1.0,0.0,0.0022263108710742145,0.0,0.0022371364653243843,0.000404877205372689,0.0,0.0013955233441314812,0.014989293361884369,0.0021413276231263384
4667132356538588603,6,2,0,2,2,0,2,0,0,0,2.0,0.0,2.0,2.0,0.0,2.0,0.0,0.0,0.0,1.0,0.0,1.0,0.0,1,0,2,3.0,0.0,3.0,5,1,281,0.0,0.0008565310492505353,0.0,0.0,0.3333333333333333,0.0,0.0,0.0,0.0,0.0,0.0,0.0,0.0,0.0021204037081188967,0.0,0.0022371364653243856,8.425622899532748e-5,0.0,0.0012857116711506432,0.010706638115631691,0.0021413276231263384
8336921538881930401,6,2,0,2,2,0,2,0,0,0,3.0,0.0,3.0,3.0,0.0,3.0,0.0,0.0,0.0,1.0,0.0,1.0,0.0,1,0,2,5.0,0.0,4.0,5,1,281,0.0,0.001284796573875803,0.0,0.0,0.3333333333333333,0.0,0.0,0.0,0.0,0.0,0.0,0.0,0.0,0.002125818597265721,0.0,0.002237136465324386,0.0001275711358011411,0.0,0.0012857116711506432,0.010706638115631691,0.0021413276231263384
9688616258852893988,6,2,0,2,2,0,2,0,0,0,2.0,0.0,2.0,2.0,0.0,2.0,0.0,0.0,0.0,1.0,0.0,1.0,0.0,1,0,2,3.0,0.0,3.0,5,1,281,0.0,0.0008565310492505353,0.0,0.0,0.3333333333333333,0.0,0.0,0.0,0.0,0.0,0.0,0.0,0.0,0.0021204037081188967,0.0,0.0022371364653243856,8.425622899532748e-5,0.0,0.0012857116711506432,0.010706638115631691,0.0021413276231263384
4579200512554801444,6,3,0,3,2,0,2,1,0,1,4.0,0.0,4.0,3.0,0.0,3.0,1.0,0.0,1.0,0.6666666666666666,0.0,0.75,0.0,2,0,3,6.0,0.0,5.0,7,1,305,0.0,0.0017130620985010706,0.0,0.0,0.5,0.3333333333333333,0.0,0.0,0.4375,0.0,0.4375,0.625,0.0,0.0021509846648277,0.0,0.0022371364653243847,0.0,0.0004448645760964376,0.0013955233441314812,0.014989293361884369,0.0021413276231263384
952330237158250731,5,3,0,3,2,0,2,1,0,1,3.0,0.0,3.0,2.0,0.0,2.0,1.0,0.0,1.0,0.6666666666666666,0.0,0.6666666666666666,0.0,2,0,3,6.0,0.0,4.0,7,1,305,0.0,0.001284796573875803,0.0,0.0,0.5833333333333334,0.4444444444444444,0.0,0.0,0.6666666666666666,0.0,0.6666666666666666,1.0,0.0,0.0022263108710742145,0.0,0.0022371364653243843,0.000404877205372689,0.0,0.0013955233441314812,0.014989293361884369,0.0021413276231263384
3509043665874082534,6,3,0,3,2,0,2,1,0,1,3.0,0.0,3.0,2.0,0.0,2.0,1.0,0.0,1.0,0.6666666666666666,0.0,0.6666666666666666,0.0,2,0,3,5.0,0.0,4.0,7,1,305,0.0,0.001284796573875803,0.0,0.0,0.5,0.3333333333333333,0.0,0.0,0.5,0.0,0.5,0.6666666666666666,0.0,0.0021455697756808762,0.0,0.002237136465324384,0.0,0.0004879042835468361,0.0013955233441314812,0.014989293361884369,0.0021413276231263384
3562488264093754137,5,3,0,3,1,0,1,2,0,2,4.0,0.0,4.0,1.0,0.0,1.0,3.0,0.0,3.0,0.3333333333333333,0.0,0.25,0.0,2,0,3,6.0,0.0,5.0,6,1,284,0.0,0.0017130620985010706,0.0,0.0,0.4166666666666667,0.2222222222222222,0.0,0.0,0.3125,0.0,0.3125,0.625,0.0,0.0022237313919967537,0.0,0.002237136465324386,0.0,0.0012285949853413358,0.0012994381302732481,0.01284796573875803,0.0021413276231263384
861497651926017317,6,1,0,1,1,0,1,0,0,0,1.0,0.0,1.0,1.0,0.0,1.0,0.0,0.0,0.0,1.0,0.0,1.0,0.0,0,0,1,1.0,0.0,1.0,2,1,279,0.0,0.00042826552462526765,0.0,0.0,0.5,0.0,0.0,0.0,0.0,0.0,0.0,0.0,0.0,0.002103232008781202,0.0,0.002237136465324388,4.173377911537157e-5,0.0,0.00127656069840224,0.004282655246252677,0.0021413276231263384
6927641152968874281,6,2,0,2,2,0,2,0,0,0,3.0,0.0,3.0,3.0,0.0,3.0,0.0,0.0,0.0,1.0,0.0,1.0,0.0,1,0,2,5.0,0.0,4.0,5,1,281,0.0,0.001284796573875803,0.0,0.0,0.3333333333333333,0.0,0.0,0.0,0.0,0.0,0.0,0.0,0.0,0.002125818597265721,0.0,0.002237136465324386,0.0001275711358011411,0.0,0.0012857116711506432,0.010706638115631691,0.0021413276231263384
6844357722675370019,5,3,0,3,1,0,1,2,0,2,5.0,0.0,5.0,2.0,0.0,2.0,3.0,0.0,3.0,0.3333333333333333,0.0,0.4,0.0,2,0,3,9.0,0.0,8.0,7,1,305,0.0,0.0021413276231263384,0.0,0.0,0.5,0.3333333333333333,0.0,0.0,0.5,0.0,0.5,0.7,0.0,0.0021761507323896792,0.0,0.002237136465324384,0.0,0.0007382639539963431,0.0013955233441314812,0.014989293361884369,0.0021413276231263384
4133877996853609154,5,2,0,2,1,0,1,1,0,1,2.0,0.0,2.0,1.0,0.0,1.0,1.0,0.0,1.0,0.5,0.0,0.5,0.0,1,0,2,3.0,0.0,3.0,7,1,305,0.0,0.0008565310492505353,0.0,0.0,0.5,0.25,0.0,0.0,0.5,0.0,0.5,1.0,0.0,0.0021283980763431814,0.0,0.0022371364653243847,0.0,8.450586538849558e-5,0.0013955233441314812,0.014989293361884369,0.0021413276231263384
5657007414935917635,6,3,0,3,2,0,2,1,0,1,4.0,0.0,4.0,3.0,0.0,3.0,1.0,0.0,1.0,0.6666666666666666,0.0,0.75,0.0,2,0,3,6.0,0.0,5.0,7,1,305,0.0,0.0017130620985010706,0.0,0.0,0.5,0.3333333333333333,0.0,0.0,0.4375,0.0,0.4375,0.625,0.0,0.0021509846648277,0.0,0.0022371364653243847,0.0,0.0004448645760964376,0.0013955233441314812,0.014989293361884369,0.0021413276231263384
6730559985419566876,6,3,0,3,2,0,2,1,0,1,4.0,0.0,4.0,3.0,0.0,3.0,1.0,0.0,1.0,0.6666666666666666,0.0,0.75,0.0,2,0,3,6.0,0.0,5.0,7,1,305,0.0,0.0017130620985010706,0.0,0.0,0.5,0.3333333333333333,0.0,0.0,0.4375,0.0,0.4375,0.625,0.0,0.0021509846648277,0.0,0.0022371364653243847,0.0,0.0004448645760964376,0.0013955233441314812,0.014989293361884369,0.0021413276231263384
92707768093632929,5,2,0,2,1,0,1,1,0,1,2.0,0.0,2.0,1.0,0.0,1.0,1.0,0.0,1.0,0.5,0.0,0.5,0.0,1,0,2,3.0,0.0,3.0,7,1,305,0.0,0.0008565310492505353,0.0,0.0,0.5,0.25,0.0,0.0,0.5,0.0,0.5,1.0,0.0,0.0021283980763431814,0.0,0.0022371364653243847,0.0,8.450586538849558e-5,0.0013955233441314812,0.014989293361884369,0.0021413276231263384
2428767116780268027,5,2,0,2,1,0,1,1,0,1,2.0,0.0,2.0,1.0,0.0,1.0,1.0,0.0,1.0,0.5,0.0,0.5,0.0,1,0,2,3.0,0.0,3.0,7,1,305,0.0,0.0008565310492505353,0.0,0.0,0.5,0.25,0.0,0.0,0.5,0.0,0.5,1.0,0.0,0.0021283980763431814,0.0,0.0022371364653243847,0.0,8.450586538849558e-5,0.0013955233441314812,0.014989293361884369,0.0021413276231263384
2926908527681731921,6,2,0,2,2,0,2,0,0,0,2.0,0.0,2.0,2.0,0.0,2.0,0.0,0.0,0.0,1.0,0.0,1.0,0.0,1,0,2,3.0,0.0,3.0,5,1,281,0.0,0.0008565310492505353,0.0,0.0,0.3333333333333333,0.0,0.0,0.0,0.0,0.0,0.0,0.0,0.0,0.0021204037081188967,0.0,0.0022371364653243856,8.425622899532748e-5,0.0,0.0012857116711506432,0.010706638115631691,0.0021413276231263384
4074638776718375113,5,2,0,2,1,0,1,1,0,1,2.0,0.0,2.0,1.0,0.0,1.0,1.0,0.0,1.0,0.5,0.0,0.5,0.0,1,0,2,3.0,0.0,3.0,7,1,305,0.0,0.0008565310492505353,0.0,0.0,0.5,0.25,0.0,0.0,0.5,0.0,0.5,1.0,0.0,0.0021283980763431814,0.0,0.0022371364653243847,0.0,8.450586538849558e-5,0.0013955233441314812,0.014989293361884369,0.0021413276231263384
1089834436637173588,5,2,0,2,1,0,1,1,0,1,2.0,0.0,2.0,1.0,0.0,1.0,1.0,0.0,1.0,0.5,0.0,0.5,0.0,1,0,2,3.0,0.0,3.0,7,1,305,0.0,0.0008565310492505353,0.0,0.0,0.5,0.25,0.0,0.0,0.5,0.0,0.5,1.0,0.0,0.0021283980763431814,0.0,0.0022371364653243847,0.0,8.450586538849558e-5,0.0013955233441314812,0.014989293361884369,0.0021413276231263384
859865870069863107,6,3,0,3,2,0,2,1,0,1,4.0,0.0,4.0,3.0,0.0,3.0,1.0,0.0,1.0,0.6666666666666666,0.0,0.75,0.0,2,0,3,6.0,0.0,5.0,7,1,305,0.0,0.0017130620985010706,0.0,0.0,0.5,0.3333333333333333,0.0,0.0,0.4375,0.0,0.4375,0.625,0.0,0.0021509846648277,0.0,0.0022371364653243847,0.0,0.0004448645760964376,0.0013955233441314812,0.014989293361884369,0.0021413276231263384
9828510787498852029,6,2,0,2,2,0,2,0,0,0,2.0,0.0,2.0,2.0,0.0,2.0,0.0,0.0,0.0,1.0,0.0,1.0,0.0,1,0,2,3.0,0.0,3.0,5,1,281,0.0,0.0008565310492505353,0.0,0.0,0.3333333333333333,0.0,0.0,0.0,0.0,0.0,0.0,0.0,0.0,0.0021204037081188967,0.0,0.0022371364653243856,8.425622899532748e-5,0.0,0.0012857116711506432,0.010706638115631691,0.0021413276231263384
4888506763667774558,6,1,0,1,1,0,1,0,0,0,1.0,0.0,1.0,1.0,0.0,1.0,0.0,0.0,0.0,1.0,0.0,1.0,0.0,0,0,1,1.0,0.0,1.0,2,1,279,0.0,0.00042826552462526765,0.0,0.0,0.5,0.0,0.0,0.0,0.0,0.0,0.0,0.0,0.0,0.002103232008781202,0.0,0.002237136465324388,4.173377911537157e-5,0.0,0.00127656069840224,0.004282655246252677,0.0021413276231263384
9206168423620969090,6,3,0,3,2,0,2,1,0,1,4.0,0.0,4.0,3.0,0.0,3.0,1.0,0.0,1.0,0.6666666666666666,0.0,0.75,0.0,2,0,3,6.0,0.0,5.0,7,1,305,0.0,0.0017130620985010706,0.0,0.0,0.5,0.3333333333333333,0.0,0.0,0.4375,0.0,0.4375,0.625,0.0,0.0021509846648277,0.0,0.0022371364653243847,0.0,0.0004448645760964376,0.0013955233441314812,0.014989293361884369,0.0021413276231263384
4134181574215474474,6,2,0,2,2,0,2,0,0,0,3.0,0.0,3.0,3.0,0.0,3.0,0.0,0.0,0.0,1.0,0.0,1.0,0.0,1,0,2,5.0,0.0,4.0,5,1,281,0.0,0.001284796573875803,0.0,0.0,0.3333333333333333,0.0,0.0,0.0,0.0,0.0,0.0,0.0,0.0,0.002125818597265721,0.0,0.002237136465324386,0.0001275711358011411,0.0,0.0012857116711506432,0.010706638115631691,0.0021413276231263384
7353935351329598334,6,1,0,1,1,0,1,0,0,0,1.0,0.0,1.0,1.0,0.0,1.0,0.0,0.0,0.0,1.0,0.0,1.0,0.0,0,0,1,1.0,0.0,1.0,2,1,279,0.0,0.00042826552462526765,0.0,0.0,0.5,0.0,0.0,0.0,0.0,0.0,0.0,0.0,0.0,0.002103232008781202,0.0,0.002237136465324388,4.173377911537157e-5,0.0,0.00127656069840224,0.004282655246252677,0.0021413276231263384
9571593946279461090,5,2,0,2,1,0,1,1,0,1,2.0,0.0,2.0,1.0,0.0,1.0,1.0,0.0,1.0,0.5,0.0,0.5,0.0,1,0,2,3.0,0.0,3.0,7,1,305,0.0,0.0008565310492505353,0.0,0.0,0.5,0.25,0.0,0.0,0.5,0.0,0.5,1.0,0.0,0.0021283980763431814,0.0,0.0022371364653243847,0.0,8.450586538849558e-5,0.0013955233441314812,0.014989293361884369,0.0021413276231263384
8074863853451259412,6,3,0,3,2,0,2,1,0,1,3.0,0.0,3.0,2.0,0.0,2.0,1.0,0.0,1.0,0.6666666666666666,0.0,0.6666666666666666,0.0,2,0,3,5.0,0.0,4.0,7,1,305,0.0,0.001284796573875803,0.0,0.0,0.5,0.3333333333333333,0.0,0.0,0.5,0.0,0.5,0.6666666666666666,0.0,0.0021455697756808762,0.0,0.002237136465324384,0.0,0.0004879042835468361,0.0013955233441314812,0.014989293361884369,0.0021413276231263384
5702699983607546756,6,3,0,3,2,0,2,1,0,1,4.0,0.0,4.0,3.0,0.0,3.0,1.0,0.0,1.0,0.6666666666666666,0.0,0.75,0.0,2,0,3,6.0,0.0,5.0,7,1,305,0.0,0.0017130620985010706,0.0,0.0,0.5,0.3333333333333333,0.0,0.0,0.4375,0.0,0.4375,0.625,0.0,0.0021509846648277,0.0,0.0022371364653243847,0.0,0.0004448645760964376,0.0013955233441314812,0.014989293361884369,0.0021413276231263384
6678707382210134776,6,3,0,3,2,0,2,1,0,1,3.0,0.0,3.0,2.0,0.0,2.0,1.0,0.0,1.0,0.6666666666666666,0.0,0.6666666666666666,0.0,2,0,3,5.0,0.0,4.0,7,1,305,0.0,0.001284796573875803,0.0,0.0,0.5,0.3333333333333333,0.0,0.0,0.5,0.0,0.5,0.6666666666666666,0.0,0.0021455697756808762,0.0,0.002237136465324384,0.0,0.0004879042835468361,0.0013955233441314812,0.014989293361884369,0.0021413276231263384
4530182144063959262,6,3,0,3,2,0,2,1,0,1,4.0,0.0,4.0,3.0,0.0,3.0,1.0,0.0,1.0,0.6666666666666666,0.0,0.75,0.0,2,0,3,6.0,0.0,5.0,7,1,305,0.0,0.0017130620985010706,0.0,0.0,0.5,0.3333333333333333,0.0,0.0,0.4375,0.0,0.4375,0.625,0.0,0.0021509846648277,0.0,0.0022371364653243847,0.0,0.0004448645760964376,0.0013955233441314812,0.014989293361884369,0.0021413276231263384
8232188560533225356,6,3,0,3,2,0,2,1,0,1,4.0,0.0,4.0,3.0,0.0,3.0,1.0,0.0,1.0,0.6666666666666666,0.0,0.75,0.0,2,0,3,6.0,0.0,5.0,7,1,305,0.0,0.0017130620985010706,0.0,0.0,0.5,0.3333333333333333,0.0,0.0,0.4375,0.0,0.4375,0.625,0.0,0.0021509846648277,0.0,0.0022371364653243847,0.0,0.0004448645760964376,0.0013955233441314812,0.014989293361884369,0.0021413276231263384
5105782610069844977,6,1,0,1,1,0,1,0,0,0,1.0,0.0,1.0,1.0,0.0,1.0,0.0,0.0,0.0,1.0,0.0,1.0,0.0,0,0,1,1.0,0.0,1.0,2,1,279,0.0,0.00042826552462526765,0.0,0.0,0.5,0.0,0.0,0.0,0.0,0.0,0.0,0.0,0.0,0.002103232008781202,0.0,0.002237136465324388,4.173377911537157e-5,0.0,0.00127656069840224,0.004282655246252677,0.0021413276231263384
2944365526264156980,6,1,0,1,1,0,1,0,0,0,1.0,0.0,1.0,1.0,0.0,1.0,0.0,0.0,0.0,1.0,0.0,1.0,0.0,0,0,1,1.0,0.0,1.0,2,1,279,0.0,0.00042826552462526765,0.0,0.0,0.5,0.0,0.0,0.0,0.0,0.0,0.0,0.0,0.0,0.002103232008781202,0.0,0.002237136465324388,4.173377911537157e-5,0.0,0.00127656069840224,0.004282655246252677,0.0021413276231263384
801946329532611075,6,2,0,2,2,0,2,0,0,0,3.0,0.0,3.0,3.0,0.0,3.0,0.0,0.0,0.0,1.0,0.0,1.0,0.0,1,0,2,5.0,0.0,4.0,5,1,281,0.0,0.001284796573875803,0.0,0.0,0.3333333333333333,0.0,0.0,0.0,0.0,0.0,0.0,0.0,0.0,0.002125818597265721,0.0,0.002237136465324386,0.0001275711358011411,0.0,0.0012857116711506432,0.010706638115631691,0.0021413276231263384
466863648712518511,6,2,0,2,2,0,2,0,0,0,3.0,0.0,3.0,3.0,0.0,3.0,0.0,0.0,0.0,1.0,0.0,1.0,0.0,1,0,2,5.0,0.0,4.0,5,1,281,0.0,0.001284796573875803,0.0,0.0,0.3333333333333333,0.0,0.0,0.0,0.0,0.0,0.0,0.0,0.0,0.002125818597265721,0.0,0.002237136465324386,0.0001275711358011411,0.0,0.0012857116711506432,0.010706638115631691,0.0021413276231263384
9894691303785821541,6,3,0,3,2,0,2,1,0,1,4.0,0.0,4.0,3.0,0.0,3.0,1.0,0.0,1.0,0.6666666666666666,0.0,0.75,0.0,2,0,3,6.0,0.0,5.0,7,1,305,0.0,0.0017130620985010706,0.0,0.0,0.5,0.3333333333333333,0.0,0.0,0.4375,0.0,0.4375,0.625,0.0,0.0021509846648277,0.0,0.0022371364653243847,0.0,0.0004448645760964376,0.0013955233441314812,0.014989293361884369,0.0021413276231263384
8041594844355607095,6,3,0,3,2,0,2,1,0,1,3.0,0.0,3.0,2.0,0.0,2.0,1.0,0.0,1.0,0.6666666666666666,0.0,0.6666666666666666,0.0,2,0,3,5.0,0.0,4.0,7,1,305,0.0,0.001284796573875803,0.0,0.0,0.5,0.3333333333333333,0.0,0.0,0.5,0.0,0.5,0.6666666666666666,0.0,0.0021455697756808762,0.0,0.002237136465324384,0.0,0.0004879042835468361,0.0013955233441314812,0.014989293361884369,0.0021413276231263384
1328895330201682426,6,2,0,2,2,0,2,0,0,0,2.0,0.0,2.0,2.0,0.0,2.0,0.0,0.0,0.0,1.0,0.0,1.0,0.0,1,0,2,3.0,0.0,3.0,5,1,281,0.0,0.0008565310492505353,0.0,0.0,0.3333333333333333,0.0,0.0,0.0,0.0,0.0,0.0,0.0,0.0,0.0021204037081188967,0.0,0.0022371364653243856,8.425622899532748e-5,0.0,0.0012857116711506432,0.010706638115631691,0.0021413276231263384
9095254989403266821,6,3,0,3,2,0,2,1,0,1,3.0,0.0,3.0,2.0,0.0,2.0,1.0,0.0,1.0,0.6666666666666666,0.0,0.6666666666666666,0.0,2,0,3,5.0,0.0,4.0,7,1,305,0.0,0.001284796573875803,0.0,0.0,0.5,0.3333333333333333,0.0,0.0,0.5,0.0,0.5,0.6666666666666666,0.0,0.0021455697756808762,0.0,0.002237136465324384,0.0,0.0004879042835468361,0.0013955233441314812,0.014989293361884369,0.0021413276231263384
4753476185233156362,6,2,0,2,2,0,2,0,0,0,2.0,0.0,2.0,2.0,0.0,2.0,0.0,0.0,0.0,1.0,0.0,1.0,0.0,1,0,2,3.0,0.0,3.0,5,1,281,0.0,0.0008565310492505353,0.0,0.0,0.3333333333333333,0.0,0.0,0.0,0.0,0.0,0.0,0.0,0.0,0.0021204037081188967,0.0,0.0022371364653243856,8.425622899532748e-5,0.0,0.0012857116711506432,0.010706638115631691,0.0021413276231263384
2915369507078832842,6,3,0,3,2,0,2,1,0,1,4.0,0.0,4.0,3.0,0.0,3.0,1.0,0.0,1.0,0.6666666666666666,0.0,0.75,0.0,2,0,3,6.0,0.0,5.0,7,1,305,0.0,0.0017130620985010706,0.0,0.0,0.5,0.3333333333333333,0.0,0.0,0.4375,0.0,0.4375,0.625,0.0,0.0021509846648277,0.0,0.0022371364653243847,0.0,0.0004448645760964376,0.0013955233441314812,0.014989293361884369,0.0021413276231263384
2167846441639991300,6,3,0,3,2,0,2,1,0,1,4.0,0.0,4.0,3.0,0.0,3.0,1.0,0.0,1.0,0.6666666666666666,0.0,0.75,0.0,2,0,3,6.0,0.0,5.0,7,1,305,0.0,0.0017130620985010706,0.0,0.0,0.5,0.3333333333333333,0.0,0.0,0.4375,0.0,0.4375,0.625,0.0,0.0021509846648277,0.0,0.0022371364653243847,0.0,0.0004448645760964376,0.0013955233441314812,0.014989293361884369,0.0021413276231263384
8431645294889390967,6,3,0,3,2,0,2,1,0,1,4.0,0.0,4.0,3.0,0.0,3.0,1.0,0.0,1.0,0.6666666666666666,0.0,0.75,0.0,2,0,3,5.0,0.0,5.0,7,1,305,0.0,0.0017130620985010706,0.0,0.0,0.5,0.3333333333333333,0.0,0.0,0.5,0.0,0.5,0.625,0.0,0.0021627414750185715,0.0,0.0022371364653243834,0.0,0.0004448645760964376,0.0013955233441314812,0.014989293361884369,0.0021413276231263384
9876496512356443797,6,3,0,3,2,0,2,1,0,1,4.0,0.0,4.0,3.0,0.0,3.0,1.0,0.0,1.0,0.6666666666666666,0.0,0.75,0.0,2,0,3,6.0,0.0,5.0,7,1,305,0.0,0.0017130620985010706,0.0,0.0,0.5,0.3333333333333333,0.0,0.0,0.4375,0.0,0.4375,0.625,0.0,0.0021509846648277,0.0,0.0022371364653243847,0.0,0.0004448645760964376,0.0013955233441314812,0.014989293361884369,0.0021413276231263384
1584789428532191551,6,1,0,1,1,0,1,0,0,0,1.0,0.0,1.0,1.0,0.0,1.0,0.0,0.0,0.0,1.0,0.0,1.0,0.0,0,0,1,1.0,0.0,1.0,2,1,279,0.0,0.00042826552462526765,0.0,0.0,0.5,0.0,0.0,0.0,0.0,0.0,0.0,0.0,0.0,0.002103232008781202,0.0,0.002237136465324388,4.173377911537157e-5,0.0,0.00127656069840224,0.004282655246252677,0.0021413276231263384
1338135520589172032,1,3,0,3,2,0,2,1,0,1,4.0,0.0,4.0,3.0,0.0,3.0,1.0,0.0,1.0,0.6666666666666666,0.0,0.75,0.0,1,0,3,6.0,0.0,5.0,6,1,329,0.0,0.0017130620985010706,0.0,0.0,0.5,0.3333333333333333,0.0,0.0,0.5625,0.0,0.5625,0.75,0.0,0.0022069855691908015,0.0,0.0022371364653243847,0.0,0.00022982270806598537,0.001505335017112319,0.01284796573875803,0.0021413276231263384
1944616682143398651,6,1,0,1,1,0,1,0,0,0,1.0,0.0,1.0,1.0,0.0,1.0,0.0,0.0,0.0,1.0,0.0,1.0,0.0,0,0,1,1.0,0.0,1.0,2,1,279,0.0,0.00042826552462526765,0.0,0.0,0.5,0.0,0.0,0.0,0.0,0.0,0.0,0.0,0.0,0.002103232008781202,0.0,0.002237136465324388,4.173377911537157e-5,0.0,0.00127656069840224,0.004282655246252677,0.0021413276231263384
8376274365976109938,1,4,0,4,2,0,2,2,0,2,4.0,0.0,4.0,2.0,0.0,2.0,2.0,0.0,2.0,0.5,0.0,0.5,0.0,2,0,4,6.0,0.0,5.0,9,1,361,0.0,0.0017130620985010706,0.0,0.0,0.45,0.3125,0.0,0.0,0.4166666666666667,0.0,0.4166666666666667,0.6666666666666666,0.0,0.002210821151372189,0.0,0.0022371364653243843,0.0,0.00022982270806598537,0.0016517505810867694,0.019271948608137045,0.0021413276231263384
7997332634175890626,1,3,0,3,2,0,2,1,0,1,3.0,0.0,3.0,2.0,0.0,2.0,1.0,0.0,1.0,0.6666666666666666,0.0,0.6666666666666666,0.0,1,0,3,3.0,0.0,4.0,6,1,329,0.0,0.001284796573875803,0.0,0.0,0.5,0.3333333333333333,0.0,0.0,0.5,0.0,0.5,0.6666666666666666,0.0,0.002172017460780436,0.0,0.002237136465324385,0.0,0.0003983300213915575,0.001505335017112319,0.01284796573875803,0.0021413276231263384
9538658686574278627,3,3,0,3,2,0,2,1,0,1,3.0,0.0,3.0,2.0,0.0,2.0,1.0,0.0,1.0,0.6666666666666666,0.0,0.6666666666666666,0.0,2,0,3,6.0,0.0,4.0,8,1,357,0.0,0.001284796573875803,0.0,0.0,0.4166666666666667,0.2222222222222222,0.0,0.0,0.3333333333333333,0.0,0.3333333333333333,0.6666666666666666,0.0,0.002185919209803808,0.0,0.0022371364653243834,0.0,0.0003983300213915575,0.0016334486355899633,0.017130620985010708,0.0021413276231263384
100824607568897079,1,3,0,3,2,0,2,1,0,1,3.0,0.0,3.0,2.0,0.0,2.0,1.0,0.0,1.0,0.6666666666666666,0.0,0.6666666666666666,0.0,1,0,3,3.0,0.0,4.0,6,1,329,0.0,0.001284796573875803,0.0,0.0,0.5,0.3333333333333333,0.0,0.0,0.5,0.0,0.5,0.6666666666666666,0.0,0.002172017460780436,0.0,0.002237136465324385,0.0,0.0003983300213915575,0.001505335017112319,0.01284796573875803,0.0021413276231263384
376819894102066162,3,2,0,2,1,0,1,1,0,1,2.0,0.0,2.0,1.0,0.0,1.0,1.0,0.0,1.0,0.5,0.0,0.5,0.0,1,0,2,3.0,0.0,3.0,8,1,328,0.0,0.0008565310492505353,0.0,0.0,0.3333333333333333,0.0,0.0,0.0,0.0,0.0,0.0,0.0,0.0,0.0021420356993729545,0.0,0.0022371364653243847,0.0,0.0005656246448204616,0.0015007595307381175,0.017130620985010708,0.0021413276231263384
2897494043299112111,7,2,0,2,1,0,1,1,0,1,2.0,0.0,2.0,1.0,0.0,1.0,1.0,0.0,1.0,0.5,0.0,0.5,0.0,0,0,2,3.0,0.0,3.0,3,1,303,0.0,0.0008565310492505353,0.0,0.0,0.3333333333333333,0.0,0.0,0.0,0.0,0.0,0.0,0.0,0.0,0.0021614420671095575,0.0,0.002237136465324385,0.0,0.0005656246448204616,0.001386372371383078,0.006423982869379015,0.0021413276231263384
2110221596932401099,7,4,0,4,1,0,1,3,0,3,4.0,0.0,4.0,1.0,0.0,1.0,3.0,0.0,3.0,0.25,0.0,0.25,0.0,2,0,4,8.0,0.0,5.0,8,1,358,0.0,0.0017130620985010706,0.0,0.0,0.4,0.25,0.0,0.0,0.3333333333333333,0.0,0.3333333333333333,0.6666666666666666,0.0,0.002240293685950776,0.0,0.002237136465324384,0.0,0.00022982270806598537,0.0016380241219641648,0.017130620985010708,0.0021413276231263384
4252522573610484273,7,3,0,3,1,0,1,2,0,2,3.0,0.0,3.0,1.0,0.0,1.0,2.0,0.0,2.0,0.3333333333333333,0.0,0.3333333333333333,0.0,1,0,3,6.0,0.0,4.0,7,1,337,0.0,0.001284796573875803,0.0,0.0,0.4166666666666667,0.2222222222222222,0.0,0.0,0.3333333333333333,0.0,0.3333333333333333,0.6666666666666666,0.0,0.002205325577540411,0.0,0.002237136465324384,0.0,0.0003983300213915575,0.0015419389081059317,0.014989293361884369,0.0021413276231263384
3649576569390129826,6,1,0,1,1,0,1,0,0,0,1.0,0.0,1.0,1.0,0.0,1.0,0.0,0.0,0.0,1.0,0.0,1.0,0.0,0,0,1,1.0,0.0,1.0,2,1,279,0.0,0.00042826552462526765,0.0,0.0,0.5,0.0,0.0,0.0,0.0,0.0,0.0,0.0,0.0,0.002103232008781202,0.0,0.002237136465324388,4.173377911537157e-5,0.0,0.00127656069840224,0.004282655246252677,0.0021413276231263384
9599492837332684036,1,3,0,3,2,0,2,1,0,1,3.0,0.0,3.0,2.0,0.0,2.0,1.0,0.0,1.0,0.6666666666666666,0.0,0.6666666666666666,0.0,1,0,3,3.0,0.0,4.0,6,1,329,0.0,0.001284796573875803,0.0,0.0,0.5,0.3333333333333333,0.0,0.0,0.5,0.0,0.5,0.6666666666666666,0.0,0.002172017460780436,0.0,0.002237136465324385,0.0,0.0003983300213915575,0.001505335017112319,0.01284796573875803,0.0021413276231263384
6078546400989872357,3,2,0,2,1,0,1,1,0,1,2.0,0.0,2.0,1.0,0.0,1.0,1.0,0.0,1.0,0.5,0.0,0.5,0.0,1,0,2,3.0,0.0,3.0,13,1,343,0.0,0.0008565310492505353,0.0,0.0,0.6666666666666666,0.5,0.0,0.0,0.5,0.0,0.5,1.0,0.0,0.0021634105171819463,0.0,0.002237136465324386,0.0,0.0005656246448204616,0.0015693918263511412,0.027837259100642397,0.0021413276231263384
8557277205940823358,1,2,0,2,1,0,1,1,0,1,3.0,0.0,3.0,2.0,0.0,2.0,1.0,0.0,1.0,0.5,0.0,0.6666666666666666,0.0,1,0,2,6.0,0.0,4.0,6,1,311,0.0,0.001284796573875803,0.0,0.0,0.5,0.25,0.0,0.0,0.5,0.0,0.5,1.0,0.0,0.002173168225601932,0.0,0.002237136465324385,0.0,0.0003983300213915575,0.0014229762623766907,0.01284796573875803,0.0021413276231263384
5551203355339083666,1,4,0,4,2,0,2,2,0,2,4.0,0.0,4.0,2.0,0.0,2.0,2.0,0.0,2.0,0.5,0.0,0.5,0.0,2,0,4,6.0,0.0,5.0,13,1,377,0.0,0.0017130620985010706,0.0,0.0,0.6,0.5,0.0,0.0,0.5833333333333334,0.0,0.5833333333333334,0.8333333333333334,0.0,0.002232195969181181,0.0,0.0022371364653243847,0.0,0.00022982270806598537,0.0017249583630739947,0.027837259100642397,0.0021413276231263384
5400719543776146808,1,3,0,3,2,0,2,1,0,1,6.0,0.0,6.0,4.0,0.0,4.0,2.0,0.0,2.0,0.6666666666666666,0.0,0.6666666666666666,0.0,1,0,3,7.0,0.0,9.0,6,1,329,0.0,0.002569593147751606,0.0,0.0,0.5,0.3333333333333333,0.0,0.0,0.5,0.0,0.5,0.6666666666666666,0.0,0.002246217801926495,0.0,0.002237136465324385,0.0,0.0007942918302937252,0.001505335017112319,0.01284796573875803,0.0021413276231263384
3851757547929714492,6,1,0,1,1,0,1,0,0,0,1.0,0.0,1.0,1.0,0.0,1.0,0.0,0.0,0.0,1.0,0.0,1.0,0.0,0,0,1,1.0,0.0,1.0,2,1,279,0.0,0.00042826552462526765,0.0,0.0,0.5,0.0,0.0,0.0,0.0,0.0,0.0,0.0,0.0,0.002103232008781202,0.0,0.002237136465324388,4.173377911537157e-5,0.0,0.00127656069840224,0.004282655246252677,0.0021413276231263384
9440403206326339122,1,3,0,3,2,0,2,1,0,1,5.0,0.0,5.0,3.0,0.0,3.0,2.0,0.0,2.0,0.6666666666666666,0.0,0.6,0.0,1,0,3,6.0,0.0,8.0,6,1,329,0.0,0.0021413276231263384,0.0,0.0,0.5,0.3333333333333333,0.0,0.0,0.45,0.0,0.45,0.6,0.0,0.00221124969351613,0.0,0.002237136465324385,0.0,0.0009636838007193171,0.001505335017112319,0.01284796573875803,0.0021413276231263384
3229214674138712835,3,2,0,2,1,0,1,1,0,1,2.0,0.0,2.0,1.0,0.0,1.0,1.0,0.0,1.0,0.5,0.0,0.5,0.0,1,0,2,3.0,0.0,3.0,13,1,343,0.0,0.0008565310492505353,0.0,0.0,0.6666666666666666,0.5,0.0,0.0,0.5,0.0,0.5,1.0,0.0,0.0021634105171819463,0.0,0.002237136465324386,0.0,0.0005656246448204616,0.0015693918263511412,0.027837259100642397,0.0021413276231263384
919471426631109822,1,5,0,5,2,0,2,3,0,3,6.0,0.0,6.0,3.0,0.0,3.0,3.0,0.0,3.0,0.4,0.0,0.5,0.0,2,0,5,8.0,0.0,9.0,9,1,383,0.0,0.002569593147751606,0.0,0.0,0.4666666666666667,0.36,0.0,0.0,0.4791666666666667,0.0,0.4791666666666667,0.8333333333333334,0.0,0.0022896727702134074,0.0,0.0022371364653243834,0.0001108515995388859,0.0,0.0017524112813192042,0.019271948608137045,0.0021413276231263384
7287005792828243217,1,2,0,2,1,0,1,1,0,1,3.0,0.0,3.0,2.0,0.0,2.0,1.0,0.0,1.0,0.5,0.0,0.6666666666666666,0.0,1,0,2,6.0,0.0,4.0,6,1,311,0.0,0.001284796573875803,0.0,0.0,0.5,0.25,0.0,0.0,0.5,0.0,0.5,1.0,0.0,0.002173168225601932,0.0,0.002237136465324385,0.0,0.0003983300213915575,0.0014229762623766907,0.01284796573875803,0.0021413276231263384
519418345490370814,3,3,0,3,2,0,2,1,0,1,3.0,0.0,3.0,2.0,0.0,2.0,1.0,0.0,1.0,0.6666666666666666,0.0,0.6666666666666666,0.0,2,0,3,6.0,0.0,4.0,8,1,357,0.0,0.001284796573875803,0.0,0.0,0.4166666666666667,0.2222222222222222,0.0,0.0,0.3333333333333333,0.0,0.3333333333333333,0.6666666666666666,0.0,0.002185919209803808,0.0,0.0022371364653243834,0.0,0.0003983300213915575,0.0016334486355899633,0.017130620985010708,0.0021413276231263384
6351025340949210213,1,4,0,4,2,0,2,2,0,2,4.0,0.0,4.0,2.0,0.0,2.0,2.0,0.0,2.0,0.5,0.0,0.5,0.0,2,0,4,6.0,0.0,5.0,9,1,361,0.0,0.0017130620985010706,0.0,0.0,0.45,0.3125,0.0,0.0,0.4166666666666667,0.0,0.4166666666666667,0.6666666666666666,0.0,0.002210821151372189,0.0,0.0022371364653243843,0.0,0.00022982270806598537,0.0016517505810867694,0.019271948608137045,0.0021413276231263384
4683964226991322093,1,3,0,3,1,0,1,2,0,2,3.0,0.0,3.0,1.0,0.0,1.0,2.0,0.0,2.0,0.3333333333333333,0.0,0.3333333333333333,0.0,2,0,3,6.0,0.0,4.0,8,1,342,0.0,0.001284796573875803,0.0,0.0,0.5,0.3333333333333333,0.0,0.0,0.5,0.0,0.5,1.0,0.0,0.00218208362762242,0.0,0.0022371364653243843,0.0,0.0003983300213915575,0.0015648163399769395,0.017130620985010708,0.0021413276231263384
4536987283437938105,1,3,0,3,2,0,2,1,0,1,3.0,0.0,3.0,2.0,0.0,2.0,1.0,0.0,1.0,0.6666666666666666,0.0,0.6666666666666666,0.0,1,0,3,3.0,0.0,4.0,6,1,329,0.0,0.001284796573875803,0.0,0.0,0.5,0.3333333333333333,0.0,0.0,0.5,0.0,0.5,0.6666666666666666,0.0,0.002172017460780436,0.0,0.002237136465324385,0.0,0.0003983300213915575,0.001505335017112319,0.01284796573875803,0.0021413276231263384
8424785054544705242,6,1,0,1,1,0,1,0,0,0,1.0,0.0,1.0,1.0,0.0,1.0,0.0,0.0,0.0,1.0,0.0,1.0,0.0,0,0,1,1.0,0.0,1.0,2,1,279,0.0,0.00042826552462526765,0.0,0.0,0.5,0.0,0.0,0.0,0.0,0.0,0.0,0.0,0.0,0.002103232008781202,0.0,0.002237136465324388,4.173377911537157e-5,0.0,0.00127656069840224,0.004282655246252677,0.0021413276231263384
3378926193093696256,1,4,0,4,2,0,2,2,0,2,4.0,0.0,4.0,2.0,0.0,2.0,2.0,0.0,2.0,0.5,0.0,0.5,0.0,2,0,4,6.0,0.0,5.0,13,1,377,0.0,0.0017130620985010706,0.0,0.0,0.6,0.5,0.0,0.0,0.5833333333333334,0.0,0.5833333333333334,0.8333333333333334,0.0,0.002232195969181181,0.0,0.0022371364653243847,0.0,0.00022982270806598537,0.0017249583630739947,0.027837259100642397,0.0021413276231263384
9225052796017411142,1,5,0,5,2,0,2,3,0,3,6.0,0.0,6.0,3.0,0.0,3.0,3.0,0.0,3.0,0.4,0.0,0.5,0.0,2,0,5,8.0,0.0,9.0,13,1,389,0.0,0.002569593147751606,0.0,0.0,0.4666666666666667,0.36,0.0,0.0,0.3958333333333333,0.0,0.3958333333333333,0.5833333333333334,0.0,0.0023242233710984057,0.0,0.002237136465324384,0.0001108515995388859,0.0,0.0017798641995644137,0.027837259100642397,0.0021413276231263384
2765084839448508891,1,3,0,3,1,0,1,2,0,2,3.0,0.0,3.0,1.0,0.0,1.0,2.0,0.0,2.0,0.3333333333333333,0.0,0.3333333333333333,0.0,1,0,3,3.0,0.0,4.0,7,1,341,0.0,0.001284796573875803,0.0,0.0,0.4166666666666667,0.2222222222222222,0.0,0.0,0.3333333333333333,0.0,0.3333333333333333,0.6666666666666666,0.0,0.002180932862800924,0.0,0.002237136465324384,0.0,0.0003983300213915575,0.001560240853602738,0.014989293361884369,0.0021413276231263384
3178562100390841488,1,2,0,2,1,0,1,1,0,1,2.0,0.0,2.0,1.0,0.0,1.0,1.0,0.0,1.0,0.5,0.0,0.5,0.0,1,0,2,2.0,0.0,3.0,4,1,309,0.0,0.0008565310492505353,0.0,0.0,0.3333333333333333,0.0,0.0,0.0,0.0,0.0,0.0,0.0,0.0,0.0021370493523700713,0.0,0.0022371364653243856,0.0,0.0005656246448204616,0.0014138252896282876,0.008565310492505354,0.0021413276231263384
5245100729166216942,1,4,0,4,2,0,2,2,0,2,4.0,0.0,4.0,2.0,0.0,2.0,2.0,0.0,2.0,0.5,0.0,0.5,0.0,2,0,4,6.0,0.0,5.0,9,1,361,0.0,0.0017130620985010706,0.0,0.0,0.45,0.3125,0.0,0.0,0.4166666666666667,0.0,0.4166666666666667,0.6666666666666666,0.0,0.002210821151372189,0.0,0.0022371364653243843,0.0,0.00022982270806598537,0.0016517505810867694,0.019271948608137045,0.0021413276231263384
5762459439868876106,3,2,0,2,1,0,1,1,0,1,4.0,0.0,4.0,3.0,0.0,3.0,1.0,0.0,1.0,0.5,0.0,0.75,0.0,1,0,2,9.0,0.0,5.0,13,1,343,0.0,0.0017130620985010706,0.0,0.0,0.6666666666666666,0.5,0.0,0.0,0.5,0.0,0.5,1.0,0.0,0.0022837675339834355,0.0,0.0022371364653243847,0.0,0.00022982270806598537,0.0015693918263511412,0.027837259100642397,0.0021413276231263384
1911923503519325841,7,4,0,4,1,0,1,3,0,3,4.0,0.0,4.0,1.0,0.0,1.0,3.0,0.0,3.0,0.25,0.0,0.25,0.0,1,0,4,6.0,0.0,5.0,7,1,347,0.0,0.0017130620985010706,0.0,0.0,0.35,0.1875,0.0,0.0,0.25,0.0,0.25,0.3333333333333333,0.0,0.0022302275191087915,0.0,0.0022371364653243843,0.0,0.00022982270806598537,0.0015876937718479474,0.014989293361884369,0.0021413276231263384
9664527136265963435,6,1,0,1,1,0,1,0,0,0,1.0,0.0,1.0,1.0,0.0,1.0,0.0,0.0,0.0,1.0,0.0,1.0,0.0,0,0,1,1.0,0.0,1.0,2,1,279,0.0,0.00042826552462526765,0.0,0.0,0.5,0.0,0.0,0.0,0.0,0.0,0.0,0.0,0.0,0.002103232008781202,0.0,0.002237136465324388,4.173377911537157e-5,0.0,0.00127656069840224,0.004282655246252677,0.0021413276231263384
5053905200346999123,6,1,0,1,1,0,1,0,0,0,1.0,0.0,1.0,1.0,0.0,1.0,0.0,0.0,0.0,1.0,0.0,1.0,0.0,0,0,1,1.0,0.0,1.0,2,1,279,0.0,0.00042826552462526765,0.0,0.0,0.5,0.0,0.0,0.0,0.0,0.0,0.0,0.0,0.0,0.002103232008781202,0.0,0.002237136465324388,4.173377911537157e-5,0.0,0.00127656069840224,0.004282655246252677,0.0021413276231263384
1277679973990602418,6,2,0,2,1,0,1,1,0,1,3.0,0.0,3.0,2.0,0.0,2.0,1.0,0.0,1.0,0.5,0.0,0.6666666666666666,0.0,1,0,2,6.0,0.0,4.0,13,1,343,0.0,0.001284796573875803,0.0,0.0,0.6666666666666666,0.5,0.0,0.0,0.5,0.0,0.5,1.0,0.0,0.0021688254063287698,0.0,0.002237136465324387,0.0,0.0006485457288996632,0.0015693918263511412,0.027837259100642397,0.0021413276231263384
568827973304818855,1,4,0,4,1,0,1,3,0,3,5.0,0.0,5.0,2.0,0.0,2.0,3.0,0.0,3.0,0.25,0.0,0.4,0.0,2,0,4,8.0,0.0,8.0,13,1,364,0.0,0.0021413276231263384,0.0,0.0,0.7,0.625,0.0,0.0,0.7666666666666667,0.0,0.7666666666666667,1.0,0.0,0.0025565333872024643,0.0,0.0022371364653243843,0.0,6.00973085252976e-5,0.0016654770402093743,0.027837259100642397,0.0021413276231263384
5892685468032167676,6,1,0,1,1,0,1,0,0,0,1.0,0.0,1.0,1.0,0.0,1.0,0.0,0.0,0.0,1.0,0.0,1.0,0.0,0,0,1,1.0,0.0,1.0,2,1,279,0.0,0.00042826552462526765,0.0,0.0,0.5,0.0,0.0,0.0,0.0,0.0,0.0,0.0,0.0,0.002103232008781202,0.0,0.002237136465324388,4.173377911537157e-5,0.0,0.00127656069840224,0.004282655246252677,0.0021413276231263384
7918901952477724558,7,4,0,4,1,0,1,3,0,3,4.0,0.0,4.0,1.0,0.0,1.0,3.0,0.0,3.0,0.25,0.0,0.25,0.0,1,0,4,6.0,0.0,5.0,7,1,347,0.0,0.0017130620985010706,0.0,0.0,0.35,0.1875,0.0,0.0,0.25,0.0,0.25,0.3333333333333333,0.0,0.0022302275191087915,0.0,0.0022371364653243843,0.0,0.00022982270806598537,0.0015876937718479474,0.014989293361884369,0.0021413276231263384
8722116797910225249,1,2,0,2,1,0,1,1,0,1,2.0,0.0,2.0,1.0,0.0,1.0,1.0,0.0,1.0,0.5,0.0,0.5,0.0,1,0,2,3.0,0.0,3.0,6,1,311,0.0,0.0008565310492505353,0.0,0.0,0.5,0.25,0.0,0.0,0.5,0.0,0.5,1.0,0.0,0.0021382001171915675,0.0,0.0022371364653243856,0.0,0.0005656246448204616,0.0014229762623766907,0.01284796573875803,0.0021413276231263384
7195009208105104364,3,2,0,2,1,0,1,1,0,1,2.0,0.0,2.0,1.0,0.0,1.0,1.0,0.0,1.0,0.5,0.0,0.5,0.0,1,0,2,3.0,0.0,3.0,13,1,343,0.0,0.0008565310492505353,0.0,0.0,0.6666666666666666,0.5,0.0,0.0,0.5,0.0,0.5,1.0,0.0,0.0021634105171819463,0.0,0.002237136465324386,0.0,0.0005656246448204616,0.0015693918263511412,0.027837259100642397,0.0021413276231263384
322649622723259914,3,2,0,2,1,0,1,1,0,1,2.0,0.0,2.0,1.0,0.0,1.0,1.0,0.0,1.0,0.5,0.0,0.5,0.0,1,0,2,3.0,0.0,3.0,8,1,328,0.0,0.0008565310492505353,0.0,0.0,0.3333333333333333,0.0,0.0,0.0,0.0,0.0,0.0,0.0,0.0,0.0021420356993729545,0.0,0.0022371364653243847,0.0,0.0005656246448204616,0.0015007595307381175,0.017130620985010708,0.0021413276231263384
2307869026815984603,3,4,0,4,2,0,2,2,0,2,5.0,0.0,5.0,3.0,0.0,3.0,2.0,0.0,2.0,0.5,0.0,0.6,0.0,2,0,4,9.0,0.0,8.0,9,1,372,0.0,0.0021413276231263384,0.0,0.0,0.45,0.3125,0.0,0.0,0.4,0.0,0.4,0.8,0.0,0.0022596910088059263,0.0,0.002237136465324383,0.0,6.00973085252976e-5,0.0017020809312029868,0.019271948608137045,0.0021413276231263384
5548295750361300165,3,2,0,2,1,0,1,1,0,1,2.0,0.0,2.0,1.0,0.0,1.0,1.0,0.0,1.0,0.5,0.0,0.5,0.0,1,0,2,3.0,0.0,3.0,13,1,343,0.0,0.0008565310492505353,0.0,0.0,0.6666666666666666,0.5,0.0,0.0,0.5,0.0,0.5,1.0,0.0,0.0021634105171819463,0.0,0.002237136465324386,0.0,0.0005656246448204616,0.0015693918263511412,0.027837259100642397,0.0021413276231263384
6089937533475810041,3,2,0,2,1,0,1,1,0,1,2.0,0.0,2.0,1.0,0.0,1.0,1.0,0.0,1.0,0.5,0.0,0.5,0.0,1,0,2,3.0,0.0,3.0,13,1,343,0.0,0.0008565310492505353,0.0,0.0,0.6666666666666666,0.5,0.0,0.0,0.5,0.0,0.5,1.0,0.0,0.0021634105171819463,0.0,0.002237136465324386,0.0,0.0005656246448204616,0.0015693918263511412,0.027837259100642397,0.0021413276231263384
2299045023935199836,6,1,0,1,1,0,1,0,0,0,1.0,0.0,1.0,1.0,0.0,1.0,0.0,0.0,0.0,1.0,0.0,1.0,0.0,0,0,1,1.0,0.0,1.0,2,1,279,0.0,0.00042826552462526765,0.0,0.0,0.5,0.0,0.0,0.0,0.0,0.0,0.0,0.0,0.0,0.002103232008781202,0.0,0.002237136465324388,4.173377911537157e-5,0.0,0.00127656069840224,0.004282655246252677,0.0021413276231263384
5634585785813815857,1,3,0,3,1,0,1,2,0,2,3.0,0.0,3.0,1.0,0.0,1.0,2.0,0.0,2.0,0.3333333333333333,0.0,0.3333333333333333,0.0,2,0,3,3.0,0.0,4.0,8,1,127,0.0,0.001284796573875803,0.0,0.0,0.5,0.3333333333333333,0.0,0.0,0.5,0.0,0.5,1.0,0.0,0.002214321664245853,0.0,0.0022371364653243817,0.0005028946970632719,0.0,0.0005810867695236004,0.017130620985010708,0.0021413276231263384
965020999994556717,1,1,0,1,1,0,1,0,0,0,1.0,0.0,1.0,1.0,0.0,1.0,0.0,0.0,0.0,1.0,0.0,1.0,0.0,1,0,1,1.0,0.0,1.0,3,1,54,0.0,0.00042826552462526765,0.0,0.0,0.5,0.0,0.0,0.0,0.0,0.0,0.0,0.0,0.0,0.0021316344632232474,0.0,0.002237136465324383,0.00016642391077786867,0.0,0.0002470762642068852,0.006423982869379015,0.0021413276231263384
1412220071201539408,1,2,0,2,2,0,2,0,0,0,2.0,0.0,2.0,2.0,0.0,2.0,0.0,0.0,0.0,1.0,0.0,1.0,0.0,1,0,2,2.0,0.0,3.0,6,1,82,0.0,0.0008565310492505353,0.0,0.0,0.6666666666666666,0.5,0.0,0.0,1.0,0.0,1.0,1.0,0.0,0.0021666025716336125,0.0,0.002237136465324383,0.00033405369051303646,0.0,0.00037518988268452937,0.01284796573875803,0.0021413276231263384
9672731012881631643,1,4,0,4,2,0,2,2,0,2,4.0,0.0,4.0,2.0,0.0,2.0,2.0,0.0,2.0,0.5,0.0,0.5,0.0,2,0,4,6.0,0.0,5.0,13,1,163,0.0,0.0017130620985010706,0.0,0.0,0.7,0.625,0.0,0.0,0.75,0.0,0.75,1.0,0.0,0.00226558477062611,0.0,0.002237136465324383,0.0006729523140495131,0.0,0.0007458042789948571,0.027837259100642397,0.0021413276231263384
6891575694992756540,1,4,0,4,2,0,2,2,0,2,4.0,0.0,4.0,2.0,0.0,2.0,2.0,0.0,2.0,0.5,0.0,0.5,0.0,2,0,4,6.0,0.0,5.0,13,1,163,0.0,0.0017130620985010706,0.0,0.0,0.7,0.625,0.0,0.0,0.75,0.0,0.75,1.0,0.0,0.00226558477062611,0.0,0.002237136465324383,0.0006729523140495131,0.0,0.0007458042789948571,0.027837259100642397,0.0021413276231263384
9156515724422667654,1,1,0,1,1,0,1,0,0,0,1.0,0.0,1.0,1.0,0.0,1.0,0.0,0.0,0.0,1.0,0.0,1.0,0.0,1,0,1,1.0,0.0,1.0,3,1,54,0.0,0.00042826552462526765,0.0,0.0,0.5,0.0,0.0,0.0,0.0,0.0,0.0,0.0,0.0,0.0021316344632232474,0.0,0.002237136465324383,0.00016642391077786867,0.0,0.0002470762642068852,0.006423982869379015,0.0021413276231263384
3039604564532689446,1,2,0,2,1,0,1,1,0,1,2.0,0.0,2.0,1.0,0.0,1.0,1.0,0.0,1.0,0.5,0.0,0.5,0.0,1,0,2,2.0,0.0,3.0,7,1,97,0.0,0.0008565310492505353,0.0,0.0,0.5,0.25,0.0,0.0,0.5,0.0,0.5,1.0,0.0,0.0021704381538150005,0.0,0.002237136465324382,0.00033405369051303646,0.0,0.000443822178297553,0.014989293361884369,0.0021413276231263384
7580118604395377219,7,2,0,2,1,0,1,1,0,1,3.0,0.0,3.0,2.0,0.0,2.0,1.0,0.0,1.0,0.5,0.0,0.6666666666666666,0.0,1,0,2,3.0,0.0,4.0,4,1,77,0.0,0.001284796573875803,0.0,0.0,0.3333333333333333,0.0,0.0,0.0,0.0,0.0,0.0,0.0,0.0,0.002248054579879958,0.0,0.0022371364653243826,0.0005028946970632719,0.0,0.00035231245081352147,0.008565310492505354,0.0021413276231263384
2092805522196503586,1,2,0,2,1,0,1,1,0,1,2.0,0.0,2.0,1.0,0.0,1.0,1.0,0.0,1.0,0.5,0.0,0.5,0.0,1,0,2,2.0,0.0,3.0,7,1,97,0.0,0.0008565310492505353,0.0,0.0,0.5,0.25,0.0,0.0,0.5,0.0,0.5,1.0,0.0,0.0021704381538150005,0.0,0.002237136465324382,0.00033405369051303646,0.0,0.000443822178297553,0.014989293361884369,0.0021413276231263384
3084762865578763037,1,1,0,1,1,0,1,0,0,0,1.0,0.0,1.0,1.0,0.0,1.0,0.0,0.0,0.0,1.0,0.0,1.0,0.0,1,0,1,1.0,0.0,1.0,3,1,54,0.0,0.00042826552462526765,0.0,0.0,0.5,0.0,0.0,0.0,0.0,0.0,0.0,0.0,0.0,0.0021316344632232474,0.0,0.002237136465324383,0.00016642391077786867,0.0,0.0002470762642068852,0.006423982869379015,0.0021413276231263384
5253512442639657337,1,2,0,2,2,0,2,0,0,0,2.0,0.0,2.0,2.0,0.0,2.0,0.0,0.0,0.0,1.0,0.0,1.0,0.0,1,0,2,2.0,0.0,3.0,6,1,82,0.0,0.0008565310492505353,0.0,0.0,0.6666666666666666,0.5,0.0,0.0,1.0,0.0,1.0,1.0,0.0,0.0021666025716336125,0.0,0.002237136465324383,0.00033405369051303646,0.0,0.00037518988268452937,0.01284796573875803,0.0021413276231263384
6390857212141841729,1,2,0,2,1,0,1,1,0,1,2.0,0.0,2.0,1.0,0.0,1.0,1.0,0.0,1.0,0.5,0.0,0.5,0.0,1,0,2,2.0,0.0,3.0,13,1,120,0.0,0.0008565310492505353,0.0,0.0,0.6666666666666666,0.5,0.0,0.0,0.5,0.0,0.5,1.0,0.0,0.002191812971623992,0.0,0.0022371364653243834,0.00033405369051303646,0.0,0.0005490583649041893,0.027837259100642397,0.0021413276231263384
7003729516252980802,1,3,0,3,2,0,2,1,0,1,3.0,0.0,3.0,2.0,0.0,2.0,1.0,0.0,1.0,0.6666666666666666,0.0,0.6666666666666666,0.0,2,0,3,3.0,0.0,4.0,9,1,118,0.0,0.001284796573875803,0.0,0.0,0.5833333333333334,0.4444444444444444,0.0,0.0,0.6666666666666666,0.0,0.6666666666666666,1.0,0.0,0.0022054062622253656,0.0,0.0022371364653243826,0.0005028946970632719,0.0,0.0005399073921557862,0.019271948608137045,0.0021413276231263384
2249038196890215246,1,3,0,3,2,0,2,1,0,1,3.0,0.0,3.0,2.0,0.0,2.0,1.0,0.0,1.0,0.6666666666666666,0.0,0.6666666666666666,0.0,2,0,3,3.0,0.0,4.0,8,1,114,0.0,0.001284796573875803,0.0,0.0,0.5833333333333334,0.4444444444444444,0.0,0.0,0.6666666666666666,0.0,0.6666666666666666,1.0,0.0,0.002210486082064466,0.0,0.0022371364653243826,0.0005028946970632719,0.0,0.0005216054466589798,0.017130620985010708,0.0021413276231263384
8592339915334904193,1,2,0,2,1,0,1,1,0,1,2.0,0.0,2.0,1.0,0.0,1.0,1.0,0.0,1.0,0.5,0.0,0.5,0.0,1,0,2,2.0,0.0,3.0,13,1,120,0.0,0.0008565310492505353,0.0,0.0,0.6666666666666666,0.5,0.0,0.0,0.5,0.0,0.5,1.0,0.0,0.002191812971623992,0.0,0.0022371364653243834,0.00033405369051303646,0.0,0.0005490583649041893,0.027837259100642397,0.0021413276231263384
4124548148968720279,1,2,0,2,1,0,1,1,0,1,3.0,0.0,3.0,2.0,0.0,2.0,1.0,0.0,1.0,0.5,0.0,0.6666666666666666,0.0,1,0,2,2.0,0.0,4.0,7,1,94,0.0,0.001284796573875803,0.0,0.0,0.5,0.25,0.0,0.0,0.5,0.0,0.5,1.0,0.0,0.0022093353172429704,0.0,0.002237136465324382,0.0005028946970632719,0.0,0.0004300957191749483,0.014989293361884369,0.0021413276231263384
9196541366616873103,7,4,0,4,1,0,1,3,0,3,4.0,0.0,4.0,1.0,0.0,1.0,3.0,0.0,3.0,0.25,0.0,0.25,0.0,2,0,4,6.0,0.0,5.0,8,1,131,0.0,0.0017130620985010706,0.0,0.0,0.45,0.3125,0.0,0.0,0.4166666666666667,0.0,0.4166666666666667,0.6666666666666666,0.0,0.0022686961403928212,0.0,0.0022371364653243826,0.0006729523140495131,0.0,0.0005993887150204067,0.017130620985010708,0.0021413276231263384
7265097713731433639,1,3,0,3,1,0,1,2,0,2,3.0,0.0,3.0,1.0,0.0,1.0,2.0,0.0,2.0,0.3333333333333333,0.0,0.3333333333333333,0.0,2,0,3,3.0,0.0,4.0,13,1,146,0.0,0.001284796573875803,0.0,0.0,0.6666666666666666,0.5555555555555556,0.0,0.0,0.6666666666666666,0.0,0.6666666666666666,1.0,0.0,0.002230616662215745,0.0,0.0022371364653243826,0.0005028946970632719,0.0,0.0006680210106334303,0.027837259100642397,0.0021413276231263384
282706546760904354,2,3,0,3,1,0,1,2,0,2,3.0,0.0,3.0,1.0,0.0,1.0,2.0,0.0,2.0,0.3333333333333333,0.0,0.3333333333333333,0.0,1,0,3,3.0,0.0,4.0,8,1,104,0.0,0.001284796573875803,0.0,0.0,0.3333333333333333,0.1111111111111111,0.0,0.0,0.16666666666666666,0.0,0.16666666666666666,0.3333333333333333,0.0,0.0023501481486391668,0.0,0.0022371364653243817,6.700797039027595e-5,0.0,0.0004758505829169641,0.017130620985010708,0.0021413276231263384
8556391111973228910,1,1,0,1,1,0,1,0,0,0,1.0,0.0,1.0,1.0,0.0,1.0,0.0,0.0,0.0,1.0,0.0,1.0,0.0,1,0,1,1.0,0.0,1.0,3,1,54,0.0,0.00042826552462526765,0.0,0.0,0.5,0.0,0.0,0.0,0.0,0.0,0.0,0.0,0.0,0.0021316344632232474,0.0,0.002237136465324383,0.00016642391077786867,0.0,0.0002470762642068852,0.006423982869379015,0.0021413276231263384
4397316033752275638,7,4,0,4,1,0,1,3,0,3,4.0,0.0,4.0,1.0,0.0,1.0,3.0,0.0,3.0,0.25,0.0,0.25,0.0,2,0,4,6.0,0.0,5.0,13,1,155,0.0,0.0017130620985010706,0.0,0.0,0.55,0.4375,0.0,0.0,0.5,0.0,0.5,0.6666666666666666,0.0,0.002284991138362713,0.0,0.002237136465324383,0.0006729523140495131,0.0,0.0007092003880012445,0.027837259100642397,0.0021413276231263384
6976384943792274125,1,2,0,2,1,0,1,1,0,1,2.0,0.0,2.0,1.0,0.0,1.0,1.0,0.0,1.0,0.5,0.0,0.5,0.0,1,0,2,2.0,0.0,3.0,7,1,97,0.0,0.0008565310492505353,0.0,0.0,0.5,0.25,0.0,0.0,0.5,0.0,0.5,1.0,0.0,0.0021704381538150005,0.0,0.002237136465324382,0.00033405369051303646,0.0,0.000443822178297553,0.014989293361884369,0.0021413276231263384
4022288910175234364,1,1,0,1,1,0,1,0,0,0,1.0,0.0,1.0,1.0,0.0,1.0,0.0,0.0,0.0,1.0,0.0,1.0,0.0,1,0,1,1.0,0.0,1.0,3,1,54,0.0,0.00042826552462526765,0.0,0.0,0.5,0.0,0.0,0.0,0.0,0.0,0.0,0.0,0.0,0.0021316344632232474,0.0,0.002237136465324383,0.00016642391077786867,0.0,0.0002470762642068852,0.006423982869379015,0.0021413276231263384
8312158394546942704,1,2,0,2,2,0,2,0,0,0,2.0,0.0,2.0,2.0,0.0,2.0,0.0,0.0,0.0,1.0,0.0,1.0,0.0,1,0,2,2.0,0.0,3.0,6,1,82,0.0,0.0008565310492505353,0.0,0.0,0.6666666666666666,0.5,0.0,0.0,1.0,0.0,1.0,1.0,0.0,0.0021666025716336125,0.0,0.002237136465324383,0.00033405369051303646,0.0,0.00037518988268452937,0.01284796573875803,0.0021413276231263384
6221339736142785102,3,2,0,2,1,0,1,1,0,1,3.0,0.0,3.0,2.0,0.0,2.0,1.0,0.0,1.0,0.5,0.0,0.6666666666666666,0.0,1,0,2,3.0,0.0,4.0,13,1,120,0.0,0.001284796573875803,0.0,0.0,0.6666666666666666,0.5,0.0,0.0,0.5,0.0,0.5,1.0,0.0,0.0022519914800247366,0.0,0.0022371364653243834,0.0005028946970632719,0.0,0.0005490583649041893,0.027837259100642397,0.0021413276231263384
3258617451987983898,7,5,0,5,1,0,1,4,0,4,5.0,0.0,5.0,1.0,0.0,1.0,4.0,0.0,4.0,0.2,0.0,0.2,0.0,2,0,5,8.0,0.0,8.0,9,1,156,0.0,0.0021413276231263384,0.0,0.0,0.4666666666666667,0.36,0.0,0.0,0.45,0.0,0.45,0.8,0.0,0.002307499830984574,0.0,0.002237136465324382,0.0008442319509968654,0.0,0.0007137758743754461,0.019271948608137045,0.0021413276231263384
6438663606313829707,1,1,0,1,1,0,1,0,0,0,1.0,0.0,1.0,1.0,0.0,1.0,0.0,0.0,0.0,1.0,0.0,1.0,0.0,1,0,1,1.0,0.0,1.0,3,1,54,0.0,0.00042826552462526765,0.0,0.0,0.5,0.0,0.0,0.0,0.0,0.0,0.0,0.0,0.0,0.0021316344632232474,0.0,0.002237136465324383,0.00016642391077786867,0.0,0.0002470762642068852,0.006423982869379015,0.0021413276231263384
8102281250559671935,1,2,0,2,1,0,1,1,0,1,2.0,0.0,2.0,1.0,0.0,1.0,1.0,0.0,1.0,0.5,0.0,0.5,0.0,1,0,2,2.0,0.0,3.0,13,1,120,0.0,0.0008565310492505353,0.0,0.0,0.6666666666666666,0.5,0.0,0.0,0.5,0.0,0.5,1.0,0.0,0.002191812971623992,0.0,0.0022371364653243834,0.00033405369051303646,0.0,0.0005490583649041893,0.027837259100642397,0.0021413276231263384
8842845701860342712,3,1,0,1,1,0,1,0,0,0,2.0,0.0,2.0,2.0,0.0,2.0,0.0,0.0,0.0,1.0,0.0,1.0,0.0,1,0,1,3.0,0.0,3.0,7,1,63,0.0,0.0008565310492505353,0.0,0.0,0.5,0.0,0.0,0.0,0.0,0.0,0.0,0.0,0.0,0.0021754245008178837,0.0,0.0022371364653243817,0.00033405369051303646,0.0,0.0002882556415746994,0.014989293361884369,0.0021413276231263384
7552585770556021183,3,1,0,1,1,0,1,0,0,0,1.0,0.0,1.0,1.0,0.0,1.0,0.0,0.0,0.0,1.0,0.0,1.0,0.0,1,0,1,1.0,0.0,1.0,7,1,63,0.0,0.00042826552462526765,0.0,0.0,0.5,0.0,0.0,0.0,0.0,0.0,0.0,0.0,0.0,0.002136620810226131,0.0,0.0022371364653243817,0.00016642391077786867,0.0,0.0002882556415746994,0.014989293361884369,0.0021413276231263384
4922070466413859153,3,2,0,2,2,0,2,0,0,0,3.0,0.0,3.0,3.0,0.0,3.0,0.0,0.0,0.0,1.0,0.0,1.0,0.0,2,0,2,6.0,0.0,4.0,13,1,120,0.0,0.001284796573875803,0.0,0.0,0.8333333333333334,0.75,0.0,0.0,1.0,0.0,1.0,1.0,0.0,0.00225697782702762,0.0,0.0022371364653243834,0.0005028946970632719,0.0,0.0005490583649041893,0.027837259100642397,0.0021413276231263384
8723136679298456059,3,4,0,4,3,0,3,1,0,1,4.0,0.0,4.0,3.0,0.0,3.0,1.0,0.0,1.0,0.75,0.0,0.75,0.0,2,0,4,9.0,0.0,5.0,13,1,161,0.0,0.0017130620985010706,0.0,0.0,0.65,0.5625,0.0,0.0,0.6666666666666666,0.0,0.6666666666666666,1.0,0.0,0.0022988928873860837,0.0,0.002237136465324382,0.0006729523140495131,0.0,0.000736653306246454,0.027837259100642397,0.0021413276231263384
5154561721110062288,3,1,0,1,1,0,1,0,0,0,1.0,0.0,1.0,1.0,0.0,1.0,0.0,0.0,0.0,1.0,0.0,1.0,0.0,1,0,1,1.0,0.0,1.0,7,1,63,0.0,0.00042826552462526765,0.0,0.0,0.5,0.0,0.0,0.0,0.0,0.0,0.0,0.0,0.0,0.002136620810226131,0.0,0.0022371364653243817,0.00016642391077786867,0.0,0.0002882556415746994,0.014989293361884369,0.0021413276231263384
6576556759677844321,3,5,0,5,4,0,4,1,0,1,6.0,0.0,6.0,5.0,0.0,5.0,1.0,0.0,1.0,0.8,0.0,0.8333333333333334,0.0,2,0,5,13.0,0.0,9.0,13,1,172,0.0,0.002569593147751606,0.0,0.0,0.7,0.64,0.0,0.0,0.7916666666666666,0.0,0.7916666666666666,1.0,0.0,0.0026590160990686254,0.0,0.0022371364653243826,0.0010167390434764334,0.0,0.0007869836563626714,0.027837259100642397,0.0021413276231263384
8236580771423126393,3,2,0,2,2,0,2,0,0,0,2.0,0.0,2.0,2.0,0.0,2.0,0.0,0.0,0.0,1.0,0.0,1.0,0.0,2,0,2,3.0,0.0,3.0,8,1,98,0.0,0.0008565310492505353,0.0,0.0,0.5,0.25,0.0,0.0,0.5,0.0,0.5,1.0,0.0,0.0021805043206569842,0.0,0.0022371364653243813,0.00033405369051303646,0.0,0.0004483976646717546,0.017130620985010708,0.0021413276231263384
6265869813452998329,3,2,0,2,2,0,2,0,0,0,2.0,0.0,2.0,2.0,0.0,2.0,0.0,0.0,0.0,1.0,0.0,1.0,0.0,2,0,2,3.0,0.0,3.0,13,1,120,0.0,0.0008565310492505353,0.0,0.0,0.8333333333333334,0.75,0.0,0.0,1.0,0.0,1.0,1.0,0.0,0.002196799318626876,0.0,0.002237136465324383,0.00033405369051303646,0.0,0.0005490583649041893,0.027837259100642397,0.0021413276231263384
7855906904220944487,3,1,0,1,1,0,1,0,0,0,1.0,0.0,1.0,1.0,0.0,1.0,0.0,0.0,0.0,1.0,0.0,1.0,0.0,1,0,1,1.0,0.0,1.0,7,1,63,0.0,0.00042826552462526765,0.0,0.0,0.5,0.0,0.0,0.0,0.0,0.0,0.0,0.0,0.0,0.002136620810226131,0.0,0.0022371364653243817,0.00016642391077786867,0.0,0.0002882556415746994,0.014989293361884369,0.0021413276231263384
6433053483103200927,3,2,0,2,2,0,2,0,0,0,2.0,0.0,2.0,2.0,0.0,2.0,0.0,0.0,0.0,1.0,0.0,1.0,0.0,2,0,2,3.0,0.0,3.0,13,1,120,0.0,0.0008565310492505353,0.0,0.0,0.8333333333333334,0.75,0.0,0.0,1.0,0.0,1.0,1.0,0.0,0.002196799318626876,0.0,0.002237136465324383,0.00033405369051303646,0.0,0.0005490583649041893,0.027837259100642397,0.0021413276231263384
3653544719634090774,3,1,0,1,1,0,1,0,0,0,1.0,0.0,1.0,1.0,0.0,1.0,0.0,0.0,0.0,1.0,0.0,1.0,0.0,1,0,1,1.0,0.0,1.0,7,1,63,0.0,0.00042826552462526765,0.0,0.0,0.5,0.0,0.0,0.0,0.0,0.0,0.0,0.0,0.0,0.002136620810226131,0.0,0.0022371364653243817,0.00016642391077786867,0.0,0.0002882556415746994,0.014989293361884369,0.0021413276231263384
265496055366924822,3,1,0,1,1,0,1,0,0,0,1.0,0.0,1.0,1.0,0.0,1.0,0.0,0.0,0.0,1.0,0.0,1.0,0.0,1,0,1,1.0,0.0,1.0,7,1,63,0.0,0.00042826552462526765,0.0,0.0,0.5,0.0,0.0,0.0,0.0,0.0,0.0,0.0,0.0,0.002136620810226131,0.0,0.0022371364653243817,0.00016642391077786867,0.0,0.0002882556415746994,0.014989293361884369,0.0021413276231263384
6648610576105992535,3,2,0,2,2,0,2,0,0,0,3.0,0.0,3.0,3.0,0.0,3.0,0.0,0.0,0.0,1.0,0.0,1.0,0.0,2,0,2,6.0,0.0,4.0,13,1,120,0.0,0.001284796573875803,0.0,0.0,0.8333333333333334,0.75,0.0,0.0,1.0,0.0,1.0,1.0,0.0,0.00225697782702762,0.0,0.0022371364653243834,0.0005028946970632719,0.0,0.0005490583649041893,0.027837259100642397,0.0021413276231263384
2214040774941245039,7,2,0,2,1,0,1,1,0,1,2.0,0.0,2.0,1.0,0.0,1.0,1.0,0.0,1.0,0.5,0.0,0.5,0.0,1,0,2,3.0,0.0,3.0,7,1,87,0.0,0.0008565310492505353,0.0,0.0,0.5,0.25,0.0,0.0,0.5,0.0,0.5,1.0,0.0,0.0021948308685544866,0.0,0.002237136465324382,0.00033405369051303646,0.0,0.00039806731455553727,0.014989293361884369,0.0021413276231263384
7244699211768215180,3,2,0,2,2,0,2,0,0,0,2.0,0.0,2.0,2.0,0.0,2.0,0.0,0.0,0.0,1.0,0.0,1.0,0.0,2,0,2,3.0,0.0,3.0,13,1,120,0.0,0.0008565310492505353,0.0,0.0,0.8333333333333334,0.75,0.0,0.0,1.0,0.0,1.0,1.0,0.0,0.002196799318626876,0.0,0.002237136465324383,0.00033405369051303646,0.0,0.0005490583649041893,0.027837259100642397,0.0021413276231263384
6205461741298949363,7,2,0,2,1,0,1,1,0,1,2.0,0.0,2.0,1.0,0.0,1.0,1.0,0.0,1.0,0.5,0.0,0.5,0.0,1,0,2,3.0,0.0,3.0,7,1,87,0.0,0.0008565310492505353,0.0,0.0,0.5,0.25,0.0,0.0,0.5,0.0,0.5,1.0,0.0,0.0021948308685544866,0.0,0.002237136465324382,0.00033405369051303646,0.0,0.00039806731455553727,0.014989293361884369,0.0021413276231263384
126121288964531918,3,2,0,2,2,0,2,0,0,0,2.0,0.0,2.0,2.0,0.0,2.0,0.0,0.0,0.0,1.0,0.0,1.0,0.0,2,0,2,3.0,0.0,3.0,13,1,120,0.0,0.0008565310492505353,0.0,0.0,0.8333333333333334,0.75,0.0,0.0,1.0,0.0,1.0,1.0,0.0,0.002196799318626876,0.0,0.002237136465324383,0.00033405369051303646,0.0,0.0005490583649041893,0.027837259100642397,0.0021413276231263384
5739038084411893281,3,2,0,2,2,0,2,0,0,0,2.0,0.0,2.0,2.0,0.0,2.0,0.0,0.0,0.0,1.0,0.0,1.0,0.0,2,0,2,3.0,0.0,3.0,8,1,98,0.0,0.0008565310492505353,0.0,0.0,0.5,0.25,0.0,0.0,0.5,0.0,0.5,1.0,0.0,0.0021805043206569842,0.0,0.0022371364653243813,0.00033405369051303646,0.0,0.0004483976646717546,0.017130620985010708,0.0021413276231263384
6502686347508577906,3,2,0,2,2,0,2,0,0,0,2.0,0.0,2.0,2.0,0.0,2.0,0.0,0.0,0.0,1.0,0.0,1.0,0.0,2,0,2,3.0,0.0,3.0,8,1,98,0.0,0.0008565310492505353,0.0,0.0,0.5,0.25,0.0,0.0,0.5,0.0,0.5,1.0,0.0,0.0021805043206569842,0.0,0.0022371364653243813,0.00033405369051303646,0.0,0.0004483976646717546,0.017130620985010708,0.0021413276231263384
481394788064728472,7,2,0,2,1,0,1,1,0,1,2.0,0.0,2.0,1.0,0.0,1.0,1.0,0.0,1.0,0.5,0.0,0.5,0.0,1,0,2,3.0,0.0,3.0,7,1,87,0.0,0.0008565310492505353,0.0,0.0,0.5,0.25,0.0,0.0,0.5,0.0,0.5,1.0,0.0,0.0021948308685544866,0.0,0.002237136465324382,0.00033405369051303646,0.0,0.00039806731455553727,0.014989293361884369,0.0021413276231263384
2498468253231424862,3,2,0,2,1,0,1,1,0,1,2.0,0.0,2.0,1.0,0.0,1.0,1.0,0.0,1.0,0.5,0.0,0.5,0.0,2,0,2,3.0,0.0,3.0,9,1,103,0.0,0.0008565310492505353,0.0,0.0,0.5,0.25,0.0,0.0,0.5,0.0,0.5,1.0,0.0,0.002171588918636496,0.0,0.0022371364653243826,0.00033405369051303646,0.0,0.0004712750965427625,0.019271948608137045,0.0021413276231263384
6764285230345515010,3,1,0,1,1,0,1,0,0,0,1.0,0.0,1.0,1.0,0.0,1.0,0.0,0.0,0.0,1.0,0.0,1.0,0.0,1,0,1,1.0,0.0,1.0,7,1,63,0.0,0.00042826552462526765,0.0,0.0,0.5,0.0,0.0,0.0,0.0,0.0,0.0,0.0,0.0,0.002136620810226131,0.0,0.0022371364653243817,0.00016642391077786867,0.0,0.0002882556415746994,0.014989293361884369,0.0021413276231263384
1195569017186835932,3,2,0,2,2,0,2,0,0,0,2.0,0.0,2.0,2.0,0.0,2.0,0.0,0.0,0.0,1.0,0.0,1.0,0.0,2,0,2,3.0,0.0,3.0,13,1,120,0.0,0.0008565310492505353,0.0,0.0,0.8333333333333334,0.75,0.0,0.0,1.0,0.0,1.0,1.0,0.0,0.002196799318626876,0.0,0.002237136465324383,0.00033405369051303646,0.0,0.0005490583649041893,0.027837259100642397,0.0021413276231263384
5250308354944718775,3,2,0,2,2,0,2,0,0,0,2.0,0.0,2.0,2.0,0.0,2.0,0.0,0.0,0.0,1.0,0.0,1.0,0.0,2,0,2,3.0,0.0,3.0,13,1,120,0.0,0.0008565310492505353,0.0,0.0,0.8333333333333334,0.75,0.0,0.0,1.0,0.0,1.0,1.0,0.0,0.002196799318626876,0.0,0.002237136465324383,0.00033405369051303646,0.0,0.0005490583649041893,0.027837259100642397,0.0021413276231263384
7739309429069173156,3,2,0,2,2,0,2,0,0,0,2.0,0.0,2.0,2.0,0.0,2.0,0.0,0.0,0.0,1.0,0.0,1.0,0.0,2,0,2,3.0,0.0,3.0,8,1,98,0.0,0.0008565310492505353,0.0,0.0,0.5,0.25,0.0,0.0,0.5,0.0,0.5,1.0,0.0,0.0021805043206569842,0.0,0.0022371364653243813,0.00033405369051303646,0.0,0.0004483976646717546,0.017130620985010708,0.0021413276231263384
5143814814071178702,2,3,0,3,1,0,1,2,0,2,3.0,0.0,3.0,1.0,0.0,1.0,2.0,0.0,2.0,0.3333333333333333,0.0,0.3333333333333333,0.0,2,0,3,6.0,0.0,4.0,14,1,129,0.0,0.001284796573875803,0.0,0.0,0.5,0.3333333333333333,0.0,0.0,0.3333333333333333,0.0,0.3333333333333333,0.3333333333333333,0.0,0.0023714294936119412,0.0,0.0022371364653243826,6.700797039027595e-5,0.0,0.0005902377422720035,0.029978586723768737,0.0021413276231263384
7208471107737929127,1,4,0,4,1,0,1,3,0,3,5.0,0.0,5.0,2.0,0.0,2.0,3.0,0.0,3.0,0.25,0.0,0.4,0.0,2,0,4,8.0,0.0,8.0,13,1,152,0.0,0.0021413276231263384,0.0,0.0,0.75,0.6875,0.0,0.0,0.8333333333333334,0.0,0.8333333333333334,1.0,0.0,0.0025899221886473934,0.0,0.002237136465324383,0.0008442319509968654,0.0,0.0006954739288786398,0.027837259100642397,0.0021413276231263384
1133521277268983256,3,3,0,3,2,0,2,1,0,1,3.0,0.0,3.0,2.0,0.0,2.0,1.0,0.0,1.0,0.6666666666666666,0.0,0.6666666666666666,0.0,2,0,3,6.0,0.0,4.0,13,1,152,0.0,0.001284796573875803,0.0,0.0,0.75,0.6666666666666666,0.0,0.0,0.8333333333333334,0.0,0.8333333333333334,1.0,0.0,0.00223176742703724,0.0,0.002237136465324383,0.0005028946970632719,0.0,0.0006954739288786398,0.027837259100642397,0.0021413276231263384
5264833908676478602,3,1,0,1,1,0,1,0,0,0,1.0,0.0,1.0,1.0,0.0,1.0,0.0,0.0,0.0,1.0,0.0,1.0,0.0,1,0,1,1.0,0.0,1.0,7,1,63,0.0,0.00042826552462526765,0.0,0.0,0.5,0.0,0.0,0.0,0.0,0.0,0.0,0.0,0.0,0.002136620810226131,0.0,0.0022371364653243817,0.00016642391077786867,0.0,0.0002882556415746994,0.014989293361884369,0.0021413276231263384
6710277880366724170,3,2,0,2,2,0,2,0,0,0,2.0,0.0,2.0,2.0,0.0,2.0,0.0,0.0,0.0,1.0,0.0,1.0,0.0,2,0,2,3.0,0.0,3.0,13,1,120,0.0,0.0008565310492505353,0.0,0.0,0.8333333333333334,0.75,0.0,0.0,1.0,0.0,1.0,1.0,0.0,0.002196799318626876,0.0,0.002237136465324383,0.00033405369051303646,0.0,0.0005490583649041893,0.027837259100642397,0.0021413276231263384
3501848354250231027,3,1,0,1,1,0,1,0,0,0,1.0,0.0,1.0,1.0,0.0,1.0,0.0,0.0,0.0,1.0,0.0,1.0,0.0,1,0,1,1.0,0.0,1.0,7,1,63,0.0,0.00042826552462526765,0.0,0.0,0.5,0.0,0.0,0.0,0.0,0.0,0.0,0.0,0.0,0.002136620810226131,0.0,0.0022371364653243817,0.00016642391077786867,0.0,0.0002882556415746994,0.014989293361884369,0.0021413276231263384
9584693585480431016,3,1,0,1,1,0,1,0,0,0,1.0,0.0,1.0,1.0,0.0,1.0,0.0,0.0,0.0,1.0,0.0,1.0,0.0,1,0,1,1.0,0.0,1.0,7,1,63,0.0,0.00042826552462526765,0.0,0.0,0.5,0.0,0.0,0.0,0.0,0.0,0.0,0.0,0.0,0.002136620810226131,0.0,0.0022371364653243817,0.00016642391077786867,0.0,0.0002882556415746994,0.014989293361884369,0.0021413276231263384
4302676673876467999,3,2,0,2,2,0,2,0,0,0,2.0,0.0,2.0,2.0,0.0,2.0,0.0,0.0,0.0,1.0,0.0,1.0,0.0,2,0,2,3.0,0.0,3.0,13,1,120,0.0,0.0008565310492505353,0.0,0.0,0.8333333333333334,0.75,0.0,0.0,1.0,0.0,1.0,1.0,0.0,0.002196799318626876,0.0,0.002237136465324383,0.00033405369051303646,0.0,0.0005490583649041893,0.027837259100642397,0.0021413276231263384
7196958572920152370,3,1,0,1,1,0,1,0,0,0,1.0,0.0,1.0,1.0,0.0,1.0,0.0,0.0,0.0,1.0,0.0,1.0,0.0,1,0,1,1.0,0.0,1.0,7,1,63,0.0,0.00042826552462526765,0.0,0.0,0.5,0.0,0.0,0.0,0.0,0.0,0.0,0.0,0.0,0.002136620810226131,0.0,0.0022371364653243817,0.00016642391077786867,0.0,0.0002882556415746994,0.014989293361884369,0.0021413276231263384
497531169485584359,3,1,0,1,1,0,1,0,0,0,1.0,0.0,1.0,1.0,0.0,1.0,0.0,0.0,0.0,1.0,0.0,1.0,0.0,1,0,1,1.0,0.0,1.0,7,1,63,0.0,0.00042826552462526765,0.0,0.0,0.5,0.0,0.0,0.0,0.0,0.0,0.0,0.0,0.0,0.002136620810226131,0.0,0.0022371364653243817,0.00016642391077786867,0.0,0.0002882556415746994,0.014989293361884369,0.0021413276231263384
3217832390995950941,3,4,0,4,3,0,3,1,0,1,4.0,0.0,4.0,3.0,0.0,3.0,1.0,0.0,1.0,0.75,0.0,0.75,0.0,2,0,4,8.0,0.0,5.0,13,1,152,0.0,0.0017130620985010706,0.0,0.0,0.75,0.6875,0.0,0.0,0.8333333333333334,0.0,0.8333333333333334,1.0,0.0,0.0025549540802370283,0.0,0.002237136465324383,0.0006729523140495131,0.0,0.0006954739288786398,0.027837259100642397,0.0021413276231263384
5130185036415388002,3,2,0,2,1,0,1,1,0,1,2.0,0.0,2.0,1.0,0.0,1.0,1.0,0.0,1.0,0.5,0.0,0.5,0.0,2,0,2,3.0,0.0,3.0,9,1,103,0.0,0.0008565310492505353,0.0,0.0,0.5,0.25,0.0,0.0,0.5,0.0,0.5,1.0,0.0,0.002171588918636496,0.0,0.0022371364653243826,0.00033405369051303646,0.0,0.0004712750965427625,0.019271948608137045,0.0021413276231263384
6194778129909217426,2,2,0,2,1,0,1,1,0,1,2.0,0.0,2.0,1.0,0.0,1.0,1.0,0.0,1.0,0.5,0.0,0.5,0.0,1,0,2,3.0,0.0,3.0,8,1,65,0.0,0.0008565310492505353,0.0,0.0,0.3333333333333333,0.0,0.0,0.0,0.0,0.0,0.0,0.0,0.0,0.0023163308050502974,0.0,0.0022371364653243813,0.0004258052209368812,0.0,0.00029740661432310254,0.017130620985010708,0.0021413276231263384
7345479007786107689,2,2,0,2,1,0,1,1,0,1,2.0,0.0,2.0,1.0,0.0,1.0,1.0,0.0,1.0,0.5,0.0,0.5,0.0,1,0,2,3.0,0.0,3.0,14,1,93,0.0,0.0008565310492505353,0.0,0.0,0.5,0.25,0.0,0.0,0.0,0.0,0.0,0.0,0.0,0.0023326258030201886,0.0,0.002237136465324383,0.0004258052209368812,0.0,0.0004255202328007467,0.029978586723768737,0.0021413276231263384
5759281658260683226,3,3,0,3,2,0,2,1,0,1,3.0,0.0,3.0,2.0,0.0,2.0,1.0,0.0,1.0,0.6666666666666666,0.0,0.6666666666666666,0.0,2,0,3,6.0,0.0,4.0,14,1,128,0.0,0.001284796573875803,0.0,0.0,0.5,0.3333333333333333,0.0,0.0,0.3333333333333333,0.0,0.3333333333333333,0.3333333333333333,0.0,0.002376509313451042,0.0,0.002237136465324382,0.0,2.559745118346779e-5,0.0005856622558978019,0.029978586723768737,0.0021413276231263384
3826254149666401381,2,2,0,2,1,0,1,1,0,1,2.0,0.0,2.0,1.0,0.0,1.0,1.0,0.0,1.0,0.5,0.0,0.5,0.0,1,0,2,3.0,0.0,3.0,7,1,74,0.0,0.0008565310492505353,0.0,0.0,0.3333333333333333,0.0,0.0,0.0,0.0,0.0,0.0,0.0,0.0,0.0023074154030298093,0.0,0.0022371364653243826,0.0004258052209368812,0.0,0.00033858599169091675,0.014989293361884369,0.0021413276231263384
5310264523223349567,2,1,0,1,1,0,1,0,0,0,1.0,0.0,1.0,1.0,0.0,1.0,0.0,0.0,0.0,1.0,0.0,1.0,0.0,0,0,1,1.0,0.0,1.0,2,1,13,0.0,0.00042826552462526765,0.0,0.0,0.5,0.0,0.0,0.0,0.0,0.0,0.0,0.0,0.0,0.002272447294619444,0.0,0.0022371364653243817,0.000784709889080415,0.0,5.948132286462051e-5,0.004282655246252677,0.0021413276231263384
825464441789931089,2,1,0,1,1,0,1,0,0,0,1.0,0.0,1.0,1.0,0.0,1.0,0.0,0.0,0.0,1.0,0.0,1.0,0.0,0,0,1,1.0,0.0,1.0,2,1,13,0.0,0.00042826552462526765,0.0,0.0,0.5,0.0,0.0,0.0,0.0,0.0,0.0,0.0,0.0,0.002272447294619444,0.0,0.0022371364653243817,0.000784709889080415,0.0,5.948132286462051e-5,0.004282655246252677,0.0021413276231263384
4183867144332471692,2,2,0,2,1,0,1,1,0,1,2.0,0.0,2.0,1.0,0.0,1.0,1.0,0.0,1.0,0.5,0.0,0.5,0.0,0,0,2,3.0,0.0,3.0,3,1,45,0.0,0.0008565310492505353,0.0,0.0,0.3333333333333333,0.0,0.0,0.0,0.0,0.0,0.0,0.0,0.0,0.0023306573529477993,0.0,0.002237136465324382,0.0004258052209368812,0.0,0.000205896886839071,0.006423982869379015,0.0021413276231263384
7384779598982666029,2,1,0,1,1,0,1,0,0,0,1.0,0.0,1.0,1.0,0.0,1.0,0.0,0.0,0.0,1.0,0.0,1.0,0.0,0,0,1,1.0,0.0,1.0,2,1,13,0.0,0.00042826552462526765,0.0,0.0,0.5,0.0,0.0,0.0,0.0,0.0,0.0,0.0,0.0,0.002272447294619444,0.0,0.0022371364653243817,0.000784709889080415,0.0,5.948132286462051e-5,0.004282655246252677,0.0021413276231263384
4538979641959656893,2,1,0,1,1,0,1,0,0,0,1.0,0.0,1.0,1.0,0.0,1.0,0.0,0.0,0.0,1.0,0.0,1.0,0.0,0,0,1,1.0,0.0,1.0,2,1,13,0.0,0.00042826552462526765,0.0,0.0,0.5,0.0,0.0,0.0,0.0,0.0,0.0,0.0,0.0,0.002272447294619444,0.0,0.0022371364653243817,0.000784709889080415,0.0,5.948132286462051e-5,0.004282655246252677,0.0021413276231263384
5220257441969227407,2,2,0,2,1,0,1,1,0,1,2.0,0.0,2.0,1.0,0.0,1.0,1.0,0.0,1.0,0.5,0.0,0.5,0.0,1,0,2,3.0,0.0,3.0,14,1,93,0.0,0.0008565310492505353,0.0,0.0,0.5,0.25,0.0,0.0,0.0,0.0,0.0,0.0,0.0,0.0023326258030201886,0.0,0.002237136465324383,0.0004258052209368812,0.0,0.0004255202328007467,0.029978586723768737,0.0021413276231263384
3286079429329045631,7,2,0,2,1,0,1,1,0,1,2.0,0.0,2.0,1.0,0.0,1.0,1.0,0.0,1.0,0.5,0.0,0.5,0.0,1,0,2,3.0,0.0,3.0,7,1,84,0.0,0.0008565310492505353,0.0,0.0,0.3333333333333333,0.0,0.0,0.0,0.0,0.0,0.0,0.0,0.0,0.0021909952863730987,0.0,0.002237136465324383,0.00033405369051303646,0.0,0.00038434085543293255,0.014989293361884369,0.0021413276231263384
9129022386018762250,3,2,0,2,1,0,1,1,0,1,3.0,0.0,3.0,2.0,0.0,2.0,1.0,0.0,1.0,0.5,0.0,0.6666666666666666,0.0,1,0,2,6.0,0.0,4.0,13,1,106,0.0,0.001284796573875803,0.0,0.0,0.6666666666666666,0.5,0.0,0.0,0.5,0.0,0.5,1.0,0.0,0.0022763841947642228,0.0,0.0022371364653243834,0.0005028946970632719,0.0,0.0004850015556653672,0.027837259100642397,0.0021413276231263384
1565353145034592900,7,2,0,2,1,0,1,1,0,1,3.0,0.0,3.0,2.0,0.0,2.0,1.0,0.0,1.0,0.5,0.0,0.6666666666666666,0.0,1,0,2,6.0,0.0,4.0,7,1,78,0.0,0.001284796573875803,0.0,0.0,0.5,0.25,0.0,0.0,0.5,0.0,0.5,1.0,0.0,0.0022581207467219423,0.0,0.0022371364653243817,0.0005028946970632719,0.0,0.00035688793718772306,0.014989293361884369,0.0021413276231263384
8458204655675387713,7,2,0,2,1,0,1,1,0,1,2.0,0.0,2.0,1.0,0.0,1.0,1.0,0.0,1.0,0.5,0.0,0.5,0.0,1,0,2,3.0,0.0,3.0,13,1,106,0.0,0.0008565310492505353,0.0,0.0,0.6666666666666666,0.5,0.0,0.0,0.5,0.0,0.5,1.0,0.0,0.002216205686363478,0.0,0.002237136465324383,0.00033405369051303646,0.0,0.0004850015556653672,0.027837259100642397,0.0021413276231263384
7979891225531780245,7,1,0,1,1,0,1,0,0,0,1.0,0.0,1.0,1.0,0.0,1.0,0.0,0.0,0.0,1.0,0.0,1.0,0.0,0,0,1,1.0,0.0,1.0,2,1,33,0.0,0.00042826552462526765,0.0,0.0,0.5,0.0,0.0,0.0,0.0,0.0,0.0,0.0,0.0,0.002156027177962733,0.0,0.002237136465324382,0.00016642391077786867,0.0,0.00015099105034865206,0.004282655246252677,0.0021413276231263384
207951350329725319,7,1,0,1,1,0,1,0,0,0,1.0,0.0,1.0,1.0,0.0,1.0,0.0,0.0,0.0,1.0,0.0,1.0,0.0,0,0,1,1.0,0.0,1.0,2,1,33,0.0,0.00042826552462526765,0.0,0.0,0.5,0.0,0.0,0.0,0.0,0.0,0.0,0.0,0.0,0.002156027177962733,0.0,0.002237136465324382,0.00016642391077786867,0.0,0.00015099105034865206,0.004282655246252677,0.0021413276231263384
1835038297634964852,7,1,0,1,1,0,1,0,0,0,1.0,0.0,1.0,1.0,0.0,1.0,0.0,0.0,0.0,1.0,0.0,1.0,0.0,0,0,1,1.0,0.0,1.0,2,1,33,0.0,0.00042826552462526765,0.0,0.0,0.5,0.0,0.0,0.0,0.0,0.0,0.0,0.0,0.0,0.002156027177962733,0.0,0.002237136465324382,0.00016642391077786867,0.0,0.00015099105034865206,0.004282655246252677,0.0021413276231263384
6883923552563570303,7,1,0,1,1,0,1,0,0,0,1.0,0.0,1.0,1.0,0.0,1.0,0.0,0.0,0.0,1.0,0.0,1.0,0.0,0,0,1,1.0,0.0,1.0,2,1,33,0.0,0.00042826552462526765,0.0,0.0,0.5,0.0,0.0,0.0,0.0,0.0,0.0,0.0,0.0,0.002156027177962733,0.0,0.002237136465324382,0.00016642391077786867,0.0,0.00015099105034865206,0.004282655246252677,0.0021413276231263384
3823393123988221228,3,2,0,2,1,0,1,1,0,1,3.0,0.0,3.0,2.0,0.0,2.0,1.0,0.0,1.0,0.5,0.0,0.6666666666666666,0.0,1,0,2,6.0,0.0,4.0,13,1,106,0.0,0.001284796573875803,0.0,0.0,0.6666666666666666,0.5,0.0,0.0,0.5,0.0,0.5,1.0,0.0,0.0022763841947642228,0.0,0.0022371364653243834,0.0005028946970632719,0.0,0.0004850015556653672,0.027837259100642397,0.0021413276231263384
2292394788092163208,7,1,0,1,1,0,1,0,0,0,1.0,0.0,1.0,1.0,0.0,1.0,0.0,0.0,0.0,1.0,0.0,1.0,0.0,0,0,1,1.0,0.0,1.0,2,1,33,0.0,0.00042826552462526765,0.0,0.0,0.5,0.0,0.0,0.0,0.0,0.0,0.0,0.0,0.0,0.002156027177962733,0.0,0.002237136465324382,0.00016642391077786867,0.0,0.00015099105034865206,0.004282655246252677,0.0021413276231263384
8145248232862184554,7,1,0,1,1,0,1,0,0,0,1.0,0.0,1.0,1.0,0.0,1.0,0.0,0.0,0.0,1.0,0.0,1.0,0.0,0,0,1,1.0,0.0,1.0,2,1,33,0.0,0.00042826552462526765,0.0,0.0,0.5,0.0,0.0,0.0,0.0,0.0,0.0,0.0,0.0,0.002156027177962733,0.0,0.002237136465324382,0.00016642391077786867,0.0,0.00015099105034865206,0.004282655246252677,0.0021413276231263384
9439568049721690531,7,1,0,1,1,0,1,0,0,0,1.0,0.0,1.0,1.0,0.0,1.0,0.0,0.0,0.0,1.0,0.0,1.0,0.0,0,0,1,1.0,0.0,1.0,2,1,33,0.0,0.00042826552462526765,0.0,0.0,0.5,0.0,0.0,0.0,0.0,0.0,0.0,0.0,0.0,0.002156027177962733,0.0,0.002237136465324382,0.00016642391077786867,0.0,0.00015099105034865206,0.004282655246252677,0.0021413276231263384
3352310488009055523,7,2,0,2,1,0,1,1,0,1,2.0,0.0,2.0,1.0,0.0,1.0,1.0,0.0,1.0,0.5,0.0,0.5,0.0,1,0,2,3.0,0.0,3.0,13,1,106,0.0,0.0008565310492505353,0.0,0.0,0.6666666666666666,0.5,0.0,0.0,0.5,0.0,0.5,1.0,0.0,0.002216205686363478,0.0,0.002237136465324383,0.00033405369051303646,0.0,0.0004850015556653672,0.027837259100642397,0.0021413276231263384
926777004448529404,3,1,0,1,1,0,1,0,0,0,1.0,0.0,1.0,1.0,0.0,1.0,0.0,0.0,0.0,1.0,0.0,1.0,0.0,1,0,1,1.0,0.0,1.0,7,1,55,0.0,0.00042826552462526765,0.0,0.0,0.5,0.0,0.0,0.0,0.0,0.0,0.0,0.0,0.0,0.0021417006300652316,0.0,0.002237136465324381,0.00016642391077786867,0.0,0.0002516517505810868,0.014989293361884369,0.0021413276231263384
6789938827480828519,3,1,0,1,1,0,1,0,0,0,1.0,0.0,1.0,1.0,0.0,1.0,0.0,0.0,0.0,1.0,0.0,1.0,0.0,1,0,1,1.0,0.0,1.0,7,1,55,0.0,0.00042826552462526765,0.0,0.0,0.5,0.0,0.0,0.0,0.0,0.0,0.0,0.0,0.0,0.0021417006300652316,0.0,0.002237136465324381,0.00016642391077786867,0.0,0.0002516517505810868,0.014989293361884369,0.0021413276231263384
2322401438691072700,3,2,0,2,2,0,2,0,0,0,2.0,0.0,2.0,2.0,0.0,2.0,0.0,0.0,0.0,1.0,0.0,1.0,0.0,2,0,2,3.0,0.0,3.0,13,1,121,0.0,0.0008565310492505353,0.0,0.0,0.8333333333333334,0.75,0.0,0.0,1.0,0.0,1.0,1.0,0.0,0.002201879138465976,0.0,0.002237136465324382,0.00033405369051303646,0.0,0.0005536338512783909,0.027837259100642397,0.0021413276231263384
350269451593628697,3,2,0,2,2,0,2,0,0,0,2.0,0.0,2.0,2.0,0.0,2.0,0.0,0.0,0.0,1.0,0.0,1.0,0.0,2,0,2,3.0,0.0,3.0,13,1,121,0.0,0.0008565310492505353,0.0,0.0,0.8333333333333334,0.75,0.0,0.0,1.0,0.0,1.0,1.0,0.0,0.002201879138465976,0.0,0.002237136465324382,0.00033405369051303646,0.0,0.0005536338512783909,0.027837259100642397,0.0021413276231263384
3808591776965460423,3,1,0,1,1,0,1,0,0,0,1.0,0.0,1.0,1.0,0.0,1.0,0.0,0.0,0.0,1.0,0.0,1.0,0.0,1,0,1,1.0,0.0,1.0,7,1,55,0.0,0.00042826552462526765,0.0,0.0,0.5,0.0,0.0,0.0,0.0,0.0,0.0,0.0,0.0,0.0021417006300652316,0.0,0.002237136465324381,0.00016642391077786867,0.0,0.0002516517505810868,0.014989293361884369,0.0021413276231263384
9013612718524225951,3,1,0,1,1,0,1,0,0,0,1.0,0.0,1.0,1.0,0.0,1.0,0.0,0.0,0.0,1.0,0.0,1.0,0.0,1,0,1,1.0,0.0,1.0,7,1,55,0.0,0.00042826552462526765,0.0,0.0,0.5,0.0,0.0,0.0,0.0,0.0,0.0,0.0,0.0,0.0021417006300652316,0.0,0.002237136465324381,0.00016642391077786867,0.0,0.0002516517505810868,0.014989293361884369,0.0021413276231263384
6480842657197634011,3,2,0,2,2,0,2,0,0,0,2.0,0.0,2.0,2.0,0.0,2.0,0.0,0.0,0.0,1.0,0.0,1.0,0.0,2,0,2,3.0,0.0,3.0,13,1,121,0.0,0.0008565310492505353,0.0,0.0,0.8333333333333334,0.75,0.0,0.0,1.0,0.0,1.0,1.0,0.0,0.002201879138465976,0.0,0.002237136465324382,0.00033405369051303646,0.0,0.0005536338512783909,0.027837259100642397,0.0021413276231263384
4607584355995513732,3,1,0,1,1,0,1,0,0,0,1.0,0.0,1.0,1.0,0.0,1.0,0.0,0.0,0.0,1.0,0.0,1.0,0.0,1,0,1,1.0,0.0,1.0,7,1,55,0.0,0.00042826552462526765,0.0,0.0,0.5,0.0,0.0,0.0,0.0,0.0,0.0,0.0,0.0,0.0021417006300652316,0.0,0.002237136465324381,0.00016642391077786867,0.0,0.0002516517505810868,0.014989293361884369,0.0021413276231263384
1979256997540475729,3,1,0,1,1,0,1,0,0,0,1.0,0.0,1.0,1.0,0.0,1.0,0.0,0.0,0.0,1.0,0.0,1.0,0.0,1,0,1,1.0,0.0,1.0,7,1,55,0.0,0.00042826552462526765,0.0,0.0,0.5,0.0,0.0,0.0,0.0,0.0,0.0,0.0,0.0,0.0021417006300652316,0.0,0.002237136465324381,0.00016642391077786867,0.0,0.0002516517505810868,0.014989293361884369,0.0021413276231263384
546492611174488634,1,2,0,2,1,0,1,1,0,1,2.0,0.0,2.0,1.0,0.0,1.0,1.0,0.0,1.0,0.5,0.0,0.5,0.0,2,0,2,3.0,0.0,3.0,8,1,98,0.0,0.0008565310492505353,0.0,0.0,0.5,0.25,0.0,0.0,0.5,0.0,0.5,1.0,0.0,0.0021766687384755967,0.0,0.002237136465324382,0.00033405369051303646,0.0,0.0004483976646717546,0.017130620985010708,0.0021413276231263384
3806836114527416301,3,2,0,2,2,0,2,0,0,0,2.0,0.0,2.0,2.0,0.0,2.0,0.0,0.0,0.0,1.0,0.0,1.0,0.0,2,0,2,3.0,0.0,3.0,13,1,121,0.0,0.0008565310492505353,0.0,0.0,0.8333333333333334,0.75,0.0,0.0,1.0,0.0,1.0,1.0,0.0,0.002201879138465976,0.0,0.002237136465324382,0.00033405369051303646,0.0,0.0005536338512783909,0.027837259100642397,0.0021413276231263384
2354824693436168968,3,2,0,2,2,0,2,0,0,0,2.0,0.0,2.0,2.0,0.0,2.0,0.0,0.0,0.0,1.0,0.0,1.0,0.0,2,0,2,3.0,0.0,3.0,13,1,121,0.0,0.0008565310492505353,0.0,0.0,0.8333333333333334,0.75,0.0,0.0,1.0,0.0,1.0,1.0,0.0,0.002201879138465976,0.0,0.002237136465324382,0.00033405369051303646,0.0,0.0005536338512783909,0.027837259100642397,0.0021413276231263384
3797117737402791575,3,1,0,1,1,0,1,0,0,0,1.0,0.0,1.0,1.0,0.0,1.0,0.0,0.0,0.0,1.0,0.0,1.0,0.0,1,0,1,1.0,0.0,1.0,7,1,55,0.0,0.00042826552462526765,0.0,0.0,0.5,0.0,0.0,0.0,0.0,0.0,0.0,0.0,0.0,0.0021417006300652316,0.0,0.002237136465324381,0.00016642391077786867,0.0,0.0002516517505810868,0.014989293361884369,0.0021413276231263384
6188627848581230782,3,1,0,1,1,0,1,0,0,0,1.0,0.0,1.0,1.0,0.0,1.0,0.0,0.0,0.0,1.0,0.0,1.0,0.0,1,0,1,1.0,0.0,1.0,7,1,55,0.0,0.00042826552462526765,0.0,0.0,0.5,0.0,0.0,0.0,0.0,0.0,0.0,0.0,0.0,0.0021417006300652316,0.0,0.002237136465324381,0.00016642391077786867,0.0,0.0002516517505810868,0.014989293361884369,0.0021413276231263384
5687181632705664945,1,2,0,2,1,0,1,1,0,1,2.0,0.0,2.0,1.0,0.0,1.0,1.0,0.0,1.0,0.5,0.0,0.5,0.0,2,0,2,3.0,0.0,3.0,8,1,98,0.0,0.0008565310492505353,0.0,0.0,0.5,0.25,0.0,0.0,0.5,0.0,0.5,1.0,0.0,0.0021766687384755967,0.0,0.002237136465324382,0.00033405369051303646,0.0,0.0004483976646717546,0.017130620985010708,0.0021413276231263384
1572492698594359,3,1,0,1,1,0,1,0,0,0,2.0,0.0,2.0,2.0,0.0,2.0,0.0,0.0,0.0,1.0,0.0,1.0,0.0,1,0,1,3.0,0.0,3.0,7,1,55,0.0,0.0008565310492505353,0.0,0.0,0.5,0.0,0.0,0.0,0.0,0.0,0.0,0.0,0.0,0.0021855841404960848,0.0,0.002237136465324381,0.00033405369051303646,0.0,0.0002516517505810868,0.014989293361884369,0.0021413276231263384
6787160741120621921,3,1,0,1,1,0,1,0,0,0,1.0,0.0,1.0,1.0,0.0,1.0,0.0,0.0,0.0,1.0,0.0,1.0,0.0,1,0,1,1.0,0.0,1.0,7,1,55,0.0,0.00042826552462526765,0.0,0.0,0.5,0.0,0.0,0.0,0.0,0.0,0.0,0.0,0.0,0.0021417006300652316,0.0,0.002237136465324381,0.00016642391077786867,0.0,0.0002516517505810868,0.014989293361884369,0.0021413276231263384
5403451535959441894,3,1,0,1,1,0,1,0,0,0,1.0,0.0,1.0,1.0,0.0,1.0,0.0,0.0,0.0,1.0,0.0,1.0,0.0,1,0,1,1.0,0.0,1.0,7,1,55,0.0,0.00042826552462526765,0.0,0.0,0.5,0.0,0.0,0.0,0.0,0.0,0.0,0.0,0.0,0.0021417006300652316,0.0,0.002237136465324381,0.00016642391077786867,0.0,0.0002516517505810868,0.014989293361884369,0.0021413276231263384
2687869185560356331,1,2,0,2,1,0,1,1,0,1,3.0,0.0,3.0,2.0,0.0,2.0,1.0,0.0,1.0,0.5,0.0,0.6666666666666666,0.0,2,0,2,6.0,0.0,4.0,8,1,98,0.0,0.001284796573875803,0.0,0.0,0.5,0.25,0.0,0.0,0.5,0.0,0.5,1.0,0.0,0.002211636846885962,0.0,0.0022371364653243826,0.0005028946970632719,0.0,0.0004483976646717546,0.017130620985010708,0.0021413276231263384
5265638965372513915,3,1,0,1,1,0,1,0,0,0,1.0,0.0,1.0,1.0,0.0,1.0,0.0,0.0,0.0,1.0,0.0,1.0,0.0,1,0,1,1.0,0.0,1.0,7,1,55,0.0,0.00042826552462526765,0.0,0.0,0.5,0.0,0.0,0.0,0.0,0.0,0.0,0.0,0.0,0.0021417006300652316,0.0,0.002237136465324381,0.00016642391077786867,0.0,0.0002516517505810868,0.014989293361884369,0.0021413276231263384
7874544543620768521,3,1,0,1,1,0,1,0,0,0,1.0,0.0,1.0,1.0,0.0,1.0,0.0,0.0,0.0,1.0,0.0,1.0,0.0,1,0,1,1.0,0.0,1.0,7,1,55,0.0,0.00042826552462526765,0.0,0.0,0.5,0.0,0.0,0.0,0.0,0.0,0.0,0.0,0.0,0.0021417006300652316,0.0,0.002237136465324381,0.00016642391077786867,0.0,0.0002516517505810868,0.014989293361884369,0.0021413276231263384
8227059227550435258,3,1,0,1,1,0,1,0,0,0,2.0,0.0,2.0,2.0,0.0,2.0,0.0,0.0,0.0,1.0,0.0,1.0,0.0,1,0,1,3.0,0.0,3.0,7,1,55,0.0,0.0008565310492505353,0.0,0.0,0.5,0.0,0.0,0.0,0.0,0.0,0.0,0.0,0.0,0.0021855841404960848,0.0,0.002237136465324381,0.00033405369051303646,0.0,0.0002516517505810868,0.014989293361884369,0.0021413276231263384
7076590904829992563,1,1,0,1,1,0,1,0,0,0,1.0,0.0,1.0,1.0,0.0,1.0,0.0,0.0,0.0,1.0,0.0,1.0,0.0,1,0,1,1.0,0.0,1.0,6,1,62,0.0,0.00042826552462526765,0.0,0.0,0.5,0.0,0.0,0.0,0.0,0.0,0.0,0.0,0.0,0.0021327852280447436,0.0,0.0022371364653243834,0.00016642391077786867,0.0,0.0002836801552004978,0.01284796573875803,0.0021413276231263384
5936064935841332035,1,1,0,1,1,0,1,0,0,0,1.0,0.0,1.0,1.0,0.0,1.0,0.0,0.0,0.0,1.0,0.0,1.0,0.0,1,0,1,1.0,0.0,1.0,6,1,62,0.0,0.00042826552462526765,0.0,0.0,0.5,0.0,0.0,0.0,0.0,0.0,0.0,0.0,0.0,0.0021327852280447436,0.0,0.0022371364653243834,0.00016642391077786867,0.0,0.0002836801552004978,0.01284796573875803,0.0021413276231263384
3734753228758574571,1,1,0,1,1,0,1,0,0,0,1.0,0.0,1.0,1.0,0.0,1.0,0.0,0.0,0.0,1.0,0.0,1.0,0.0,1,0,1,1.0,0.0,1.0,6,1,62,0.0,0.00042826552462526765,0.0,0.0,0.5,0.0,0.0,0.0,0.0,0.0,0.0,0.0,0.0,0.0021327852280447436,0.0,0.0022371364653243834,0.00016642391077786867,0.0,0.0002836801552004978,0.01284796573875803,0.0021413276231263384
8297944143170370386,1,1,0,1,1,0,1,0,0,0,2.0,0.0,2.0,2.0,0.0,2.0,0.0,0.0,0.0,1.0,0.0,1.0,0.0,1,0,1,3.0,0.0,3.0,6,1,62,0.0,0.0008565310492505353,0.0,0.0,0.5,0.0,0.0,0.0,0.0,0.0,0.0,0.0,0.0,0.002167753336455109,0.0,0.0022371364653243834,0.00033405369051303646,0.0,0.0002836801552004978,0.01284796573875803,0.0021413276231263384
1145460285381368740,1,1,0,1,1,0,1,0,0,0,1.0,0.0,1.0,1.0,0.0,1.0,0.0,0.0,0.0,1.0,0.0,1.0,0.0,1,0,1,1.0,0.0,1.0,6,1,62,0.0,0.00042826552462526765,0.0,0.0,0.5,0.0,0.0,0.0,0.0,0.0,0.0,0.0,0.0,0.0021327852280447436,0.0,0.0022371364653243834,0.00016642391077786867,0.0,0.0002836801552004978,0.01284796573875803,0.0021413276231263384
2003246646190295787,1,1,0,1,1,0,1,0,0,0,1.0,0.0,1.0,1.0,0.0,1.0,0.0,0.0,0.0,1.0,0.0,1.0,0.0,1,0,1,1.0,0.0,1.0,6,1,62,0.0,0.00042826552462526765,0.0,0.0,0.5,0.0,0.0,0.0,0.0,0.0,0.0,0.0,0.0,0.0021327852280447436,0.0,0.0022371364653243834,0.00016642391077786867,0.0,0.0002836801552004978,0.01284796573875803,0.0021413276231263384
2227224322936186474,3,3,0,3,2,0,2,1,0,1,3.0,0.0,3.0,2.0,0.0,2.0,1.0,0.0,1.0,0.6666666666666666,0.0,0.6666666666666666,0.0,2,0,3,6.0,0.0,4.0,13,1,125,0.0,0.001284796573875803,0.0,0.0,0.8333333333333334,0.7777777777777778,0.0,0.0,1.0,0.0,1.0,1.0,0.0,0.0025161503896452752,0.0,0.0022371364653243834,0.0005028946970632719,0.0,0.0005719357967751972,0.027837259100642397,0.0021413276231263384
4719784141072904652,1,2,0,2,1,0,1,1,0,1,2.0,0.0,2.0,1.0,0.0,1.0,1.0,0.0,1.0,0.5,0.0,0.5,0.0,2,0,2,3.0,0.0,3.0,13,1,125,0.0,0.0008565310492505353,0.0,0.0,0.8333333333333334,0.75,0.0,0.0,1.0,0.0,1.0,1.0,0.0,0.002192963736445488,0.0,0.002237136465324384,0.00033405369051303646,0.0,0.0005719357967751972,0.027837259100642397,0.0021413276231263384
6748237572324386132,1,1,0,1,1,0,1,0,0,0,1.0,0.0,1.0,1.0,0.0,1.0,0.0,0.0,0.0,1.0,0.0,1.0,0.0,1,0,1,1.0,0.0,1.0,6,1,62,0.0,0.00042826552462526765,0.0,0.0,0.5,0.0,0.0,0.0,0.0,0.0,0.0,0.0,0.0,0.0021327852280447436,0.0,0.0022371364653243834,0.00016642391077786867,0.0,0.0002836801552004978,0.01284796573875803,0.0021413276231263384
9467964587823525029,3,1,0,1,1,0,1,0,0,0,1.0,0.0,1.0,1.0,0.0,1.0,0.0,0.0,0.0,1.0,0.0,1.0,0.0,1,0,1,1.0,0.0,1.0,13,1,84,0.0,0.00042826552462526765,0.0,0.0,1.0,1.0,0.0,0.0,0.0,0.0,0.0,0.0,0.0,0.002157995628035123,0.0,0.002237136465324384,0.00016642391077786867,0.0,0.00038434085543293255,0.027837259100642397,0.0021413276231263384
4512972475971444585,3,1,0,1,1,0,1,0,0,0,1.0,0.0,1.0,1.0,0.0,1.0,0.0,0.0,0.0,1.0,0.0,1.0,0.0,1,0,1,1.0,0.0,1.0,13,1,84,0.0,0.00042826552462526765,0.0,0.0,1.0,1.0,0.0,0.0,0.0,0.0,0.0,0.0,0.0,0.002157995628035123,0.0,0.002237136465324384,0.00016642391077786867,0.0,0.00038434085543293255,0.027837259100642397,0.0021413276231263384
1336315899391909588,3,1,0,1,1,0,1,0,0,0,1.0,0.0,1.0,1.0,0.0,1.0,0.0,0.0,0.0,1.0,0.0,1.0,0.0,1,0,1,1.0,0.0,1.0,13,1,84,0.0,0.00042826552462526765,0.0,0.0,1.0,1.0,0.0,0.0,0.0,0.0,0.0,0.0,0.0,0.002157995628035123,0.0,0.002237136465324384,0.00016642391077786867,0.0,0.00038434085543293255,0.027837259100642397,0.0021413276231263384
9555295197322365504,3,1,0,1,1,0,1,0,0,0,1.0,0.0,1.0,1.0,0.0,1.0,0.0,0.0,0.0,1.0,0.0,1.0,0.0,1,0,1,1.0,0.0,1.0,13,1,84,0.0,0.00042826552462526765,0.0,0.0,1.0,1.0,0.0,0.0,0.0,0.0,0.0,0.0,0.0,0.002157995628035123,0.0,0.002237136465324384,0.00016642391077786867,0.0,0.00038434085543293255,0.027837259100642397,0.0021413276231263384
1220299719959973885,3,1,0,1,1,0,1,0,0,0,1.0,0.0,1.0,1.0,0.0,1.0,0.0,0.0,0.0,1.0,0.0,1.0,0.0,1,0,1,1.0,0.0,1.0,13,1,84,0.0,0.00042826552462526765,0.0,0.0,1.0,1.0,0.0,0.0,0.0,0.0,0.0,0.0,0.0,0.002157995628035123,0.0,0.002237136465324384,0.00016642391077786867,0.0,0.00038434085543293255,0.027837259100642397,0.0021413276231263384
2846338152974555569,3,1,0,1,1,0,1,0,0,0,1.0,0.0,1.0,1.0,0.0,1.0,0.0,0.0,0.0,1.0,0.0,1.0,0.0,1,0,1,1.0,0.0,1.0,13,1,84,0.0,0.00042826552462526765,0.0,0.0,1.0,1.0,0.0,0.0,0.0,0.0,0.0,0.0,0.0,0.002157995628035123,0.0,0.002237136465324384,0.00016642391077786867,0.0,0.00038434085543293255,0.027837259100642397,0.0021413276231263384
6226948674273608980,3,1,0,1,1,0,1,0,0,0,1.0,0.0,1.0,1.0,0.0,1.0,0.0,0.0,0.0,1.0,0.0,1.0,0.0,1,0,1,1.0,0.0,1.0,13,1,84,0.0,0.00042826552462526765,0.0,0.0,1.0,1.0,0.0,0.0,0.0,0.0,0.0,0.0,0.0,0.002157995628035123,0.0,0.002237136465324384,0.00016642391077786867,0.0,0.00038434085543293255,0.027837259100642397,0.0021413276231263384
294313545934690339,3,1,0,1,1,0,1,0,0,0,1.0,0.0,1.0,1.0,0.0,1.0,0.0,0.0,0.0,1.0,0.0,1.0,0.0,1,0,1,1.0,0.0,1.0,13,1,84,0.0,0.00042826552462526765,0.0,0.0,1.0,1.0,0.0,0.0,0.0,0.0,0.0,0.0,0.0,0.002157995628035123,0.0,0.002237136465324384,0.00016642391077786867,0.0,0.00038434085543293255,0.027837259100642397,0.0021413276231263384
6450563929054809393,3,1,0,1,1,0,1,0,0,0,1.0,0.0,1.0,1.0,0.0,1.0,0.0,0.0,0.0,1.0,0.0,1.0,0.0,1,0,1,1.0,0.0,1.0,13,1,84,0.0,0.00042826552462526765,0.0,0.0,1.0,1.0,0.0,0.0,0.0,0.0,0.0,0.0,0.0,0.002157995628035123,0.0,0.002237136465324384,0.00016642391077786867,0.0,0.00038434085543293255,0.027837259100642397,0.0021413276231263384
8107658251090528097,3,1,0,1,1,0,1,0,0,0,1.0,0.0,1.0,1.0,0.0,1.0,0.0,0.0,0.0,1.0,0.0,1.0,0.0,1,0,1,1.0,0.0,1.0,13,1,84,0.0,0.00042826552462526765,0.0,0.0,1.0,1.0,0.0,0.0,0.0,0.0,0.0,0.0,0.0,0.002157995628035123,0.0,0.002237136465324384,0.00016642391077786867,0.0,0.00038434085543293255,0.027837259100642397,0.0021413276231263384
8817648593655925715,3,1,0,1,1,0,1,0,0,0,2.0,0.0,2.0,2.0,0.0,2.0,0.0,0.0,0.0,1.0,0.0,1.0,0.0,1,0,1,3.0,0.0,3.0,13,1,84,0.0,0.0008565310492505353,0.0,0.0,1.0,1.0,0.0,0.0,0.0,0.0,0.0,0.0,0.0,0.0022181741364358672,0.0,0.002237136465324384,0.00033405369051303646,0.0,0.00038434085543293255,0.027837259100642397,0.0021413276231263384
3172932978259541086,3,1,0,1,1,0,1,0,0,0,2.0,0.0,2.0,2.0,0.0,2.0,0.0,0.0,0.0,1.0,0.0,1.0,0.0,1,0,1,3.0,0.0,3.0,13,1,84,0.0,0.0008565310492505353,0.0,0.0,1.0,1.0,0.0,0.0,0.0,0.0,0.0,0.0,0.0,0.0022181741364358672,0.0,0.002237136465324384,0.00033405369051303646,0.0,0.00038434085543293255,0.027837259100642397,0.0021413276231263384
2234403091820349,3,1,0,1,1,0,1,0,0,0,1.0,0.0,1.0,1.0,0.0,1.0,0.0,0.0,0.0,1.0,0.0,1.0,0.0,1,0,1,1.0,0.0,1.0,13,1,84,0.0,0.00042826552462526765,0.0,0.0,1.0,1.0,0.0,0.0,0.0,0.0,0.0,0.0,0.0,0.002157995628035123,0.0,0.002237136465324384,0.00016642391077786867,0.0,0.00038434085543293255,0.027837259100642397,0.0021413276231263384
8831799066229236551,3,1,0,1,1,0,1,0,0,0,2.0,0.0,2.0,2.0,0.0,2.0,0.0,0.0,0.0,1.0,0.0,1.0,0.0,1,0,1,3.0,0.0,3.0,13,1,84,0.0,0.0008565310492505353,0.0,0.0,1.0,1.0,0.0,0.0,0.0,0.0,0.0,0.0,0.0,0.0022181741364358672,0.0,0.002237136465324384,0.00033405369051303646,0.0,0.00038434085543293255,0.027837259100642397,0.0021413276231263384
7621888621831253356,3,1,0,1,1,0,1,0,0,0,2.0,0.0,2.0,2.0,0.0,2.0,0.0,0.0,0.0,1.0,0.0,1.0,0.0,1,0,1,3.0,0.0,3.0,13,1,84,0.0,0.0008565310492505353,0.0,0.0,1.0,1.0,0.0,0.0,0.0,0.0,0.0,0.0,0.0,0.0022181741364358672,0.0,0.002237136465324384,0.00033405369051303646,0.0,0.00038434085543293255,0.027837259100642397,0.0021413276231263384
9910584801329631654,3,1,0,1,1,0,1,0,0,0,1.0,0.0,1.0,1.0,0.0,1.0,0.0,0.0,0.0,1.0,0.0,1.0,0.0,1,0,1,1.0,0.0,1.0,13,1,84,0.0,0.00042826552462526765,0.0,0.0,1.0,1.0,0.0,0.0,0.0,0.0,0.0,0.0,0.0,0.002157995628035123,0.0,0.002237136465324384,0.00016642391077786867,0.0,0.00038434085543293255,0.027837259100642397,0.0021413276231263384
3942318373242237388,3,1,0,1,1,0,1,0,0,0,1.0,0.0,1.0,1.0,0.0,1.0,0.0,0.0,0.0,1.0,0.0,1.0,0.0,1,0,1,1.0,0.0,1.0,13,1,84,0.0,0.00042826552462526765,0.0,0.0,1.0,1.0,0.0,0.0,0.0,0.0,0.0,0.0,0.0,0.002157995628035123,0.0,0.002237136465324384,0.00016642391077786867,0.0,0.00038434085543293255,0.027837259100642397,0.0021413276231263384
1138582787651266629,3,1,0,1,1,0,1,0,0,0,1.0,0.0,1.0,1.0,0.0,1.0,0.0,0.0,0.0,1.0,0.0,1.0,0.0,1,0,1,1.0,0.0,1.0,13,1,84,0.0,0.00042826552462526765,0.0,0.0,1.0,1.0,0.0,0.0,0.0,0.0,0.0,0.0,0.0,0.002157995628035123,0.0,0.002237136465324384,0.00016642391077786867,0.0,0.00038434085543293255,0.027837259100642397,0.0021413276231263384
1492947661788265010,3,1,0,1,1,0,1,0,0,0,1.0,0.0,1.0,1.0,0.0,1.0,0.0,0.0,0.0,1.0,0.0,1.0,0.0,1,0,1,1.0,0.0,1.0,13,1,84,0.0,0.00042826552462526765,0.0,0.0,1.0,1.0,0.0,0.0,0.0,0.0,0.0,0.0,0.0,0.002157995628035123,0.0,0.002237136465324384,0.00016642391077786867,0.0,0.00038434085543293255,0.027837259100642397,0.0021413276231263384
4671724561082596775,3,1,0,1,1,0,1,0,0,0,2.0,0.0,2.0,2.0,0.0,2.0,0.0,0.0,0.0,1.0,0.0,1.0,0.0,1,0,1,3.0,0.0,3.0,13,1,84,0.0,0.0008565310492505353,0.0,0.0,1.0,1.0,0.0,0.0,0.0,0.0,0.0,0.0,0.0,0.0022181741364358672,0.0,0.002237136465324384,0.00033405369051303646,0.0,0.00038434085543293255,0.027837259100642397,0.0021413276231263384
6631020539785638235,3,1,0,1,1,0,1,0,0,0,1.0,0.0,1.0,1.0,0.0,1.0,0.0,0.0,0.0,1.0,0.0,1.0,0.0,1,0,1,1.0,0.0,1.0,13,1,84,0.0,0.00042826552462526765,0.0,0.0,1.0,1.0,0.0,0.0,0.0,0.0,0.0,0.0,0.0,0.002157995628035123,0.0,0.002237136465324384,0.00016642391077786867,0.0,0.00038434085543293255,0.027837259100642397,0.0021413276231263384
4478661297328661910,5,2,0,2,2,0,2,0,0,0,3.0,0.0,3.0,3.0,0.0,3.0,0.0,0.0,0.0,1.0,0.0,1.0,0.0,2,0,2,6.0,0.0,4.0,7,1,184,0.0,0.001284796573875803,0.0,0.0,0.6666666666666666,0.5,0.0,0.0,1.0,0.0,1.0,1.0,0.0,0.0022460620494893697,0.0,0.002237136465324382,0.001466743369180401,0.0,0.0008418894928530903,0.014989293361884369,0.0021413276231263384
8581380982725227400,5,2,0,2,2,0,2,0,0,0,2.0,0.0,2.0,2.0,0.0,2.0,0.0,0.0,0.0,1.0,0.0,1.0,0.0,2,0,2,3.0,0.0,3.0,7,1,184,0.0,0.0008565310492505353,0.0,0.0,0.6666666666666666,0.5,0.0,0.0,1.0,0.0,1.0,1.0,0.0,0.0022208959819273906,0.0,0.002237136465324383,0.000975545396422306,0.0,0.0008418894928530903,0.014989293361884369,0.0021413276231263384
6608076383801838319,5,2,0,2,2,0,2,0,0,0,2.0,0.0,2.0,2.0,0.0,2.0,0.0,0.0,0.0,1.0,0.0,1.0,0.0,2,0,2,3.0,0.0,3.0,7,1,184,0.0,0.0008565310492505353,0.0,0.0,0.6666666666666666,0.5,0.0,0.0,1.0,0.0,1.0,1.0,0.0,0.0022208959819273906,0.0,0.002237136465324383,0.000975545396422306,0.0,0.0008418894928530903,0.014989293361884369,0.0021413276231263384
6055729569879680999,5,2,0,2,1,0,1,1,0,1,3.0,0.0,3.0,2.0,0.0,2.0,1.0,0.0,1.0,0.5,0.0,0.6666666666666666,0.0,2,0,2,5.0,0.0,4.0,7,1,226,0.0,0.001284796573875803,0.0,0.0,0.6666666666666666,0.5,0.0,0.0,1.0,0.0,1.0,1.0,0.0,0.0021653209540960314,0.0,0.0022371364653243817,0.000404877205372689,0.0,0.0010340599205695565,0.014989293361884369,0.0021413276231263384
8292463642927418279,3,1,0,1,1,0,1,0,0,0,1.0,0.0,1.0,1.0,0.0,1.0,0.0,0.0,0.0,1.0,0.0,1.0,0.0,0,0,1,1.0,0.0,1.0,2,1,3,0.0,0.00042826552462526765,0.0,0.0,0.5,0.0,0.0,0.0,0.0,0.0,0.0,0.0,0.0,0.0031455981695447735,0.0,0.002237136465324383,0.00016642391077786867,0.0,1.3726459122604734e-5,0.004282655246252677,0.0021413276231263384
6689643043239407053,5,1,0,1,1,0,1,0,0,0,2.0,0.0,2.0,2.0,0.0,2.0,0.0,0.0,0.0,1.0,0.0,1.0,0.0,1,0,1,3.0,0.0,3.0,7,1,182,0.0,0.0008565310492505353,0.0,0.0,0.5,0.0,0.0,0.0,0.0,0.0,0.0,0.0,0.0,0.0021481492547583366,0.0,0.002237136465324381,0.000975545396422306,0.0,0.0008327385201046872,0.014989293361884369,0.0021413276231263384
6064588207401823800,5,1,0,1,1,0,1,0,0,0,1.0,0.0,1.0,1.0,0.0,1.0,0.0,0.0,0.0,1.0,0.0,1.0,0.0,1,0,1,1.0,0.0,1.0,7,1,182,0.0,0.00042826552462526765,0.0,0.0,0.5,0.0,0.0,0.0,0.0,0.0,0.0,0.0,0.0,0.002122983187196357,0.0,0.002237136465324381,0.0004866340713784445,0.0,0.0008327385201046872,0.014989293361884369,0.0021413276231263384
2356413677015838693,5,1,0,1,1,0,1,0,0,0,1.0,0.0,1.0,1.0,0.0,1.0,0.0,0.0,0.0,1.0,0.0,1.0,0.0,1,0,1,1.0,0.0,1.0,7,1,182,0.0,0.00042826552462526765,0.0,0.0,0.5,0.0,0.0,0.0,0.0,0.0,0.0,0.0,0.0,0.002122983187196357,0.0,0.002237136465324381,0.0004866340713784445,0.0,0.0008327385201046872,0.014989293361884369,0.0021413276231263384
6296071889333851718,5,1,0,1,1,0,1,0,0,0,1.0,0.0,1.0,1.0,0.0,1.0,0.0,0.0,0.0,1.0,0.0,1.0,0.0,1,0,1,1.0,0.0,1.0,7,1,182,0.0,0.00042826552462526765,0.0,0.0,0.5,0.0,0.0,0.0,0.0,0.0,0.0,0.0,0.0,0.002122983187196357,0.0,0.002237136465324381,0.0004866340713784445,0.0,0.0008327385201046872,0.014989293361884369,0.0021413276231263384
8523634802771083962,5,1,0,1,1,0,1,0,0,0,1.0,0.0,1.0,1.0,0.0,1.0,0.0,0.0,0.0,1.0,0.0,1.0,0.0,1,0,1,1.0,0.0,1.0,7,1,182,0.0,0.00042826552462526765,0.0,0.0,0.5,0.0,0.0,0.0,0.0,0.0,0.0,0.0,0.0,0.002122983187196357,0.0,0.002237136465324381,0.0004866340713784445,0.0,0.0008327385201046872,0.014989293361884369,0.0021413276231263384
9868668785853035290,5,1,0,1,1,0,1,0,0,0,2.0,0.0,2.0,2.0,0.0,2.0,0.0,0.0,0.0,1.0,0.0,1.0,0.0,1,0,1,3.0,0.0,3.0,7,1,182,0.0,0.0008565310492505353,0.0,0.0,0.5,0.0,0.0,0.0,0.0,0.0,0.0,0.0,0.0,0.0021481492547583366,0.0,0.002237136465324381,0.000975545396422306,0.0,0.0008327385201046872,0.014989293361884369,0.0021413276231263384
8015433703060589521,5,1,0,1,1,0,1,0,0,0,1.0,0.0,1.0,1.0,0.0,1.0,0.0,0.0,0.0,1.0,0.0,1.0,0.0,1,0,1,1.0,0.0,1.0,7,1,182,0.0,0.00042826552462526765,0.0,0.0,0.5,0.0,0.0,0.0,0.0,0.0,0.0,0.0,0.0,0.002122983187196357,0.0,0.002237136465324381,0.0004866340713784445,0.0,0.0008327385201046872,0.014989293361884369,0.0021413276231263384
4871594002520466915,5,1,0,1,1,0,1,0,0,0,1.0,0.0,1.0,1.0,0.0,1.0,0.0,0.0,0.0,1.0,0.0,1.0,0.0,1,0,1,1.0,0.0,1.0,7,1,182,0.0,0.00042826552462526765,0.0,0.0,0.5,0.0,0.0,0.0,0.0,0.0,0.0,0.0,0.0,0.002122983187196357,0.0,0.002237136465324381,0.0004866340713784445,0.0,0.0008327385201046872,0.014989293361884369,0.0021413276231263384
2529323494721887526,5,1,0,1,1,0,1,0,0,0,1.0,0.0,1.0,1.0,0.0,1.0,0.0,0.0,0.0,1.0,0.0,1.0,0.0,1,0,1,1.0,0.0,1.0,7,1,182,0.0,0.00042826552462526765,0.0,0.0,0.5,0.0,0.0,0.0,0.0,0.0,0.0,0.0,0.0,0.002122983187196357,0.0,0.002237136465324381,0.0004866340713784445,0.0,0.0008327385201046872,0.014989293361884369,0.0021413276231263384
8818480135742538890,5,1,0,1,1,0,1,0,0,0,1.0,0.0,1.0,1.0,0.0,1.0,0.0,0.0,0.0,1.0,0.0,1.0,0.0,1,0,1,1.0,0.0,1.0,7,1,182,0.0,0.00042826552462526765,0.0,0.0,0.5,0.0,0.0,0.0,0.0,0.0,0.0,0.0,0.0,0.002122983187196357,0.0,0.002237136465324381,0.0004866340713784445,0.0,0.0008327385201046872,0.014989293361884369,0.0021413276231263384
3250146850518326877,5,1,0,1,1,0,1,0,0,0,1.0,0.0,1.0,1.0,0.0,1.0,0.0,0.0,0.0,1.0,0.0,1.0,0.0,1,0,1,1.0,0.0,1.0,7,1,182,0.0,0.00042826552462526765,0.0,0.0,0.5,0.0,0.0,0.0,0.0,0.0,0.0,0.0,0.0,0.002122983187196357,0.0,0.002237136465324381,0.0004866340713784445,0.0,0.0008327385201046872,0.014989293361884369,0.0021413276231263384
9436855725976937811,5,1,0,1,1,0,1,0,0,0,1.0,0.0,1.0,1.0,0.0,1.0,0.0,0.0,0.0,1.0,0.0,1.0,0.0,1,0,1,1.0,0.0,1.0,7,1,182,0.0,0.00042826552462526765,0.0,0.0,0.5,0.0,0.0,0.0,0.0,0.0,0.0,0.0,0.0,0.002122983187196357,0.0,0.002237136465324381,0.0004866340713784445,0.0,0.0008327385201046872,0.014989293361884369,0.0021413276231263384
3561775368354968838,5,1,0,1,1,0,1,0,0,0,2.0,0.0,2.0,2.0,0.0,2.0,0.0,0.0,0.0,1.0,0.0,1.0,0.0,1,0,1,3.0,0.0,3.0,7,1,182,0.0,0.0008565310492505353,0.0,0.0,0.5,0.0,0.0,0.0,0.0,0.0,0.0,0.0,0.0,0.0021481492547583366,0.0,0.002237136465324381,0.000975545396422306,0.0,0.0008327385201046872,0.014989293361884369,0.0021413276231263384
2389114974892924696,5,1,0,1,1,0,1,0,0,0,1.0,0.0,1.0,1.0,0.0,1.0,0.0,0.0,0.0,1.0,0.0,1.0,0.0,1,0,1,1.0,0.0,1.0,7,1,182,0.0,0.00042826552462526765,0.0,0.0,0.5,0.0,0.0,0.0,0.0,0.0,0.0,0.0,0.0,0.002122983187196357,0.0,0.002237136465324381,0.0004866340713784445,0.0,0.0008327385201046872,0.014989293361884369,0.0021413276231263384
7491139359429068184,5,1,0,1,1,0,1,0,0,0,1.0,0.0,1.0,1.0,0.0,1.0,0.0,0.0,0.0,1.0,0.0,1.0,0.0,1,0,1,1.0,0.0,1.0,7,1,182,0.0,0.00042826552462526765,0.0,0.0,0.5,0.0,0.0,0.0,0.0,0.0,0.0,0.0,0.0,0.002122983187196357,0.0,0.002237136465324381,0.0004866340713784445,0.0,0.0008327385201046872,0.014989293361884369,0.0021413276231263384
5937591846442539693,5,1,0,1,1,0,1,0,0,0,1.0,0.0,1.0,1.0,0.0,1.0,0.0,0.0,0.0,1.0,0.0,1.0,0.0,1,0,1,1.0,0.0,1.0,7,1,182,0.0,0.00042826552462526765,0.0,0.0,0.5,0.0,0.0,0.0,0.0,0.0,0.0,0.0,0.0,0.002122983187196357,0.0,0.002237136465324381,0.0004866340713784445,0.0,0.0008327385201046872,0.014989293361884369,0.0021413276231263384
7726180503314159644,5,1,0,1,1,0,1,0,0,0,1.0,0.0,1.0,1.0,0.0,1.0,0.0,0.0,0.0,1.0,0.0,1.0,0.0,1,0,1,1.0,0.0,1.0,7,1,182,0.0,0.00042826552462526765,0.0,0.0,0.5,0.0,0.0,0.0,0.0,0.0,0.0,0.0,0.0,0.002122983187196357,0.0,0.002237136465324381,0.0004866340713784445,0.0,0.0008327385201046872,0.014989293361884369,0.0021413276231263384
7926143698484050541,5,1,0,1,1,0,1,0,0,0,1.0,0.0,1.0,1.0,0.0,1.0,0.0,0.0,0.0,1.0,0.0,1.0,0.0,1,0,1,1.0,0.0,1.0,7,1,182,0.0,0.00042826552462526765,0.0,0.0,0.5,0.0,0.0,0.0,0.0,0.0,0.0,0.0,0.0,0.002122983187196357,0.0,0.002237136465324381,0.0004866340713784445,0.0,0.0008327385201046872,0.014989293361884369,0.0021413276231263384
5165224311620548915,5,1,0,1,1,0,1,0,0,0,1.0,0.0,1.0,1.0,0.0,1.0,0.0,0.0,0.0,1.0,0.0,1.0,0.0,1,0,1,1.0,0.0,1.0,7,1,182,0.0,0.00042826552462526765,0.0,0.0,0.5,0.0,0.0,0.0,0.0,0.0,0.0,0.0,0.0,0.002122983187196357,0.0,0.002237136465324381,0.0004866340713784445,0.0,0.0008327385201046872,0.014989293361884369,0.0021413276231263384
589326327834452874,5,1,0,1,1,0,1,0,0,0,1.0,0.0,1.0,1.0,0.0,1.0,0.0,0.0,0.0,1.0,0.0,1.0,0.0,1,0,1,1.0,0.0,1.0,7,1,182,0.0,0.00042826552462526765,0.0,0.0,0.5,0.0,0.0,0.0,0.0,0.0,0.0,0.0,0.0,0.002122983187196357,0.0,0.002237136465324381,0.0004866340713784445,0.0,0.0008327385201046872,0.014989293361884369,0.0021413276231263384
505553444537236205,5,1,0,1,1,0,1,0,0,0,1.0,0.0,1.0,1.0,0.0,1.0,0.0,0.0,0.0,1.0,0.0,1.0,0.0,1,0,1,1.0,0.0,1.0,7,1,182,0.0,0.00042826552462526765,0.0,0.0,0.5,0.0,0.0,0.0,0.0,0.0,0.0,0.0,0.0,0.002122983187196357,0.0,0.002237136465324381,0.0004866340713784445,0.0,0.0008327385201046872,0.014989293361884369,0.0021413276231263384
