node,community,in_degree,out_degree,total_degree,in_degree_in_group,out_degree_in_group,total_degree_in_group,in_degree_between,out_degree_between,total_degree_between,weighted_in_degree,weighted_out_degree,weighted_total_degree,weighted_in_degree_in_group,weighted_out_degree_in_group,weighted_total_degree_in_group,weighted_in_degree_between,weighted_out_degree_between,weighted_total_degree_between,in_group_indegree_ratio,in_group_outdegree_ratio,in_group_indegree_strength_fraction,in_group_outdegree_strength_fraction,k_core_in,k_core_out,k_core_undirected,s_core_in,s_core_out,s_core_undirected,in_reach_2,out_reach_2,undirected_reach_2,out_degree_normalized,in_degree_normalized,in_out_ratio,weighted_in_out_ratio,ego_density,density_clustering_coefficient,cg_cycle,cg_middleman,cg_in,cg_out,cg_total,barrat_local,r_norm_ranked,page_rank,salsa_hub,salsa_authority,modularity_vitality_hub,modularity_vitality_bridge,undirected_reach_2_normalized,in_reach_2_normalized,out_reach_2_normalized
827343025470738433,1,0,42,42,0,26,26,0,16,16,0.0,59.0,59.0,0.0,36.0,36.0,0.0,23.0,23.0,0.0,0.6190476190476191,0.0,0.6101694915254238,0,0,5,0.0,18.0,31.0,1,43,62,0.0025784459400402062,0.0,0.0,0.0,0.023255813953488372,0.0,0.0,0.0,0.0,0.0,0.0,0.0,0.0,0.0008206135178781429,0.01333333333333331,0.0,0.0,0.003321621447535339,3.4196293342422926e-5,0.0007429420505200594,0.03194650817236255
28468549,2,4,23,27,1,13,14,3,10,13,10.0,27.0,37.0,2.0,14.0,16.0,8.0,13.0,21.0,0.25,0.5652173913043478,0.2,0.5185185185185185,0,0,5,11.0,13.0,30.0,7,24,577,0.0011799667861200943,0.000437024735600035,0.17391304347750475,0.37037037036899867,0.08333333333333333,0.04938271604938271,0.0,0.4940828402366864,0.0,0.0,0.0867983367983368,0.1735966735966736,0.0,0.0008691908869730381,0.013333333333333313,0.0008992805755395675,0.0,0.006141168055619373,0.0003182461493319037,0.005200594353640416,0.017830609212481426
24112747,3,2,414,416,0,333,333,2,81,83,4.0,773.0,777.0,0.0,633.0,633.0,4.0,140.0,144.0,0.0,0.8043478260869565,0.0,0.8188874514877102,0,0,5,6.0,26.0,44.0,5,440,522,0.0337820120618827,0.000174809894240014,0.0048309178743949684,0.005174644243207609,0.0029687788230953697,0.0005720691568047337,0.0,0.14740787008119924,0.0,0.0003899777289827063,0.0011179854553348529,0.0022359709106697058,0.0,0.0008686920409603201,0.013333333333333414,0.0008992805755395713,0.0,0.05661747714019949,0.000287910727818464,0.003714710252600297,0.32689450222882616
3837500787,4,0,128,128,0,124,124,0,4,4,0.0,142.0,142.0,0.0,138.0,138.0,0.0,4.0,4.0,0.0,0.96875,0.0,0.971830985915493,0,0,2,0.0,24.0,12.0,1,129,142,0.006205751245520496,0.0,0.0,0.0,0.007751937984496124,0.0,0.0,0.0,0.0,0.0,0.0,0.0,0.0,0.0008206135178781429,0.013333333333333265,0.0,0.030850107111772607,0.0,7.832054281651703e-5,0.0007429420505200594,0.09583952451708767
81155662,5,0,49,49,0,36,36,0,13,13,0.0,64.0,64.0,0.0,50.0,50.0,0.0,14.0,14.0,0.0,0.7346938775510204,0.0,0.78125,0,0,5,0.0,19.0,28.0,1,50,66,0.002796958307840224,0.0,0.0,0.0,0.02,0.0,0.0,0.0,0.0,0.0,0.0,0.0,0.0,0.0008206135178781429,0.013333333333333324,0.0,0.006474639419163708,0.0,3.640250581612763e-5,0.0007429420505200594,0.03714710252600297
10126672,6,0,18,18,0,12,12,0,6,6,0.0,18.0,18.0,0.0,12.0,12.0,0.0,6.0,6.0,0.0,0.6666666666666666,0.0,0.6666666666666666,0,0,3,0.0,12.0,17.0,1,19,26,0.000786644524080063,0.0,0.0,0.0,0.05263157894736842,0.0,0.0,0.0,0.0,0.0,0.0,0.0,0.0,0.0008206135178781429,0.013333333333333319,0.0,0.0006600309723066022,0.0,1.4340381079080584e-5,0.0007429420505200594,0.01411589895988113
1017578055072604160,2,2,31,33,1,21,22,1,10,11,2.0,31.0,33.0,1.0,21.0,22.0,1.0,10.0,11.0,0.5,0.6774193548387096,0.5,0.6774193548387096,0,0,5,3.0,14.0,24.0,5,32,491,0.0013547766803601083,8.7404947120007e-5,0.06451612903204995,0.06451612903204995,0.049910873440285206,0.021120293847566574,0.0,0.3709677419354839,0.0,0.0,0.021780303030303032,0.043560606060606064,0.0,0.0008297765937767654,0.013333333333333327,0.0008992805755395687,0.0,0.0001946480469166012,0.00027081258114725255,0.003714710252600297,0.0237741456166419
54885400,27,0,126,126,0,89,89,0,37,37,0.0,156.0,156.0,0.0,111.0,111.0,0.0,45.0,45.0,0.0,0.7063492063492064,0.0,0.7115384615384616,0,0,5,0.0,25.0,29.0,1,142,165,0.0068175858753605455,0.0,0.0,0.0,0.00837395325584302,0.0005039052658100278,0.0,0.0,0.0,0.00046153846153846153,0.00046153846153846153,0.0009230769230769231,0.0,0.0008206135178781429,0.013333333333333345,0.0,0.005636086188536726,0.0,9.100626454031908e-5,0.0007429420505200594,0.10549777117384844
25930421,2,0,90,90,0,58,58,0,32,32,0.0,102.0,102.0,0.0,64.0,64.0,0.0,38.0,38.0,0.0,0.6444444444444445,0.0,0.6274509803921569,0,0,5,0.0,22.0,34.0,1,126,141,0.004457652303120356,0.0,0.0,0.0,0.013064713064713065,0.0020987654320987655,0.0,0.0,0.0,0.002478519497686715,0.002478519497686715,0.00495703899537343,0.0,0.0008206135178781429,0.013333333333333327,0.0,0.0,0.0054773541143159354,7.776898969809086e-5,0.0007429420505200594,0.09361069836552749
18749026,7,0,8,8,0,7,7,0,1,1,0.0,10.0,10.0,0.0,8.0,8.0,0.0,2.0,2.0,0.0,0.875,0.0,0.8,0,0,3,0.0,10.0,16.0,1,9,18,0.000437024735600035,0.0,0.0,0.0,0.1111111111111111,0.0,0.0,0.0,0.0,0.0,0.0,0.0,0.0,0.0008206135178781429,0.013333333333333319,0.0,0.0,0.0006227578264915712,9.927956131671174e-6,0.0007429420505200594,0.006686478454680535
92611744,8,2,69,71,2,41,43,0,28,28,2.0,82.0,84.0,2.0,46.0,48.0,0.0,36.0,36.0,1.0,0.5942028985507246,1.0,0.5609756097560976,0,0,5,3.0,20.0,37.0,3,456,481,0.0035836028319202865,8.7404947120007e-5,0.028985507246334804,0.024390243902409278,0.02112676056338028,0.007339813529061694,0.0,0.04966887417218543,0.0,0.011926111908177906,0.012585034013605442,0.025170068027210883,0.0,0.001071193884828519,0.01333333333333331,0.0008992805755395703,0.0,0.0022186853090181424,0.0002652970499629908,0.002228826151560178,0.3387815750371471
1601766740,35,0,1,1,0,1,1,0,0,0,0.0,2.0,2.0,0.0,2.0,2.0,0.0,0.0,0.0,0.0,1.0,0.0,1.0,0,0,1,0.0,2.0,5.0,1,2,3,8.7404947120007e-5,0.0,0.0,0.0,0.5,0.0,0.0,0.0,0.0,0.0,0.0,0.0,0.0,0.0005784311159680213,0.01333333333333334,0.0,0.00047490486743118066,0.0,1.6546593552785288e-6,0.0007429420505200594,0.0014858841010401188
78489442,27,0,6,6,0,6,6,0,0,0,0.0,6.0,6.0,0.0,6.0,6.0,0.0,0.0,0.0,0.0,1.0,0.0,1.0,0,0,1,0.0,7.0,3.0,1,7,11,0.00026221484136002097,0.0,0.0,0.0,0.14285714285714285,0.0,0.0,0.0,0.0,0.0,0.0,0.0,0.0,0.0008206135178781429,0.01333333333333334,0.0,0.0010567233717220237,0.0,6.067084302687939e-6,0.0007429420505200594,0.005200594353640416
2216405453,1,0,73,73,0,41,41,0,32,32,0.0,92.0,92.0,0.0,52.0,52.0,0.0,40.0,40.0,0.0,0.5616438356164384,0.0,0.5652173913043478,0,0,5,0.0,21.0,39.0,1,449,468,0.004020627567520321,0.0,0.0,0.0,0.02073306182895224,0.007318446237568024,0.0,0.0,0.0,0.007170893719806763,0.007170893719806763,0.014341787439613526,0.0,0.0008206135178781429,0.013333333333333319,0.0,0.0,0.012438577776735071,0.0002581268594234505,0.0007429420505200594,0.33358098068350667
269139570,9,0,1,1,0,1,1,0,0,0,0.0,1.0,1.0,0.0,1.0,1.0,0.0,0.0,0.0,0.0,1.0,0.0,1.0,0,0,1,0.0,1.0,1.0,1,2,2,4.37024735600035e-5,0.0,0.0,0.0,0.5,0.0,0.0,0.0,0.0,0.0,0.0,0.0,0.0,0.0005856712695371166,0.01333333333333334,0.0,0.0002381171644837421,0.0,1.1031062368523526e-6,0.0007429420505200594,0.0014858841010401188
1487041979795980289,10,0,6,6,0,6,6,0,0,0,0.0,8.0,8.0,0.0,8.0,8.0,0.0,0.0,0.0,0.0,1.0,0.0,1.0,0,0,1,0.0,9.0,10.0,1,7,8,0.000349619788480028,0.0,0.0,0.0,0.14285714285714285,0.0,0.0,0.0,0.0,0.0,0.0,0.0,0.0,0.0008206135178781429,0.013333333333333338,0.0,0.001510867668978566,0.0,4.41242494740941e-6,0.0007429420505200594,0.005200594353640416
1478840722518282241,8,1,3,4,1,3,4,0,0,0,1.0,3.0,4.0,1.0,3.0,4.0,0.0,0.0,0.0,1.0,1.0,1.0,1.0,0,0,1,1.0,4.0,3.0,4,4,75,0.00013110742068001048,4.37024735600035e-5,0.3333333333222222,0.3333333333222222,0.2,0.0,0.0,0.0,0.0,0.0,0.0,0.0,0.0,0.0008336683835398523,0.01333333333333334,0.0008992805755395713,0.0007326643366142305,0.0,4.136648388196322e-5,0.0029717682020802376,0.0029717682020802376
1528726698,35,0,2,2,0,2,2,0,0,0,0.0,2.0,2.0,0.0,2.0,2.0,0.0,0.0,0.0,0.0,1.0,0.0,1.0,0,0,1,0.0,2.0,3.0,1,3,4,8.7404947120007e-5,0.0,0.0,0.0,0.3333333333333333,0.0,0.0,0.0,0.0,0.0,0.0,0.0,0.0,0.0005784311159680213,0.01333333333333334,0.0,0.00047490486743118066,0.0,2.206212473704705e-6,0.0007429420505200594,0.002228826151560178
704224716626780160,11,0,1,1,0,1,1,0,0,0,0.0,1.0,1.0,0.0,1.0,1.0,0.0,0.0,0.0,0.0,1.0,0.0,1.0,0,0,1,0.0,1.0,1.0,1,2,2,4.37024735600035e-5,0.0,0.0,0.0,0.5,0.0,0.0,0.0,0.0,0.0,0.0,0.0,0.0,0.0005856712709152858,0.01333333333333334,0.0,0.0002381171644837421,0.0,1.1031062368523526e-6,0.0007429420505200594,0.0014858841010401188
1511704288401059840,16,1,12,13,1,12,13,0,0,0,2.0,63.0,65.0,2.0,63.0,65.0,0.0,0.0,0.0,1.0,1.0,1.0,1.0,1,1,2,3.0,17.0,45.0,2,25,28,0.0027532558342802205,8.7404947120007e-5,0.08333333333263888,0.031746031745981354,0.09615384615384616,0.013888888888888888,0.0,0.3717948717948718,0.0,0.02813852813852814,0.04409857328145266,0.06013986013986014,0.5,0.0009294535039738633,0.01333333333333334,0.0008992805755395724,0.014380404119193835,0.0,1.5443487315932935e-5,0.0014858841010401188,0.018573551263001486
1176545268415619072,16,1,1,2,1,1,2,0,0,0,1.0,1.0,2.0,1.0,1.0,2.0,0.0,0.0,0.0,1.0,1.0,1.0,1.0,0,0,2,1.0,1.0,5.0,2,2,10,4.37024735600035e-5,4.37024735600035e-5,0.9999999999,0.9999999999,0.3333333333333333,0.0,0.0,0.0,0.0,0.0,0.0,0.0,0.0,0.0008007766445866117,0.013333333333333341,0.0008992805755395724,0.00040465828771196755,0.0,5.515531184261762e-6,0.0014858841010401188,0.0014858841010401188
951720519203635201,16,0,7,7,0,7,7,0,0,0,0.0,7.0,7.0,0.0,7.0,7.0,0.0,0.0,0.0,0.0,1.0,0.0,1.0,0,0,2,0.0,7.0,5.0,1,9,10,0.00030591731492002447,0.0,0.0,0.0,0.125,0.0,0.0,0.0,0.0,0.0,0.0,0.0,0.0,0.0007012340761362472,0.013333333333333341,0.0,0.0014263180555292854,0.0,5.515531184261762e-6,0.0007429420505200594,0.006686478454680535
1433419690638983168,36,0,1,1,0,1,1,0,0,0,0.0,1.0,1.0,0.0,1.0,1.0,0.0,0.0,0.0,0.0,1.0,0.0,1.0,0,0,1,0.0,1.0,1.0,1,2,2,4.37024735600035e-5,0.0,0.0,0.0,0.5,0.0,0.0,0.0,0.0,0.0,0.0,0.0,0.0,0.0005856716355586064,0.01333333333333334,0.0,0.0002381171644837421,0.0,1.1031062368523526e-6,0.0007429420505200594,0.0014858841010401188
754923996,22,0,9,9,0,8,8,0,1,1,0.0,14.0,14.0,0.0,13.0,13.0,0.0,1.0,1.0,0.0,0.8888888888888888,0.0,0.9285714285714286,0,0,2,0.0,11.0,13.0,1,10,24,0.0006118346298400489,0.0,0.0,0.0,0.1,0.0,0.0,0.0,0.0,0.0,0.0,0.0,0.0,0.0008206135178781429,0.013333333333333336,0.0,0.002331694894724956,0.0,1.323727484222823e-5,0.0007429420505200594,0.007429420505200594
1596428281,2,0,1,1,0,1,1,0,0,0,0.0,1.0,1.0,0.0,1.0,1.0,0.0,0.0,0.0,0.0,1.0,0.0,1.0,0,0,1,0.0,1.0,1.0,1,2,3,4.37024735600035e-5,0.0,0.0,0.0,0.5,0.0,0.0,0.0,0.0,0.0,0.0,0.0,0.0,0.0008206135178781429,0.013333333333333332,0.0,0.00019728937001983748,0.0,1.6546593552785288e-6,0.0007429420505200594,0.0014858841010401188
1151142582585417730,12,0,2,2,0,2,2,0,0,0,0.0,2.0,2.0,0.0,2.0,2.0,0.0,0.0,0.0,0.0,1.0,0.0,1.0,0,0,1,0.0,2.0,2.0,1,3,3,8.7404947120007e-5,0.0,0.0,0.0,0.3333333333333333,0.0,0.0,0.0,0.0,0.0,0.0,0.0,0.0,0.0006461091107322928,0.01333333333333334,0.0,0.0004762178876128731,0.0,1.6546593552785288e-6,0.0007429420505200594,0.002228826151560178
1324022303194292224,13,0,2,2,0,2,2,0,0,0,0.0,2.0,2.0,0.0,2.0,2.0,0.0,0.0,0.0,0.0,1.0,0.0,1.0,0,0,1,0.0,2.0,2.0,1,3,3,8.7404947120007e-5,0.0,0.0,0.0,0.3333333333333333,0.0,0.0,0.0,0.0,0.0,0.0,0.0,0.0,0.0006461090939548098,0.01333333333333334,0.0,0.0004762178876128731,0.0,1.6546593552785288e-6,0.0007429420505200594,0.002228826151560178
93471126,7,0,40,40,0,39,39,0,1,1,0.0,49.0,49.0,0.0,48.0,48.0,0.0,1.0,1.0,0.0,0.975,0.0,0.9795918367346939,0,0,3,0.0,16.0,15.0,1,41,51,0.0021414212044401715,0.0,0.0,0.0,0.024390243902439025,0.0,0.0,0.0,0.0,0.0,0.0,0.0,0.0,0.0008206135178781429,0.013333333333333341,0.0,0.008467665150838855,0.0,2.812920903973499e-5,0.0007429420505200594,0.030460624071322436
1122760625283670016,22,0,5,5,0,4,4,0,1,1,0.0,5.0,5.0,0.0,4.0,4.0,0.0,1.0,1.0,0.0,0.8,0.0,0.8,0,0,2,0.0,6.0,8.0,1,6,19,0.0002185123678000175,0.0,0.0,0.0,0.16666666666666666,0.0,0.0,0.0,0.0,0.0,0.0,0.0,0.0,0.0008206135178781429,0.013333333333333336,0.0,0.000542024111548578,0.0,1.0479509250097348e-5,0.0007429420505200594,0.004457652303120356
201601822,14,0,1,1,0,1,1,0,0,0,0.0,1.0,1.0,0.0,1.0,1.0,0.0,0.0,0.0,0.0,1.0,0.0,1.0,0,0,1,0.0,1.0,1.0,1,2,2,4.37024735600035e-5,0.0,0.0,0.0,0.5,0.0,0.0,0.0,0.0,0.0,0.0,0.0,0.0,0.0005856713346436734,0.01333333333333334,0.0,0.0002381171644837421,0.0,1.1031062368523526e-6,0.0007429420505200594,0.0014858841010401188
1204242402103267328,37,0,3,3,0,3,3,0,0,0,0.0,3.0,3.0,0.0,3.0,3.0,0.0,0.0,0.0,0.0,1.0,0.0,1.0,0,0,1,0.0,4.0,2.0,1,4,4,0.00013110742068001048,0.0,0.0,0.0,0.25,0.0,0.0,0.0,0.0,0.0,0.0,0.0,0.0,0.0006846822254596142,0.01333333333333334,0.0,0.000714301778791282,0.0,2.206212473704705e-6,0.0007429420505200594,0.0029717682020802376
706087110424420353,15,0,6,6,0,6,6,0,0,0,0.0,6.0,6.0,0.0,6.0,6.0,0.0,0.0,0.0,0.0,1.0,0.0,1.0,0,0,1,0.0,7.0,2.0,1,7,7,0.00026221484136002097,0.0,0.0,0.0,0.14285714285714285,0.0,0.0,0.0,0.0,0.0,0.0,0.0,0.0,0.0007444881298540021,0.01333333333333334,0.0,0.00142844853237456,0.0,3.860871828983234e-6,0.0007429420505200594,0.005200594353640416
1445397158400774154,38,0,1,1,0,1,1,0,0,0,0.0,1.0,1.0,0.0,1.0,1.0,0.0,0.0,0.0,0.0,1.0,0.0,1.0,0,0,1,0.0,1.0,1.0,1,2,2,4.37024735600035e-5,0.0,0.0,0.0,0.5,0.0,0.0,0.0,0.0,0.0,0.0,0.0,0.0,0.0005856712824357485,0.01333333333333334,0.0,0.0002381171644837421,0.0,1.1031062368523526e-6,0.0007429420505200594,0.0014858841010401188
2511882350,16,1,5,6,1,5,6,0,0,0,7.0,7.0,14.0,7.0,7.0,14.0,0.0,0.0,0.0,1.0,1.0,1.0,1.0,1,1,2,4.0,8.0,26.0,2,15,15,0.00030591731492002447,0.00030591731492002447,0.199999999996,0.9999999999857143,0.26666666666666666,0.08,0.0,0.5151515151515151,0.0,0.125,0.19672131147540983,0.375,1.0,0.0008038533834297214,0.013333333333333341,0.0008992805755395724,0.0028809495646628935,0.0,8.273296776392644e-6,0.0014858841010401188,0.011144130757800892
3307687069,16,2,10,12,2,10,12,0,0,0,2.0,10.0,12.0,2.0,10.0,12.0,0.0,0.0,0.0,1.0,1.0,1.0,1.0,1,0,2,3.0,10.0,5.0,4,11,28,0.000437024735600035,8.7404947120007e-5,0.199999999998,0.199999999998,0.07692307692307693,0.0,0.0,0.0,0.0,0.0,0.0,0.0,0.0,0.0009481599702290226,0.013333333333333341,0.0008992805755395724,0.0024624232710285243,0.0,1.5443487315932935e-5,0.0029717682020802376,0.008172362555720654
96750689,16,0,3,3,0,3,3,0,0,0,0.0,3.0,3.0,0.0,3.0,3.0,0.0,0.0,0.0,0.0,1.0,0.0,1.0,0,0,1,0.0,4.0,3.0,1,14,15,0.00013110742068001048,0.0,0.0,0.0,0.25,0.0,0.0,0.0,0.0,0.0,0.0,0.0,0.0,0.0007012340761362472,0.013333333333333341,0.0,0.0006078430024573089,0.0,8.273296776392644e-6,0.0007429420505200594,0.010401188707280832
3194592704,17,0,2,2,0,2,2,0,0,0,0.0,2.0,2.0,0.0,2.0,2.0,0.0,0.0,0.0,0.0,1.0,0.0,1.0,0,0,1,0.0,2.0,2.0,1,3,3,8.7404947120007e-5,0.0,0.0,0.0,0.3333333333333333,0.0,0.0,0.0,0.0,0.0,0.0,0.0,0.0,0.0006461088762142573,0.01333333333333334,0.0,0.0004762178876128731,0.0,1.6546593552785288e-6,0.0007429420505200594,0.002228826151560178
1493823703607832577,8,0,4,4,0,2,2,0,2,2,0.0,4.0,4.0,0.0,2.0,2.0,0.0,2.0,2.0,0.0,0.5,0.0,0.5,0,0,3,0.0,5.0,10.0,1,5,14,0.000174809894240014,0.0,0.0,0.0,0.2,0.0,0.0,0.0,0.0,0.0,0.0,0.0,0.0,0.0008206135178781429,0.01333333333333331,0.0,0.00017034405730276259,0.0,7.721743657966468e-6,0.0007429420505200594,0.003714710252600297
1155060346521968640,18,0,1,1,0,1,1,0,0,0,0.0,1.0,1.0,0.0,1.0,1.0,0.0,0.0,0.0,0.0,1.0,0.0,1.0,0,0,1,0.0,1.0,1.0,1,2,2,4.37024735600035e-5,0.0,0.0,0.0,0.5,0.0,0.0,0.0,0.0,0.0,0.0,0.0,0.0,0.0005856712759465083,0.01333333333333334,0.0,0.0002381171644837421,0.0,1.1031062368523526e-6,0.0007429420505200594,0.0014858841010401188
1186921798299897857,7,0,1,1,0,1,1,0,0,0,0.0,1.0,1.0,0.0,1.0,1.0,0.0,0.0,0.0,0.0,1.0,0.0,1.0,0,0,1,0.0,1.0,1.0,1,2,3,4.37024735600035e-5,0.0,0.0,0.0,0.5,0.0,0.0,0.0,0.0,0.0,0.0,0.0,0.0,0.0008206135178781429,0.013333333333333345,0.0,0.00022237632806387797,0.0,1.6546593552785288e-6,0.0007429420505200594,0.0014858841010401188
1504583473,19,0,1,1,0,1,1,0,0,0,0.0,1.0,1.0,0.0,1.0,1.0,0.0,0.0,0.0,0.0,1.0,0.0,1.0,0,0,1,0.0,1.0,1.0,1,2,2,4.37024735600035e-5,0.0,0.0,0.0,0.5,0.0,0.0,0.0,0.0,0.0,0.0,0.0,0.0,0.0005856716497880804,0.01333333333333334,0.0,0.0002381171644837421,0.0,1.1031062368523526e-6,0.0007429420505200594,0.0014858841010401188
925641636583010304,20,0,3,3,0,3,3,0,0,0,0.0,3.0,3.0,0.0,3.0,3.0,0.0,0.0,0.0,0.0,1.0,0.0,1.0,0,0,1,0.0,4.0,2.0,1,4,4,0.00013110742068001048,0.0,0.0,0.0,0.25,0.0,0.0,0.0,0.0,0.0,0.0,0.0,0.0,0.0006846823927258879,0.01333333333333334,0.0,0.000714301778791282,0.0,2.206212473704705e-6,0.0007429420505200594,0.0029717682020802376
1278547172,39,0,1,1,0,1,1,0,0,0,0.0,1.0,1.0,0.0,1.0,1.0,0.0,0.0,0.0,0.0,1.0,0.0,1.0,0,0,1,0.0,1.0,1.0,1,2,2,4.37024735600035e-5,0.0,0.0,0.0,0.5,0.0,0.0,0.0,0.0,0.0,0.0,0.0,0.0,0.0005856716317011551,0.01333333333333334,0.0,0.0002381171644837421,0.0,1.1031062368523526e-6,0.0007429420505200594,0.0014858841010401188
822328100,27,0,1,1,0,1,1,0,0,0,0.0,1.0,1.0,0.0,1.0,1.0,0.0,0.0,0.0,0.0,1.0,0.0,1.0,0,0,1,0.0,1.0,1.0,1,2,3,4.37024735600035e-5,0.0,0.0,0.0,0.5,0.0,0.0,0.0,0.0,0.0,0.0,0.0,0.0,0.0008206135178781429,0.013333333333333329,0.0,0.000174825884712404,0.0,1.6546593552785288e-6,0.0007429420505200594,0.0014858841010401188
823349574739734528,22,0,1,1,0,1,1,0,0,0,0.0,1.0,1.0,0.0,1.0,1.0,0.0,0.0,0.0,0.0,1.0,0.0,1.0,0,0,1,0.0,1.0,1.0,1,2,11,4.37024735600035e-5,0.0,0.0,0.0,0.5,0.0,0.0,0.0,0.0,0.0,0.0,0.0,0.0,0.0008206135178781429,0.013333333333333334,0.0,0.00020794722801242838,0.0,6.067084302687939e-6,0.0007429420505200594,0.0014858841010401188
351750739,21,0,4,4,0,4,4,0,0,0,0.0,4.0,4.0,0.0,4.0,4.0,0.0,0.0,0.0,0.0,1.0,0.0,1.0,0,0,1,0.0,5.0,2.0,1,5,5,0.000174809894240014,0.0,0.0,0.0,0.2,0.0,0.0,0.0,0.0,0.0,0.0,0.0,0.0,0.0007110111010282504,0.01333333333333334,0.0,0.0009523684459389337,0.0,2.757765592130881e-6,0.0007429420505200594,0.003714710252600297
746500488959496194,22,0,1,1,0,1,1,0,0,0,0.0,1.0,1.0,0.0,1.0,1.0,0.0,0.0,0.0,0.0,1.0,0.0,1.0,0,0,1,0.0,1.0,1.0,1,2,11,4.37024735600035e-5,0.0,0.0,0.0,0.5,0.0,0.0,0.0,0.0,0.0,0.0,0.0,0.0,0.0008206135178781429,0.013333333333333334,0.0,0.00020794722801242838,0.0,6.067084302687939e-6,0.0007429420505200594,0.0014858841010401188
472122299,22,0,2,2,0,2,2,0,0,0,0.0,2.0,2.0,0.0,2.0,2.0,0.0,0.0,0.0,0.0,1.0,0.0,1.0,0,0,2,0.0,2.0,5.0,1,3,12,8.7404947120007e-5,0.0,0.0,0.0,0.3333333333333333,0.0,0.0,0.0,0.0,0.0,0.0,0.0,0.0,0.0008206135178781429,0.013333333333333336,0.0,0.00041647546934697743,0.0,6.618637421114115e-6,0.0007429420505200594,0.002228826151560178
441540997,22,0,3,3,0,3,3,0,0,0,0.0,6.0,6.0,0.0,6.0,6.0,0.0,0.0,0.0,0.0,1.0,0.0,1.0,0,0,1,0.0,7.0,14.0,1,4,5,0.00026221484136002097,0.0,0.0,0.0,0.25,0.0,0.0,0.0,0.0,0.0,0.0,0.0,0.0,0.0008206135178781429,0.013333333333333341,0.0,0.0012564267824981545,0.0,2.757765592130881e-6,0.0007429420505200594,0.0029717682020802376
15872418,23,1,2,3,1,2,3,0,0,0,1.0,2.0,3.0,1.0,2.0,3.0,0.0,0.0,0.0,1.0,1.0,1.0,1.0,0,0,2,1.0,2.0,7.0,2,3,4,8.7404947120007e-5,4.37024735600035e-5,0.499999999975,0.499999999975,0.4166666666666667,0.2222222222222222,0.0,1.0,0.0,0.0,0.3333333333333333,0.6666666666666666,0.0,0.0007206882053471473,0.01333333333333334,0.0008992805755395725,0.0007123303199703113,0.0,2.206212473704705e-6,0.0014858841010401188,0.002228826151560178
1032125483519856640,16,0,2,2,0,2,2,0,0,0,0.0,2.0,2.0,0.0,2.0,2.0,0.0,0.0,0.0,0.0,1.0,0.0,1.0,0,0,1,0.0,2.0,3.0,1,3,4,8.7404947120007e-5,0.0,0.0,0.0,0.3333333333333333,0.0,0.0,0.0,0.0,0.0,0.0,0.0,0.0,0.0007012340761362472,0.013333333333333341,0.0,0.00040465828771196755,0.0,2.206212473704705e-6,0.0007429420505200594,0.002228826151560178
1115213444578402304,16,0,8,8,0,8,8,0,0,0,0.0,8.0,8.0,0.0,8.0,8.0,0.0,0.0,0.0,0.0,1.0,0.0,1.0,0,0,2,0.0,9.0,8.0,1,9,13,0.000349619788480028,0.0,0.0,0.0,0.1111111111111111,0.0,0.0,0.0,0.0,0.0,0.0,0.0,0.0,0.0007012340761362472,0.013333333333333341,0.0,0.0016323778456622806,0.0,7.170190539540292e-6,0.0007429420505200594,0.006686478454680535
1237824952113303552,8,0,17,17,0,12,12,0,5,5,0.0,18.0,18.0,0.0,12.0,12.0,0.0,6.0,6.0,0.0,0.7058823529411765,0.0,0.6666666666666666,0,0,5,0.0,12.0,20.0,1,81,93,0.000786644524080063,0.0,0.0,0.0,0.07516339869281045,0.020761245674740483,0.0,0.0,0.0,0.022569444444444444,0.022569444444444444,0.04513888888888889,0.0,0.0008206135178781429,0.01333333333333331,0.0,0.0,0.000986570037061929,5.1294440013634395e-5,0.0007429420505200594,0.060178306092124816
1496277013908553730,24,0,8,8,0,8,8,0,0,0,0.0,10.0,10.0,0.0,10.0,10.0,0.0,0.0,0.0,0.0,1.0,0.0,1.0,0,0,1,0.0,10.0,6.0,1,9,9,0.000437024735600035,0.0,0.0,0.0,0.1111111111111111,0.0,0.0,0.0,0.0,0.0,0.0,0.0,0.0,0.0007649429263728846,0.013333333333333341,0.0,0.002380384599456775,0.0,4.963978065835587e-6,0.0007429420505200594,0.006686478454680535
44728980,25,0,3,3,0,3,3,0,0,0,0.0,3.0,3.0,0.0,3.0,3.0,0.0,0.0,0.0,0.0,1.0,0.0,1.0,0,0,1,0.0,4.0,2.0,1,4,4,0.00013110742068001048,0.0,0.0,0.0,0.25,0.0,0.0,0.0,0.0,0.0,0.0,0.0,0.0,0.0006846821981864995,0.01333333333333334,0.0,0.000714301778791282,0.0,2.206212473704705e-6,0.0007429420505200594,0.0029717682020802376
867527992620089344,4,0,2,2,0,2,2,0,0,0,0.0,2.0,2.0,0.0,2.0,2.0,0.0,0.0,0.0,0.0,1.0,0.0,1.0,0,0,2,0.0,2.0,5.0,1,3,5,8.7404947120007e-5,0.0,0.0,0.0,0.3333333333333333,0.0,0.0,0.0,0.0,0.0,0.0,0.0,0.0,0.0008206135178781429,0.013333333333333317,0.0,0.00037445882353370763,0.0,2.757765592130881e-6,0.0007429420505200594,0.002228826151560178
125519902,1,0,1,1,0,1,1,0,0,0,0.0,1.0,1.0,0.0,1.0,1.0,0.0,0.0,0.0,0.0,1.0,0.0,1.0,0,0,1,0.0,1.0,1.0,1,2,8,4.37024735600035e-5,0.0,0.0,0.0,0.5,0.0,0.0,0.0,0.0,0.0,0.0,0.0,0.0,0.0008206135178781429,0.01333333333333333,0.0,0.00018236836883023244,0.0,4.41242494740941e-6,0.0007429420505200594,0.0014858841010401188
883172101309386752,16,0,7,7,0,7,7,0,0,0,0.0,8.0,8.0,0.0,8.0,8.0,0.0,0.0,0.0,0.0,1.0,0.0,1.0,0,0,2,0.0,9.0,8.0,1,8,10,0.000349619788480028,0.0,0.0,0.0,0.125,0.0,0.0,0.0,0.0,0.0,0.0,0.0,0.0,0.0007012340761362472,0.013333333333333341,0.0,0.0016323778456622806,0.0,5.515531184261762e-6,0.0007429420505200594,0.005943536404160475
2635320355,26,0,5,5,0,5,5,0,0,0,0.0,5.0,5.0,0.0,5.0,5.0,0.0,0.0,0.0,0.0,1.0,0.0,1.0,0,0,1,0.0,6.0,2.0,1,6,6,0.0002185123678000175,0.0,0.0,0.0,0.16666666666666666,0.0,0.0,0.0,0.0,0.0,0.0,0.0,0.0,0.0007300687592312849,0.013333333333333338,0.0,0.001190417495487539,0.0,3.3093187105570577e-6,0.0007429420505200594,0.004457652303120356
461853598,40,0,1,1,0,1,1,0,0,0,0.0,1.0,1.0,0.0,1.0,1.0,0.0,0.0,0.0,0.0,1.0,0.0,1.0,0,0,1,0.0,1.0,1.0,1,2,2,4.37024735600035e-5,0.0,0.0,0.0,0.5,0.0,0.0,0.0,0.0,0.0,0.0,0.0,0.0,0.0005856716231065831,0.01333333333333334,0.0,0.0002381171644837421,0.0,1.1031062368523526e-6,0.0007429420505200594,0.0014858841010401188
55118669,41,0,1,1,0,1,1,0,0,0,0.0,1.0,1.0,0.0,1.0,1.0,0.0,0.0,0.0,0.0,1.0,0.0,1.0,0,0,1,0.0,1.0,1.0,1,2,2,4.37024735600035e-5,0.0,0.0,0.0,0.5,0.0,0.0,0.0,0.0,0.0,0.0,0.0,0.0,0.0005856716121539655,0.01333333333333334,0.0,0.0002381171644837421,0.0,1.1031062368523526e-6,0.0007429420505200594,0.0014858841010401188
2811559122,4,0,5,5,0,5,5,0,0,0,0.0,6.0,6.0,0.0,6.0,6.0,0.0,0.0,0.0,0.0,1.0,0.0,1.0,0,0,2,0.0,7.0,10.0,1,6,7,0.00026221484136002097,0.0,0.0,0.0,0.16666666666666666,0.0,0.0,0.0,0.0,0.0,0.0,0.0,0.0,0.0008206135178781429,0.013333333333333332,0.0,0.0011298820469568538,0.0,3.860871828983234e-6,0.0007429420505200594,0.004457652303120356
710249838,16,0,2,2,0,2,2,0,0,0,0.0,2.0,2.0,0.0,2.0,2.0,0.0,0.0,0.0,0.0,1.0,0.0,1.0,0,0,2,0.0,2.0,5.0,1,3,6,8.7404947120007e-5,0.0,0.0,0.0,0.3333333333333333,0.0,0.0,0.0,0.0,0.0,0.0,0.0,0.0,0.0007012340761362472,0.013333333333333341,0.0,0.00040465828771196755,0.0,3.3093187105570577e-6,0.0007429420505200594,0.002228826151560178
92174767,23,0,3,3,0,3,3,0,0,0,0.0,3.0,3.0,0.0,3.0,3.0,0.0,0.0,0.0,0.0,1.0,0.0,1.0,0,0,2,0.0,3.0,7.0,1,4,4,0.00013110742068001048,0.0,0.0,0.0,0.4166666666666667,0.2222222222222222,0.0,0.0,0.0,0.3333333333333333,0.3333333333333333,0.6666666666666666,0.0,0.0005476848222816712,0.01333333333333334,0.0,0.0007123303199703113,0.0,2.206212473704705e-6,0.0007429420505200594,0.0029717682020802376
1694120298,42,0,1,1,0,1,1,0,0,0,0.0,1.0,1.0,0.0,1.0,1.0,0.0,0.0,0.0,0.0,1.0,0.0,1.0,0,0,1,0.0,1.0,1.0,1,2,2,4.37024735600035e-5,0.0,0.0,0.0,0.5,0.0,0.0,0.0,0.0,0.0,0.0,0.0,0.0,0.0005856712457121392,0.01333333333333334,0.0,0.0002381171644837421,0.0,1.1031062368523526e-6,0.0007429420505200594,0.0014858841010401188
2785294014,27,0,40,40,0,26,26,0,14,14,0.0,40.0,40.0,0.0,26.0,26.0,0.0,14.0,14.0,0.0,0.65,0.0,0.65,0,0,5,0.0,15.0,24.0,1,59,70,0.00174809894240014,0.0,0.0,0.0,0.027439024390243903,0.003125,0.0,0.0,0.0,0.003205128205128205,0.003205128205128205,0.00641025641025641,0.0,0.0008206135178781429,0.013333333333333317,0.0,0.0,0.001007690848940257,3.860871828983234e-5,0.0007429420505200594,0.043833580980683504
1075939624076304384,28,0,1,1,0,1,1,0,0,0,0.0,2.0,2.0,0.0,2.0,2.0,0.0,0.0,0.0,0.0,1.0,0.0,1.0,0,0,1,0.0,2.0,5.0,1,2,2,8.7404947120007e-5,0.0,0.0,0.0,0.5,0.0,0.0,0.0,0.0,0.0,0.0,0.0,0.0,0.0005856716050435844,0.01333333333333334,0.0,0.0004762178876128731,0.0,1.1031062368523526e-6,0.0007429420505200594,0.0014858841010401188
1338994562090602497,29,0,124,124,0,110,110,0,14,14,0.0,125.0,125.0,0.0,111.0,111.0,0.0,14.0,14.0,0.0,0.8870967741935484,0.0,0.888,0,0,5,0.0,23.0,23.0,1,125,143,0.005462809195000437,0.0,0.0,0.0,0.008,0.0,0.0,0.0,0.0,0.0,0.0,0.0,0.0,0.0008206135178781429,0.013333333333333267,0.0,0.021298606335076298,0.0,7.88720959349432e-5,0.0007429420505200594,0.09286775631500743
82306946,30,0,2,2,0,2,2,0,0,0,0.0,2.0,2.0,0.0,2.0,2.0,0.0,0.0,0.0,0.0,1.0,0.0,1.0,0,0,1,0.0,2.0,2.0,1,3,3,8.7404947120007e-5,0.0,0.0,0.0,0.3333333333333333,0.0,0.0,0.0,0.0,0.0,0.0,0.0,0.0,0.0006461088721661854,0.01333333333333334,0.0,0.0004762178876128731,0.0,1.6546593552785288e-6,0.0007429420505200594,0.002228826151560178
2590721768,29,0,2,2,0,2,2,0,0,0,0.0,2.0,2.0,0.0,2.0,2.0,0.0,0.0,0.0,0.0,1.0,0.0,1.0,0,0,1,0.0,2.0,3.0,1,3,4,8.7404947120007e-5,0.0,0.0,0.0,0.3333333333333333,0.0,0.0,0.0,0.0,0.0,0.0,0.0,0.0,0.0008206135178781429,0.01333333333333333,0.0,0.00039645191157655635,0.0,2.206212473704705e-6,0.0007429420505200594,0.002228826151560178
16479017,43,0,1,1,0,1,1,0,0,0,0.0,1.0,1.0,0.0,1.0,1.0,0.0,0.0,0.0,0.0,1.0,0.0,1.0,0,0,1,0.0,1.0,1.0,1,2,2,4.37024735600035e-5,0.0,0.0,0.0,0.5,0.0,0.0,0.0,0.0,0.0,0.0,0.0,0.0,0.0005856716646727365,0.01333333333333334,0.0,0.0002381171644837421,0.0,1.1031062368523526e-6,0.0007429420505200594,0.0014858841010401188
2849014422,31,1,1,1,1,1,1,0,0,0,1.0,1.0,1.0,1.0,1.0,1.0,0.0,0.0,0.0,1.0,1.0,1.0,1.0,0,0,0,1.0,1.0,5.0,1,1,1,0.0,0.0,0.9999999999,0.9999999999,0.0,0.0,0.0,0.0,0.0,0.0,0.0,0.0,0.0,0.0008481764206955039,0.0,0.0,0.0002381171644837421,0.0,5.515531184261763e-7,0.0007429420505200594,0.0007429420505200594
846078295,32,1,1,1,1,1,1,0,0,0,1.0,1.0,1.0,1.0,1.0,1.0,0.0,0.0,0.0,1.0,1.0,1.0,1.0,0,0,0,1.0,1.0,5.0,1,1,1,0.0,0.0,0.9999999999,0.9999999999,0.0,0.0,0.0,0.0,0.0,0.0,0.0,0.0,0.0,0.0008481764206955039,0.0,0.0,0.0002381171644837421,0.0,5.515531184261763e-7,0.0007429420505200594,0.0007429420505200594
1320190957296492547,44,0,2,2,0,2,2,0,0,0,0.0,2.0,2.0,0.0,2.0,2.0,0.0,0.0,0.0,0.0,1.0,0.0,1.0,0,0,1,0.0,2.0,2.0,1,3,3,8.7404947120007e-5,0.0,0.0,0.0,0.3333333333333333,0.0,0.0,0.0,0.0,0.0,0.0,0.0,0.0,0.000646108894267628,0.01333333333333334,0.0,0.0004762178876128731,0.0,1.6546593552785288e-6,0.0007429420505200594,0.002228826151560178
268016211,8,0,4,4,0,2,2,0,2,2,0.0,4.0,4.0,0.0,2.0,2.0,0.0,2.0,2.0,0.0,0.5,0.0,0.5,0,0,2,0.0,5.0,10.0,1,74,79,0.000174809894240014,0.0,0.0,0.0,0.2,0.0,0.0,0.0,0.0,0.0,0.0,0.0,0.0,0.0008206135178781429,0.013333333333333315,0.0,0.0,0.00037602465119701556,4.357269635566793e-5,0.0007429420505200594,0.0549777117384844
4749974413,33,0,2,2,0,2,2,0,0,0,0.0,2.0,2.0,0.0,2.0,2.0,0.0,0.0,0.0,0.0,1.0,0.0,1.0,0,0,1,0.0,2.0,2.0,1,3,3,8.7404947120007e-5,0.0,0.0,0.0,0.3333333333333333,0.0,0.0,0.0,0.0,0.0,0.0,0.0,0.0,0.0006461088760866672,0.01333333333333334,0.0,0.0004762178876128731,0.0,1.6546593552785288e-6,0.0007429420505200594,0.002228826151560178
1410037232937803777,34,0,8,8,0,8,8,0,0,0,0.0,8.0,8.0,0.0,8.0,8.0,0.0,0.0,0.0,0.0,1.0,0.0,1.0,0,0,1,0.0,9.0,2.0,1,9,9,0.000349619788480028,0.0,0.0,0.0,0.1111111111111111,0.0,0.0,0.0,0.0,0.0,0.0,0.0,0.0,0.00076484740314769,0.013333333333333341,0.0,0.001904454980410475,0.0,4.963978065835587e-6,0.0007429420505200594,0.006686478454680535
1124877633206931456,3,8,0,8,1,0,1,7,0,7,22.0,0.0,22.0,11.0,0.0,11.0,11.0,0.0,11.0,0.125,0.0,0.5,0.0,0,0,5,18.0,0.0,40.0,11,1,653,0.0,0.000961454418320077,0.0,0.0,0.16666666666666666,0.0625,0.0,0.0,0.12987012987012986,0.0,0.12987012987012986,0.2597402597402597,0.0,0.0009741375932387928,0.0,0.0008992805755395682,0.0,0.004755248397695144,0.00036016418633229313,0.008172362555720654,0.0007429420505200594
1448413205538148357,1,9,0,9,2,0,2,7,0,7,14.0,0.0,14.0,4.0,0.0,4.0,10.0,0.0,10.0,0.2222222222222222,0.0,0.2857142857142857,0.0,0,0,5,19.0,0.0,27.0,11,1,753,0.0,0.0006118346298400489,0.0,0.0,0.13333333333333333,0.037037037037037035,0.0,0.0,0.05357142857142857,0.0,0.05357142857142857,0.10714285714285714,0.0,0.000968855655250175,0.0,0.000899280575539569,0.0,0.003858851414939135,0.0004153194981749107,0.008172362555720654,0.0007429420505200594
1162944823457792003,3,8,0,8,1,0,1,7,0,7,17.0,0.0,17.0,8.0,0.0,8.0,9.0,0.0,9.0,0.125,0.0,0.47058823529411764,0.0,0,0,5,16.0,0.0,32.0,13,1,614,0.0,0.0007429420505200594,0.0,0.0,0.1527777777777778,0.046875,0.0,0.0,0.11764705882352941,0.0,0.11764705882352941,0.23529411764705882,0.0,0.001191287258822323,0.0,0.000899280575539568,0.0,0.0033037406326179575,0.00033865361471367223,0.009658246656760773,0.0007429420505200594
1486097077,3,4,0,4,1,0,1,3,0,3,9.0,0.0,9.0,5.0,0.0,5.0,4.0,0.0,4.0,0.25,0.0,0.5555555555555556,0.0,0,0,4,11.0,0.0,24.0,7,1,565,0.0,0.0003933222620400315,0.0,0.0,0.2,0.0,0.0,0.0,0.0,0.0,0.0,0.0,0.0,0.0008614654741966814,0.0,0.0008992805755395679,0.0,0.002047178168477326,0.0003116275119107896,0.005200594353640416,0.0007429420505200594
971726979668918273,1,2,0,2,2,0,2,0,0,0,2.0,0.0,2.0,2.0,0.0,2.0,0.0,0.0,0.0,1.0,0.0,1.0,0.0,0,0,2,3.0,0.0,5.0,3,1,105,0.0,8.7404947120007e-5,0.0,0.0,0.3333333333333333,0.0,0.0,0.0,0.0,0.0,0.0,0.0,0.0,0.0008434271253468615,0.0,0.0008992805755395708,0.0,0.00024837777055763954,5.7913077434748507e-5,0.002228826151560178,0.0007429420505200594
147012730,8,4,0,4,1,0,1,3,0,3,7.0,0.0,7.0,2.0,0.0,2.0,5.0,0.0,5.0,0.25,0.0,0.2857142857142857,0.0,0,0,4,9.0,0.0,22.0,7,1,504,0.0,0.00030591731492002447,0.0,0.0,0.3,0.125,0.0,0.0,0.21428571428571427,0.0,0.21428571428571427,0.42857142857142855,0.0,0.0008729060490447213,0.0,0.0008992805755395687,0.0,0.001176359288562523,0.00027798277168679283,0.005200594353640416,0.0007429420505200594
378280914,1,6,0,6,2,0,2,4,0,4,13.0,0.0,13.0,4.0,0.0,4.0,9.0,0.0,9.0,0.3333333333333333,0.0,0.3076923076923077,0.0,0,0,5,14.0,0.0,27.0,11,1,606,0.0,0.0005681321562800455,0.0,0.0,0.21428571428571427,0.08333333333333333,0.0,0.0,0.16923076923076924,0.0,0.16923076923076924,0.3384615384615385,0.0,0.0009384607636223198,0.0,0.000899280575539568,0.0,0.0023084587091676267,0.0003342411897662628,0.008172362555720654,0.0007429420505200594
205474999,27,5,0,5,2,0,2,3,0,3,6.0,0.0,6.0,3.0,0.0,3.0,3.0,0.0,3.0,0.4,0.0,0.5,0.0,0,0,3,15.0,0.0,14.0,6,1,284,0.0,0.00026221484136002097,0.0,0.0,0.16666666666666666,0.0,0.0,0.0,0.0,0.0,0.0,0.0,0.0,0.0011932882107944824,0.0,0.0008992805755395695,0.0,0.00039705814088297764,0.00015664108563303406,0.004457652303120356,0.0007429420505200594
1415568543970627584,1,7,0,7,3,0,3,4,0,4,13.0,0.0,13.0,7.0,0.0,7.0,6.0,0.0,6.0,0.42857142857142855,0.0,0.5384615384615384,0.0,0,0,5,18.0,0.0,27.0,11,1,563,0.0,0.0005681321562800455,0.0,0.0,0.17857142857142858,0.061224489795918366,0.0,0.0,0.07051282051282051,0.0,0.07051282051282051,0.14102564102564102,0.0,0.0019810316499117974,0.0,0.00089928057553957,0.0,0.002279452386224845,0.0003105244056739372,0.008172362555720654,0.0007429420505200594
1347911851351404544,1,3,0,3,1,0,1,2,0,2,8.0,0.0,8.0,3.0,0.0,3.0,5.0,0.0,5.0,0.3333333333333333,0.0,0.375,0.0,0,0,3,14.0,0.0,23.0,6,1,520,0.0,0.000349619788480028,0.0,0.0,0.25,0.0,0.0,0.0,0.0,0.0,0.0,0.0,0.0,0.0008761956159179581,0.0,0.0008992805755395679,0.0,0.0013668130495493314,0.0002868076215816117,0.004457652303120356,0.0007429420505200594
1086159045604577280,3,7,0,7,1,0,1,6,0,6,19.0,0.0,19.0,10.0,0.0,10.0,9.0,0.0,9.0,0.14285714285714285,0.0,0.5263157894736842,0.0,0,0,5,17.0,0.0,35.0,10,1,656,0.0,0.0008303469976400664,0.0,0.0,0.16071428571428573,0.04081632653061224,0.0,0.0,0.09649122807017543,0.0,0.09649122807017543,0.19298245614035087,0.0,0.0009296627180873551,0.0,0.0008992805755395681,0.0,0.00417468621943673,0.00036181884568757165,0.007429420505200594,0.0007429420505200594
531753891,1,2,0,2,2,0,2,0,0,0,2.0,0.0,2.0,2.0,0.0,2.0,0.0,0.0,0.0,1.0,0.0,1.0,0.0,0,0,2,3.0,0.0,5.0,3,1,105,0.0,8.7404947120007e-5,0.0,0.0,0.3333333333333333,0.0,0.0,0.0,0.0,0.0,0.0,0.0,0.0,0.0008434271253468615,0.0,0.0008992805755395708,0.0,0.00024837777055763954,5.7913077434748507e-5,0.002228826151560178,0.0007429420505200594
754661367651504128,1,3,0,3,2,0,2,1,0,1,5.0,0.0,5.0,4.0,0.0,4.0,1.0,0.0,1.0,0.6666666666666666,0.0,0.8,0.0,0,0,3,14.0,0.0,17.0,4,1,175,0.0,0.0002185123678000175,0.0,0.0,0.25,0.0,0.0,0.0,0.0,0.0,0.0,0.0,0.0,0.0008742807445893889,0.0,0.000899280575539571,0.0,0.0007961621640825145,9.652179572458085e-5,0.0029717682020802376,0.0007429420505200594
406250308,1,3,0,3,1,0,1,2,0,2,4.0,0.0,4.0,2.0,0.0,2.0,2.0,0.0,2.0,0.3333333333333333,0.0,0.5,0.0,0,0,3,11.0,0.0,14.0,4,1,94,0.0,0.000174809894240014,0.0,0.0,0.25,0.0,0.0,0.0,0.0,0.0,0.0,0.0,0.0,0.0009144749773629449,0.0,0.0008992805755395705,0.0,0.00022604699572981168,5.184599313206057e-5,0.0029717682020802376,0.0007429420505200594
1170689281142272001,1,4,0,4,1,0,1,3,0,3,4.0,0.0,4.0,1.0,0.0,1.0,3.0,0.0,3.0,0.25,0.0,0.25,0.0,0,0,4,9.0,0.0,14.0,8,1,557,0.0,0.000174809894240014,0.0,0.0,0.25,0.0625,0.0,0.0,0.08333333333333333,0.0,0.08333333333333333,0.16666666666666666,0.0,0.0008539480598115181,0.0,0.0008992805755395687,0.0,0.00037602465119701556,0.0003072150869633802,0.005943536404160475,0.0007429420505200594
1269979163726938114,3,8,0,8,1,0,1,7,0,7,27.0,0.0,27.0,16.0,0.0,16.0,11.0,0.0,11.0,0.125,0.0,0.5925925925925926,0.0,0,0,5,18.0,0.0,43.0,11,1,652,0.0,0.0011799667861200943,0.0,0.0,0.1388888888888889,0.03125,0.0,0.0,0.09523809523809523,0.0,0.09523809523809523,0.19047619047619047,0.0,0.000997718541200281,0.0,0.0008992805755395677,0.0,0.005072713786514527,0.0003596126332138669,0.008172362555720654,0.0007429420505200594
1263327376005451776,1,1,0,1,1,0,1,0,0,0,1.0,0.0,1.0,1.0,0.0,1.0,0.0,0.0,0.0,1.0,0.0,1.0,0.0,0,0,1,1.0,0.0,1.0,2,1,43,0.0,4.37024735600035e-5,0.0,0.0,0.5,0.0,0.0,0.0,0.0,0.0,0.0,0.0,0.0,0.0008345131992498123,0.0,0.0008992805755395701,0.00018236836883023244,0.0,2.371678409232558e-5,0.0014858841010401188,0.0007429420505200594
1447182320616812544,1,5,0,5,1,0,1,4,0,4,6.0,0.0,6.0,2.0,0.0,2.0,4.0,0.0,4.0,0.2,0.0,0.3333333333333333,0.0,0,0,5,11.0,0.0,19.0,8,1,500,0.0,0.00026221484136002097,0.0,0.0,0.23333333333333334,0.08,0.0,0.0,0.08333333333333333,0.0,0.08333333333333333,0.16666666666666666,0.0,0.0009286529071494679,0.0,0.0008992805755395697,0.0,8.361485750341124e-6,0.00027577655921308815,0.005943536404160475,0.0007429420505200594
1945463636,1,3,0,3,1,0,1,2,0,2,3.0,0.0,3.0,1.0,0.0,1.0,2.0,0.0,2.0,0.3333333333333333,0.0,0.3333333333333333,0.0,0,0,3,8.0,0.0,10.0,7,1,476,0.0,0.00013110742068001048,0.0,0.0,0.3333333333333333,0.1111111111111111,0.0,0.0,0.16666666666666666,0.0,0.16666666666666666,0.3333333333333333,0.0,0.0008486911290363355,0.0,0.000899280575539569,0.0,6.547179300242512e-5,0.0002625392843708599,0.005200594353640416,0.0007429420505200594
1287435194316677121,3,4,0,4,1,0,1,3,0,3,14.0,0.0,14.0,9.0,0.0,9.0,5.0,0.0,5.0,0.25,0.0,0.6428571428571429,0.0,0,0,4,14.0,0.0,30.0,7,1,631,0.0,0.0006118346298400489,0.0,0.0,0.2,0.0,0.0,0.0,0.0,0.0,0.0,0.0,0.0,0.000866952218306112,0.0,0.0008992805755395667,0.0,0.0027619474354169116,0.00034803001772691725,0.005200594353640416,0.0007429420505200594
1425636844205641733,27,3,0,3,1,0,1,2,0,2,3.0,0.0,3.0,1.0,0.0,1.0,2.0,0.0,2.0,0.3333333333333333,0.0,0.3333333333333333,0.0,0,0,3,10.0,0.0,10.0,4,1,151,0.0,0.00013110742068001048,0.0,0.0,0.25,0.0,0.0,0.0,0.0,0.0,0.0,0.0,0.0,0.000863055241046834,0.0,0.0008992805755395708,0.0,0.0004386319829647878,8.328452088235262e-5,0.0029717682020802376,0.0007429420505200594
1429468650826784779,1,2,0,2,1,0,1,1,0,1,2.0,0.0,2.0,1.0,0.0,1.0,1.0,0.0,1.0,0.5,0.0,0.5,0.0,0,0,2,3.0,0.0,5.0,3,1,159,0.0,8.7404947120007e-5,0.0,0.0,0.3333333333333333,0.0,0.0,0.0,0.0,0.0,0.0,0.0,0.0,0.0008397701300249953,0.0,0.000899280575539569,0.0,0.0001279902326509763,8.769694582976203e-5,0.002228826151560178,0.0007429420505200594
918912528461258753,1,1,0,1,1,0,1,0,0,0,1.0,0.0,1.0,1.0,0.0,1.0,0.0,0.0,0.0,1.0,0.0,1.0,0.0,0,0,1,1.0,0.0,1.0,2,1,43,0.0,4.37024735600035e-5,0.0,0.0,0.5,0.0,0.0,0.0,0.0,0.0,0.0,0.0,0.0,0.0008345131992498123,0.0,0.0008992805755395701,0.00018236836883023244,0.0,2.371678409232558e-5,0.0014858841010401188,0.0007429420505200594
1508751607823237125,3,5,0,5,1,0,1,4,0,4,15.0,0.0,15.0,9.0,0.0,9.0,6.0,0.0,6.0,0.2,0.0,0.6,0.0,0,0,4,11.0,0.0,29.0,10,1,496,0.0,0.0006555371034000524,0.0,0.0,0.23333333333333334,0.08,0.0,0.0,0.16666666666666666,0.0,0.16666666666666666,0.3333333333333333,0.0,0.0010623411872630857,0.0,0.0008992805755395676,0.0,0.0031853293876347166,0.0002735703467393834,0.007429420505200594,0.0007429420505200594
108408303,1,1,0,1,1,0,1,0,0,0,1.0,0.0,1.0,1.0,0.0,1.0,0.0,0.0,0.0,1.0,0.0,1.0,0.0,0,0,1,1.0,0.0,1.0,2,1,43,0.0,4.37024735600035e-5,0.0,0.0,0.5,0.0,0.0,0.0,0.0,0.0,0.0,0.0,0.0,0.0008345131992498123,0.0,0.0008992805755395701,0.00018236836883023244,0.0,2.371678409232558e-5,0.0014858841010401188,0.0007429420505200594
1172106776646279168,3,4,0,4,1,0,1,3,0,3,8.0,0.0,8.0,5.0,0.0,5.0,3.0,0.0,3.0,0.25,0.0,0.625,0.0,0,0,4,10.0,0.0,23.0,6,1,513,0.0,0.000349619788480028,0.0,0.0,0.25,0.0625,0.0,0.0,0.125,0.0,0.125,0.25,0.0,0.0008570824577447388,0.0,0.0008992805755395679,0.0,0.0012508748408862624,0.00028294674975262843,0.004457652303120356,0.0007429420505200594
1394060181206614019,1,1,0,1,1,0,1,0,0,0,1.0,0.0,1.0,1.0,0.0,1.0,0.0,0.0,0.0,1.0,0.0,1.0,0.0,0,0,1,1.0,0.0,1.0,2,1,43,0.0,4.37024735600035e-5,0.0,0.0,0.5,0.0,0.0,0.0,0.0,0.0,0.0,0.0,0.0,0.0008345131992498123,0.0,0.0008992805755395701,0.00018236836883023244,0.0,2.371678409232558e-5,0.0014858841010401188,0.0007429420505200594
858042162860183552,2,4,0,4,2,0,2,2,0,2,5.0,0.0,5.0,2.0,0.0,2.0,3.0,0.0,3.0,0.5,0.0,0.4,0.0,0,0,4,10.0,0.0,17.0,9,1,494,0.0,0.0002185123678000175,0.0,0.0,0.3,0.125,0.0,0.0,0.16666666666666666,0.0,0.16666666666666666,0.3333333333333333,0.0,0.0008769707120528079,0.0,0.0008992805755395685,0.0,0.001052878892991771,0.00027246724050253106,0.006686478454680535,0.0007429420505200594
71032085,1,2,0,2,1,0,1,1,0,1,4.0,0.0,4.0,2.0,0.0,2.0,2.0,0.0,2.0,0.5,0.0,0.5,0.0,0,0,2,9.0,0.0,14.0,5,1,438,0.0,0.000174809894240014,0.0,0.0,0.3333333333333333,0.0,0.0,0.0,0.0,0.0,0.0,0.0,0.0,0.0008506590088711094,0.0,0.0008992805755395679,0.0,0.0004965659027950098,0.0002415802658706652,0.003714710252600297,0.0007429420505200594
1497516918382628867,3,2,0,2,1,0,1,1,0,1,3.0,0.0,3.0,2.0,0.0,2.0,1.0,0.0,1.0,0.5,0.0,0.6666666666666666,0.0,0,0,2,8.0,0.0,10.0,5,1,438,0.0,0.00013110742068001048,0.0,0.0,0.3333333333333333,0.0,0.0,0.0,0.0,0.0,0.0,0.0,0.0,0.0008367593274994399,0.0,0.0008992805755395671,0.0,0.0005626079923645166,0.0002415802658706652,0.003714710252600297,0.0007429420505200594
1463109054880837640,22,2,0,2,1,0,1,1,0,1,3.0,0.0,3.0,2.0,0.0,2.0,1.0,0.0,1.0,0.5,0.0,0.6666666666666666,0.0,0,0,2,10.0,0.0,10.0,3,1,52,0.0,0.00013110742068001048,0.0,0.0,0.3333333333333333,0.0,0.0,0.0,0.0,0.0,0.0,0.0,0.0,0.0009516676565253131,0.0,0.0008992805755395714,0.00012288466852061752,0.0,2.8680762158161168e-5,0.002228826151560178,0.0007429420505200594
1028438369234309120,1,3,0,3,1,0,1,2,0,2,3.0,0.0,3.0,1.0,0.0,1.0,2.0,0.0,2.0,0.3333333333333333,0.0,0.3333333333333333,0.0,0,0,3,9.0,0.0,10.0,6,1,472,0.0,0.00013110742068001048,0.0,0.0,0.25,0.0,0.0,0.0,0.0,0.0,0.0,0.0,0.0,0.0008484500321391341,0.0,0.000899280575539569,0.0,0.0005424621475373925,0.0002603330718971552,0.004457652303120356,0.0007429420505200594
731886457799999488,3,3,0,3,1,0,1,2,0,2,5.0,0.0,5.0,3.0,0.0,3.0,2.0,0.0,2.0,0.3333333333333333,0.0,0.6,0.0,0,0,3,9.0,0.0,17.0,9,1,449,0.0,0.0002185123678000175,0.0,0.0,0.3333333333333333,0.1111111111111111,0.0,0.0,0.2,0.0,0.2,0.4,0.0,0.0008700537644038128,0.0,0.0008992805755395675,0.0,0.0006942820633257796,0.00024764735017335313,0.006686478454680535,0.0007429420505200594
1246124670312681479,1,2,0,2,1,0,1,1,0,1,2.0,0.0,2.0,1.0,0.0,1.0,1.0,0.0,1.0,0.5,0.0,0.5,0.0,0,0,2,3.0,0.0,5.0,3,1,90,0.0,8.7404947120007e-5,0.0,0.0,0.3333333333333333,0.0,0.0,0.0,0.0,0.0,0.0,0.0,0.0,0.0008473269680143203,0.0,0.0008992805755395707,0.0,0.00011141335285747012,4.963978065835587e-5,0.002228826151560178,0.0007429420505200594
308810129,1,1,0,1,1,0,1,0,0,0,1.0,0.0,1.0,1.0,0.0,1.0,0.0,0.0,0.0,1.0,0.0,1.0,0.0,0,0,1,1.0,0.0,1.0,2,1,43,0.0,4.37024735600035e-5,0.0,0.0,0.5,0.0,0.0,0.0,0.0,0.0,0.0,0.0,0.0,0.0008345131992498123,0.0,0.0008992805755395701,0.00018236836883023244,0.0,2.371678409232558e-5,0.0014858841010401188,0.0007429420505200594
1359329712980582401,1,1,0,1,1,0,1,0,0,0,1.0,0.0,1.0,1.0,0.0,1.0,0.0,0.0,0.0,1.0,0.0,1.0,0.0,0,0,1,1.0,0.0,1.0,2,1,43,0.0,4.37024735600035e-5,0.0,0.0,0.5,0.0,0.0,0.0,0.0,0.0,0.0,0.0,0.0,0.0008345131992498123,0.0,0.0008992805755395701,0.00018236836883023244,0.0,2.371678409232558e-5,0.0014858841010401188,0.0007429420505200594
1613910571,1,1,0,1,1,0,1,0,0,0,1.0,0.0,1.0,1.0,0.0,1.0,0.0,0.0,0.0,1.0,0.0,1.0,0.0,0,0,1,1.0,0.0,1.0,2,1,43,0.0,4.37024735600035e-5,0.0,0.0,0.5,0.0,0.0,0.0,0.0,0.0,0.0,0.0,0.0,0.0008345131992498123,0.0,0.0008992805755395701,0.00018236836883023244,0.0,2.371678409232558e-5,0.0014858841010401188,0.0007429420505200594
1493820130228195331,7,4,0,4,1,0,1,3,0,3,4.0,0.0,4.0,1.0,0.0,1.0,3.0,0.0,3.0,0.25,0.0,0.25,0.0,0,0,3,10.0,0.0,14.0,7,1,489,0.0,0.000174809894240014,0.0,0.0,0.2,0.0,0.0,0.0,0.0,0.0,0.0,0.0,0.0,0.0009256843952412855,0.0,0.0008992805755395696,0.0,0.00036475988211859267,0.0002697094749104002,0.005200594353640416,0.0007429420505200594
76615174,1,1,0,1,1,0,1,0,0,0,1.0,0.0,1.0,1.0,0.0,1.0,0.0,0.0,0.0,1.0,0.0,1.0,0.0,0,0,1,1.0,0.0,1.0,2,1,43,0.0,4.37024735600035e-5,0.0,0.0,0.5,0.0,0.0,0.0,0.0,0.0,0.0,0.0,0.0,0.0008345131992498123,0.0,0.0008992805755395701,0.00018236836883023244,0.0,2.371678409232558e-5,0.0014858841010401188,0.0007429420505200594
1511802440781291521,1,1,0,1,1,0,1,0,0,0,1.0,0.0,1.0,1.0,0.0,1.0,0.0,0.0,0.0,1.0,0.0,1.0,0.0,0,0,1,1.0,0.0,1.0,2,1,43,0.0,4.37024735600035e-5,0.0,0.0,0.5,0.0,0.0,0.0,0.0,0.0,0.0,0.0,0.0,0.0008345131992498123,0.0,0.0008992805755395701,0.00018236836883023244,0.0,2.371678409232558e-5,0.0014858841010401188,0.0007429420505200594
1123237556496228354,1,1,0,1,1,0,1,0,0,0,1.0,0.0,1.0,1.0,0.0,1.0,0.0,0.0,0.0,1.0,0.0,1.0,0.0,0,0,1,1.0,0.0,1.0,2,1,43,0.0,4.37024735600035e-5,0.0,0.0,0.5,0.0,0.0,0.0,0.0,0.0,0.0,0.0,0.0,0.0008345131992498123,0.0,0.0008992805755395701,0.00018236836883023244,0.0,2.371678409232558e-5,0.0014858841010401188,0.0007429420505200594
1323090359581200385,1,2,0,2,1,0,1,1,0,1,2.0,0.0,2.0,1.0,0.0,1.0,1.0,0.0,1.0,0.5,0.0,0.5,0.0,0,0,2,3.0,0.0,5.0,5,1,105,0.0,8.7404947120007e-5,0.0,0.0,0.3333333333333333,0.0,0.0,0.0,0.0,0.0,0.0,0.0,0.0,0.0008475680649115219,0.0,0.0008992805755395707,0.0003652676822619716,0.0,5.7913077434748507e-5,0.003714710252600297,0.0007429420505200594
1163719671117303808,2,5,0,5,2,0,2,3,0,3,12.0,0.0,12.0,4.0,0.0,4.0,8.0,0.0,8.0,0.4,0.0,0.3333333333333333,0.0,0,0,5,14.0,0.0,27.0,8,1,570,0.0,0.0005244296827200419,0.0,0.0,0.3,0.16,0.0,0.0,0.1875,0.0,0.1875,0.375,0.0,0.0009376674991825256,0.0,0.000899280575539568,0.0,0.0026215246667059544,0.00031438527750292047,0.005943536404160475,0.0007429420505200594
1241977585673752576,3,5,0,5,1,0,1,4,0,4,10.0,0.0,10.0,6.0,0.0,6.0,4.0,0.0,4.0,0.2,0.0,0.6,0.0,0,0,5,11.0,0.0,25.0,9,1,573,0.0,0.000437024735600035,0.0,0.0,0.26666666666666666,0.12,0.0,0.0,0.2,0.0,0.2,0.4,0.0,0.0008865079010433237,0.0,0.0008992805755395675,0.0,0.0013810700366276851,0.000316039936858199,0.006686478454680535,0.0007429420505200594
1258464081041858567,27,5,0,5,1,0,1,4,0,4,7.0,0.0,7.0,2.0,0.0,2.0,5.0,0.0,5.0,0.2,0.0,0.2857142857142857,0.0,0,0,5,11.0,0.0,22.0,10,1,579,0.0,0.00030591731492002447,0.0,0.0,0.3,0.16,0.0,0.0,0.21428571428571427,0.0,0.21428571428571427,0.42857142857142855,0.0,0.0008875136722164532,0.0,0.0008992805755395685,0.0,0.0017016792019024507,0.00031934925556875607,0.007429420505200594,0.0007429420505200594
1331769324,3,3,0,3,1,0,1,2,0,2,6.0,0.0,6.0,4.0,0.0,4.0,2.0,0.0,2.0,0.3333333333333333,0.0,0.6666666666666666,0.0,0,0,3,9.0,0.0,19.0,8,1,475,0.0,0.00026221484136002097,0.0,0.0,0.4166666666666667,0.2222222222222222,0.0,0.0,0.2916666666666667,0.0,0.2916666666666667,0.5833333333333334,0.0,0.0008653171589307656,0.0,0.0008992805755395673,0.0,0.0007525532801151424,0.00026198773125243375,0.005943536404160475,0.0007429420505200594
2308345490,3,5,0,5,1,0,1,4,0,4,13.0,0.0,13.0,8.0,0.0,8.0,5.0,0.0,5.0,0.2,0.0,0.6153846153846154,0.0,0,0,5,12.0,0.0,29.0,8,1,570,0.0,0.0005681321562800455,0.0,0.0,0.3,0.16,0.0,0.0,0.18269230769230768,0.0,0.18269230769230768,0.36538461538461536,0.0,0.0009277397490079749,0.0,0.0008992805755395672,0.0,0.001955771962212638,0.00031438527750292047,0.005943536404160475,0.0007429420505200594
3231463644,2,5,0,5,2,0,2,3,0,3,7.0,0.0,7.0,2.0,0.0,2.0,5.0,0.0,5.0,0.4,0.0,0.2857142857142857,0.0,0,0,5,10.0,0.0,22.0,10,1,541,0.0,0.00030591731492002447,0.0,0.0,0.3,0.16,0.0,0.0,0.25,0.0,0.25,0.5,0.0,0.0008861628865647106,0.0,0.0008992805755395688,0.0,0.001184922083554918,0.00029839023706856134,0.007429420505200594,0.0007429420505200594
1393536165857406982,2,5,0,5,2,0,2,3,0,3,7.0,0.0,7.0,2.0,0.0,2.0,5.0,0.0,5.0,0.4,0.0,0.2857142857142857,0.0,0,0,5,11.0,0.0,22.0,8,1,570,0.0,0.00030591731492002447,0.0,0.0,0.3,0.16,0.0,0.0,0.17857142857142858,0.0,0.17857142857142858,0.35714285714285715,0.0,0.0008899530556043475,0.0,0.0008992805755395682,0.0,0.0015589980224206546,0.00031438527750292047,0.005943536404160475,0.0007429420505200594
2952411097,3,7,0,7,1,0,1,6,0,6,17.0,0.0,17.0,10.0,0.0,10.0,7.0,0.0,7.0,0.14285714285714285,0.0,0.5882352941176471,0.0,0,0,5,13.0,0.0,36.0,10,1,634,0.0,0.0007429420505200594,0.0,0.0,0.23214285714285715,0.12244897959183673,0.0,0.0,0.19607843137254902,0.0,0.19607843137254902,0.39215686274509803,0.0,0.0009328381618985108,0.0,0.0008992805755395676,0.0,0.0029578790501917362,0.00034968467708219577,0.007429420505200594,0.0007429420505200594
20422178,8,5,0,5,1,0,1,4,0,4,7.0,0.0,7.0,1.0,0.0,1.0,6.0,0.0,6.0,0.2,0.0,0.14285714285714285,0.0,0,0,5,11.0,0.0,21.0,9,1,562,0.0,0.00030591731492002447,0.0,0.0,0.26666666666666666,0.12,0.0,0.0,0.14285714285714285,0.0,0.14285714285714285,0.2857142857142857,0.0,0.000915011092299385,0.0,0.0008992805755395681,0.0,0.0015552870197754753,0.00030997285255551104,0.006686478454680535,0.0007429420505200594
54549682,2,2,0,2,1,0,1,1,0,1,2.0,0.0,2.0,1.0,0.0,1.0,1.0,0.0,1.0,0.5,0.0,0.5,0.0,0,0,2,3.0,0.0,5.0,6,1,62,0.0,8.7404947120007e-5,0.0,0.0,0.5,0.25,0.0,0.0,0.5,0.0,0.5,1.0,0.0,0.0008732869206809148,0.0,0.00089928057553957,0.0,0.000259702569624487,3.4196293342422926e-5,0.004457652303120356,0.0007429420505200594
1226140092,2,1,0,1,1,0,1,0,0,0,1.0,0.0,1.0,1.0,0.0,1.0,0.0,0.0,0.0,1.0,0.0,1.0,0.0,0,0,1,1.0,0.0,1.0,6,1,28,0.0,4.37024735600035e-5,0.0,0.0,0.5,0.0,0.0,0.0,0.0,0.0,0.0,0.0,0.0,0.0008527848906577021,0.0,0.0008992805755395698,0.0,6.571377182795768e-5,1.5443487315932935e-5,0.004457652303120356,0.0007429420505200594
2947950695,2,2,0,2,1,0,1,1,0,1,2.0,0.0,2.0,1.0,0.0,1.0,1.0,0.0,1.0,0.5,0.0,0.5,0.0,0,0,2,3.0,0.0,5.0,7,1,150,0.0,8.7404947120007e-5,0.0,0.0,0.3333333333333333,0.0,0.0,0.0,0.0,0.0,0.0,0.0,0.0,0.0008593455402651302,0.0,0.0008992805755395689,0.0,0.00022498959857164547,8.273296776392644e-5,0.005200594353640416,0.0007429420505200594
841108085687123969,2,1,0,1,1,0,1,0,0,0,1.0,0.0,1.0,1.0,0.0,1.0,0.0,0.0,0.0,1.0,0.0,1.0,0.0,0,0,1,1.0,0.0,1.0,6,1,28,0.0,4.37024735600035e-5,0.0,0.0,0.5,0.0,0.0,0.0,0.0,0.0,0.0,0.0,0.0,0.0008527848906577021,0.0,0.0008992805755395698,0.0,6.571377182795768e-5,1.5443487315932935e-5,0.004457652303120356,0.0007429420505200594
1423114617325301763,2,1,0,1,1,0,1,0,0,0,1.0,0.0,1.0,1.0,0.0,1.0,0.0,0.0,0.0,1.0,0.0,1.0,0.0,0,0,1,1.0,0.0,1.0,6,1,28,0.0,4.37024735600035e-5,0.0,0.0,0.5,0.0,0.0,0.0,0.0,0.0,0.0,0.0,0.0,0.0008527848906577021,0.0,0.0008992805755395698,0.0,6.571377182795768e-5,1.5443487315932935e-5,0.004457652303120356,0.0007429420505200594
25702596,2,1,0,1,1,0,1,0,0,0,1.0,0.0,1.0,1.0,0.0,1.0,0.0,0.0,0.0,1.0,0.0,1.0,0.0,0,0,1,1.0,0.0,1.0,6,1,28,0.0,4.37024735600035e-5,0.0,0.0,0.5,0.0,0.0,0.0,0.0,0.0,0.0,0.0,0.0,0.0008527848906577021,0.0,0.0008992805755395698,0.0,6.571377182795768e-5,1.5443487315932935e-5,0.004457652303120356,0.0007429420505200594
826672360254169089,2,1,0,1,1,0,1,0,0,0,1.0,0.0,1.0,1.0,0.0,1.0,0.0,0.0,0.0,1.0,0.0,1.0,0.0,0,0,1,1.0,0.0,1.0,6,1,28,0.0,4.37024735600035e-5,0.0,0.0,0.5,0.0,0.0,0.0,0.0,0.0,0.0,0.0,0.0,0.0008527848906577021,0.0,0.0008992805755395698,0.0,6.571377182795768e-5,1.5443487315932935e-5,0.004457652303120356,0.0007429420505200594
1511649305710542849,2,1,0,1,1,0,1,0,0,0,1.0,0.0,1.0,1.0,0.0,1.0,0.0,0.0,0.0,1.0,0.0,1.0,0.0,0,0,1,1.0,0.0,1.0,6,1,28,0.0,4.37024735600035e-5,0.0,0.0,0.5,0.0,0.0,0.0,0.0,0.0,0.0,0.0,0.0,0.0008527848906577021,0.0,0.0008992805755395698,0.0,6.571377182795768e-5,1.5443487315932935e-5,0.004457652303120356,0.0007429420505200594
1434459020987752463,2,2,0,2,1,0,1,1,0,1,2.0,0.0,2.0,1.0,0.0,1.0,1.0,0.0,1.0,0.5,0.0,0.5,0.0,0,0,2,3.0,0.0,5.0,8,1,428,0.0,8.7404947120007e-5,0.0,0.0,0.5,0.25,0.0,0.0,0.5,0.0,0.5,1.0,0.0,0.0008539079547825158,0.0,0.0008992805755395677,0.0,0.00013138220145370028,0.00023606473468640345,0.005943536404160475,0.0007429420505200594
828033366712688640,2,2,0,2,1,0,1,1,0,1,2.0,0.0,2.0,1.0,0.0,1.0,1.0,0.0,1.0,0.5,0.0,0.5,0.0,0,0,2,3.0,0.0,5.0,5,1,465,0.0,8.7404947120007e-5,0.0,0.0,0.3333333333333333,0.0,0.0,0.0,0.0,0.0,0.0,0.0,0.0,0.0008297765937767654,0.0,0.0008992805755395687,0.0,0.00022597436370785928,0.000256472200068172,0.003714710252600297,0.0007429420505200594
389950297,7,9,0,9,2,0,2,7,0,7,26.0,0.0,26.0,5.0,0.0,5.0,21.0,0.0,21.0,0.2222222222222222,0.0,0.19230769230769232,0.0,0,0,5,21.0,0.0,38.0,11,1,701,0.0,0.001136264312560091,0.0,0.0,0.15555555555555556,0.06172839506172839,0.0,0.0,0.10096153846153846,0.0,0.10096153846153846,0.20192307692307693,0.0,0.0012513631938439302,0.0,0.000899280575539569,0.0,0.006801737142868913,0.0003866387360167496,0.008172362555720654,0.0007429420505200594
2188654916,2,4,0,4,1,0,1,3,0,3,5.0,0.0,5.0,2.0,0.0,2.0,3.0,0.0,3.0,0.25,0.0,0.4,0.0,0,0,3,11.0,0.0,14.0,6,1,498,0.0,0.0002185123678000175,0.0,0.0,0.25,0.0625,0.0,0.0,0.06666666666666667,0.0,0.06666666666666667,0.13333333333333333,0.0,0.001051750831879749,0.0,0.0008992805755395702,0.0,0.000253201721360119,0.0002746734529762358,0.004457652303120356,0.0007429420505200594
1441952749587894280,2,3,0,3,1,0,1,2,0,2,3.0,0.0,3.0,1.0,0.0,1.0,2.0,0.0,2.0,0.3333333333333333,0.0,0.3333333333333333,0.0,0,0,3,9.0,0.0,10.0,6,1,548,0.0,0.00013110742068001048,0.0,0.0,0.25,0.0,0.0,0.0,0.0,0.0,0.0,0.0,0.0,0.0008350335245519482,0.0,0.0008992805755395684,0.0,0.0005291548004957569,0.0003022511088975446,0.004457652303120356,0.0007429420505200594
19805682,3,3,0,3,1,0,1,2,0,2,9.0,0.0,9.0,7.0,0.0,7.0,2.0,0.0,2.0,0.3333333333333333,0.0,0.7777777777777778,0.0,0,0,3,8.0,0.0,24.0,6,1,487,0.0,0.0003933222620400315,0.0,0.0,0.4166666666666667,0.2222222222222222,0.0,0.0,0.4444444444444444,0.0,0.4444444444444444,0.8888888888888888,0.0,0.0008504437585105969,0.0,0.0008992805755395669,0.0,0.0009570778251651868,0.00026860636867354786,0.004457652303120356,0.0007429420505200594
302964768,3,2,0,2,1,0,1,1,0,1,4.0,0.0,4.0,3.0,0.0,3.0,1.0,0.0,1.0,0.5,0.0,0.75,0.0,0,0,2,8.0,0.0,14.0,5,1,465,0.0,0.000174809894240014,0.0,0.0,0.3333333333333333,0.0,0.0,0.0,0.0,0.0,0.0,0.0,0.0,0.0008320227220263927,0.0,0.0008992805755395672,0.0,0.0006209854143068849,0.000256472200068172,0.003714710252600297,0.0007429420505200594
1331181553834070017,1,4,0,4,1,0,1,3,0,3,13.0,0.0,13.0,4.0,0.0,4.0,9.0,0.0,9.0,0.25,0.0,0.3076923076923077,0.0,0,0,4,14.0,0.0,35.0,7,1,531,0.0,0.0005681321562800455,0.0,0.0,0.3,0.125,0.0,0.0,0.24358974358974358,0.0,0.24358974358974358,0.48717948717948717,0.0,0.0008852255485755527,0.0,0.0008992805755395683,0.0,0.0015799409899923678,0.0002928747058842996,0.005200594353640416,0.0007429420505200594
897099537751343104,27,2,0,2,1,0,1,1,0,1,3.0,0.0,3.0,1.0,0.0,1.0,2.0,0.0,2.0,0.5,0.0,0.3333333333333333,0.0,0,0,2,8.0,0.0,10.0,5,1,439,0.0,0.00013110742068001048,0.0,0.0,0.3333333333333333,0.0,0.0,0.0,0.0,0.0,0.0,0.0,0.0,0.0008433616761509828,0.0,0.0008992805755395673,0.0,0.0005663866217714419,0.0002421318189890914,0.003714710252600297,0.0007429420505200594
2363702751,3,4,0,4,1,0,1,3,0,3,13.0,0.0,13.0,9.0,0.0,9.0,4.0,0.0,4.0,0.25,0.0,0.6923076923076923,0.0,0,0,4,11.0,0.0,33.0,6,1,577,0.0,0.0005681321562800455,0.0,0.0,0.25,0.0625,0.0,0.0,0.1282051282051282,0.0,0.1282051282051282,0.2564102564102564,0.0,0.0008581888944226893,0.0,0.0008992805755395669,0.0,0.001955771962212638,0.0003182461493319037,0.004457652303120356,0.0007429420505200594
1170784150468476929,27,5,0,5,2,0,2,3,0,3,10.0,0.0,10.0,4.0,0.0,4.0,6.0,0.0,6.0,0.4,0.0,0.4,0.0,0,0,4,15.0,0.0,24.0,8,1,575,0.0,0.000437024735600035,0.0,0.0,0.16666666666666666,0.0,0.0,0.0,0.0,0.0,0.0,0.0,0.0,0.0009149786752182176,0.0,0.0008992805755395679,0.0,0.0016274904886981467,0.0003171430430950514,0.005943536404160475,0.0007429420505200594
1358535923072385024,27,3,0,3,2,0,2,1,0,1,5.0,0.0,5.0,3.0,0.0,3.0,2.0,0.0,2.0,0.6666666666666666,0.0,0.6,0.0,0,0,3,10.0,0.0,17.0,6,1,518,0.0,0.0002185123678000175,0.0,0.0,0.25,0.0,0.0,0.0,0.0,0.0,0.0,0.0,0.0,0.0008538755377013482,0.0,0.0008992805755395675,0.0,0.00034340820346268064,0.0002857045153447593,0.004457652303120356,0.0007429420505200594
1416453858566578185,2,6,0,6,1,0,1,5,0,5,11.0,0.0,11.0,2.0,0.0,2.0,9.0,0.0,9.0,0.16666666666666666,0.0,0.18181818181818182,0.0,0,0,5,15.0,0.0,25.0,9,1,627,0.0,0.0004807272091600385,0.0,0.0,0.19047619047619047,0.05555555555555555,0.0,0.0,0.09090909090909091,0.0,0.09090909090909091,0.18181818181818182,0.0,0.0008941704812573519,0.0,0.0008992805755395686,0.0,0.002938524783061225,0.0003458238052532125,0.006686478454680535,0.0007429420505200594
3114693488,3,5,0,5,1,0,1,4,0,4,23.0,0.0,23.0,16.0,0.0,16.0,7.0,0.0,7.0,0.2,0.0,0.6956521739130435,0.0,0,0,5,11.0,0.0,43.0,8,1,633,0.0,0.0010051568918800803,0.0,0.0,0.23333333333333334,0.08,0.0,0.0,0.1956521739130435,0.0,0.1956521739130435,0.391304347826087,0.0,0.0009188492540937829,0.0,0.0008992805755395672,0.0,0.0036918365739042613,0.0003491331239637696,0.005943536404160475,0.0007429420505200594
3660328812,3,1,0,1,1,0,1,0,0,0,5.0,0.0,5.0,5.0,0.0,5.0,0.0,0.0,0.0,1.0,0.0,1.0,0.0,0,0,1,7.0,0.0,17.0,4,1,417,0.0,0.0002185123678000175,0.0,0.0,0.5,0.0,0.0,0.0,0.0,0.0,0.0,0.0,0.0,0.0008262288385022114,0.0,0.0008992805755395658,0.0,0.00032811315669500907,0.0002299976503837155,0.0029717682020802376,0.0007429420505200594
2395685646,3,2,0,2,1,0,1,1,0,1,6.0,0.0,6.0,5.0,0.0,5.0,1.0,0.0,1.0,0.5,0.0,0.8333333333333334,0.0,0,0,2,8.0,0.0,17.0,5,1,420,0.0,0.00026221484136002097,0.0,0.0,0.3333333333333333,0.0,0.0,0.0,0.0,0.0,0.0,0.0,0.0,0.0010312491387343373,0.0,0.0008992805755395665,0.0,0.000760050396608758,0.00023165230973899403,0.003714710252600297,0.0007429420505200594
132397046,2,3,0,3,2,0,2,1,0,1,3.0,0.0,3.0,2.0,0.0,2.0,1.0,0.0,1.0,0.6666666666666666,0.0,0.6666666666666666,0.0,0,0,3,8.0,0.0,10.0,6,1,481,0.0,0.00013110742068001048,0.0,0.0,0.4166666666666667,0.2222222222222222,0.0,0.0,0.3333333333333333,0.0,0.3333333333333333,0.6666666666666666,0.0,0.0008565262174476358,0.0,0.0008992805755395693,0.0,2.809621952093444e-5,0.0002652970499629908,0.004457652303120356,0.0007429420505200594
1178902181593964544,5,2,0,2,1,0,1,1,0,1,2.0,0.0,2.0,1.0,0.0,1.0,1.0,0.0,1.0,0.5,0.0,0.5,0.0,0,0,2,3.0,0.0,5.0,5,1,452,0.0,8.7404947120007e-5,0.0,0.0,0.3333333333333333,0.0,0.0,0.0,0.0,0.0,0.0,0.0,0.0,0.0008345503507674644,0.0,0.0008992805755395684,0.0,0.0002099719302438574,0.00024930200952863165,0.003714710252600297,0.0007429420505200594
939341267040796673,5,3,0,3,1,0,1,2,0,2,4.0,0.0,4.0,2.0,0.0,2.0,2.0,0.0,2.0,0.3333333333333333,0.0,0.5,0.0,0,0,3,10.0,0.0,14.0,6,1,533,0.0,0.000174809894240014,0.0,0.0,0.25,0.0,0.0,0.0,0.0,0.0,0.0,0.0,0.0,0.0008526210503071552,0.0,0.0008992805755395689,0.0,0.0002990624332598335,0.00029397781212115197,0.004457652303120356,0.0007429420505200594
1461826921206059020,3,5,0,5,1,0,1,4,0,4,8.0,0.0,8.0,4.0,0.0,4.0,4.0,0.0,4.0,0.2,0.0,0.5,0.0,0,0,5,10.0,0.0,23.0,9,1,661,0.0,0.000349619788480028,0.0,0.0,0.2,0.04,0.0,0.0,0.078125,0.0,0.078125,0.15625,0.0,0.0008764867471953866,0.0,0.0008992805755395675,0.0,0.0019675812657230507,0.0003645766112797025,0.006686478454680535,0.0007429420505200594
873411716,3,2,0,2,1,0,1,1,0,1,5.0,0.0,5.0,4.0,0.0,4.0,1.0,0.0,1.0,0.5,0.0,0.8,0.0,0,0,2,8.0,0.0,17.0,5,1,465,0.0,0.0002185123678000175,0.0,0.0,0.3333333333333333,0.0,0.0,0.0,0.0,0.0,0.0,0.0,0.0,0.0008331457861512065,0.0,0.0008992805755395668,0.0,0.0006867922915454461,0.000256472200068172,0.003714710252600297,0.0007429420505200594
1282738369991258113,3,1,0,1,1,0,1,0,0,0,4.0,0.0,4.0,4.0,0.0,4.0,0.0,0.0,0.0,1.0,0.0,1.0,0.0,0,0,1,7.0,0.0,14.0,4,1,417,0.0,0.000174809894240014,0.0,0.0,0.5,0.0,0.0,0.0,0.0,0.0,0.0,0.0,0.0,0.0008251057743773977,0.0,0.0008992805755395657,0.0,0.0002625821226920344,0.0002299976503837155,0.0029717682020802376,0.0007429420505200594
422577072,3,4,0,4,1,0,1,3,0,3,11.0,0.0,11.0,8.0,0.0,8.0,3.0,0.0,3.0,0.25,0.0,0.7272727272727273,0.0,0,0,4,9.0,0.0,25.0,6,1,511,0.0,0.0004807272091600385,0.0,0.0,0.35,0.1875,0.0,0.0,0.30303030303030304,0.0,0.30303030303030304,0.6060606060606061,0.0,0.0008733015924183807,0.0,0.0008992805755395671,0.0,0.001440838194465499,0.0002818436435157761,0.004457652303120356,0.0007429420505200594
178978113,3,1,0,1,1,0,1,0,0,0,1.0,0.0,1.0,1.0,0.0,1.0,0.0,0.0,0.0,1.0,0.0,1.0,0.0,0,0,1,1.0,0.0,1.0,4,1,417,0.0,4.37024735600035e-5,0.0,0.0,0.5,0.0,0.0,0.0,0.0,0.0,0.0,0.0,0.0,0.0008217365820029566,0.0,0.0008992805755395657,0.0,6.571377182795768e-5,0.0002299976503837155,0.0029717682020802376,0.0007429420505200594
982967013583740934,3,1,0,1,1,0,1,0,0,0,1.0,0.0,1.0,1.0,0.0,1.0,0.0,0.0,0.0,1.0,0.0,1.0,0.0,0,0,1,1.0,0.0,1.0,4,1,417,0.0,4.37024735600035e-5,0.0,0.0,0.5,0.0,0.0,0.0,0.0,0.0,0.0,0.0,0.0,0.0008217365820029566,0.0,0.0008992805755395657,0.0,6.571377182795768e-5,0.0002299976503837155,0.0029717682020802376,0.0007429420505200594
87624170,3,2,0,2,1,0,1,1,0,1,3.0,0.0,3.0,2.0,0.0,2.0,1.0,0.0,1.0,0.5,0.0,0.6666666666666666,0.0,0,0,2,8.0,0.0,10.0,5,1,501,0.0,0.00013110742068001048,0.0,0.0,0.3333333333333333,0.0,0.0,0.0,0.0,0.0,0.0,0.0,0.0,0.0008281165769029531,0.0,0.0008992805755395664,0.0,0.0005663866217714419,0.0002763281123315143,0.003714710252600297,0.0007429420505200594
880226143353401344,3,2,0,2,1,0,1,1,0,1,3.0,0.0,3.0,2.0,0.0,2.0,1.0,0.0,1.0,0.5,0.0,0.6666666666666666,0.0,0,0,2,8.0,0.0,10.0,5,1,452,0.0,0.00013110742068001048,0.0,0.0,0.3333333333333333,0.0,0.0,0.0,0.0,0.0,0.0,0.0,0.0,0.0008356734148922782,0.0,0.0008992805755395675,0.0,0.0005497935100280404,0.00024930200952863165,0.003714710252600297,0.0007429420505200594
1489978528032559107,3,1,0,1,1,0,1,0,0,0,1.0,0.0,1.0,1.0,0.0,1.0,0.0,0.0,0.0,1.0,0.0,1.0,0.0,0,0,1,1.0,0.0,1.0,4,1,417,0.0,4.37024735600035e-5,0.0,0.0,0.5,0.0,0.0,0.0,0.0,0.0,0.0,0.0,0.0,0.0008217365820029566,0.0,0.0008992805755395657,0.0,6.571377182795768e-5,0.0002299976503837155,0.0029717682020802376,0.0007429420505200594
1287104039617024000,27,2,0,2,1,0,1,1,0,1,2.0,0.0,2.0,1.0,0.0,1.0,1.0,0.0,1.0,0.5,0.0,0.5,0.0,0,0,2,3.0,0.0,5.0,5,1,501,0.0,8.7404947120007e-5,0.0,0.0,0.3333333333333333,0.0,0.0,0.0,0.0,0.0,0.0,0.0,0.0,0.0008269935127781394,0.0,0.0008992805755395668,0.0,0.000259702569624487,0.0002763281123315143,0.003714710252600297,0.0007429420505200594
1214215640912822272,3,2,0,2,1,0,1,1,0,1,6.0,0.0,6.0,5.0,0.0,5.0,1.0,0.0,1.0,0.5,0.0,0.8333333333333334,0.0,0,0,2,8.0,0.0,19.0,5,1,465,0.0,0.00026221484136002097,0.0,0.0,0.3333333333333333,0.0,0.0,0.0,0.0,0.0,0.0,0.0,0.0,0.0008342688502760203,0.0,0.0008992805755395667,0.0,0.0007525532801151424,0.000256472200068172,0.003714710252600297,0.0007429420505200594
730178982872780800,3,2,0,2,1,0,1,1,0,1,4.0,0.0,4.0,3.0,0.0,3.0,1.0,0.0,1.0,0.5,0.0,0.75,0.0,0,0,2,8.0,0.0,14.0,5,1,439,0.0,0.000174809894240014,0.0,0.0,0.3333333333333333,0.0,0.0,0.0,0.0,0.0,0.0,0.0,0.0,0.0008444847402757967,0.0,0.0008992805755395668,0.0,0.0006322501833853078,0.0002421318189890914,0.003714710252600297,0.0007429420505200594
1165575239461261312,8,3,0,3,1,0,1,2,0,2,4.0,0.0,4.0,1.0,0.0,1.0,3.0,0.0,3.0,0.3333333333333333,0.0,0.25,0.0,0,0,3,8.0,0.0,14.0,7,1,441,0.0,0.000174809894240014,0.0,0.0,0.3333333333333333,0.1111111111111111,0.0,0.0,0.1875,0.0,0.1875,0.375,0.0,0.000895169336516891,0.0,0.000899280575539568,0.0,0.000986788919185022,0.00024323492522594373,0.005200594353640416,0.0007429420505200594
1552087369,3,1,0,1,1,0,1,0,0,0,1.0,0.0,1.0,1.0,0.0,1.0,0.0,0.0,0.0,1.0,0.0,1.0,0.0,0,0,1,1.0,0.0,1.0,4,1,417,0.0,4.37024735600035e-5,0.0,0.0,0.5,0.0,0.0,0.0,0.0,0.0,0.0,0.0,0.0,0.0008217365820029566,0.0,0.0008992805755395657,0.0,6.571377182795768e-5,0.0002299976503837155,0.0029717682020802376,0.0007429420505200594
129609017,3,2,0,2,1,0,1,1,0,1,5.0,0.0,5.0,4.0,0.0,4.0,1.0,0.0,1.0,0.5,0.0,0.8,0.0,0,0,2,8.0,0.0,17.0,4,1,450,0.0,0.0002185123678000175,0.0,0.0,0.5,0.25,0.0,0.0,0.5,0.0,0.5,1.0,0.0,0.0008340197004744468,0.0,0.0008992805755395668,0.0,0.00032811315669500907,0.0002481989032917793,0.0029717682020802376,0.0007429420505200594
1021597353910796294,3,2,0,2,1,0,1,1,0,1,9.0,0.0,9.0,8.0,0.0,8.0,1.0,0.0,1.0,0.5,0.0,0.8888888888888888,0.0,0,0,2,8.0,0.0,23.0,5,1,430,0.0,0.0003933222620400315,0.0,0.0,0.3333333333333333,0.0,0.0,0.0,0.0,0.0,0.0,0.0,0.0,0.0008751580975949028,0.0,0.0008992805755395663,0.0,0.0009313802862312981,0.0002371678409232558,0.003714710252600297,0.0007429420505200594
327945290,2,3,0,3,2,0,2,1,0,1,3.0,0.0,3.0,2.0,0.0,2.0,1.0,0.0,1.0,0.6666666666666666,0.0,0.6666666666666666,0.0,0,0,3,8.0,0.0,10.0,6,1,481,0.0,0.00013110742068001048,0.0,0.0,0.4166666666666667,0.2222222222222222,0.0,0.0,0.3333333333333333,0.0,0.3333333333333333,0.6666666666666666,0.0,0.0008565262174476358,0.0,0.0008992805755395693,0.0,2.809621952093444e-5,0.0002652970499629908,0.004457652303120356,0.0007429420505200594
1424568645573697537,3,1,0,1,1,0,1,0,0,0,2.0,0.0,2.0,2.0,0.0,2.0,0.0,0.0,0.0,1.0,0.0,1.0,0.0,0,0,1,3.0,0.0,5.0,4,1,417,0.0,8.7404947120007e-5,0.0,0.0,0.5,0.0,0.0,0.0,0.0,0.0,0.0,0.0,0.0,0.0008228596461277702,0.0,0.0008992805755395657,0.0,0.00013138220145370028,0.0002299976503837155,0.0029717682020802376,0.0007429420505200594
982518512630616065,3,3,0,3,1,0,1,2,0,2,7.0,0.0,7.0,4.0,0.0,4.0,3.0,0.0,3.0,0.3333333333333333,0.0,0.5714285714285714,0.0,0,0,3,10.0,0.0,22.0,5,1,532,0.0,0.00030591731492002447,0.0,0.0,0.3333333333333333,0.1111111111111111,0.0,0.0,0.17857142857142858,0.0,0.17857142857142858,0.35714285714285715,0.0,0.0008445335620248121,0.0,0.0008992805755395671,0.0,0.0011999310275867536,0.0002934262590027258,0.003714710252600297,0.0007429420505200594
97338803,3,1,0,1,1,0,1,0,0,0,1.0,0.0,1.0,1.0,0.0,1.0,0.0,0.0,0.0,1.0,0.0,1.0,0.0,0,0,1,1.0,0.0,1.0,4,1,417,0.0,4.37024735600035e-5,0.0,0.0,0.5,0.0,0.0,0.0,0.0,0.0,0.0,0.0,0.0,0.0008217365820029566,0.0,0.0008992805755395657,0.0,6.571377182795768e-5,0.0002299976503837155,0.0029717682020802376,0.0007429420505200594
85359060,3,1,0,1,1,0,1,0,0,0,2.0,0.0,2.0,2.0,0.0,2.0,0.0,0.0,0.0,1.0,0.0,1.0,0.0,0,0,1,3.0,0.0,5.0,4,1,417,0.0,8.7404947120007e-5,0.0,0.0,0.5,0.0,0.0,0.0,0.0,0.0,0.0,0.0,0.0,0.0008228596461277702,0.0,0.0008992805755395657,0.0,0.00013138220145370028,0.0002299976503837155,0.0029717682020802376,0.0007429420505200594
4481687056,3,4,0,4,1,0,1,3,0,3,8.0,0.0,8.0,5.0,0.0,5.0,3.0,0.0,3.0,0.25,0.0,0.625,0.0,0,0,4,10.0,0.0,23.0,7,1,658,0.0,0.000349619788480028,0.0,0.0,0.2,0.0,0.0,0.0,0.0,0.0,0.0,0.0,0.0,0.0008460864306586311,0.0,0.000899280575539567,0.0,0.0016136856277210176,0.000362921951924424,0.005200594353640416,0.0007429420505200594
1474870194002530307,2,3,0,3,1,0,1,2,0,2,3.0,0.0,3.0,1.0,0.0,1.0,2.0,0.0,2.0,0.3333333333333333,0.0,0.3333333333333333,0.0,0,0,3,9.0,0.0,10.0,6,1,548,0.0,0.00013110742068001048,0.0,0.0,0.25,0.0,0.0,0.0,0.0,0.0,0.0,0.0,0.0,0.0008350335245519482,0.0,0.0008992805755395684,0.0,0.0005291548004957569,0.0003022511088975446,0.004457652303120356,0.0007429420505200594
1235680780489306112,8,2,0,2,1,0,1,1,0,1,2.0,0.0,2.0,1.0,0.0,1.0,1.0,0.0,1.0,0.5,0.0,0.5,0.0,0,0,2,3.0,0.0,5.0,6,1,456,0.0,8.7404947120007e-5,0.0,0.0,0.5,0.25,0.0,0.0,0.5,0.0,0.5,1.0,0.0,0.0008347914476646661,0.0,0.0008992805755395685,0.0,0.00024837777055763954,0.0002515082220023364,0.004457652303120356,0.0007429420505200594
3114773927,3,1,0,1,1,0,1,0,0,0,1.0,0.0,1.0,1.0,0.0,1.0,0.0,0.0,0.0,1.0,0.0,1.0,0.0,0,0,1,1.0,0.0,1.0,4,1,417,0.0,4.37024735600035e-5,0.0,0.0,0.5,0.0,0.0,0.0,0.0,0.0,0.0,0.0,0.0,0.0008217365820029566,0.0,0.0008992805755395657,0.0,6.571377182795768e-5,0.0002299976503837155,0.0029717682020802376,0.0007429420505200594
923807628240723968,3,6,0,6,1,0,1,5,0,5,22.0,0.0,22.0,14.0,0.0,14.0,8.0,0.0,8.0,0.16666666666666666,0.0,0.6363636363636364,0.0,0,0,5,16.0,0.0,41.0,8,1,600,0.0,0.000961454418320077,0.0,0.0,0.21428571428571427,0.08333333333333333,0.0,0.0,0.1590909090909091,0.0,0.1590909090909091,0.3181818181818182,0.0,0.0009706159148713426,0.0,0.0008992805755395675,0.0,0.002894014597983996,0.0003309318710557058,0.005943536404160475,0.0007429420505200594
4148621113,3,2,0,2,1,0,1,1,0,1,3.0,0.0,3.0,2.0,0.0,2.0,1.0,0.0,1.0,0.5,0.0,0.6666666666666666,0.0,0,0,2,8.0,0.0,10.0,5,1,452,0.0,0.00013110742068001048,0.0,0.0,0.3333333333333333,0.0,0.0,0.0,0.0,0.0,0.0,0.0,0.0,0.0008356734148922782,0.0,0.0008992805755395675,0.0,0.0005497935100280404,0.00024930200952863165,0.003714710252600297,0.0007429420505200594
2668928108,2,3,0,3,2,0,2,1,0,1,3.0,0.0,3.0,2.0,0.0,2.0,1.0,0.0,1.0,0.6666666666666666,0.0,0.6666666666666666,0.0,0,0,3,8.0,0.0,10.0,6,1,481,0.0,0.00013110742068001048,0.0,0.0,0.4166666666666667,0.2222222222222222,0.0,0.0,0.3333333333333333,0.0,0.3333333333333333,0.6666666666666666,0.0,0.0008565262174476358,0.0,0.0008992805755395693,0.0,2.809621952093444e-5,0.0002652970499629908,0.004457652303120356,0.0007429420505200594
34863914,3,1,0,1,1,0,1,0,0,0,1.0,0.0,1.0,1.0,0.0,1.0,0.0,0.0,0.0,1.0,0.0,1.0,0.0,0,0,1,1.0,0.0,1.0,4,1,417,0.0,4.37024735600035e-5,0.0,0.0,0.5,0.0,0.0,0.0,0.0,0.0,0.0,0.0,0.0,0.0008217365820029566,0.0,0.0008992805755395657,0.0,6.571377182795768e-5,0.0002299976503837155,0.0029717682020802376,0.0007429420505200594
1404615301,3,1,0,1,1,0,1,0,0,0,1.0,0.0,1.0,1.0,0.0,1.0,0.0,0.0,0.0,1.0,0.0,1.0,0.0,0,0,1,1.0,0.0,1.0,4,1,417,0.0,4.37024735600035e-5,0.0,0.0,0.5,0.0,0.0,0.0,0.0,0.0,0.0,0.0,0.0,0.0008217365820029566,0.0,0.0008992805755395657,0.0,6.571377182795768e-5,0.0002299976503837155,0.0029717682020802376,0.0007429420505200594
2367458396,3,2,0,2,1,0,1,1,0,1,5.0,0.0,5.0,4.0,0.0,4.0,1.0,0.0,1.0,0.5,0.0,0.8,0.0,0,0,2,8.0,0.0,17.0,5,1,501,0.0,0.0002185123678000175,0.0,0.0,0.3333333333333333,0.0,0.0,0.0,0.0,0.0,0.0,0.0,0.0,0.0008303627051525805,0.0,0.0008992805755395661,0.0,0.0006980681018082802,0.0002763281123315143,0.003714710252600297,0.0007429420505200594
96946717,3,1,0,1,1,0,1,0,0,0,2.0,0.0,2.0,2.0,0.0,2.0,0.0,0.0,0.0,1.0,0.0,1.0,0.0,0,0,1,3.0,0.0,5.0,4,1,417,0.0,8.7404947120007e-5,0.0,0.0,0.5,0.0,0.0,0.0,0.0,0.0,0.0,0.0,0.0,0.0008228596461277702,0.0,0.0008992805755395657,0.0,0.00013138220145370028,0.0002299976503837155,0.0029717682020802376,0.0007429420505200594
2725272744,3,3,0,3,1,0,1,2,0,2,7.0,0.0,7.0,5.0,0.0,5.0,2.0,0.0,2.0,0.3333333333333333,0.0,0.7142857142857143,0.0,0,0,3,7.0,0.0,22.0,8,1,472,0.0,0.00030591731492002447,0.0,0.0,0.4166666666666667,0.2222222222222222,0.0,0.0,0.42857142857142855,0.0,0.42857142857142855,0.8571428571428571,0.0,0.0008660333278347912,0.0,0.0008992805755395672,0.0,0.001184922083554918,0.0002603330718971552,0.005943536404160475,0.0007429420505200594
3315682202,27,2,0,2,1,0,1,1,0,1,2.0,0.0,2.0,1.0,0.0,1.0,1.0,0.0,1.0,0.5,0.0,0.5,0.0,0,0,2,3.0,0.0,5.0,5,1,501,0.0,8.7404947120007e-5,0.0,0.0,0.3333333333333333,0.0,0.0,0.0,0.0,0.0,0.0,0.0,0.0,0.0008269935127781394,0.0,0.0008992805755395668,0.0,0.000259702569624487,0.0002763281123315143,0.003714710252600297,0.0007429420505200594
106971476,27,2,0,2,1,0,1,1,0,1,2.0,0.0,2.0,1.0,0.0,1.0,1.0,0.0,1.0,0.5,0.0,0.5,0.0,0,0,2,3.0,0.0,5.0,5,1,501,0.0,8.7404947120007e-5,0.0,0.0,0.3333333333333333,0.0,0.0,0.0,0.0,0.0,0.0,0.0,0.0,0.0008269935127781394,0.0,0.0008992805755395668,0.0,0.000259702569624487,0.0002763281123315143,0.003714710252600297,0.0007429420505200594
1020137438562283521,8,3,0,3,1,0,1,2,0,2,3.0,0.0,3.0,1.0,0.0,1.0,2.0,0.0,2.0,0.3333333333333333,0.0,0.3333333333333333,0.0,0,0,3,8.0,0.0,10.0,7,1,501,0.0,0.00013110742068001048,0.0,0.0,0.3333333333333333,0.1111111111111111,0.0,0.0,0.16666666666666666,0.0,0.16666666666666666,0.3333333333333333,0.0,0.0008428314594384747,0.0,0.0008992805755395696,0.0,0.0005478015151776372,0.0002763281123315143,0.005200594353640416,0.0007429420505200594
1861388023,27,2,0,2,1,0,1,1,0,1,2.0,0.0,2.0,1.0,0.0,1.0,1.0,0.0,1.0,0.5,0.0,0.5,0.0,0,0,2,3.0,0.0,5.0,5,1,501,0.0,8.7404947120007e-5,0.0,0.0,0.3333333333333333,0.0,0.0,0.0,0.0,0.0,0.0,0.0,0.0,0.0008269935127781394,0.0,0.0008992805755395668,0.0,0.000259702569624487,0.0002763281123315143,0.003714710252600297,0.0007429420505200594
1490402814501269504,3,1,0,1,1,0,1,0,0,0,1.0,0.0,1.0,1.0,0.0,1.0,0.0,0.0,0.0,1.0,0.0,1.0,0.0,0,0,1,1.0,0.0,1.0,4,1,417,0.0,4.37024735600035e-5,0.0,0.0,0.5,0.0,0.0,0.0,0.0,0.0,0.0,0.0,0.0,0.0008217365820029566,0.0,0.0008992805755395657,0.0,6.571377182795768e-5,0.0002299976503837155,0.0029717682020802376,0.0007429420505200594
1586496223,3,1,0,1,1,0,1,0,0,0,1.0,0.0,1.0,1.0,0.0,1.0,0.0,0.0,0.0,1.0,0.0,1.0,0.0,0,0,1,1.0,0.0,1.0,4,1,417,0.0,4.37024735600035e-5,0.0,0.0,0.5,0.0,0.0,0.0,0.0,0.0,0.0,0.0,0.0,0.0008217365820029566,0.0,0.0008992805755395657,0.0,6.571377182795768e-5,0.0002299976503837155,0.0029717682020802376,0.0007429420505200594
69141716,3,1,0,1,1,0,1,0,0,0,1.0,0.0,1.0,1.0,0.0,1.0,0.0,0.0,0.0,1.0,0.0,1.0,0.0,0,0,1,1.0,0.0,1.0,4,1,417,0.0,4.37024735600035e-5,0.0,0.0,0.5,0.0,0.0,0.0,0.0,0.0,0.0,0.0,0.0,0.0008217365820029566,0.0,0.0008992805755395657,0.0,6.571377182795768e-5,0.0002299976503837155,0.0029717682020802376,0.0007429420505200594
370237517,3,1,0,1,1,0,1,0,0,0,1.0,0.0,1.0,1.0,0.0,1.0,0.0,0.0,0.0,1.0,0.0,1.0,0.0,0,0,1,1.0,0.0,1.0,4,1,417,0.0,4.37024735600035e-5,0.0,0.0,0.5,0.0,0.0,0.0,0.0,0.0,0.0,0.0,0.0,0.0008217365820029566,0.0,0.0008992805755395657,0.0,6.571377182795768e-5,0.0002299976503837155,0.0029717682020802376,0.0007429420505200594
2323385174,3,1,0,1,1,0,1,0,0,0,1.0,0.0,1.0,1.0,0.0,1.0,0.0,0.0,0.0,1.0,0.0,1.0,0.0,0,0,1,1.0,0.0,1.0,4,1,417,0.0,4.37024735600035e-5,0.0,0.0,0.5,0.0,0.0,0.0,0.0,0.0,0.0,0.0,0.0,0.0008217365820029566,0.0,0.0008992805755395657,0.0,6.571377182795768e-5,0.0002299976503837155,0.0029717682020802376,0.0007429420505200594
1404118248728244227,3,1,0,1,1,0,1,0,0,0,1.0,0.0,1.0,1.0,0.0,1.0,0.0,0.0,0.0,1.0,0.0,1.0,0.0,0,0,1,1.0,0.0,1.0,4,1,417,0.0,4.37024735600035e-5,0.0,0.0,0.5,0.0,0.0,0.0,0.0,0.0,0.0,0.0,0.0,0.0008217365820029566,0.0,0.0008992805755395657,0.0,6.571377182795768e-5,0.0002299976503837155,0.0029717682020802376,0.0007429420505200594
47921816,3,1,0,1,1,0,1,0,0,0,1.0,0.0,1.0,1.0,0.0,1.0,0.0,0.0,0.0,1.0,0.0,1.0,0.0,0,0,1,1.0,0.0,1.0,4,1,417,0.0,4.37024735600035e-5,0.0,0.0,0.5,0.0,0.0,0.0,0.0,0.0,0.0,0.0,0.0,0.0008217365820029566,0.0,0.0008992805755395657,0.0,6.571377182795768e-5,0.0002299976503837155,0.0029717682020802376,0.0007429420505200594
22239585,3,1,0,1,1,0,1,0,0,0,1.0,0.0,1.0,1.0,0.0,1.0,0.0,0.0,0.0,1.0,0.0,1.0,0.0,0,0,1,1.0,0.0,1.0,4,1,417,0.0,4.37024735600035e-5,0.0,0.0,0.5,0.0,0.0,0.0,0.0,0.0,0.0,0.0,0.0,0.0008217365820029566,0.0,0.0008992805755395657,0.0,6.571377182795768e-5,0.0002299976503837155,0.0029717682020802376,0.0007429420505200594
2616801380,3,1,0,1,1,0,1,0,0,0,3.0,0.0,3.0,3.0,0.0,3.0,0.0,0.0,0.0,1.0,0.0,1.0,0.0,0,0,1,7.0,0.0,10.0,4,1,417,0.0,0.00013110742068001048,0.0,0.0,0.5,0.0,0.0,0.0,0.0,0.0,0.0,0.0,0.0,0.0008239827102525841,0.0,0.0008992805755395657,0.0,0.00019700506121589356,0.0002299976503837155,0.0029717682020802376,0.0007429420505200594
4900928924,3,1,0,1,1,0,1,0,0,0,2.0,0.0,2.0,2.0,0.0,2.0,0.0,0.0,0.0,1.0,0.0,1.0,0.0,0,0,1,3.0,0.0,5.0,4,1,417,0.0,8.7404947120007e-5,0.0,0.0,0.5,0.0,0.0,0.0,0.0,0.0,0.0,0.0,0.0,0.0008228596461277702,0.0,0.0008992805755395657,0.0,0.00013138220145370028,0.0002299976503837155,0.0029717682020802376,0.0007429420505200594
130121423,3,1,0,1,1,0,1,0,0,0,3.0,0.0,3.0,3.0,0.0,3.0,0.0,0.0,0.0,1.0,0.0,1.0,0.0,0,0,1,7.0,0.0,10.0,4,1,417,0.0,0.00013110742068001048,0.0,0.0,0.5,0.0,0.0,0.0,0.0,0.0,0.0,0.0,0.0,0.0008239827102525841,0.0,0.0008992805755395657,0.0,0.00019700506121589356,0.0002299976503837155,0.0029717682020802376,0.0007429420505200594
298244970,3,2,0,2,1,0,1,1,0,1,9.0,0.0,9.0,8.0,0.0,8.0,1.0,0.0,1.0,0.5,0.0,0.8888888888888888,0.0,0,0,2,8.0,0.0,24.0,5,1,465,0.0,0.0003933222620400315,0.0,0.0,0.3333333333333333,0.0,0.0,0.0,0.0,0.0,0.0,0.0,0.0,0.0008376380426504613,0.0,0.0008992805755395663,0.0,0.0009495586095928932,0.000256472200068172,0.003714710252600297,0.0007429420505200594
18949781,3,2,0,2,1,0,1,1,0,1,3.0,0.0,3.0,2.0,0.0,2.0,1.0,0.0,1.0,0.5,0.0,0.6666666666666666,0.0,0,0,2,7.0,0.0,10.0,6,1,456,0.0,0.00013110742068001048,0.0,0.0,0.5,0.25,0.0,0.0,0.5,0.0,0.5,1.0,0.0,0.0008359145117894797,0.0,0.0008992805755395675,0.0,0.0005626079923645166,0.0002515082220023364,0.004457652303120356,0.0007429420505200594
70752796,3,2,0,2,1,0,1,1,0,1,3.0,0.0,3.0,2.0,0.0,2.0,1.0,0.0,1.0,0.5,0.0,0.6666666666666666,0.0,0,0,2,8.0,0.0,10.0,5,1,452,0.0,0.00013110742068001048,0.0,0.0,0.3333333333333333,0.0,0.0,0.0,0.0,0.0,0.0,0.0,0.0,0.0008356734148922782,0.0,0.0008992805755395675,0.0,0.0005497935100280404,0.00024930200952863165,0.003714710252600297,0.0007429420505200594
1657851374,3,1,0,1,1,0,1,0,0,0,2.0,0.0,2.0,2.0,0.0,2.0,0.0,0.0,0.0,1.0,0.0,1.0,0.0,0,0,1,3.0,0.0,5.0,4,1,417,0.0,8.7404947120007e-5,0.0,0.0,0.5,0.0,0.0,0.0,0.0,0.0,0.0,0.0,0.0,0.0008228596461277702,0.0,0.0008992805755395657,0.0,0.00013138220145370028,0.0002299976503837155,0.0029717682020802376,0.0007429420505200594
1263038801883967489,3,3,0,3,1,0,1,2,0,2,6.0,0.0,6.0,4.0,0.0,4.0,2.0,0.0,2.0,0.3333333333333333,0.0,0.6666666666666666,0.0,0,0,3,9.0,0.0,18.0,6,1,514,0.0,0.00026221484136002097,0.0,0.0,0.25,0.0,0.0,0.0,0.0,0.0,0.0,0.0,0.0,0.0008759227718708306,0.0,0.000899280575539567,0.0,0.0011045882117348693,0.0002834983028710546,0.004457652303120356,0.0007429420505200594
164676451,3,2,0,2,1,0,1,1,0,1,3.0,0.0,3.0,2.0,0.0,2.0,1.0,0.0,1.0,0.5,0.0,0.6666666666666666,0.0,0,0,2,8.0,0.0,10.0,4,1,450,0.0,0.00013110742068001048,0.0,0.0,0.5,0.25,0.0,0.0,0.5,0.0,0.5,1.0,0.0,0.0008317735722248192,0.0,0.0008992805755395675,0.0,0.00019700506121589356,0.0002481989032917793,0.0029717682020802376,0.0007429420505200594
128249268,3,1,0,1,1,0,1,0,0,0,2.0,0.0,2.0,2.0,0.0,2.0,0.0,0.0,0.0,1.0,0.0,1.0,0.0,0,0,1,3.0,0.0,5.0,4,1,417,0.0,8.7404947120007e-5,0.0,0.0,0.5,0.0,0.0,0.0,0.0,0.0,0.0,0.0,0.0,0.0008228596461277702,0.0,0.0008992805755395657,0.0,0.00013138220145370028,0.0002299976503837155,0.0029717682020802376,0.0007429420505200594
49732748,3,2,0,2,1,0,1,1,0,1,6.0,0.0,6.0,5.0,0.0,5.0,1.0,0.0,1.0,0.5,0.0,0.8333333333333334,0.0,0,0,2,7.0,0.0,19.0,6,1,456,0.0,0.00026221484136002097,0.0,0.0,0.5,0.25,0.0,0.0,0.5,0.0,0.5,1.0,0.0,0.0008392837041639208,0.0,0.0008992805755395667,0.0,0.000760050396608758,0.0002515082220023364,0.004457652303120356,0.0007429420505200594
301576617,3,1,0,1,1,0,1,0,0,0,4.0,0.0,4.0,4.0,0.0,4.0,0.0,0.0,0.0,1.0,0.0,1.0,0.0,0,0,1,7.0,0.0,14.0,4,1,417,0.0,0.000174809894240014,0.0,0.0,0.5,0.0,0.0,0.0,0.0,0.0,0.0,0.0,0.0,0.0008251057743773977,0.0,0.0008992805755395657,0.0,0.0002625821226920344,0.0002299976503837155,0.0029717682020802376,0.0007429420505200594
878433890838265856,3,1,0,1,1,0,1,0,0,0,1.0,0.0,1.0,1.0,0.0,1.0,0.0,0.0,0.0,1.0,0.0,1.0,0.0,0,0,1,1.0,0.0,1.0,4,1,417,0.0,4.37024735600035e-5,0.0,0.0,0.5,0.0,0.0,0.0,0.0,0.0,0.0,0.0,0.0,0.0008217365820029566,0.0,0.0008992805755395657,0.0,6.571377182795768e-5,0.0002299976503837155,0.0029717682020802376,0.0007429420505200594
1410989402633891844,3,1,0,1,1,0,1,0,0,0,1.0,0.0,1.0,1.0,0.0,1.0,0.0,0.0,0.0,1.0,0.0,1.0,0.0,0,0,1,1.0,0.0,1.0,4,1,417,0.0,4.37024735600035e-5,0.0,0.0,0.5,0.0,0.0,0.0,0.0,0.0,0.0,0.0,0.0,0.0008217365820029566,0.0,0.0008992805755395657,0.0,6.571377182795768e-5,0.0002299976503837155,0.0029717682020802376,0.0007429420505200594
2210194536,7,3,0,3,1,0,1,2,0,2,4.0,0.0,4.0,1.0,0.0,1.0,3.0,0.0,3.0,0.3333333333333333,0.0,0.25,0.0,0,0,3,9.0,0.0,14.0,5,1,488,0.0,0.000174809894240014,0.0,0.0,0.3333333333333333,0.1111111111111111,0.0,0.0,0.1875,0.0,0.1875,0.375,0.0,0.0008485099232641764,0.0,0.0008992805755395686,0.0,0.0006084050517595196,0.00026915792179197403,0.003714710252600297,0.0007429420505200594
1139775874134183937,6,2,0,2,1,0,1,1,0,1,2.0,0.0,2.0,1.0,0.0,1.0,1.0,0.0,1.0,0.5,0.0,0.5,0.0,0,0,2,3.0,0.0,5.0,5,1,430,0.0,8.7404947120007e-5,0.0,0.0,0.3333333333333333,0.0,0.0,0.0,0.0,0.0,0.0,0.0,0.0,0.000867296648721207,0.0,0.0008992805755395684,0.0,0.000171812281214212,0.0002371678409232558,0.003714710252600297,0.0007429420505200594
1194720234017558528,8,3,0,3,2,0,2,1,0,1,6.0,0.0,6.0,3.0,0.0,3.0,3.0,0.0,3.0,0.6666666666666666,0.0,0.5,0.0,0,0,3,8.0,0.0,19.0,6,1,460,0.0,0.00026221484136002097,0.0,0.0,0.4166666666666667,0.2222222222222222,0.0,0.0,0.3333333333333333,0.0,0.3333333333333333,0.6666666666666666,0.0,0.000895652508294253,0.0,0.0008992805755395682,0.0,0.0007445618482482264,0.00025371443447604107,0.004457652303120356,0.0007429420505200594
892118401,3,3,0,3,1,0,1,2,0,2,5.0,0.0,5.0,3.0,0.0,3.0,2.0,0.0,2.0,0.3333333333333333,0.0,0.6,0.0,0,0,3,8.0,0.0,17.0,7,1,469,0.0,0.0002185123678000175,0.0,0.0,0.3333333333333333,0.1111111111111111,0.0,0.0,0.2,0.0,0.2,0.4,0.0,0.0008825976426325437,0.0,0.0008992805755395679,0.0,0.0010347717524238353,0.00025867841254187667,0.005200594353640416,0.0007429420505200594
1096475470072184832,8,2,0,2,1,0,1,1,0,1,2.0,0.0,2.0,1.0,0.0,1.0,1.0,0.0,1.0,0.5,0.0,0.5,0.0,0,0,2,3.0,0.0,5.0,6,1,456,0.0,8.7404947120007e-5,0.0,0.0,0.5,0.25,0.0,0.0,0.5,0.0,0.5,1.0,0.0,0.0008347914476646661,0.0,0.0008992805755395685,0.0,0.00024837777055763954,0.0002515082220023364,0.004457652303120356,0.0007429420505200594
2878932553,3,1,0,1,1,0,1,0,0,0,1.0,0.0,1.0,1.0,0.0,1.0,0.0,0.0,0.0,1.0,0.0,1.0,0.0,0,0,1,1.0,0.0,1.0,4,1,417,0.0,4.37024735600035e-5,0.0,0.0,0.5,0.0,0.0,0.0,0.0,0.0,0.0,0.0,0.0,0.0008217365820029566,0.0,0.0008992805755395657,0.0,6.571377182795768e-5,0.0002299976503837155,0.0029717682020802376,0.0007429420505200594
1347985862160654337,3,4,0,4,1,0,1,3,0,3,8.0,0.0,8.0,5.0,0.0,5.0,3.0,0.0,3.0,0.25,0.0,0.625,0.0,0,0,4,9.0,0.0,23.0,8,1,571,0.0,0.000349619788480028,0.0,0.0,0.25,0.0625,0.0,0.0,0.125,0.0,0.125,0.25,0.0,0.0008573544037036114,0.0,0.0008992805755395674,0.0,0.0016161620579523417,0.00031493683062134664,0.005943536404160475,0.0007429420505200594
1410210535883243520,3,1,0,1,1,0,1,0,0,0,1.0,0.0,1.0,1.0,0.0,1.0,0.0,0.0,0.0,1.0,0.0,1.0,0.0,0,0,1,1.0,0.0,1.0,4,1,417,0.0,4.37024735600035e-5,0.0,0.0,0.5,0.0,0.0,0.0,0.0,0.0,0.0,0.0,0.0,0.0008217365820029566,0.0,0.0008992805755395657,0.0,6.571377182795768e-5,0.0002299976503837155,0.0029717682020802376,0.0007429420505200594
1199458907313360896,3,1,0,1,1,0,1,0,0,0,4.0,0.0,4.0,4.0,0.0,4.0,0.0,0.0,0.0,1.0,0.0,1.0,0.0,0,0,1,7.0,0.0,14.0,4,1,417,0.0,0.000174809894240014,0.0,0.0,0.5,0.0,0.0,0.0,0.0,0.0,0.0,0.0,0.0,0.0008251057743773977,0.0,0.0008992805755395657,0.0,0.0002625821226920344,0.0002299976503837155,0.0029717682020802376,0.0007429420505200594
1418396786473934854,27,2,0,2,1,0,1,1,0,1,2.0,0.0,2.0,1.0,0.0,1.0,1.0,0.0,1.0,0.5,0.0,0.5,0.0,0,0,2,3.0,0.0,5.0,5,1,501,0.0,8.7404947120007e-5,0.0,0.0,0.3333333333333333,0.0,0.0,0.0,0.0,0.0,0.0,0.0,0.0,0.0008269935127781394,0.0,0.0008992805755395668,0.0,0.000259702569624487,0.0002763281123315143,0.003714710252600297,0.0007429420505200594
714010521817645056,3,1,0,1,1,0,1,0,0,0,1.0,0.0,1.0,1.0,0.0,1.0,0.0,0.0,0.0,1.0,0.0,1.0,0.0,0,0,1,1.0,0.0,1.0,4,1,417,0.0,4.37024735600035e-5,0.0,0.0,0.5,0.0,0.0,0.0,0.0,0.0,0.0,0.0,0.0,0.0008217365820029566,0.0,0.0008992805755395657,0.0,6.571377182795768e-5,0.0002299976503837155,0.0029717682020802376,0.0007429420505200594
602999744,1,2,0,2,1,0,1,1,0,1,2.0,0.0,2.0,1.0,0.0,1.0,1.0,0.0,1.0,0.5,0.0,0.5,0.0,0,0,2,3.0,0.0,5.0,4,1,450,0.0,8.7404947120007e-5,0.0,0.0,0.5,0.25,0.0,0.0,0.5,0.0,0.5,1.0,0.0,0.0008306505081000055,0.0,0.0008992805755395685,0.0,0.00013138220145370028,0.0002481989032917793,0.0029717682020802376,0.0007429420505200594
70560147,3,1,0,1,1,0,1,0,0,0,2.0,0.0,2.0,2.0,0.0,2.0,0.0,0.0,0.0,1.0,0.0,1.0,0.0,0,0,1,3.0,0.0,5.0,4,1,417,0.0,8.7404947120007e-5,0.0,0.0,0.5,0.0,0.0,0.0,0.0,0.0,0.0,0.0,0.0,0.0008228596461277702,0.0,0.0008992805755395657,0.0,0.00013138220145370028,0.0002299976503837155,0.0029717682020802376,0.0007429420505200594
1025513274,3,1,0,1,1,0,1,0,0,0,1.0,0.0,1.0,1.0,0.0,1.0,0.0,0.0,0.0,1.0,0.0,1.0,0.0,0,0,1,1.0,0.0,1.0,4,1,417,0.0,4.37024735600035e-5,0.0,0.0,0.5,0.0,0.0,0.0,0.0,0.0,0.0,0.0,0.0,0.0008217365820029566,0.0,0.0008992805755395657,0.0,6.571377182795768e-5,0.0002299976503837155,0.0029717682020802376,0.0007429420505200594
120154868,3,1,0,1,1,0,1,0,0,0,1.0,0.0,1.0,1.0,0.0,1.0,0.0,0.0,0.0,1.0,0.0,1.0,0.0,0,0,1,1.0,0.0,1.0,4,1,417,0.0,4.37024735600035e-5,0.0,0.0,0.5,0.0,0.0,0.0,0.0,0.0,0.0,0.0,0.0,0.0008217365820029566,0.0,0.0008992805755395657,0.0,6.571377182795768e-5,0.0002299976503837155,0.0029717682020802376,0.0007429420505200594
1295299885248389123,3,1,0,1,1,0,1,0,0,0,2.0,0.0,2.0,2.0,0.0,2.0,0.0,0.0,0.0,1.0,0.0,1.0,0.0,0,0,1,3.0,0.0,5.0,4,1,417,0.0,8.7404947120007e-5,0.0,0.0,0.5,0.0,0.0,0.0,0.0,0.0,0.0,0.0,0.0,0.0008228596461277702,0.0,0.0008992805755395657,0.0,0.00013138220145370028,0.0002299976503837155,0.0029717682020802376,0.0007429420505200594
1455562738357444625,5,3,0,3,1,0,1,2,0,2,3.0,0.0,3.0,1.0,0.0,1.0,2.0,0.0,2.0,0.3333333333333333,0.0,0.3333333333333333,0.0,0,0,3,9.0,0.0,10.0,6,1,565,0.0,0.00013110742068001048,0.0,0.0,0.25,0.0,0.0,0.0,0.0,0.0,0.0,0.0,0.0,0.0008411110003748926,0.0,0.0008992805755395683,0.0,0.0004962150093614781,0.0003116275119107896,0.004457652303120356,0.0007429420505200594
1557995564,3,1,0,1,1,0,1,0,0,0,1.0,0.0,1.0,1.0,0.0,1.0,0.0,0.0,0.0,1.0,0.0,1.0,0.0,0,0,1,1.0,0.0,1.0,4,1,417,0.0,4.37024735600035e-5,0.0,0.0,0.5,0.0,0.0,0.0,0.0,0.0,0.0,0.0,0.0,0.0008217365820029566,0.0,0.0008992805755395657,0.0,6.571377182795768e-5,0.0002299976503837155,0.0029717682020802376,0.0007429420505200594
1156734634257817600,8,3,0,3,2,0,2,1,0,1,3.0,0.0,3.0,2.0,0.0,2.0,1.0,0.0,1.0,0.6666666666666666,0.0,0.6666666666666666,0.0,0,0,3,8.0,0.0,10.0,7,1,458,0.0,0.00013110742068001048,0.0,0.0,0.3333333333333333,0.1111111111111111,0.0,0.0,0.16666666666666666,0.0,0.16666666666666666,0.3333333333333333,0.0,0.0010398117478967919,0.0,0.0008992805755395692,0.0,0.0005253761710888316,0.00025261132823918873,0.005200594353640416,0.0007429420505200594
894221184514088960,3,1,0,1,1,0,1,0,0,0,1.0,0.0,1.0,1.0,0.0,1.0,0.0,0.0,0.0,1.0,0.0,1.0,0.0,0,0,1,1.0,0.0,1.0,4,1,417,0.0,4.37024735600035e-5,0.0,0.0,0.5,0.0,0.0,0.0,0.0,0.0,0.0,0.0,0.0,0.0008217365820029566,0.0,0.0008992805755395657,0.0,6.571377182795768e-5,0.0002299976503837155,0.0029717682020802376,0.0007429420505200594
537959237,5,2,0,2,1,0,1,1,0,1,2.0,0.0,2.0,1.0,0.0,1.0,1.0,0.0,1.0,0.5,0.0,0.5,0.0,0,0,2,3.0,0.0,5.0,5,1,452,0.0,8.7404947120007e-5,0.0,0.0,0.3333333333333333,0.0,0.0,0.0,0.0,0.0,0.0,0.0,0.0,0.0008345503507674644,0.0,0.0008992805755395684,0.0,0.0002099719302438574,0.00024930200952863165,0.003714710252600297,0.0007429420505200594
373790032,27,2,0,2,1,0,1,1,0,1,2.0,0.0,2.0,1.0,0.0,1.0,1.0,0.0,1.0,0.5,0.0,0.5,0.0,0,0,2,3.0,0.0,5.0,5,1,501,0.0,8.7404947120007e-5,0.0,0.0,0.3333333333333333,0.0,0.0,0.0,0.0,0.0,0.0,0.0,0.0,0.0008269935127781394,0.0,0.0008992805755395668,0.0,0.000259702569624487,0.0002763281123315143,0.003714710252600297,0.0007429420505200594
2228161285,3,1,0,1,1,0,1,0,0,0,3.0,0.0,3.0,3.0,0.0,3.0,0.0,0.0,0.0,1.0,0.0,1.0,0.0,0,0,1,7.0,0.0,10.0,4,1,417,0.0,0.00013110742068001048,0.0,0.0,0.5,0.0,0.0,0.0,0.0,0.0,0.0,0.0,0.0,0.0008239827102525841,0.0,0.0008992805755395657,0.0,0.00019700506121589356,0.0002299976503837155,0.0029717682020802376,0.0007429420505200594
512339681,3,1,0,1,1,0,1,0,0,0,1.0,0.0,1.0,1.0,0.0,1.0,0.0,0.0,0.0,1.0,0.0,1.0,0.0,0,0,1,1.0,0.0,1.0,4,1,417,0.0,4.37024735600035e-5,0.0,0.0,0.5,0.0,0.0,0.0,0.0,0.0,0.0,0.0,0.0,0.0008217365820029566,0.0,0.0008992805755395657,0.0,6.571377182795768e-5,0.0002299976503837155,0.0029717682020802376,0.0007429420505200594
1350896789583368194,3,1,0,1,1,0,1,0,0,0,1.0,0.0,1.0,1.0,0.0,1.0,0.0,0.0,0.0,1.0,0.0,1.0,0.0,0,0,1,1.0,0.0,1.0,4,1,417,0.0,4.37024735600035e-5,0.0,0.0,0.5,0.0,0.0,0.0,0.0,0.0,0.0,0.0,0.0,0.0008217365820029566,0.0,0.0008992805755395657,0.0,6.571377182795768e-5,0.0002299976503837155,0.0029717682020802376,0.0007429420505200594
1390005001578233857,3,1,0,1,1,0,1,0,0,0,1.0,0.0,1.0,1.0,0.0,1.0,0.0,0.0,0.0,1.0,0.0,1.0,0.0,0,0,1,1.0,0.0,1.0,4,1,417,0.0,4.37024735600035e-5,0.0,0.0,0.5,0.0,0.0,0.0,0.0,0.0,0.0,0.0,0.0,0.0008217365820029566,0.0,0.0008992805755395657,0.0,6.571377182795768e-5,0.0002299976503837155,0.0029717682020802376,0.0007429420505200594
1243953799468732416,3,1,0,1,1,0,1,0,0,0,1.0,0.0,1.0,1.0,0.0,1.0,0.0,0.0,0.0,1.0,0.0,1.0,0.0,0,0,1,1.0,0.0,1.0,4,1,417,0.0,4.37024735600035e-5,0.0,0.0,0.5,0.0,0.0,0.0,0.0,0.0,0.0,0.0,0.0,0.0008217365820029566,0.0,0.0008992805755395657,0.0,6.571377182795768e-5,0.0002299976503837155,0.0029717682020802376,0.0007429420505200594
1498048308010536960,3,1,0,1,1,0,1,0,0,0,1.0,0.0,1.0,1.0,0.0,1.0,0.0,0.0,0.0,1.0,0.0,1.0,0.0,0,0,1,1.0,0.0,1.0,4,1,417,0.0,4.37024735600035e-5,0.0,0.0,0.5,0.0,0.0,0.0,0.0,0.0,0.0,0.0,0.0,0.0008217365820029566,0.0,0.0008992805755395657,0.0,6.571377182795768e-5,0.0002299976503837155,0.0029717682020802376,0.0007429420505200594
1344205880905007110,3,1,0,1,1,0,1,0,0,0,2.0,0.0,2.0,2.0,0.0,2.0,0.0,0.0,0.0,1.0,0.0,1.0,0.0,0,0,1,3.0,0.0,5.0,4,1,417,0.0,8.7404947120007e-5,0.0,0.0,0.5,0.0,0.0,0.0,0.0,0.0,0.0,0.0,0.0,0.0008228596461277702,0.0,0.0008992805755395657,0.0,0.00013138220145370028,0.0002299976503837155,0.0029717682020802376,0.0007429420505200594
1376533330141704192,3,1,0,1,1,0,1,0,0,0,1.0,0.0,1.0,1.0,0.0,1.0,0.0,0.0,0.0,1.0,0.0,1.0,0.0,0,0,1,1.0,0.0,1.0,4,1,417,0.0,4.37024735600035e-5,0.0,0.0,0.5,0.0,0.0,0.0,0.0,0.0,0.0,0.0,0.0,0.0008217365820029566,0.0,0.0008992805755395657,0.0,6.571377182795768e-5,0.0002299976503837155,0.0029717682020802376,0.0007429420505200594
816785462681542656,3,1,0,1,1,0,1,0,0,0,1.0,0.0,1.0,1.0,0.0,1.0,0.0,0.0,0.0,1.0,0.0,1.0,0.0,0,0,1,1.0,0.0,1.0,4,1,417,0.0,4.37024735600035e-5,0.0,0.0,0.5,0.0,0.0,0.0,0.0,0.0,0.0,0.0,0.0,0.0008217365820029566,0.0,0.0008992805755395657,0.0,6.571377182795768e-5,0.0002299976503837155,0.0029717682020802376,0.0007429420505200594
1475343749849153538,3,1,0,1,1,0,1,0,0,0,1.0,0.0,1.0,1.0,0.0,1.0,0.0,0.0,0.0,1.0,0.0,1.0,0.0,0,0,1,1.0,0.0,1.0,4,1,417,0.0,4.37024735600035e-5,0.0,0.0,0.5,0.0,0.0,0.0,0.0,0.0,0.0,0.0,0.0,0.0008217365820029566,0.0,0.0008992805755395657,0.0,6.571377182795768e-5,0.0002299976503837155,0.0029717682020802376,0.0007429420505200594
2591408232,3,1,0,1,1,0,1,0,0,0,1.0,0.0,1.0,1.0,0.0,1.0,0.0,0.0,0.0,1.0,0.0,1.0,0.0,0,0,1,1.0,0.0,1.0,4,1,417,0.0,4.37024735600035e-5,0.0,0.0,0.5,0.0,0.0,0.0,0.0,0.0,0.0,0.0,0.0,0.0008217365820029566,0.0,0.0008992805755395657,0.0,6.571377182795768e-5,0.0002299976503837155,0.0029717682020802376,0.0007429420505200594
1272160780532629506,3,1,0,1,1,0,1,0,0,0,2.0,0.0,2.0,2.0,0.0,2.0,0.0,0.0,0.0,1.0,0.0,1.0,0.0,0,0,1,3.0,0.0,5.0,4,1,417,0.0,8.7404947120007e-5,0.0,0.0,0.5,0.0,0.0,0.0,0.0,0.0,0.0,0.0,0.0,0.0008228596461277702,0.0,0.0008992805755395657,0.0,0.00013138220145370028,0.0002299976503837155,0.0029717682020802376,0.0007429420505200594
761424823926923266,3,1,0,1,1,0,1,0,0,0,1.0,0.0,1.0,1.0,0.0,1.0,0.0,0.0,0.0,1.0,0.0,1.0,0.0,0,0,1,1.0,0.0,1.0,4,1,417,0.0,4.37024735600035e-5,0.0,0.0,0.5,0.0,0.0,0.0,0.0,0.0,0.0,0.0,0.0,0.0008217365820029566,0.0,0.0008992805755395657,0.0,6.571377182795768e-5,0.0002299976503837155,0.0029717682020802376,0.0007429420505200594
1180151818027966465,3,1,0,1,1,0,1,0,0,0,1.0,0.0,1.0,1.0,0.0,1.0,0.0,0.0,0.0,1.0,0.0,1.0,0.0,0,0,1,1.0,0.0,1.0,4,1,417,0.0,4.37024735600035e-5,0.0,0.0,0.5,0.0,0.0,0.0,0.0,0.0,0.0,0.0,0.0,0.0008217365820029566,0.0,0.0008992805755395657,0.0,6.571377182795768e-5,0.0002299976503837155,0.0029717682020802376,0.0007429420505200594
2543309396,3,1,0,1,1,0,1,0,0,0,1.0,0.0,1.0,1.0,0.0,1.0,0.0,0.0,0.0,1.0,0.0,1.0,0.0,0,0,1,1.0,0.0,1.0,4,1,417,0.0,4.37024735600035e-5,0.0,0.0,0.5,0.0,0.0,0.0,0.0,0.0,0.0,0.0,0.0,0.0008217365820029566,0.0,0.0008992805755395657,0.0,6.571377182795768e-5,0.0002299976503837155,0.0029717682020802376,0.0007429420505200594
2502805669,3,1,0,1,1,0,1,0,0,0,1.0,0.0,1.0,1.0,0.0,1.0,0.0,0.0,0.0,1.0,0.0,1.0,0.0,0,0,1,1.0,0.0,1.0,4,1,417,0.0,4.37024735600035e-5,0.0,0.0,0.5,0.0,0.0,0.0,0.0,0.0,0.0,0.0,0.0,0.0008217365820029566,0.0,0.0008992805755395657,0.0,6.571377182795768e-5,0.0002299976503837155,0.0029717682020802376,0.0007429420505200594
773551993004646401,3,1,0,1,1,0,1,0,0,0,1.0,0.0,1.0,1.0,0.0,1.0,0.0,0.0,0.0,1.0,0.0,1.0,0.0,0,0,1,1.0,0.0,1.0,4,1,417,0.0,4.37024735600035e-5,0.0,0.0,0.5,0.0,0.0,0.0,0.0,0.0,0.0,0.0,0.0,0.0008217365820029566,0.0,0.0008992805755395657,0.0,6.571377182795768e-5,0.0002299976503837155,0.0029717682020802376,0.0007429420505200594
1297519387222708225,3,1,0,1,1,0,1,0,0,0,1.0,0.0,1.0,1.0,0.0,1.0,0.0,0.0,0.0,1.0,0.0,1.0,0.0,0,0,1,1.0,0.0,1.0,4,1,417,0.0,4.37024735600035e-5,0.0,0.0,0.5,0.0,0.0,0.0,0.0,0.0,0.0,0.0,0.0,0.0008217365820029566,0.0,0.0008992805755395657,0.0,6.571377182795768e-5,0.0002299976503837155,0.0029717682020802376,0.0007429420505200594
1081840114828017664,3,1,0,1,1,0,1,0,0,0,1.0,0.0,1.0,1.0,0.0,1.0,0.0,0.0,0.0,1.0,0.0,1.0,0.0,0,0,1,1.0,0.0,1.0,4,1,417,0.0,4.37024735600035e-5,0.0,0.0,0.5,0.0,0.0,0.0,0.0,0.0,0.0,0.0,0.0,0.0008217365820029566,0.0,0.0008992805755395657,0.0,6.571377182795768e-5,0.0002299976503837155,0.0029717682020802376,0.0007429420505200594
514005773,3,1,0,1,1,0,1,0,0,0,1.0,0.0,1.0,1.0,0.0,1.0,0.0,0.0,0.0,1.0,0.0,1.0,0.0,0,0,1,1.0,0.0,1.0,4,1,417,0.0,4.37024735600035e-5,0.0,0.0,0.5,0.0,0.0,0.0,0.0,0.0,0.0,0.0,0.0,0.0008217365820029566,0.0,0.0008992805755395657,0.0,6.571377182795768e-5,0.0002299976503837155,0.0029717682020802376,0.0007429420505200594
1506382414309904384,3,1,0,1,1,0,1,0,0,0,1.0,0.0,1.0,1.0,0.0,1.0,0.0,0.0,0.0,1.0,0.0,1.0,0.0,0,0,1,1.0,0.0,1.0,4,1,417,0.0,4.37024735600035e-5,0.0,0.0,0.5,0.0,0.0,0.0,0.0,0.0,0.0,0.0,0.0,0.0008217365820029566,0.0,0.0008992805755395657,0.0,6.571377182795768e-5,0.0002299976503837155,0.0029717682020802376,0.0007429420505200594
870812067846012928,3,1,0,1,1,0,1,0,0,0,1.0,0.0,1.0,1.0,0.0,1.0,0.0,0.0,0.0,1.0,0.0,1.0,0.0,0,0,1,1.0,0.0,1.0,4,1,417,0.0,4.37024735600035e-5,0.0,0.0,0.5,0.0,0.0,0.0,0.0,0.0,0.0,0.0,0.0,0.0008217365820029566,0.0,0.0008992805755395657,0.0,6.571377182795768e-5,0.0002299976503837155,0.0029717682020802376,0.0007429420505200594
506912325,3,1,0,1,1,0,1,0,0,0,5.0,0.0,5.0,5.0,0.0,5.0,0.0,0.0,0.0,1.0,0.0,1.0,0.0,0,0,1,7.0,0.0,17.0,4,1,417,0.0,0.0002185123678000175,0.0,0.0,0.5,0.0,0.0,0.0,0.0,0.0,0.0,0.0,0.0,0.0008262288385022114,0.0,0.0008992805755395658,0.0,0.00032811315669500907,0.0002299976503837155,0.0029717682020802376,0.0007429420505200594
876539157060833280,3,1,0,1,1,0,1,0,0,0,2.0,0.0,2.0,2.0,0.0,2.0,0.0,0.0,0.0,1.0,0.0,1.0,0.0,0,0,1,3.0,0.0,5.0,4,1,417,0.0,8.7404947120007e-5,0.0,0.0,0.5,0.0,0.0,0.0,0.0,0.0,0.0,0.0,0.0,0.0008228596461277702,0.0,0.0008992805755395657,0.0,0.00013138220145370028,0.0002299976503837155,0.0029717682020802376,0.0007429420505200594
1312049760317120513,3,1,0,1,1,0,1,0,0,0,8.0,0.0,8.0,8.0,0.0,8.0,0.0,0.0,0.0,1.0,0.0,1.0,0.0,0,0,1,7.0,0.0,23.0,4,1,417,0.0,0.000349619788480028,0.0,0.0,0.5,0.0,0.0,0.0,0.0,0.0,0.0,0.0,0.0,0.0008295980308766524,0.0,0.0008992805755395657,0.0,0.0005244277904727923,0.0002299976503837155,0.0029717682020802376,0.0007429420505200594
2951501725,3,1,0,1,1,0,1,0,0,0,1.0,0.0,1.0,1.0,0.0,1.0,0.0,0.0,0.0,1.0,0.0,1.0,0.0,0,0,1,1.0,0.0,1.0,4,1,417,0.0,4.37024735600035e-5,0.0,0.0,0.5,0.0,0.0,0.0,0.0,0.0,0.0,0.0,0.0,0.0008217365820029566,0.0,0.0008992805755395657,0.0,6.571377182795768e-5,0.0002299976503837155,0.0029717682020802376,0.0007429420505200594
2888152751,27,2,0,2,1,0,1,1,0,1,2.0,0.0,2.0,1.0,0.0,1.0,1.0,0.0,1.0,0.5,0.0,0.5,0.0,0,0,2,3.0,0.0,5.0,5,1,439,0.0,8.7404947120007e-5,0.0,0.0,0.3333333333333333,0.0,0.0,0.0,0.0,0.0,0.0,0.0,0.0,0.0008422386120261694,0.0,0.000899280575539568,0.0,0.000259702569624487,0.0002421318189890914,0.003714710252600297,0.0007429420505200594
4861315633,3,1,0,1,1,0,1,0,0,0,2.0,0.0,2.0,2.0,0.0,2.0,0.0,0.0,0.0,1.0,0.0,1.0,0.0,0,0,1,3.0,0.0,5.0,4,1,417,0.0,8.7404947120007e-5,0.0,0.0,0.5,0.0,0.0,0.0,0.0,0.0,0.0,0.0,0.0,0.0008228596461277702,0.0,0.0008992805755395657,0.0,0.00013138220145370028,0.0002299976503837155,0.0029717682020802376,0.0007429420505200594
973747534593167360,3,1,0,1,1,0,1,0,0,0,2.0,0.0,2.0,2.0,0.0,2.0,0.0,0.0,0.0,1.0,0.0,1.0,0.0,0,0,1,3.0,0.0,5.0,4,1,417,0.0,8.7404947120007e-5,0.0,0.0,0.5,0.0,0.0,0.0,0.0,0.0,0.0,0.0,0.0,0.0008228596461277702,0.0,0.0008992805755395657,0.0,0.00013138220145370028,0.0002299976503837155,0.0029717682020802376,0.0007429420505200594
1305951967722831872,3,1,0,1,1,0,1,0,0,0,1.0,0.0,1.0,1.0,0.0,1.0,0.0,0.0,0.0,1.0,0.0,1.0,0.0,0,0,1,1.0,0.0,1.0,4,1,417,0.0,4.37024735600035e-5,0.0,0.0,0.5,0.0,0.0,0.0,0.0,0.0,0.0,0.0,0.0,0.0008217365820029566,0.0,0.0008992805755395657,0.0,6.571377182795768e-5,0.0002299976503837155,0.0029717682020802376,0.0007429420505200594
1257299843950641153,3,1,0,1,1,0,1,0,0,0,1.0,0.0,1.0,1.0,0.0,1.0,0.0,0.0,0.0,1.0,0.0,1.0,0.0,0,0,1,1.0,0.0,1.0,4,1,417,0.0,4.37024735600035e-5,0.0,0.0,0.5,0.0,0.0,0.0,0.0,0.0,0.0,0.0,0.0,0.0008217365820029566,0.0,0.0008992805755395657,0.0,6.571377182795768e-5,0.0002299976503837155,0.0029717682020802376,0.0007429420505200594
3051148496,3,1,0,1,1,0,1,0,0,0,3.0,0.0,3.0,3.0,0.0,3.0,0.0,0.0,0.0,1.0,0.0,1.0,0.0,0,0,1,7.0,0.0,10.0,4,1,417,0.0,0.00013110742068001048,0.0,0.0,0.5,0.0,0.0,0.0,0.0,0.0,0.0,0.0,0.0,0.0008239827102525841,0.0,0.0008992805755395657,0.0,0.00019700506121589356,0.0002299976503837155,0.0029717682020802376,0.0007429420505200594
1513182555209707520,27,2,0,2,1,0,1,1,0,1,2.0,0.0,2.0,1.0,0.0,1.0,1.0,0.0,1.0,0.5,0.0,0.5,0.0,0,0,2,3.0,0.0,5.0,5,1,501,0.0,8.7404947120007e-5,0.0,0.0,0.3333333333333333,0.0,0.0,0.0,0.0,0.0,0.0,0.0,0.0,0.0008269935127781394,0.0,0.0008992805755395668,0.0,0.000259702569624487,0.0002763281123315143,0.003714710252600297,0.0007429420505200594
4524190600,3,1,0,1,1,0,1,0,0,0,1.0,0.0,1.0,1.0,0.0,1.0,0.0,0.0,0.0,1.0,0.0,1.0,0.0,0,0,1,1.0,0.0,1.0,4,1,417,0.0,4.37024735600035e-5,0.0,0.0,0.5,0.0,0.0,0.0,0.0,0.0,0.0,0.0,0.0,0.0008217365820029566,0.0,0.0008992805755395657,0.0,6.571377182795768e-5,0.0002299976503837155,0.0029717682020802376,0.0007429420505200594
1433556140051157005,3,1,0,1,1,0,1,0,0,0,1.0,0.0,1.0,1.0,0.0,1.0,0.0,0.0,0.0,1.0,0.0,1.0,0.0,0,0,1,1.0,0.0,1.0,4,1,417,0.0,4.37024735600035e-5,0.0,0.0,0.5,0.0,0.0,0.0,0.0,0.0,0.0,0.0,0.0,0.0008217365820029566,0.0,0.0008992805755395657,0.0,6.571377182795768e-5,0.0002299976503837155,0.0029717682020802376,0.0007429420505200594
1510023002137800704,3,1,0,1,1,0,1,0,0,0,1.0,0.0,1.0,1.0,0.0,1.0,0.0,0.0,0.0,1.0,0.0,1.0,0.0,0,0,1,1.0,0.0,1.0,4,1,417,0.0,4.37024735600035e-5,0.0,0.0,0.5,0.0,0.0,0.0,0.0,0.0,0.0,0.0,0.0,0.0008217365820029566,0.0,0.0008992805755395657,0.0,6.571377182795768e-5,0.0002299976503837155,0.0029717682020802376,0.0007429420505200594
140415438,3,1,0,1,1,0,1,0,0,0,1.0,0.0,1.0,1.0,0.0,1.0,0.0,0.0,0.0,1.0,0.0,1.0,0.0,0,0,1,1.0,0.0,1.0,4,1,417,0.0,4.37024735600035e-5,0.0,0.0,0.5,0.0,0.0,0.0,0.0,0.0,0.0,0.0,0.0,0.0008217365820029566,0.0,0.0008992805755395657,0.0,6.571377182795768e-5,0.0002299976503837155,0.0029717682020802376,0.0007429420505200594
31579874,7,3,0,3,1,0,1,2,0,2,3.0,0.0,3.0,1.0,0.0,1.0,2.0,0.0,2.0,0.3333333333333333,0.0,0.3333333333333333,0.0,0,0,3,9.0,0.0,10.0,6,1,538,0.0,0.00013110742068001048,0.0,0.0,0.25,0.0,0.0,0.0,0.0,0.0,0.0,0.0,0.0,0.0008437298638174966,0.0,0.0008992805755395684,0.0,0.00047888260056017096,0.0002967355777132828,0.004457652303120356,0.0007429420505200594
1309505310206439430,29,3,0,3,1,0,1,2,0,2,3.0,0.0,3.0,1.0,0.0,1.0,2.0,0.0,2.0,0.3333333333333333,0.0,0.3333333333333333,0.0,0,0,3,9.0,0.0,10.0,6,1,612,0.0,0.00013110742068001048,0.0,0.0,0.25,0.0,0.0,0.0,0.0,0.0,0.0,0.0,0.0,0.0008335541623855673,0.0,0.0008992805755395673,0.0,0.0005278404946150728,0.0003375505084768199,0.004457652303120356,0.0007429420505200594
50960481,3,1,0,1,1,0,1,0,0,0,2.0,0.0,2.0,2.0,0.0,2.0,0.0,0.0,0.0,1.0,0.0,1.0,0.0,0,0,1,3.0,0.0,5.0,4,1,417,0.0,8.7404947120007e-5,0.0,0.0,0.5,0.0,0.0,0.0,0.0,0.0,0.0,0.0,0.0,0.0008228596461277702,0.0,0.0008992805755395657,0.0,0.00013138220145370028,0.0002299976503837155,0.0029717682020802376,0.0007429420505200594
3197436926,8,3,0,3,1,0,1,2,0,2,5.0,0.0,5.0,2.0,0.0,2.0,3.0,0.0,3.0,0.3333333333333333,0.0,0.4,0.0,0,0,3,8.0,0.0,17.0,6,1,487,0.0,0.0002185123678000175,0.0,0.0,0.4166666666666667,0.2222222222222222,0.0,0.0,0.35,0.0,0.35,0.7,0.0,0.000857883303548238,0.0,0.000899280575539569,0.0,0.0009280150694914724,0.00026860636867354786,0.004457652303120356,0.0007429420505200594
59872846,1,3,0,3,1,0,1,2,0,2,6.0,0.0,6.0,2.0,0.0,2.0,4.0,0.0,4.0,0.3333333333333333,0.0,0.3333333333333333,0.0,0,0,3,10.0,0.0,19.0,5,1,456,0.0,0.00026221484136002097,0.0,0.0,0.3333333333333333,0.1111111111111111,0.0,0.0,0.20833333333333334,0.0,0.20833333333333334,0.4166666666666667,0.0,0.0008873706291649322,0.0,0.0008992805755395684,0.0,0.000760050396608758,0.0002515082220023364,0.003714710252600297,0.0007429420505200594
1348136616058114048,3,1,0,1,1,0,1,0,0,0,7.0,0.0,7.0,7.0,0.0,7.0,0.0,0.0,0.0,1.0,0.0,1.0,0.0,0,0,1,7.0,0.0,22.0,4,1,417,0.0,0.00030591731492002447,0.0,0.0,0.5,0.0,0.0,0.0,0.0,0.0,0.0,0.0,0.0,0.0008284749667518389,0.0,0.0008992805755395656,0.0,0.00045903622169507496,0.0002299976503837155,0.0029717682020802376,0.0007429420505200594
810851798504402944,3,1,0,1,1,0,1,0,0,0,1.0,0.0,1.0,1.0,0.0,1.0,0.0,0.0,0.0,1.0,0.0,1.0,0.0,0,0,1,1.0,0.0,1.0,4,1,417,0.0,4.37024735600035e-5,0.0,0.0,0.5,0.0,0.0,0.0,0.0,0.0,0.0,0.0,0.0,0.0008217365820029566,0.0,0.0008992805755395657,0.0,6.571377182795768e-5,0.0002299976503837155,0.0029717682020802376,0.0007429420505200594
723351122048491523,3,1,0,1,1,0,1,0,0,0,2.0,0.0,2.0,2.0,0.0,2.0,0.0,0.0,0.0,1.0,0.0,1.0,0.0,0,0,1,3.0,0.0,5.0,4,1,417,0.0,8.7404947120007e-5,0.0,0.0,0.5,0.0,0.0,0.0,0.0,0.0,0.0,0.0,0.0,0.0008228596461277702,0.0,0.0008992805755395657,0.0,0.00013138220145370028,0.0002299976503837155,0.0029717682020802376,0.0007429420505200594
1087550051574902787,8,2,0,2,1,0,1,1,0,1,2.0,0.0,2.0,1.0,0.0,1.0,1.0,0.0,1.0,0.5,0.0,0.5,0.0,0,0,2,3.0,0.0,5.0,5,1,423,0.0,8.7404947120007e-5,0.0,0.0,0.3333333333333333,0.0,0.0,0.0,0.0,0.0,0.0,0.0,0.0,0.000867296648721207,0.0,0.0008992805755395679,0.0,0.00024837777055763954,0.00023330696909427257,0.003714710252600297,0.0007429420505200594
4434425412,3,1,0,1,1,0,1,0,0,0,1.0,0.0,1.0,1.0,0.0,1.0,0.0,0.0,0.0,1.0,0.0,1.0,0.0,0,0,1,1.0,0.0,1.0,4,1,417,0.0,4.37024735600035e-5,0.0,0.0,0.5,0.0,0.0,0.0,0.0,0.0,0.0,0.0,0.0,0.0008217365820029566,0.0,0.0008992805755395657,0.0,6.571377182795768e-5,0.0002299976503837155,0.0029717682020802376,0.0007429420505200594
1233519965984174082,3,1,0,1,1,0,1,0,0,0,1.0,0.0,1.0,1.0,0.0,1.0,0.0,0.0,0.0,1.0,0.0,1.0,0.0,0,0,1,1.0,0.0,1.0,4,1,417,0.0,4.37024735600035e-5,0.0,0.0,0.5,0.0,0.0,0.0,0.0,0.0,0.0,0.0,0.0,0.0008217365820029566,0.0,0.0008992805755395657,0.0,6.571377182795768e-5,0.0002299976503837155,0.0029717682020802376,0.0007429420505200594
1369845164408246274,3,1,0,1,1,0,1,0,0,0,1.0,0.0,1.0,1.0,0.0,1.0,0.0,0.0,0.0,1.0,0.0,1.0,0.0,0,0,1,1.0,0.0,1.0,4,1,417,0.0,4.37024735600035e-5,0.0,0.0,0.5,0.0,0.0,0.0,0.0,0.0,0.0,0.0,0.0,0.0008217365820029566,0.0,0.0008992805755395657,0.0,6.571377182795768e-5,0.0002299976503837155,0.0029717682020802376,0.0007429420505200594
890399937455902722,3,1,0,1,1,0,1,0,0,0,3.0,0.0,3.0,3.0,0.0,3.0,0.0,0.0,0.0,1.0,0.0,1.0,0.0,0,0,1,7.0,0.0,10.0,4,1,417,0.0,0.00013110742068001048,0.0,0.0,0.5,0.0,0.0,0.0,0.0,0.0,0.0,0.0,0.0,0.0008239827102525841,0.0,0.0008992805755395657,0.0,0.00019700506121589356,0.0002299976503837155,0.0029717682020802376,0.0007429420505200594
114901297,3,2,0,2,1,0,1,1,0,1,7.0,0.0,7.0,6.0,0.0,6.0,1.0,0.0,1.0,0.5,0.0,0.8571428571428571,0.0,0,0,2,8.0,0.0,22.0,4,1,450,0.0,0.00030591731492002447,0.0,0.0,0.5,0.25,0.0,0.0,0.5,0.0,0.5,1.0,0.0,0.0008362658287240741,0.0,0.0008992805755395664,0.0,0.00045903622169507496,0.0002481989032917793,0.0029717682020802376,0.0007429420505200594
1404797569386045448,3,1,0,1,1,0,1,0,0,0,2.0,0.0,2.0,2.0,0.0,2.0,0.0,0.0,0.0,1.0,0.0,1.0,0.0,0,0,1,3.0,0.0,5.0,4,1,417,0.0,8.7404947120007e-5,0.0,0.0,0.5,0.0,0.0,0.0,0.0,0.0,0.0,0.0,0.0,0.0008228596461277702,0.0,0.0008992805755395657,0.0,0.00013138220145370028,0.0002299976503837155,0.0029717682020802376,0.0007429420505200594
829130191532220416,8,3,0,3,2,0,2,1,0,1,3.0,0.0,3.0,2.0,0.0,2.0,1.0,0.0,1.0,0.6666666666666666,0.0,0.6666666666666666,0.0,0,0,3,8.0,0.0,10.0,6,1,460,0.0,0.00013110742068001048,0.0,0.0,0.4166666666666667,0.2222222222222222,0.0,0.0,0.3333333333333333,0.0,0.3333333333333333,0.6666666666666666,0.0,0.0008803515143829163,0.0,0.000899280575539569,0.0,6.547179300242512e-5,0.00025371443447604107,0.004457652303120356,0.0007429420505200594
1450646610757636100,3,1,0,1,1,0,1,0,0,0,3.0,0.0,3.0,3.0,0.0,3.0,0.0,0.0,0.0,1.0,0.0,1.0,0.0,0,0,1,7.0,0.0,10.0,4,1,417,0.0,0.00013110742068001048,0.0,0.0,0.5,0.0,0.0,0.0,0.0,0.0,0.0,0.0,0.0,0.0008239827102525841,0.0,0.0008992805755395657,0.0,0.00019700506121589356,0.0002299976503837155,0.0029717682020802376,0.0007429420505200594
1260901057565204480,3,1,0,1,1,0,1,0,0,0,1.0,0.0,1.0,1.0,0.0,1.0,0.0,0.0,0.0,1.0,0.0,1.0,0.0,0,0,1,1.0,0.0,1.0,4,1,417,0.0,4.37024735600035e-5,0.0,0.0,0.5,0.0,0.0,0.0,0.0,0.0,0.0,0.0,0.0,0.0008217365820029566,0.0,0.0008992805755395657,0.0,6.571377182795768e-5,0.0002299976503837155,0.0029717682020802376,0.0007429420505200594
1273459368890191874,3,1,0,1,1,0,1,0,0,0,1.0,0.0,1.0,1.0,0.0,1.0,0.0,0.0,0.0,1.0,0.0,1.0,0.0,0,0,1,1.0,0.0,1.0,4,1,417,0.0,4.37024735600035e-5,0.0,0.0,0.5,0.0,0.0,0.0,0.0,0.0,0.0,0.0,0.0,0.0008217365820029566,0.0,0.0008992805755395657,0.0,6.571377182795768e-5,0.0002299976503837155,0.0029717682020802376,0.0007429420505200594
1181304724466868224,3,1,0,1,1,0,1,0,0,0,1.0,0.0,1.0,1.0,0.0,1.0,0.0,0.0,0.0,1.0,0.0,1.0,0.0,0,0,1,1.0,0.0,1.0,4,1,417,0.0,4.37024735600035e-5,0.0,0.0,0.5,0.0,0.0,0.0,0.0,0.0,0.0,0.0,0.0,0.0008217365820029566,0.0,0.0008992805755395657,0.0,6.571377182795768e-5,0.0002299976503837155,0.0029717682020802376,0.0007429420505200594
1512446661070622721,3,1,0,1,1,0,1,0,0,0,1.0,0.0,1.0,1.0,0.0,1.0,0.0,0.0,0.0,1.0,0.0,1.0,0.0,0,0,1,1.0,0.0,1.0,4,1,417,0.0,4.37024735600035e-5,0.0,0.0,0.5,0.0,0.0,0.0,0.0,0.0,0.0,0.0,0.0,0.0008217365820029566,0.0,0.0008992805755395657,0.0,6.571377182795768e-5,0.0002299976503837155,0.0029717682020802376,0.0007429420505200594
2189425016,5,2,0,2,1,0,1,1,0,1,2.0,0.0,2.0,1.0,0.0,1.0,1.0,0.0,1.0,0.5,0.0,0.5,0.0,0,0,2,3.0,0.0,5.0,5,1,452,0.0,8.7404947120007e-5,0.0,0.0,0.3333333333333333,0.0,0.0,0.0,0.0,0.0,0.0,0.0,0.0,0.0008345503507674644,0.0,0.0008992805755395684,0.0,0.0002099719302438574,0.00024930200952863165,0.003714710252600297,0.0007429420505200594
1334806362245783552,3,1,0,1,1,0,1,0,0,0,1.0,0.0,1.0,1.0,0.0,1.0,0.0,0.0,0.0,1.0,0.0,1.0,0.0,0,0,1,1.0,0.0,1.0,4,1,417,0.0,4.37024735600035e-5,0.0,0.0,0.5,0.0,0.0,0.0,0.0,0.0,0.0,0.0,0.0,0.0008217365820029566,0.0,0.0008992805755395657,0.0,6.571377182795768e-5,0.0002299976503837155,0.0029717682020802376,0.0007429420505200594
1642872914,3,1,0,1,1,0,1,0,0,0,1.0,0.0,1.0,1.0,0.0,1.0,0.0,0.0,0.0,1.0,0.0,1.0,0.0,0,0,1,1.0,0.0,1.0,4,1,417,0.0,4.37024735600035e-5,0.0,0.0,0.5,0.0,0.0,0.0,0.0,0.0,0.0,0.0,0.0,0.0008217365820029566,0.0,0.0008992805755395657,0.0,6.571377182795768e-5,0.0002299976503837155,0.0029717682020802376,0.0007429420505200594
70926181,3,1,0,1,1,0,1,0,0,0,1.0,0.0,1.0,1.0,0.0,1.0,0.0,0.0,0.0,1.0,0.0,1.0,0.0,0,0,1,1.0,0.0,1.0,4,1,417,0.0,4.37024735600035e-5,0.0,0.0,0.5,0.0,0.0,0.0,0.0,0.0,0.0,0.0,0.0,0.0008217365820029566,0.0,0.0008992805755395657,0.0,6.571377182795768e-5,0.0002299976503837155,0.0029717682020802376,0.0007429420505200594
1497649906688958472,3,1,0,1,1,0,1,0,0,0,1.0,0.0,1.0,1.0,0.0,1.0,0.0,0.0,0.0,1.0,0.0,1.0,0.0,0,0,1,1.0,0.0,1.0,4,1,417,0.0,4.37024735600035e-5,0.0,0.0,0.5,0.0,0.0,0.0,0.0,0.0,0.0,0.0,0.0,0.0008217365820029566,0.0,0.0008992805755395657,0.0,6.571377182795768e-5,0.0002299976503837155,0.0029717682020802376,0.0007429420505200594
455795822,3,1,0,1,1,0,1,0,0,0,2.0,0.0,2.0,2.0,0.0,2.0,0.0,0.0,0.0,1.0,0.0,1.0,0.0,0,0,1,3.0,0.0,5.0,4,1,417,0.0,8.7404947120007e-5,0.0,0.0,0.5,0.0,0.0,0.0,0.0,0.0,0.0,0.0,0.0,0.0008228596461277702,0.0,0.0008992805755395657,0.0,0.00013138220145370028,0.0002299976503837155,0.0029717682020802376,0.0007429420505200594
1512372368882036742,3,1,0,1,1,0,1,0,0,0,3.0,0.0,3.0,3.0,0.0,3.0,0.0,0.0,0.0,1.0,0.0,1.0,0.0,0,0,1,7.0,0.0,10.0,4,1,417,0.0,0.00013110742068001048,0.0,0.0,0.5,0.0,0.0,0.0,0.0,0.0,0.0,0.0,0.0,0.0008239827102525841,0.0,0.0008992805755395657,0.0,0.00019700506121589356,0.0002299976503837155,0.0029717682020802376,0.0007429420505200594
3952728313,3,1,0,1,1,0,1,0,0,0,1.0,0.0,1.0,1.0,0.0,1.0,0.0,0.0,0.0,1.0,0.0,1.0,0.0,0,0,1,1.0,0.0,1.0,4,1,417,0.0,4.37024735600035e-5,0.0,0.0,0.5,0.0,0.0,0.0,0.0,0.0,0.0,0.0,0.0,0.0008217365820029566,0.0,0.0008992805755395657,0.0,6.571377182795768e-5,0.0002299976503837155,0.0029717682020802376,0.0007429420505200594
827804009469661185,3,1,0,1,1,0,1,0,0,0,1.0,0.0,1.0,1.0,0.0,1.0,0.0,0.0,0.0,1.0,0.0,1.0,0.0,0,0,1,1.0,0.0,1.0,4,1,417,0.0,4.37024735600035e-5,0.0,0.0,0.5,0.0,0.0,0.0,0.0,0.0,0.0,0.0,0.0,0.0008217365820029566,0.0,0.0008992805755395657,0.0,6.571377182795768e-5,0.0002299976503837155,0.0029717682020802376,0.0007429420505200594
2791953405,1,2,0,2,1,0,1,1,0,1,2.0,0.0,2.0,1.0,0.0,1.0,1.0,0.0,1.0,0.5,0.0,0.5,0.0,0,0,2,3.0,0.0,5.0,4,1,450,0.0,8.7404947120007e-5,0.0,0.0,0.5,0.25,0.0,0.0,0.5,0.0,0.5,1.0,0.0,0.0008306505081000055,0.0,0.0008992805755395685,0.0,0.00013138220145370028,0.0002481989032917793,0.0029717682020802376,0.0007429420505200594
121621270,3,1,0,1,1,0,1,0,0,0,1.0,0.0,1.0,1.0,0.0,1.0,0.0,0.0,0.0,1.0,0.0,1.0,0.0,0,0,1,1.0,0.0,1.0,4,1,417,0.0,4.37024735600035e-5,0.0,0.0,0.5,0.0,0.0,0.0,0.0,0.0,0.0,0.0,0.0,0.0008217365820029566,0.0,0.0008992805755395657,0.0,6.571377182795768e-5,0.0002299976503837155,0.0029717682020802376,0.0007429420505200594
262425295,27,5,0,5,1,0,1,4,0,4,5.0,0.0,5.0,1.0,0.0,1.0,4.0,0.0,4.0,0.2,0.0,0.2,0.0,0,0,5,11.0,0.0,17.0,7,1,617,0.0,0.0002185123678000175,0.0,0.0,0.2,0.04,0.0,0.0,0.05,0.0,0.05,0.1,0.0,0.000870526956495154,0.0,0.0008992805755395693,0.0,0.0012961593005479388,0.00034030827406895074,0.005200594353640416,0.0007429420505200594
2881789926,2,3,0,3,2,0,2,1,0,1,3.0,0.0,3.0,2.0,0.0,2.0,1.0,0.0,1.0,0.6666666666666666,0.0,0.6666666666666666,0.0,0,0,3,8.0,0.0,10.0,6,1,481,0.0,0.00013110742068001048,0.0,0.0,0.4166666666666667,0.2222222222222222,0.0,0.0,0.3333333333333333,0.0,0.3333333333333333,0.6666666666666666,0.0,0.0008565262174476358,0.0,0.0008992805755395693,0.0,2.809621952093444e-5,0.0002652970499629908,0.004457652303120356,0.0007429420505200594
1352231142,1,2,0,2,1,0,1,1,0,1,2.0,0.0,2.0,1.0,0.0,1.0,1.0,0.0,1.0,0.5,0.0,0.5,0.0,0,0,2,3.0,0.0,5.0,4,1,450,0.0,8.7404947120007e-5,0.0,0.0,0.5,0.25,0.0,0.0,0.5,0.0,0.5,1.0,0.0,0.0008306505081000055,0.0,0.0008992805755395685,0.0,0.00013138220145370028,0.0002481989032917793,0.0029717682020802376,0.0007429420505200594
1458556085028388864,3,1,0,1,1,0,1,0,0,0,1.0,0.0,1.0,1.0,0.0,1.0,0.0,0.0,0.0,1.0,0.0,1.0,0.0,0,0,1,1.0,0.0,1.0,4,1,417,0.0,4.37024735600035e-5,0.0,0.0,0.5,0.0,0.0,0.0,0.0,0.0,0.0,0.0,0.0,0.0008217365820029566,0.0,0.0008992805755395657,0.0,6.571377182795768e-5,0.0002299976503837155,0.0029717682020802376,0.0007429420505200594
841850514849517569,1,2,0,2,1,0,1,1,0,1,3.0,0.0,3.0,2.0,0.0,2.0,1.0,0.0,1.0,0.5,0.0,0.6666666666666666,0.0,0,0,2,9.0,0.0,10.0,4,1,450,0.0,0.00013110742068001048,0.0,0.0,0.5,0.25,0.0,0.0,0.5,0.0,0.5,1.0,0.0,0.0008395644341970544,0.0,0.0008992805755395696,0.0,0.00019700506121589356,0.0002481989032917793,0.0029717682020802376,0.0007429420505200594
1137331911313899520,3,2,0,2,1,0,1,1,0,1,4.0,0.0,4.0,3.0,0.0,3.0,1.0,0.0,1.0,0.5,0.0,0.75,0.0,0,0,2,8.0,0.0,14.0,4,1,450,0.0,0.000174809894240014,0.0,0.0,0.5,0.25,0.0,0.0,0.5,0.0,0.5,1.0,0.0,0.000832896636349633,0.0,0.0008992805755395671,0.0,0.0002625821226920344,0.0002481989032917793,0.0029717682020802376,0.0007429420505200594
533315713,3,1,0,1,1,0,1,0,0,0,1.0,0.0,1.0,1.0,0.0,1.0,0.0,0.0,0.0,1.0,0.0,1.0,0.0,0,0,1,1.0,0.0,1.0,4,1,417,0.0,4.37024735600035e-5,0.0,0.0,0.5,0.0,0.0,0.0,0.0,0.0,0.0,0.0,0.0,0.0008217365820029566,0.0,0.0008992805755395657,0.0,6.571377182795768e-5,0.0002299976503837155,0.0029717682020802376,0.0007429420505200594
852503424,3,1,0,1,1,0,1,0,0,0,1.0,0.0,1.0,1.0,0.0,1.0,0.0,0.0,0.0,1.0,0.0,1.0,0.0,0,0,1,1.0,0.0,1.0,4,1,417,0.0,4.37024735600035e-5,0.0,0.0,0.5,0.0,0.0,0.0,0.0,0.0,0.0,0.0,0.0,0.0008217365820029566,0.0,0.0008992805755395657,0.0,6.571377182795768e-5,0.0002299976503837155,0.0029717682020802376,0.0007429420505200594
1281554674428997632,3,1,0,1,1,0,1,0,0,0,1.0,0.0,1.0,1.0,0.0,1.0,0.0,0.0,0.0,1.0,0.0,1.0,0.0,0,0,1,1.0,0.0,1.0,4,1,417,0.0,4.37024735600035e-5,0.0,0.0,0.5,0.0,0.0,0.0,0.0,0.0,0.0,0.0,0.0,0.0008217365820029566,0.0,0.0008992805755395657,0.0,6.571377182795768e-5,0.0002299976503837155,0.0029717682020802376,0.0007429420505200594
135656924,3,1,0,1,1,0,1,0,0,0,1.0,0.0,1.0,1.0,0.0,1.0,0.0,0.0,0.0,1.0,0.0,1.0,0.0,0,0,1,1.0,0.0,1.0,4,1,417,0.0,4.37024735600035e-5,0.0,0.0,0.5,0.0,0.0,0.0,0.0,0.0,0.0,0.0,0.0,0.0008217365820029566,0.0,0.0008992805755395657,0.0,6.571377182795768e-5,0.0002299976503837155,0.0029717682020802376,0.0007429420505200594
721667688318152705,3,1,0,1,1,0,1,0,0,0,1.0,0.0,1.0,1.0,0.0,1.0,0.0,0.0,0.0,1.0,0.0,1.0,0.0,0,0,1,1.0,0.0,1.0,4,1,417,0.0,4.37024735600035e-5,0.0,0.0,0.5,0.0,0.0,0.0,0.0,0.0,0.0,0.0,0.0,0.0008217365820029566,0.0,0.0008992805755395657,0.0,6.571377182795768e-5,0.0002299976503837155,0.0029717682020802376,0.0007429420505200594
248114547,3,1,0,1,1,0,1,0,0,0,2.0,0.0,2.0,2.0,0.0,2.0,0.0,0.0,0.0,1.0,0.0,1.0,0.0,0,0,1,3.0,0.0,5.0,4,1,417,0.0,8.7404947120007e-5,0.0,0.0,0.5,0.0,0.0,0.0,0.0,0.0,0.0,0.0,0.0,0.0008228596461277702,0.0,0.0008992805755395657,0.0,0.00013138220145370028,0.0002299976503837155,0.0029717682020802376,0.0007429420505200594
1458746884491673601,3,2,0,2,1,0,1,1,0,1,5.0,0.0,5.0,4.0,0.0,4.0,1.0,0.0,1.0,0.5,0.0,0.8,0.0,0,0,2,8.0,0.0,17.0,5,1,439,0.0,0.0002185123678000175,0.0,0.0,0.3333333333333333,0.0,0.0,0.0,0.0,0.0,0.0,0.0,0.0,0.0008456078044006103,0.0,0.0008992805755395667,0.0,0.0006980681018082802,0.0002421318189890914,0.003714710252600297,0.0007429420505200594
116056117,1,3,0,3,1,0,1,2,0,2,4.0,0.0,4.0,1.0,0.0,1.0,3.0,0.0,3.0,0.3333333333333333,0.0,0.25,0.0,0,0,3,9.0,0.0,14.0,5,1,496,0.0,0.000174809894240014,0.0,0.0,0.3333333333333333,0.1111111111111111,0.0,0.0,0.1875,0.0,0.1875,0.375,0.0,0.0008398135839986281,0.0,0.0008992805755395686,0.0,0.0006209854143068849,0.0002735703467393834,0.003714710252600297,0.0007429420505200594
1111434851079675904,3,1,0,1,1,0,1,0,0,0,1.0,0.0,1.0,1.0,0.0,1.0,0.0,0.0,0.0,1.0,0.0,1.0,0.0,0,0,1,1.0,0.0,1.0,4,1,417,0.0,4.37024735600035e-5,0.0,0.0,0.5,0.0,0.0,0.0,0.0,0.0,0.0,0.0,0.0,0.0008217365820029566,0.0,0.0008992805755395657,0.0,6.571377182795768e-5,0.0002299976503837155,0.0029717682020802376,0.0007429420505200594
2315150910,3,1,0,1,1,0,1,0,0,0,1.0,0.0,1.0,1.0,0.0,1.0,0.0,0.0,0.0,1.0,0.0,1.0,0.0,0,0,1,1.0,0.0,1.0,4,1,417,0.0,4.37024735600035e-5,0.0,0.0,0.5,0.0,0.0,0.0,0.0,0.0,0.0,0.0,0.0,0.0008217365820029566,0.0,0.0008992805755395657,0.0,6.571377182795768e-5,0.0002299976503837155,0.0029717682020802376,0.0007429420505200594
615811506,8,2,0,2,1,0,1,1,0,1,2.0,0.0,2.0,1.0,0.0,1.0,1.0,0.0,1.0,0.5,0.0,0.5,0.0,0,0,2,3.0,0.0,5.0,6,1,456,0.0,8.7404947120007e-5,0.0,0.0,0.5,0.25,0.0,0.0,0.5,0.0,0.5,1.0,0.0,0.0008347914476646661,0.0,0.0008992805755395685,0.0,0.00024837777055763954,0.0002515082220023364,0.004457652303120356,0.0007429420505200594
756706553382789121,3,1,0,1,1,0,1,0,0,0,2.0,0.0,2.0,2.0,0.0,2.0,0.0,0.0,0.0,1.0,0.0,1.0,0.0,0,0,1,3.0,0.0,5.0,4,1,417,0.0,8.7404947120007e-5,0.0,0.0,0.5,0.0,0.0,0.0,0.0,0.0,0.0,0.0,0.0,0.0008228596461277702,0.0,0.0008992805755395657,0.0,0.00013138220145370028,0.0002299976503837155,0.0029717682020802376,0.0007429420505200594
1504285365229731840,3,1,0,1,1,0,1,0,0,0,3.0,0.0,3.0,3.0,0.0,3.0,0.0,0.0,0.0,1.0,0.0,1.0,0.0,0,0,1,7.0,0.0,10.0,4,1,417,0.0,0.00013110742068001048,0.0,0.0,0.5,0.0,0.0,0.0,0.0,0.0,0.0,0.0,0.0,0.0008239827102525841,0.0,0.0008992805755395657,0.0,0.00019700506121589356,0.0002299976503837155,0.0029717682020802376,0.0007429420505200594
1418238731891318786,2,2,0,2,1,0,1,1,0,1,2.0,0.0,2.0,1.0,0.0,1.0,1.0,0.0,1.0,0.5,0.0,0.5,0.0,0,0,2,3.0,0.0,5.0,5,1,465,0.0,8.7404947120007e-5,0.0,0.0,0.3333333333333333,0.0,0.0,0.0,0.0,0.0,0.0,0.0,0.0,0.0008297765937767654,0.0,0.0008992805755395687,0.0,0.00022597436370785928,0.000256472200068172,0.003714710252600297,0.0007429420505200594
818736782032261120,3,1,0,1,1,0,1,0,0,0,1.0,0.0,1.0,1.0,0.0,1.0,0.0,0.0,0.0,1.0,0.0,1.0,0.0,0,0,1,1.0,0.0,1.0,4,1,417,0.0,4.37024735600035e-5,0.0,0.0,0.5,0.0,0.0,0.0,0.0,0.0,0.0,0.0,0.0,0.0008217365820029566,0.0,0.0008992805755395657,0.0,6.571377182795768e-5,0.0002299976503837155,0.0029717682020802376,0.0007429420505200594
100914532,1,2,0,2,1,0,1,1,0,1,2.0,0.0,2.0,1.0,0.0,1.0,1.0,0.0,1.0,0.5,0.0,0.5,0.0,0,0,2,3.0,0.0,5.0,4,1,450,0.0,8.7404947120007e-5,0.0,0.0,0.5,0.25,0.0,0.0,0.5,0.0,0.5,1.0,0.0,0.0008306505081000055,0.0,0.0008992805755395685,0.0,0.00013138220145370028,0.0002481989032917793,0.0029717682020802376,0.0007429420505200594
788178359150796800,3,1,0,1,1,0,1,0,0,0,1.0,0.0,1.0,1.0,0.0,1.0,0.0,0.0,0.0,1.0,0.0,1.0,0.0,0,0,1,1.0,0.0,1.0,4,1,417,0.0,4.37024735600035e-5,0.0,0.0,0.5,0.0,0.0,0.0,0.0,0.0,0.0,0.0,0.0,0.0008217365820029566,0.0,0.0008992805755395657,0.0,6.571377182795768e-5,0.0002299976503837155,0.0029717682020802376,0.0007429420505200594
1180315088537845761,3,1,0,1,1,0,1,0,0,0,1.0,0.0,1.0,1.0,0.0,1.0,0.0,0.0,0.0,1.0,0.0,1.0,0.0,0,0,1,1.0,0.0,1.0,4,1,417,0.0,4.37024735600035e-5,0.0,0.0,0.5,0.0,0.0,0.0,0.0,0.0,0.0,0.0,0.0,0.0008217365820029566,0.0,0.0008992805755395657,0.0,6.571377182795768e-5,0.0002299976503837155,0.0029717682020802376,0.0007429420505200594
1125725860902899712,3,1,0,1,1,0,1,0,0,0,1.0,0.0,1.0,1.0,0.0,1.0,0.0,0.0,0.0,1.0,0.0,1.0,0.0,0,0,1,1.0,0.0,1.0,4,1,417,0.0,4.37024735600035e-5,0.0,0.0,0.5,0.0,0.0,0.0,0.0,0.0,0.0,0.0,0.0,0.0008217365820029566,0.0,0.0008992805755395657,0.0,6.571377182795768e-5,0.0002299976503837155,0.0029717682020802376,0.0007429420505200594
1799190817,3,1,0,1,1,0,1,0,0,0,1.0,0.0,1.0,1.0,0.0,1.0,0.0,0.0,0.0,1.0,0.0,1.0,0.0,0,0,1,1.0,0.0,1.0,4,1,417,0.0,4.37024735600035e-5,0.0,0.0,0.5,0.0,0.0,0.0,0.0,0.0,0.0,0.0,0.0,0.0008217365820029566,0.0,0.0008992805755395657,0.0,6.571377182795768e-5,0.0002299976503837155,0.0029717682020802376,0.0007429420505200594
2612164220,3,1,0,1,1,0,1,0,0,0,1.0,0.0,1.0,1.0,0.0,1.0,0.0,0.0,0.0,1.0,0.0,1.0,0.0,0,0,1,1.0,0.0,1.0,4,1,417,0.0,4.37024735600035e-5,0.0,0.0,0.5,0.0,0.0,0.0,0.0,0.0,0.0,0.0,0.0,0.0008217365820029566,0.0,0.0008992805755395657,0.0,6.571377182795768e-5,0.0002299976503837155,0.0029717682020802376,0.0007429420505200594
1179834158929076224,8,2,0,2,1,0,1,1,0,1,2.0,0.0,2.0,1.0,0.0,1.0,1.0,0.0,1.0,0.5,0.0,0.5,0.0,0,0,2,3.0,0.0,5.0,5,1,423,0.0,8.7404947120007e-5,0.0,0.0,0.3333333333333333,0.0,0.0,0.0,0.0,0.0,0.0,0.0,0.0,0.000867296648721207,0.0,0.0008992805755395679,0.0,0.00024837777055763954,0.00023330696909427257,0.003714710252600297,0.0007429420505200594
304132840,3,1,0,1,1,0,1,0,0,0,1.0,0.0,1.0,1.0,0.0,1.0,0.0,0.0,0.0,1.0,0.0,1.0,0.0,0,0,1,1.0,0.0,1.0,4,1,417,0.0,4.37024735600035e-5,0.0,0.0,0.5,0.0,0.0,0.0,0.0,0.0,0.0,0.0,0.0,0.0008217365820029566,0.0,0.0008992805755395657,0.0,6.571377182795768e-5,0.0002299976503837155,0.0029717682020802376,0.0007429420505200594
3243222877,3,1,0,1,1,0,1,0,0,0,1.0,0.0,1.0,1.0,0.0,1.0,0.0,0.0,0.0,1.0,0.0,1.0,0.0,0,0,1,1.0,0.0,1.0,4,1,417,0.0,4.37024735600035e-5,0.0,0.0,0.5,0.0,0.0,0.0,0.0,0.0,0.0,0.0,0.0,0.0008217365820029566,0.0,0.0008992805755395657,0.0,6.571377182795768e-5,0.0002299976503837155,0.0029717682020802376,0.0007429420505200594
1628968362,3,1,0,1,1,0,1,0,0,0,1.0,0.0,1.0,1.0,0.0,1.0,0.0,0.0,0.0,1.0,0.0,1.0,0.0,0,0,1,1.0,0.0,1.0,4,1,417,0.0,4.37024735600035e-5,0.0,0.0,0.5,0.0,0.0,0.0,0.0,0.0,0.0,0.0,0.0,0.0008217365820029566,0.0,0.0008992805755395657,0.0,6.571377182795768e-5,0.0002299976503837155,0.0029717682020802376,0.0007429420505200594
1365586213,3,1,0,1,1,0,1,0,0,0,1.0,0.0,1.0,1.0,0.0,1.0,0.0,0.0,0.0,1.0,0.0,1.0,0.0,0,0,1,1.0,0.0,1.0,4,1,417,0.0,4.37024735600035e-5,0.0,0.0,0.5,0.0,0.0,0.0,0.0,0.0,0.0,0.0,0.0,0.0008217365820029566,0.0,0.0008992805755395657,0.0,6.571377182795768e-5,0.0002299976503837155,0.0029717682020802376,0.0007429420505200594
1226650868235276288,3,1,0,1,1,0,1,0,0,0,1.0,0.0,1.0,1.0,0.0,1.0,0.0,0.0,0.0,1.0,0.0,1.0,0.0,0,0,1,1.0,0.0,1.0,4,1,417,0.0,4.37024735600035e-5,0.0,0.0,0.5,0.0,0.0,0.0,0.0,0.0,0.0,0.0,0.0,0.0008217365820029566,0.0,0.0008992805755395657,0.0,6.571377182795768e-5,0.0002299976503837155,0.0029717682020802376,0.0007429420505200594
726915008676921345,3,1,0,1,1,0,1,0,0,0,1.0,0.0,1.0,1.0,0.0,1.0,0.0,0.0,0.0,1.0,0.0,1.0,0.0,0,0,1,1.0,0.0,1.0,4,1,417,0.0,4.37024735600035e-5,0.0,0.0,0.5,0.0,0.0,0.0,0.0,0.0,0.0,0.0,0.0,0.0008217365820029566,0.0,0.0008992805755395657,0.0,6.571377182795768e-5,0.0002299976503837155,0.0029717682020802376,0.0007429420505200594
755340339020460032,3,1,0,1,1,0,1,0,0,0,1.0,0.0,1.0,1.0,0.0,1.0,0.0,0.0,0.0,1.0,0.0,1.0,0.0,0,0,1,1.0,0.0,1.0,4,1,417,0.0,4.37024735600035e-5,0.0,0.0,0.5,0.0,0.0,0.0,0.0,0.0,0.0,0.0,0.0,0.0008217365820029566,0.0,0.0008992805755395657,0.0,6.571377182795768e-5,0.0002299976503837155,0.0029717682020802376,0.0007429420505200594
1434317911,3,1,0,1,1,0,1,0,0,0,1.0,0.0,1.0,1.0,0.0,1.0,0.0,0.0,0.0,1.0,0.0,1.0,0.0,0,0,1,1.0,0.0,1.0,4,1,417,0.0,4.37024735600035e-5,0.0,0.0,0.5,0.0,0.0,0.0,0.0,0.0,0.0,0.0,0.0,0.0008217365820029566,0.0,0.0008992805755395657,0.0,6.571377182795768e-5,0.0002299976503837155,0.0029717682020802376,0.0007429420505200594
1493459780081373185,3,1,0,1,1,0,1,0,0,0,1.0,0.0,1.0,1.0,0.0,1.0,0.0,0.0,0.0,1.0,0.0,1.0,0.0,0,0,1,1.0,0.0,1.0,4,1,417,0.0,4.37024735600035e-5,0.0,0.0,0.5,0.0,0.0,0.0,0.0,0.0,0.0,0.0,0.0,0.0008217365820029566,0.0,0.0008992805755395657,0.0,6.571377182795768e-5,0.0002299976503837155,0.0029717682020802376,0.0007429420505200594
2873161344,3,1,0,1,1,0,1,0,0,0,1.0,0.0,1.0,1.0,0.0,1.0,0.0,0.0,0.0,1.0,0.0,1.0,0.0,0,0,1,1.0,0.0,1.0,4,1,417,0.0,4.37024735600035e-5,0.0,0.0,0.5,0.0,0.0,0.0,0.0,0.0,0.0,0.0,0.0,0.0008217365820029566,0.0,0.0008992805755395657,0.0,6.571377182795768e-5,0.0002299976503837155,0.0029717682020802376,0.0007429420505200594
932015019314659328,3,1,0,1,1,0,1,0,0,0,1.0,0.0,1.0,1.0,0.0,1.0,0.0,0.0,0.0,1.0,0.0,1.0,0.0,0,0,1,1.0,0.0,1.0,4,1,417,0.0,4.37024735600035e-5,0.0,0.0,0.5,0.0,0.0,0.0,0.0,0.0,0.0,0.0,0.0,0.0008217365820029566,0.0,0.0008992805755395657,0.0,6.571377182795768e-5,0.0002299976503837155,0.0029717682020802376,0.0007429420505200594
294455311,3,1,0,1,1,0,1,0,0,0,1.0,0.0,1.0,1.0,0.0,1.0,0.0,0.0,0.0,1.0,0.0,1.0,0.0,0,0,1,1.0,0.0,1.0,4,1,417,0.0,4.37024735600035e-5,0.0,0.0,0.5,0.0,0.0,0.0,0.0,0.0,0.0,0.0,0.0,0.0008217365820029566,0.0,0.0008992805755395657,0.0,6.571377182795768e-5,0.0002299976503837155,0.0029717682020802376,0.0007429420505200594
1437325146058997761,3,1,0,1,1,0,1,0,0,0,1.0,0.0,1.0,1.0,0.0,1.0,0.0,0.0,0.0,1.0,0.0,1.0,0.0,0,0,1,1.0,0.0,1.0,4,1,417,0.0,4.37024735600035e-5,0.0,0.0,0.5,0.0,0.0,0.0,0.0,0.0,0.0,0.0,0.0,0.0008217365820029566,0.0,0.0008992805755395657,0.0,6.571377182795768e-5,0.0002299976503837155,0.0029717682020802376,0.0007429420505200594
87979936,1,2,0,2,1,0,1,1,0,1,2.0,0.0,2.0,1.0,0.0,1.0,1.0,0.0,1.0,0.5,0.0,0.5,0.0,0,0,2,3.0,0.0,5.0,4,1,450,0.0,8.7404947120007e-5,0.0,0.0,0.5,0.25,0.0,0.0,0.5,0.0,0.5,1.0,0.0,0.0008306505081000055,0.0,0.0008992805755395685,0.0,0.00013138220145370028,0.0002481989032917793,0.0029717682020802376,0.0007429420505200594
549882072,3,1,0,1,1,0,1,0,0,0,1.0,0.0,1.0,1.0,0.0,1.0,0.0,0.0,0.0,1.0,0.0,1.0,0.0,0,0,1,1.0,0.0,1.0,4,1,417,0.0,4.37024735600035e-5,0.0,0.0,0.5,0.0,0.0,0.0,0.0,0.0,0.0,0.0,0.0,0.0008217365820029566,0.0,0.0008992805755395657,0.0,6.571377182795768e-5,0.0002299976503837155,0.0029717682020802376,0.0007429420505200594
1135155874480185344,3,1,0,1,1,0,1,0,0,0,1.0,0.0,1.0,1.0,0.0,1.0,0.0,0.0,0.0,1.0,0.0,1.0,0.0,0,0,1,1.0,0.0,1.0,4,1,417,0.0,4.37024735600035e-5,0.0,0.0,0.5,0.0,0.0,0.0,0.0,0.0,0.0,0.0,0.0,0.0008217365820029566,0.0,0.0008992805755395657,0.0,6.571377182795768e-5,0.0002299976503837155,0.0029717682020802376,0.0007429420505200594
785818380657831936,3,1,0,1,1,0,1,0,0,0,1.0,0.0,1.0,1.0,0.0,1.0,0.0,0.0,0.0,1.0,0.0,1.0,0.0,0,0,1,1.0,0.0,1.0,4,1,417,0.0,4.37024735600035e-5,0.0,0.0,0.5,0.0,0.0,0.0,0.0,0.0,0.0,0.0,0.0,0.0008217365820029566,0.0,0.0008992805755395657,0.0,6.571377182795768e-5,0.0002299976503837155,0.0029717682020802376,0.0007429420505200594
1396957901206421508,3,1,0,1,1,0,1,0,0,0,1.0,0.0,1.0,1.0,0.0,1.0,0.0,0.0,0.0,1.0,0.0,1.0,0.0,0,0,1,1.0,0.0,1.0,4,1,417,0.0,4.37024735600035e-5,0.0,0.0,0.5,0.0,0.0,0.0,0.0,0.0,0.0,0.0,0.0,0.0008217365820029566,0.0,0.0008992805755395657,0.0,6.571377182795768e-5,0.0002299976503837155,0.0029717682020802376,0.0007429420505200594
842882665258733568,3,1,0,1,1,0,1,0,0,0,1.0,0.0,1.0,1.0,0.0,1.0,0.0,0.0,0.0,1.0,0.0,1.0,0.0,0,0,1,1.0,0.0,1.0,4,1,417,0.0,4.37024735600035e-5,0.0,0.0,0.5,0.0,0.0,0.0,0.0,0.0,0.0,0.0,0.0,0.0008217365820029566,0.0,0.0008992805755395657,0.0,6.571377182795768e-5,0.0002299976503837155,0.0029717682020802376,0.0007429420505200594
855944034,3,1,0,1,1,0,1,0,0,0,1.0,0.0,1.0,1.0,0.0,1.0,0.0,0.0,0.0,1.0,0.0,1.0,0.0,0,0,1,1.0,0.0,1.0,4,1,417,0.0,4.37024735600035e-5,0.0,0.0,0.5,0.0,0.0,0.0,0.0,0.0,0.0,0.0,0.0,0.0008217365820029566,0.0,0.0008992805755395657,0.0,6.571377182795768e-5,0.0002299976503837155,0.0029717682020802376,0.0007429420505200594
1457942825233190913,3,1,0,1,1,0,1,0,0,0,1.0,0.0,1.0,1.0,0.0,1.0,0.0,0.0,0.0,1.0,0.0,1.0,0.0,0,0,1,1.0,0.0,1.0,4,1,417,0.0,4.37024735600035e-5,0.0,0.0,0.5,0.0,0.0,0.0,0.0,0.0,0.0,0.0,0.0,0.0008217365820029566,0.0,0.0008992805755395657,0.0,6.571377182795768e-5,0.0002299976503837155,0.0029717682020802376,0.0007429420505200594
920170150011080705,3,1,0,1,1,0,1,0,0,0,1.0,0.0,1.0,1.0,0.0,1.0,0.0,0.0,0.0,1.0,0.0,1.0,0.0,0,0,1,1.0,0.0,1.0,4,1,417,0.0,4.37024735600035e-5,0.0,0.0,0.5,0.0,0.0,0.0,0.0,0.0,0.0,0.0,0.0,0.0008217365820029566,0.0,0.0008992805755395657,0.0,6.571377182795768e-5,0.0002299976503837155,0.0029717682020802376,0.0007429420505200594
1073238673779449856,3,1,0,1,1,0,1,0,0,0,1.0,0.0,1.0,1.0,0.0,1.0,0.0,0.0,0.0,1.0,0.0,1.0,0.0,0,0,1,1.0,0.0,1.0,4,1,417,0.0,4.37024735600035e-5,0.0,0.0,0.5,0.0,0.0,0.0,0.0,0.0,0.0,0.0,0.0,0.0008217365820029566,0.0,0.0008992805755395657,0.0,6.571377182795768e-5,0.0002299976503837155,0.0029717682020802376,0.0007429420505200594
2570067865,3,1,0,1,1,0,1,0,0,0,1.0,0.0,1.0,1.0,0.0,1.0,0.0,0.0,0.0,1.0,0.0,1.0,0.0,0,0,1,1.0,0.0,1.0,4,1,417,0.0,4.37024735600035e-5,0.0,0.0,0.5,0.0,0.0,0.0,0.0,0.0,0.0,0.0,0.0,0.0008217365820029566,0.0,0.0008992805755395657,0.0,6.571377182795768e-5,0.0002299976503837155,0.0029717682020802376,0.0007429420505200594
15193667,3,1,0,1,1,0,1,0,0,0,1.0,0.0,1.0,1.0,0.0,1.0,0.0,0.0,0.0,1.0,0.0,1.0,0.0,0,0,1,1.0,0.0,1.0,4,1,417,0.0,4.37024735600035e-5,0.0,0.0,0.5,0.0,0.0,0.0,0.0,0.0,0.0,0.0,0.0,0.0008217365820029566,0.0,0.0008992805755395657,0.0,6.571377182795768e-5,0.0002299976503837155,0.0029717682020802376,0.0007429420505200594
60780206,3,1,0,1,1,0,1,0,0,0,1.0,0.0,1.0,1.0,0.0,1.0,0.0,0.0,0.0,1.0,0.0,1.0,0.0,0,0,1,1.0,0.0,1.0,4,1,417,0.0,4.37024735600035e-5,0.0,0.0,0.5,0.0,0.0,0.0,0.0,0.0,0.0,0.0,0.0,0.0008217365820029566,0.0,0.0008992805755395657,0.0,6.571377182795768e-5,0.0002299976503837155,0.0029717682020802376,0.0007429420505200594
922915933,3,1,0,1,1,0,1,0,0,0,1.0,0.0,1.0,1.0,0.0,1.0,0.0,0.0,0.0,1.0,0.0,1.0,0.0,0,0,1,1.0,0.0,1.0,4,1,417,0.0,4.37024735600035e-5,0.0,0.0,0.5,0.0,0.0,0.0,0.0,0.0,0.0,0.0,0.0,0.0008217365820029566,0.0,0.0008992805755395657,0.0,6.571377182795768e-5,0.0002299976503837155,0.0029717682020802376,0.0007429420505200594
1092891589297532929,3,1,0,1,1,0,1,0,0,0,1.0,0.0,1.0,1.0,0.0,1.0,0.0,0.0,0.0,1.0,0.0,1.0,0.0,0,0,1,1.0,0.0,1.0,4,1,417,0.0,4.37024735600035e-5,0.0,0.0,0.5,0.0,0.0,0.0,0.0,0.0,0.0,0.0,0.0,0.0008217365820029566,0.0,0.0008992805755395657,0.0,6.571377182795768e-5,0.0002299976503837155,0.0029717682020802376,0.0007429420505200594
1135159747676524544,3,1,0,1,1,0,1,0,0,0,2.0,0.0,2.0,2.0,0.0,2.0,0.0,0.0,0.0,1.0,0.0,1.0,0.0,0,0,1,3.0,0.0,5.0,4,1,417,0.0,8.7404947120007e-5,0.0,0.0,0.5,0.0,0.0,0.0,0.0,0.0,0.0,0.0,0.0,0.0008228596461277702,0.0,0.0008992805755395657,0.0,0.00013138220145370028,0.0002299976503837155,0.0029717682020802376,0.0007429420505200594
997837603587080192,3,1,0,1,1,0,1,0,0,0,2.0,0.0,2.0,2.0,0.0,2.0,0.0,0.0,0.0,1.0,0.0,1.0,0.0,0,0,1,3.0,0.0,5.0,4,1,417,0.0,8.7404947120007e-5,0.0,0.0,0.5,0.0,0.0,0.0,0.0,0.0,0.0,0.0,0.0,0.0008228596461277702,0.0,0.0008992805755395657,0.0,0.00013138220145370028,0.0002299976503837155,0.0029717682020802376,0.0007429420505200594
1442912069045534720,3,1,0,1,1,0,1,0,0,0,2.0,0.0,2.0,2.0,0.0,2.0,0.0,0.0,0.0,1.0,0.0,1.0,0.0,0,0,1,3.0,0.0,5.0,4,1,417,0.0,8.7404947120007e-5,0.0,0.0,0.5,0.0,0.0,0.0,0.0,0.0,0.0,0.0,0.0,0.0008228596461277702,0.0,0.0008992805755395657,0.0,0.00013138220145370028,0.0002299976503837155,0.0029717682020802376,0.0007429420505200594
1487072185114152964,27,2,0,2,1,0,1,1,0,1,2.0,0.0,2.0,1.0,0.0,1.0,1.0,0.0,1.0,0.5,0.0,0.5,0.0,0,0,2,3.0,0.0,5.0,5,1,501,0.0,8.7404947120007e-5,0.0,0.0,0.3333333333333333,0.0,0.0,0.0,0.0,0.0,0.0,0.0,0.0,0.0008269935127781394,0.0,0.0008992805755395668,0.0,0.000259702569624487,0.0002763281123315143,0.003714710252600297,0.0007429420505200594
525629722,3,1,0,1,1,0,1,0,0,0,2.0,0.0,2.0,2.0,0.0,2.0,0.0,0.0,0.0,1.0,0.0,1.0,0.0,0,0,1,3.0,0.0,5.0,4,1,417,0.0,8.7404947120007e-5,0.0,0.0,0.5,0.0,0.0,0.0,0.0,0.0,0.0,0.0,0.0,0.0008228596461277702,0.0,0.0008992805755395657,0.0,0.00013138220145370028,0.0002299976503837155,0.0029717682020802376,0.0007429420505200594
35709217,3,1,0,1,1,0,1,0,0,0,1.0,0.0,1.0,1.0,0.0,1.0,0.0,0.0,0.0,1.0,0.0,1.0,0.0,0,0,1,1.0,0.0,1.0,4,1,417,0.0,4.37024735600035e-5,0.0,0.0,0.5,0.0,0.0,0.0,0.0,0.0,0.0,0.0,0.0,0.0008217365820029566,0.0,0.0008992805755395657,0.0,6.571377182795768e-5,0.0002299976503837155,0.0029717682020802376,0.0007429420505200594
1433710841715589121,3,1,0,1,1,0,1,0,0,0,2.0,0.0,2.0,2.0,0.0,2.0,0.0,0.0,0.0,1.0,0.0,1.0,0.0,0,0,1,3.0,0.0,5.0,4,1,417,0.0,8.7404947120007e-5,0.0,0.0,0.5,0.0,0.0,0.0,0.0,0.0,0.0,0.0,0.0,0.0008228596461277702,0.0,0.0008992805755395657,0.0,0.00013138220145370028,0.0002299976503837155,0.0029717682020802376,0.0007429420505200594
1287186958524002304,3,1,0,1,1,0,1,0,0,0,2.0,0.0,2.0,2.0,0.0,2.0,0.0,0.0,0.0,1.0,0.0,1.0,0.0,0,0,1,3.0,0.0,5.0,4,1,417,0.0,8.7404947120007e-5,0.0,0.0,0.5,0.0,0.0,0.0,0.0,0.0,0.0,0.0,0.0,0.0008228596461277702,0.0,0.0008992805755395657,0.0,0.00013138220145370028,0.0002299976503837155,0.0029717682020802376,0.0007429420505200594
118237177,3,1,0,1,1,0,1,0,0,0,1.0,0.0,1.0,1.0,0.0,1.0,0.0,0.0,0.0,1.0,0.0,1.0,0.0,0,0,1,1.0,0.0,1.0,4,1,417,0.0,4.37024735600035e-5,0.0,0.0,0.5,0.0,0.0,0.0,0.0,0.0,0.0,0.0,0.0,0.0008217365820029566,0.0,0.0008992805755395657,0.0,6.571377182795768e-5,0.0002299976503837155,0.0029717682020802376,0.0007429420505200594
227705110,3,1,0,1,1,0,1,0,0,0,1.0,0.0,1.0,1.0,0.0,1.0,0.0,0.0,0.0,1.0,0.0,1.0,0.0,0,0,1,1.0,0.0,1.0,4,1,417,0.0,4.37024735600035e-5,0.0,0.0,0.5,0.0,0.0,0.0,0.0,0.0,0.0,0.0,0.0,0.0008217365820029566,0.0,0.0008992805755395657,0.0,6.571377182795768e-5,0.0002299976503837155,0.0029717682020802376,0.0007429420505200594
145596452,3,1,0,1,1,0,1,0,0,0,1.0,0.0,1.0,1.0,0.0,1.0,0.0,0.0,0.0,1.0,0.0,1.0,0.0,0,0,1,1.0,0.0,1.0,4,1,417,0.0,4.37024735600035e-5,0.0,0.0,0.5,0.0,0.0,0.0,0.0,0.0,0.0,0.0,0.0,0.0008217365820029566,0.0,0.0008992805755395657,0.0,6.571377182795768e-5,0.0002299976503837155,0.0029717682020802376,0.0007429420505200594
60974791,27,2,0,2,1,0,1,1,0,1,2.0,0.0,2.0,1.0,0.0,1.0,1.0,0.0,1.0,0.5,0.0,0.5,0.0,0,0,2,3.0,0.0,5.0,5,1,439,0.0,8.7404947120007e-5,0.0,0.0,0.3333333333333333,0.0,0.0,0.0,0.0,0.0,0.0,0.0,0.0,0.0008422386120261694,0.0,0.000899280575539568,0.0,0.000259702569624487,0.0002421318189890914,0.003714710252600297,0.0007429420505200594
1372492949506887680,3,1,0,1,1,0,1,0,0,0,1.0,0.0,1.0,1.0,0.0,1.0,0.0,0.0,0.0,1.0,0.0,1.0,0.0,0,0,1,1.0,0.0,1.0,4,1,417,0.0,4.37024735600035e-5,0.0,0.0,0.5,0.0,0.0,0.0,0.0,0.0,0.0,0.0,0.0,0.0008217365820029566,0.0,0.0008992805755395657,0.0,6.571377182795768e-5,0.0002299976503837155,0.0029717682020802376,0.0007429420505200594
1849402009,3,1,0,1,1,0,1,0,0,0,1.0,0.0,1.0,1.0,0.0,1.0,0.0,0.0,0.0,1.0,0.0,1.0,0.0,0,0,1,1.0,0.0,1.0,4,1,417,0.0,4.37024735600035e-5,0.0,0.0,0.5,0.0,0.0,0.0,0.0,0.0,0.0,0.0,0.0,0.0008217365820029566,0.0,0.0008992805755395657,0.0,6.571377182795768e-5,0.0002299976503837155,0.0029717682020802376,0.0007429420505200594
1119097371827159040,3,1,0,1,1,0,1,0,0,0,1.0,0.0,1.0,1.0,0.0,1.0,0.0,0.0,0.0,1.0,0.0,1.0,0.0,0,0,1,1.0,0.0,1.0,4,1,417,0.0,4.37024735600035e-5,0.0,0.0,0.5,0.0,0.0,0.0,0.0,0.0,0.0,0.0,0.0,0.0008217365820029566,0.0,0.0008992805755395657,0.0,6.571377182795768e-5,0.0002299976503837155,0.0029717682020802376,0.0007429420505200594
1224408214156070913,3,1,0,1,1,0,1,0,0,0,1.0,0.0,1.0,1.0,0.0,1.0,0.0,0.0,0.0,1.0,0.0,1.0,0.0,0,0,1,1.0,0.0,1.0,4,1,417,0.0,4.37024735600035e-5,0.0,0.0,0.5,0.0,0.0,0.0,0.0,0.0,0.0,0.0,0.0,0.0008217365820029566,0.0,0.0008992805755395657,0.0,6.571377182795768e-5,0.0002299976503837155,0.0029717682020802376,0.0007429420505200594
1895179555,27,2,0,2,1,0,1,1,0,1,2.0,0.0,2.0,1.0,0.0,1.0,1.0,0.0,1.0,0.5,0.0,0.5,0.0,0,0,2,3.0,0.0,5.0,5,1,501,0.0,8.7404947120007e-5,0.0,0.0,0.3333333333333333,0.0,0.0,0.0,0.0,0.0,0.0,0.0,0.0,0.0008269935127781394,0.0,0.0008992805755395668,0.0,0.000259702569624487,0.0002763281123315143,0.003714710252600297,0.0007429420505200594
2506235305,3,1,0,1,1,0,1,0,0,0,1.0,0.0,1.0,1.0,0.0,1.0,0.0,0.0,0.0,1.0,0.0,1.0,0.0,0,0,1,1.0,0.0,1.0,4,1,417,0.0,4.37024735600035e-5,0.0,0.0,0.5,0.0,0.0,0.0,0.0,0.0,0.0,0.0,0.0,0.0008217365820029566,0.0,0.0008992805755395657,0.0,6.571377182795768e-5,0.0002299976503837155,0.0029717682020802376,0.0007429420505200594
1717666478,3,1,0,1,1,0,1,0,0,0,1.0,0.0,1.0,1.0,0.0,1.0,0.0,0.0,0.0,1.0,0.0,1.0,0.0,0,0,1,1.0,0.0,1.0,4,1,417,0.0,4.37024735600035e-5,0.0,0.0,0.5,0.0,0.0,0.0,0.0,0.0,0.0,0.0,0.0,0.0008217365820029566,0.0,0.0008992805755395657,0.0,6.571377182795768e-5,0.0002299976503837155,0.0029717682020802376,0.0007429420505200594
1377727969867747331,3,1,0,1,1,0,1,0,0,0,1.0,0.0,1.0,1.0,0.0,1.0,0.0,0.0,0.0,1.0,0.0,1.0,0.0,0,0,1,1.0,0.0,1.0,4,1,417,0.0,4.37024735600035e-5,0.0,0.0,0.5,0.0,0.0,0.0,0.0,0.0,0.0,0.0,0.0,0.0008217365820029566,0.0,0.0008992805755395657,0.0,6.571377182795768e-5,0.0002299976503837155,0.0029717682020802376,0.0007429420505200594
1215290525286199296,27,2,0,2,1,0,1,1,0,1,2.0,0.0,2.0,1.0,0.0,1.0,1.0,0.0,1.0,0.5,0.0,0.5,0.0,0,0,2,3.0,0.0,5.0,5,1,439,0.0,8.7404947120007e-5,0.0,0.0,0.3333333333333333,0.0,0.0,0.0,0.0,0.0,0.0,0.0,0.0,0.0008422386120261694,0.0,0.000899280575539568,0.0,0.000259702569624487,0.0002421318189890914,0.003714710252600297,0.0007429420505200594
221022215,3,1,0,1,1,0,1,0,0,0,2.0,0.0,2.0,2.0,0.0,2.0,0.0,0.0,0.0,1.0,0.0,1.0,0.0,0,0,1,3.0,0.0,5.0,4,1,417,0.0,8.7404947120007e-5,0.0,0.0,0.5,0.0,0.0,0.0,0.0,0.0,0.0,0.0,0.0,0.0008228596461277702,0.0,0.0008992805755395657,0.0,0.00013138220145370028,0.0002299976503837155,0.0029717682020802376,0.0007429420505200594
1480164071328858115,3,1,0,1,1,0,1,0,0,0,2.0,0.0,2.0,2.0,0.0,2.0,0.0,0.0,0.0,1.0,0.0,1.0,0.0,0,0,1,3.0,0.0,5.0,4,1,417,0.0,8.7404947120007e-5,0.0,0.0,0.5,0.0,0.0,0.0,0.0,0.0,0.0,0.0,0.0,0.0008228596461277702,0.0,0.0008992805755395657,0.0,0.00013138220145370028,0.0002299976503837155,0.0029717682020802376,0.0007429420505200594
2325694279,3,1,0,1,1,0,1,0,0,0,1.0,0.0,1.0,1.0,0.0,1.0,0.0,0.0,0.0,1.0,0.0,1.0,0.0,0,0,1,1.0,0.0,1.0,4,1,417,0.0,4.37024735600035e-5,0.0,0.0,0.5,0.0,0.0,0.0,0.0,0.0,0.0,0.0,0.0,0.0008217365820029566,0.0,0.0008992805755395657,0.0,6.571377182795768e-5,0.0002299976503837155,0.0029717682020802376,0.0007429420505200594
1287784028934795265,3,1,0,1,1,0,1,0,0,0,1.0,0.0,1.0,1.0,0.0,1.0,0.0,0.0,0.0,1.0,0.0,1.0,0.0,0,0,1,1.0,0.0,1.0,4,1,417,0.0,4.37024735600035e-5,0.0,0.0,0.5,0.0,0.0,0.0,0.0,0.0,0.0,0.0,0.0,0.0008217365820029566,0.0,0.0008992805755395657,0.0,6.571377182795768e-5,0.0002299976503837155,0.0029717682020802376,0.0007429420505200594
1511125720503881736,3,1,0,1,1,0,1,0,0,0,1.0,0.0,1.0,1.0,0.0,1.0,0.0,0.0,0.0,1.0,0.0,1.0,0.0,0,0,1,1.0,0.0,1.0,4,1,417,0.0,4.37024735600035e-5,0.0,0.0,0.5,0.0,0.0,0.0,0.0,0.0,0.0,0.0,0.0,0.0008217365820029566,0.0,0.0008992805755395657,0.0,6.571377182795768e-5,0.0002299976503837155,0.0029717682020802376,0.0007429420505200594
453094013,3,1,0,1,1,0,1,0,0,0,1.0,0.0,1.0,1.0,0.0,1.0,0.0,0.0,0.0,1.0,0.0,1.0,0.0,0,0,1,1.0,0.0,1.0,4,1,417,0.0,4.37024735600035e-5,0.0,0.0,0.5,0.0,0.0,0.0,0.0,0.0,0.0,0.0,0.0,0.0008217365820029566,0.0,0.0008992805755395657,0.0,6.571377182795768e-5,0.0002299976503837155,0.0029717682020802376,0.0007429420505200594
1209804661038841859,3,1,0,1,1,0,1,0,0,0,1.0,0.0,1.0,1.0,0.0,1.0,0.0,0.0,0.0,1.0,0.0,1.0,0.0,0,0,1,1.0,0.0,1.0,4,1,417,0.0,4.37024735600035e-5,0.0,0.0,0.5,0.0,0.0,0.0,0.0,0.0,0.0,0.0,0.0,0.0008217365820029566,0.0,0.0008992805755395657,0.0,6.571377182795768e-5,0.0002299976503837155,0.0029717682020802376,0.0007429420505200594
845981933754499072,3,1,0,1,1,0,1,0,0,0,1.0,0.0,1.0,1.0,0.0,1.0,0.0,0.0,0.0,1.0,0.0,1.0,0.0,0,0,1,1.0,0.0,1.0,4,1,417,0.0,4.37024735600035e-5,0.0,0.0,0.5,0.0,0.0,0.0,0.0,0.0,0.0,0.0,0.0,0.0008217365820029566,0.0,0.0008992805755395657,0.0,6.571377182795768e-5,0.0002299976503837155,0.0029717682020802376,0.0007429420505200594
1044091703584448512,3,1,0,1,1,0,1,0,0,0,1.0,0.0,1.0,1.0,0.0,1.0,0.0,0.0,0.0,1.0,0.0,1.0,0.0,0,0,1,1.0,0.0,1.0,4,1,417,0.0,4.37024735600035e-5,0.0,0.0,0.5,0.0,0.0,0.0,0.0,0.0,0.0,0.0,0.0,0.0008217365820029566,0.0,0.0008992805755395657,0.0,6.571377182795768e-5,0.0002299976503837155,0.0029717682020802376,0.0007429420505200594
1309854699965706240,3,1,0,1,1,0,1,0,0,0,1.0,0.0,1.0,1.0,0.0,1.0,0.0,0.0,0.0,1.0,0.0,1.0,0.0,0,0,1,1.0,0.0,1.0,4,1,417,0.0,4.37024735600035e-5,0.0,0.0,0.5,0.0,0.0,0.0,0.0,0.0,0.0,0.0,0.0,0.0008217365820029566,0.0,0.0008992805755395657,0.0,6.571377182795768e-5,0.0002299976503837155,0.0029717682020802376,0.0007429420505200594
549217350,3,1,0,1,1,0,1,0,0,0,2.0,0.0,2.0,2.0,0.0,2.0,0.0,0.0,0.0,1.0,0.0,1.0,0.0,0,0,1,3.0,0.0,5.0,4,1,417,0.0,8.7404947120007e-5,0.0,0.0,0.5,0.0,0.0,0.0,0.0,0.0,0.0,0.0,0.0,0.0008228596461277702,0.0,0.0008992805755395657,0.0,0.00013138220145370028,0.0002299976503837155,0.0029717682020802376,0.0007429420505200594
754527301077831680,3,1,0,1,1,0,1,0,0,0,1.0,0.0,1.0,1.0,0.0,1.0,0.0,0.0,0.0,1.0,0.0,1.0,0.0,0,0,1,1.0,0.0,1.0,4,1,417,0.0,4.37024735600035e-5,0.0,0.0,0.5,0.0,0.0,0.0,0.0,0.0,0.0,0.0,0.0,0.0008217365820029566,0.0,0.0008992805755395657,0.0,6.571377182795768e-5,0.0002299976503837155,0.0029717682020802376,0.0007429420505200594
1260756738615070721,3,1,0,1,1,0,1,0,0,0,1.0,0.0,1.0,1.0,0.0,1.0,0.0,0.0,0.0,1.0,0.0,1.0,0.0,0,0,1,1.0,0.0,1.0,4,1,417,0.0,4.37024735600035e-5,0.0,0.0,0.5,0.0,0.0,0.0,0.0,0.0,0.0,0.0,0.0,0.0008217365820029566,0.0,0.0008992805755395657,0.0,6.571377182795768e-5,0.0002299976503837155,0.0029717682020802376,0.0007429420505200594
1041603684637917185,3,1,0,1,1,0,1,0,0,0,1.0,0.0,1.0,1.0,0.0,1.0,0.0,0.0,0.0,1.0,0.0,1.0,0.0,0,0,1,1.0,0.0,1.0,4,1,417,0.0,4.37024735600035e-5,0.0,0.0,0.5,0.0,0.0,0.0,0.0,0.0,0.0,0.0,0.0,0.0008217365820029566,0.0,0.0008992805755395657,0.0,6.571377182795768e-5,0.0002299976503837155,0.0029717682020802376,0.0007429420505200594
730107217014341632,3,1,0,1,1,0,1,0,0,0,1.0,0.0,1.0,1.0,0.0,1.0,0.0,0.0,0.0,1.0,0.0,1.0,0.0,0,0,1,1.0,0.0,1.0,4,1,417,0.0,4.37024735600035e-5,0.0,0.0,0.5,0.0,0.0,0.0,0.0,0.0,0.0,0.0,0.0,0.0008217365820029566,0.0,0.0008992805755395657,0.0,6.571377182795768e-5,0.0002299976503837155,0.0029717682020802376,0.0007429420505200594
1320948354008838145,3,1,0,1,1,0,1,0,0,0,1.0,0.0,1.0,1.0,0.0,1.0,0.0,0.0,0.0,1.0,0.0,1.0,0.0,0,0,1,1.0,0.0,1.0,4,1,417,0.0,4.37024735600035e-5,0.0,0.0,0.5,0.0,0.0,0.0,0.0,0.0,0.0,0.0,0.0,0.0008217365820029566,0.0,0.0008992805755395657,0.0,6.571377182795768e-5,0.0002299976503837155,0.0029717682020802376,0.0007429420505200594
493675962,3,1,0,1,1,0,1,0,0,0,1.0,0.0,1.0,1.0,0.0,1.0,0.0,0.0,0.0,1.0,0.0,1.0,0.0,0,0,1,1.0,0.0,1.0,4,1,417,0.0,4.37024735600035e-5,0.0,0.0,0.5,0.0,0.0,0.0,0.0,0.0,0.0,0.0,0.0,0.0008217365820029566,0.0,0.0008992805755395657,0.0,6.571377182795768e-5,0.0002299976503837155,0.0029717682020802376,0.0007429420505200594
3804356595,3,1,0,1,1,0,1,0,0,0,1.0,0.0,1.0,1.0,0.0,1.0,0.0,0.0,0.0,1.0,0.0,1.0,0.0,0,0,1,1.0,0.0,1.0,4,1,417,0.0,4.37024735600035e-5,0.0,0.0,0.5,0.0,0.0,0.0,0.0,0.0,0.0,0.0,0.0,0.0008217365820029566,0.0,0.0008992805755395657,0.0,6.571377182795768e-5,0.0002299976503837155,0.0029717682020802376,0.0007429420505200594
1014153209433055233,3,1,0,1,1,0,1,0,0,0,1.0,0.0,1.0,1.0,0.0,1.0,0.0,0.0,0.0,1.0,0.0,1.0,0.0,0,0,1,1.0,0.0,1.0,4,1,417,0.0,4.37024735600035e-5,0.0,0.0,0.5,0.0,0.0,0.0,0.0,0.0,0.0,0.0,0.0,0.0008217365820029566,0.0,0.0008992805755395657,0.0,6.571377182795768e-5,0.0002299976503837155,0.0029717682020802376,0.0007429420505200594
781926224,3,1,0,1,1,0,1,0,0,0,1.0,0.0,1.0,1.0,0.0,1.0,0.0,0.0,0.0,1.0,0.0,1.0,0.0,0,0,1,1.0,0.0,1.0,4,1,417,0.0,4.37024735600035e-5,0.0,0.0,0.5,0.0,0.0,0.0,0.0,0.0,0.0,0.0,0.0,0.0008217365820029566,0.0,0.0008992805755395657,0.0,6.571377182795768e-5,0.0002299976503837155,0.0029717682020802376,0.0007429420505200594
1505994715044487173,3,1,0,1,1,0,1,0,0,0,1.0,0.0,1.0,1.0,0.0,1.0,0.0,0.0,0.0,1.0,0.0,1.0,0.0,0,0,1,1.0,0.0,1.0,4,1,417,0.0,4.37024735600035e-5,0.0,0.0,0.5,0.0,0.0,0.0,0.0,0.0,0.0,0.0,0.0,0.0008217365820029566,0.0,0.0008992805755395657,0.0,6.571377182795768e-5,0.0002299976503837155,0.0029717682020802376,0.0007429420505200594
1691235944,3,1,0,1,1,0,1,0,0,0,1.0,0.0,1.0,1.0,0.0,1.0,0.0,0.0,0.0,1.0,0.0,1.0,0.0,0,0,1,1.0,0.0,1.0,4,1,417,0.0,4.37024735600035e-5,0.0,0.0,0.5,0.0,0.0,0.0,0.0,0.0,0.0,0.0,0.0,0.0008217365820029566,0.0,0.0008992805755395657,0.0,6.571377182795768e-5,0.0002299976503837155,0.0029717682020802376,0.0007429420505200594
1484858918329360387,3,1,0,1,1,0,1,0,0,0,1.0,0.0,1.0,1.0,0.0,1.0,0.0,0.0,0.0,1.0,0.0,1.0,0.0,0,0,1,1.0,0.0,1.0,4,1,417,0.0,4.37024735600035e-5,0.0,0.0,0.5,0.0,0.0,0.0,0.0,0.0,0.0,0.0,0.0,0.0008217365820029566,0.0,0.0008992805755395657,0.0,6.571377182795768e-5,0.0002299976503837155,0.0029717682020802376,0.0007429420505200594
967490341,3,1,0,1,1,0,1,0,0,0,1.0,0.0,1.0,1.0,0.0,1.0,0.0,0.0,0.0,1.0,0.0,1.0,0.0,0,0,1,1.0,0.0,1.0,4,1,417,0.0,4.37024735600035e-5,0.0,0.0,0.5,0.0,0.0,0.0,0.0,0.0,0.0,0.0,0.0,0.0008217365820029566,0.0,0.0008992805755395657,0.0,6.571377182795768e-5,0.0002299976503837155,0.0029717682020802376,0.0007429420505200594
783095775781908480,3,1,0,1,1,0,1,0,0,0,1.0,0.0,1.0,1.0,0.0,1.0,0.0,0.0,0.0,1.0,0.0,1.0,0.0,0,0,1,1.0,0.0,1.0,4,1,417,0.0,4.37024735600035e-5,0.0,0.0,0.5,0.0,0.0,0.0,0.0,0.0,0.0,0.0,0.0,0.0008217365820029566,0.0,0.0008992805755395657,0.0,6.571377182795768e-5,0.0002299976503837155,0.0029717682020802376,0.0007429420505200594
726513218,3,1,0,1,1,0,1,0,0,0,1.0,0.0,1.0,1.0,0.0,1.0,0.0,0.0,0.0,1.0,0.0,1.0,0.0,0,0,1,1.0,0.0,1.0,4,1,417,0.0,4.37024735600035e-5,0.0,0.0,0.5,0.0,0.0,0.0,0.0,0.0,0.0,0.0,0.0,0.0008217365820029566,0.0,0.0008992805755395657,0.0,6.571377182795768e-5,0.0002299976503837155,0.0029717682020802376,0.0007429420505200594
1441266898931380229,3,1,0,1,1,0,1,0,0,0,1.0,0.0,1.0,1.0,0.0,1.0,0.0,0.0,0.0,1.0,0.0,1.0,0.0,0,0,1,1.0,0.0,1.0,4,1,417,0.0,4.37024735600035e-5,0.0,0.0,0.5,0.0,0.0,0.0,0.0,0.0,0.0,0.0,0.0,0.0008217365820029566,0.0,0.0008992805755395657,0.0,6.571377182795768e-5,0.0002299976503837155,0.0029717682020802376,0.0007429420505200594
1437049280657862658,3,1,0,1,1,0,1,0,0,0,1.0,0.0,1.0,1.0,0.0,1.0,0.0,0.0,0.0,1.0,0.0,1.0,0.0,0,0,1,1.0,0.0,1.0,4,1,417,0.0,4.37024735600035e-5,0.0,0.0,0.5,0.0,0.0,0.0,0.0,0.0,0.0,0.0,0.0,0.0008217365820029566,0.0,0.0008992805755395657,0.0,6.571377182795768e-5,0.0002299976503837155,0.0029717682020802376,0.0007429420505200594
1088494668357214208,3,1,0,1,1,0,1,0,0,0,1.0,0.0,1.0,1.0,0.0,1.0,0.0,0.0,0.0,1.0,0.0,1.0,0.0,0,0,1,1.0,0.0,1.0,4,1,417,0.0,4.37024735600035e-5,0.0,0.0,0.5,0.0,0.0,0.0,0.0,0.0,0.0,0.0,0.0,0.0008217365820029566,0.0,0.0008992805755395657,0.0,6.571377182795768e-5,0.0002299976503837155,0.0029717682020802376,0.0007429420505200594
1100416763613696001,3,1,0,1,1,0,1,0,0,0,1.0,0.0,1.0,1.0,0.0,1.0,0.0,0.0,0.0,1.0,0.0,1.0,0.0,0,0,1,1.0,0.0,1.0,4,1,417,0.0,4.37024735600035e-5,0.0,0.0,0.5,0.0,0.0,0.0,0.0,0.0,0.0,0.0,0.0,0.0008217365820029566,0.0,0.0008992805755395657,0.0,6.571377182795768e-5,0.0002299976503837155,0.0029717682020802376,0.0007429420505200594
104691861,3,1,0,1,1,0,1,0,0,0,1.0,0.0,1.0,1.0,0.0,1.0,0.0,0.0,0.0,1.0,0.0,1.0,0.0,0,0,1,1.0,0.0,1.0,4,1,417,0.0,4.37024735600035e-5,0.0,0.0,0.5,0.0,0.0,0.0,0.0,0.0,0.0,0.0,0.0,0.0008217365820029566,0.0,0.0008992805755395657,0.0,6.571377182795768e-5,0.0002299976503837155,0.0029717682020802376,0.0007429420505200594
784386616810885121,3,1,0,1,1,0,1,0,0,0,1.0,0.0,1.0,1.0,0.0,1.0,0.0,0.0,0.0,1.0,0.0,1.0,0.0,0,0,1,1.0,0.0,1.0,4,1,417,0.0,4.37024735600035e-5,0.0,0.0,0.5,0.0,0.0,0.0,0.0,0.0,0.0,0.0,0.0,0.0008217365820029566,0.0,0.0008992805755395657,0.0,6.571377182795768e-5,0.0002299976503837155,0.0029717682020802376,0.0007429420505200594
819910983028064256,3,1,0,1,1,0,1,0,0,0,1.0,0.0,1.0,1.0,0.0,1.0,0.0,0.0,0.0,1.0,0.0,1.0,0.0,0,0,1,1.0,0.0,1.0,4,1,417,0.0,4.37024735600035e-5,0.0,0.0,0.5,0.0,0.0,0.0,0.0,0.0,0.0,0.0,0.0,0.0008217365820029566,0.0,0.0008992805755395657,0.0,6.571377182795768e-5,0.0002299976503837155,0.0029717682020802376,0.0007429420505200594
1506817627070423043,3,1,0,1,1,0,1,0,0,0,1.0,0.0,1.0,1.0,0.0,1.0,0.0,0.0,0.0,1.0,0.0,1.0,0.0,0,0,1,1.0,0.0,1.0,4,1,417,0.0,4.37024735600035e-5,0.0,0.0,0.5,0.0,0.0,0.0,0.0,0.0,0.0,0.0,0.0,0.0008217365820029566,0.0,0.0008992805755395657,0.0,6.571377182795768e-5,0.0002299976503837155,0.0029717682020802376,0.0007429420505200594
3436260869,3,1,0,1,1,0,1,0,0,0,1.0,0.0,1.0,1.0,0.0,1.0,0.0,0.0,0.0,1.0,0.0,1.0,0.0,0,0,1,1.0,0.0,1.0,4,1,417,0.0,4.37024735600035e-5,0.0,0.0,0.5,0.0,0.0,0.0,0.0,0.0,0.0,0.0,0.0,0.0008217365820029566,0.0,0.0008992805755395657,0.0,6.571377182795768e-5,0.0002299976503837155,0.0029717682020802376,0.0007429420505200594
828123709495840770,3,1,0,1,1,0,1,0,0,0,1.0,0.0,1.0,1.0,0.0,1.0,0.0,0.0,0.0,1.0,0.0,1.0,0.0,0,0,1,1.0,0.0,1.0,4,1,417,0.0,4.37024735600035e-5,0.0,0.0,0.5,0.0,0.0,0.0,0.0,0.0,0.0,0.0,0.0,0.0008217365820029566,0.0,0.0008992805755395657,0.0,6.571377182795768e-5,0.0002299976503837155,0.0029717682020802376,0.0007429420505200594
2410659768,3,1,0,1,1,0,1,0,0,0,1.0,0.0,1.0,1.0,0.0,1.0,0.0,0.0,0.0,1.0,0.0,1.0,0.0,0,0,1,1.0,0.0,1.0,4,1,417,0.0,4.37024735600035e-5,0.0,0.0,0.5,0.0,0.0,0.0,0.0,0.0,0.0,0.0,0.0,0.0008217365820029566,0.0,0.0008992805755395657,0.0,6.571377182795768e-5,0.0002299976503837155,0.0029717682020802376,0.0007429420505200594
15691729,3,1,0,1,1,0,1,0,0,0,1.0,0.0,1.0,1.0,0.0,1.0,0.0,0.0,0.0,1.0,0.0,1.0,0.0,0,0,1,1.0,0.0,1.0,4,1,417,0.0,4.37024735600035e-5,0.0,0.0,0.5,0.0,0.0,0.0,0.0,0.0,0.0,0.0,0.0,0.0008217365820029566,0.0,0.0008992805755395657,0.0,6.571377182795768e-5,0.0002299976503837155,0.0029717682020802376,0.0007429420505200594
1075888255890001920,3,1,0,1,1,0,1,0,0,0,1.0,0.0,1.0,1.0,0.0,1.0,0.0,0.0,0.0,1.0,0.0,1.0,0.0,0,0,1,1.0,0.0,1.0,4,1,417,0.0,4.37024735600035e-5,0.0,0.0,0.5,0.0,0.0,0.0,0.0,0.0,0.0,0.0,0.0,0.0008217365820029566,0.0,0.0008992805755395657,0.0,6.571377182795768e-5,0.0002299976503837155,0.0029717682020802376,0.0007429420505200594
1086288951344648192,8,2,0,2,1,0,1,1,0,1,2.0,0.0,2.0,1.0,0.0,1.0,1.0,0.0,1.0,0.5,0.0,0.5,0.0,0,0,2,3.0,0.0,5.0,6,1,456,0.0,8.7404947120007e-5,0.0,0.0,0.5,0.25,0.0,0.0,0.5,0.0,0.5,1.0,0.0,0.0008347914476646661,0.0,0.0008992805755395685,0.0,0.00024837777055763954,0.0002515082220023364,0.004457652303120356,0.0007429420505200594
1421547837117108226,3,1,0,1,1,0,1,0,0,0,2.0,0.0,2.0,2.0,0.0,2.0,0.0,0.0,0.0,1.0,0.0,1.0,0.0,0,0,1,3.0,0.0,5.0,4,1,417,0.0,8.7404947120007e-5,0.0,0.0,0.5,0.0,0.0,0.0,0.0,0.0,0.0,0.0,0.0,0.0008228596461277702,0.0,0.0008992805755395657,0.0,0.00013138220145370028,0.0002299976503837155,0.0029717682020802376,0.0007429420505200594
372449148,3,1,0,1,1,0,1,0,0,0,1.0,0.0,1.0,1.0,0.0,1.0,0.0,0.0,0.0,1.0,0.0,1.0,0.0,0,0,1,1.0,0.0,1.0,4,1,417,0.0,4.37024735600035e-5,0.0,0.0,0.5,0.0,0.0,0.0,0.0,0.0,0.0,0.0,0.0,0.0008217365820029566,0.0,0.0008992805755395657,0.0,6.571377182795768e-5,0.0002299976503837155,0.0029717682020802376,0.0007429420505200594
1492624686584373253,3,1,0,1,1,0,1,0,0,0,2.0,0.0,2.0,2.0,0.0,2.0,0.0,0.0,0.0,1.0,0.0,1.0,0.0,0,0,1,3.0,0.0,5.0,4,1,417,0.0,8.7404947120007e-5,0.0,0.0,0.5,0.0,0.0,0.0,0.0,0.0,0.0,0.0,0.0,0.0008228596461277702,0.0,0.0008992805755395657,0.0,0.00013138220145370028,0.0002299976503837155,0.0029717682020802376,0.0007429420505200594
203757008,3,1,0,1,1,0,1,0,0,0,1.0,0.0,1.0,1.0,0.0,1.0,0.0,0.0,0.0,1.0,0.0,1.0,0.0,0,0,1,1.0,0.0,1.0,4,1,417,0.0,4.37024735600035e-5,0.0,0.0,0.5,0.0,0.0,0.0,0.0,0.0,0.0,0.0,0.0,0.0008217365820029566,0.0,0.0008992805755395657,0.0,6.571377182795768e-5,0.0002299976503837155,0.0029717682020802376,0.0007429420505200594
336333450,3,1,0,1,1,0,1,0,0,0,2.0,0.0,2.0,2.0,0.0,2.0,0.0,0.0,0.0,1.0,0.0,1.0,0.0,0,0,1,3.0,0.0,5.0,4,1,417,0.0,8.7404947120007e-5,0.0,0.0,0.5,0.0,0.0,0.0,0.0,0.0,0.0,0.0,0.0,0.0008228596461277702,0.0,0.0008992805755395657,0.0,0.00013138220145370028,0.0002299976503837155,0.0029717682020802376,0.0007429420505200594
937502158676742145,3,1,0,1,1,0,1,0,0,0,1.0,0.0,1.0,1.0,0.0,1.0,0.0,0.0,0.0,1.0,0.0,1.0,0.0,0,0,1,1.0,0.0,1.0,4,1,417,0.0,4.37024735600035e-5,0.0,0.0,0.5,0.0,0.0,0.0,0.0,0.0,0.0,0.0,0.0,0.0008217365820029566,0.0,0.0008992805755395657,0.0,6.571377182795768e-5,0.0002299976503837155,0.0029717682020802376,0.0007429420505200594
756070071630434305,2,2,0,2,1,0,1,1,0,1,2.0,0.0,2.0,1.0,0.0,1.0,1.0,0.0,1.0,0.5,0.0,0.5,0.0,0,0,2,3.0,0.0,5.0,5,1,465,0.0,8.7404947120007e-5,0.0,0.0,0.3333333333333333,0.0,0.0,0.0,0.0,0.0,0.0,0.0,0.0,0.0008297765937767654,0.0,0.0008992805755395687,0.0,0.00022597436370785928,0.000256472200068172,0.003714710252600297,0.0007429420505200594
1498015223424471041,3,1,0,1,1,0,1,0,0,0,1.0,0.0,1.0,1.0,0.0,1.0,0.0,0.0,0.0,1.0,0.0,1.0,0.0,0,0,1,1.0,0.0,1.0,4,1,417,0.0,4.37024735600035e-5,0.0,0.0,0.5,0.0,0.0,0.0,0.0,0.0,0.0,0.0,0.0,0.0008217365820029566,0.0,0.0008992805755395657,0.0,6.571377182795768e-5,0.0002299976503837155,0.0029717682020802376,0.0007429420505200594
273819343,3,1,0,1,1,0,1,0,0,0,2.0,0.0,2.0,2.0,0.0,2.0,0.0,0.0,0.0,1.0,0.0,1.0,0.0,0,0,1,3.0,0.0,5.0,4,1,417,0.0,8.7404947120007e-5,0.0,0.0,0.5,0.0,0.0,0.0,0.0,0.0,0.0,0.0,0.0,0.0008228596461277702,0.0,0.0008992805755395657,0.0,0.00013138220145370028,0.0002299976503837155,0.0029717682020802376,0.0007429420505200594
3431122335,1,2,0,2,1,0,1,1,0,1,2.0,0.0,2.0,1.0,0.0,1.0,1.0,0.0,1.0,0.5,0.0,0.5,0.0,0,0,2,3.0,0.0,5.0,4,1,450,0.0,8.7404947120007e-5,0.0,0.0,0.5,0.25,0.0,0.0,0.5,0.0,0.5,1.0,0.0,0.0008306505081000055,0.0,0.0008992805755395685,0.0,0.00013138220145370028,0.0002481989032917793,0.0029717682020802376,0.0007429420505200594
1018440351135092736,3,1,0,1,1,0,1,0,0,0,2.0,0.0,2.0,2.0,0.0,2.0,0.0,0.0,0.0,1.0,0.0,1.0,0.0,0,0,1,3.0,0.0,5.0,4,1,417,0.0,8.7404947120007e-5,0.0,0.0,0.5,0.0,0.0,0.0,0.0,0.0,0.0,0.0,0.0,0.0008228596461277702,0.0,0.0008992805755395657,0.0,0.00013138220145370028,0.0002299976503837155,0.0029717682020802376,0.0007429420505200594
1381515069071106049,3,1,0,1,1,0,1,0,0,0,2.0,0.0,2.0,2.0,0.0,2.0,0.0,0.0,0.0,1.0,0.0,1.0,0.0,0,0,1,3.0,0.0,5.0,4,1,417,0.0,8.7404947120007e-5,0.0,0.0,0.5,0.0,0.0,0.0,0.0,0.0,0.0,0.0,0.0,0.0008228596461277702,0.0,0.0008992805755395657,0.0,0.00013138220145370028,0.0002299976503837155,0.0029717682020802376,0.0007429420505200594
1318166756,3,1,0,1,1,0,1,0,0,0,1.0,0.0,1.0,1.0,0.0,1.0,0.0,0.0,0.0,1.0,0.0,1.0,0.0,0,0,1,1.0,0.0,1.0,4,1,417,0.0,4.37024735600035e-5,0.0,0.0,0.5,0.0,0.0,0.0,0.0,0.0,0.0,0.0,0.0,0.0008217365820029566,0.0,0.0008992805755395657,0.0,6.571377182795768e-5,0.0002299976503837155,0.0029717682020802376,0.0007429420505200594
137521303,3,1,0,1,1,0,1,0,0,0,1.0,0.0,1.0,1.0,0.0,1.0,0.0,0.0,0.0,1.0,0.0,1.0,0.0,0,0,1,1.0,0.0,1.0,4,1,417,0.0,4.37024735600035e-5,0.0,0.0,0.5,0.0,0.0,0.0,0.0,0.0,0.0,0.0,0.0,0.0008217365820029566,0.0,0.0008992805755395657,0.0,6.571377182795768e-5,0.0002299976503837155,0.0029717682020802376,0.0007429420505200594
2570653935,3,1,0,1,1,0,1,0,0,0,1.0,0.0,1.0,1.0,0.0,1.0,0.0,0.0,0.0,1.0,0.0,1.0,0.0,0,0,1,1.0,0.0,1.0,4,1,417,0.0,4.37024735600035e-5,0.0,0.0,0.5,0.0,0.0,0.0,0.0,0.0,0.0,0.0,0.0,0.0008217365820029566,0.0,0.0008992805755395657,0.0,6.571377182795768e-5,0.0002299976503837155,0.0029717682020802376,0.0007429420505200594
866689532,3,1,0,1,1,0,1,0,0,0,1.0,0.0,1.0,1.0,0.0,1.0,0.0,0.0,0.0,1.0,0.0,1.0,0.0,0,0,1,1.0,0.0,1.0,4,1,417,0.0,4.37024735600035e-5,0.0,0.0,0.5,0.0,0.0,0.0,0.0,0.0,0.0,0.0,0.0,0.0008217365820029566,0.0,0.0008992805755395657,0.0,6.571377182795768e-5,0.0002299976503837155,0.0029717682020802376,0.0007429420505200594
614610446,3,1,0,1,1,0,1,0,0,0,1.0,0.0,1.0,1.0,0.0,1.0,0.0,0.0,0.0,1.0,0.0,1.0,0.0,0,0,1,1.0,0.0,1.0,4,1,417,0.0,4.37024735600035e-5,0.0,0.0,0.5,0.0,0.0,0.0,0.0,0.0,0.0,0.0,0.0,0.0008217365820029566,0.0,0.0008992805755395657,0.0,6.571377182795768e-5,0.0002299976503837155,0.0029717682020802376,0.0007429420505200594
1496678751043825667,3,1,0,1,1,0,1,0,0,0,1.0,0.0,1.0,1.0,0.0,1.0,0.0,0.0,0.0,1.0,0.0,1.0,0.0,0,0,1,1.0,0.0,1.0,4,1,417,0.0,4.37024735600035e-5,0.0,0.0,0.5,0.0,0.0,0.0,0.0,0.0,0.0,0.0,0.0,0.0008217365820029566,0.0,0.0008992805755395657,0.0,6.571377182795768e-5,0.0002299976503837155,0.0029717682020802376,0.0007429420505200594
1344427314,3,1,0,1,1,0,1,0,0,0,1.0,0.0,1.0,1.0,0.0,1.0,0.0,0.0,0.0,1.0,0.0,1.0,0.0,0,0,1,1.0,0.0,1.0,4,1,417,0.0,4.37024735600035e-5,0.0,0.0,0.5,0.0,0.0,0.0,0.0,0.0,0.0,0.0,0.0,0.0008217365820029566,0.0,0.0008992805755395657,0.0,6.571377182795768e-5,0.0002299976503837155,0.0029717682020802376,0.0007429420505200594
1065376343703965698,3,1,0,1,1,0,1,0,0,0,1.0,0.0,1.0,1.0,0.0,1.0,0.0,0.0,0.0,1.0,0.0,1.0,0.0,0,0,1,1.0,0.0,1.0,4,1,417,0.0,4.37024735600035e-5,0.0,0.0,0.5,0.0,0.0,0.0,0.0,0.0,0.0,0.0,0.0,0.0008217365820029566,0.0,0.0008992805755395657,0.0,6.571377182795768e-5,0.0002299976503837155,0.0029717682020802376,0.0007429420505200594
725805882815221760,3,1,0,1,1,0,1,0,0,0,1.0,0.0,1.0,1.0,0.0,1.0,0.0,0.0,0.0,1.0,0.0,1.0,0.0,0,0,1,1.0,0.0,1.0,4,1,417,0.0,4.37024735600035e-5,0.0,0.0,0.5,0.0,0.0,0.0,0.0,0.0,0.0,0.0,0.0,0.0008217365820029566,0.0,0.0008992805755395657,0.0,6.571377182795768e-5,0.0002299976503837155,0.0029717682020802376,0.0007429420505200594
1413466639136223242,3,1,0,1,1,0,1,0,0,0,1.0,0.0,1.0,1.0,0.0,1.0,0.0,0.0,0.0,1.0,0.0,1.0,0.0,0,0,1,1.0,0.0,1.0,4,1,417,0.0,4.37024735600035e-5,0.0,0.0,0.5,0.0,0.0,0.0,0.0,0.0,0.0,0.0,0.0,0.0008217365820029566,0.0,0.0008992805755395657,0.0,6.571377182795768e-5,0.0002299976503837155,0.0029717682020802376,0.0007429420505200594
39082190,3,1,0,1,1,0,1,0,0,0,1.0,0.0,1.0,1.0,0.0,1.0,0.0,0.0,0.0,1.0,0.0,1.0,0.0,0,0,1,1.0,0.0,1.0,4,1,417,0.0,4.37024735600035e-5,0.0,0.0,0.5,0.0,0.0,0.0,0.0,0.0,0.0,0.0,0.0,0.0008217365820029566,0.0,0.0008992805755395657,0.0,6.571377182795768e-5,0.0002299976503837155,0.0029717682020802376,0.0007429420505200594
3094912196,3,1,0,1,1,0,1,0,0,0,1.0,0.0,1.0,1.0,0.0,1.0,0.0,0.0,0.0,1.0,0.0,1.0,0.0,0,0,1,1.0,0.0,1.0,4,1,417,0.0,4.37024735600035e-5,0.0,0.0,0.5,0.0,0.0,0.0,0.0,0.0,0.0,0.0,0.0,0.0008217365820029566,0.0,0.0008992805755395657,0.0,6.571377182795768e-5,0.0002299976503837155,0.0029717682020802376,0.0007429420505200594
1069485829201035265,3,1,0,1,1,0,1,0,0,0,1.0,0.0,1.0,1.0,0.0,1.0,0.0,0.0,0.0,1.0,0.0,1.0,0.0,0,0,1,1.0,0.0,1.0,4,1,417,0.0,4.37024735600035e-5,0.0,0.0,0.5,0.0,0.0,0.0,0.0,0.0,0.0,0.0,0.0,0.0008217365820029566,0.0,0.0008992805755395657,0.0,6.571377182795768e-5,0.0002299976503837155,0.0029717682020802376,0.0007429420505200594
15653883,3,1,0,1,1,0,1,0,0,0,1.0,0.0,1.0,1.0,0.0,1.0,0.0,0.0,0.0,1.0,0.0,1.0,0.0,0,0,1,1.0,0.0,1.0,4,1,417,0.0,4.37024735600035e-5,0.0,0.0,0.5,0.0,0.0,0.0,0.0,0.0,0.0,0.0,0.0,0.0008217365820029566,0.0,0.0008992805755395657,0.0,6.571377182795768e-5,0.0002299976503837155,0.0029717682020802376,0.0007429420505200594
1190608978218086400,3,1,0,1,1,0,1,0,0,0,1.0,0.0,1.0,1.0,0.0,1.0,0.0,0.0,0.0,1.0,0.0,1.0,0.0,0,0,1,1.0,0.0,1.0,4,1,417,0.0,4.37024735600035e-5,0.0,0.0,0.5,0.0,0.0,0.0,0.0,0.0,0.0,0.0,0.0,0.0008217365820029566,0.0,0.0008992805755395657,0.0,6.571377182795768e-5,0.0002299976503837155,0.0029717682020802376,0.0007429420505200594
1095959053149208581,3,1,0,1,1,0,1,0,0,0,1.0,0.0,1.0,1.0,0.0,1.0,0.0,0.0,0.0,1.0,0.0,1.0,0.0,0,0,1,1.0,0.0,1.0,4,1,417,0.0,4.37024735600035e-5,0.0,0.0,0.5,0.0,0.0,0.0,0.0,0.0,0.0,0.0,0.0,0.0008217365820029566,0.0,0.0008992805755395657,0.0,6.571377182795768e-5,0.0002299976503837155,0.0029717682020802376,0.0007429420505200594
119883355,3,1,0,1,1,0,1,0,0,0,1.0,0.0,1.0,1.0,0.0,1.0,0.0,0.0,0.0,1.0,0.0,1.0,0.0,0,0,1,1.0,0.0,1.0,4,1,417,0.0,4.37024735600035e-5,0.0,0.0,0.5,0.0,0.0,0.0,0.0,0.0,0.0,0.0,0.0,0.0008217365820029566,0.0,0.0008992805755395657,0.0,6.571377182795768e-5,0.0002299976503837155,0.0029717682020802376,0.0007429420505200594
2765800196,3,1,0,1,1,0,1,0,0,0,1.0,0.0,1.0,1.0,0.0,1.0,0.0,0.0,0.0,1.0,0.0,1.0,0.0,0,0,1,1.0,0.0,1.0,4,1,417,0.0,4.37024735600035e-5,0.0,0.0,0.5,0.0,0.0,0.0,0.0,0.0,0.0,0.0,0.0,0.0008217365820029566,0.0,0.0008992805755395657,0.0,6.571377182795768e-5,0.0002299976503837155,0.0029717682020802376,0.0007429420505200594
1474784224158924808,3,1,0,1,1,0,1,0,0,0,1.0,0.0,1.0,1.0,0.0,1.0,0.0,0.0,0.0,1.0,0.0,1.0,0.0,0,0,1,1.0,0.0,1.0,4,1,417,0.0,4.37024735600035e-5,0.0,0.0,0.5,0.0,0.0,0.0,0.0,0.0,0.0,0.0,0.0,0.0008217365820029566,0.0,0.0008992805755395657,0.0,6.571377182795768e-5,0.0002299976503837155,0.0029717682020802376,0.0007429420505200594
1040002005039767553,3,1,0,1,1,0,1,0,0,0,1.0,0.0,1.0,1.0,0.0,1.0,0.0,0.0,0.0,1.0,0.0,1.0,0.0,0,0,1,1.0,0.0,1.0,4,1,417,0.0,4.37024735600035e-5,0.0,0.0,0.5,0.0,0.0,0.0,0.0,0.0,0.0,0.0,0.0,0.0008217365820029566,0.0,0.0008992805755395657,0.0,6.571377182795768e-5,0.0002299976503837155,0.0029717682020802376,0.0007429420505200594
398601686,3,1,0,1,1,0,1,0,0,0,2.0,0.0,2.0,2.0,0.0,2.0,0.0,0.0,0.0,1.0,0.0,1.0,0.0,0,0,1,3.0,0.0,5.0,4,1,417,0.0,8.7404947120007e-5,0.0,0.0,0.5,0.0,0.0,0.0,0.0,0.0,0.0,0.0,0.0,0.0008228596461277702,0.0,0.0008992805755395657,0.0,0.00013138220145370028,0.0002299976503837155,0.0029717682020802376,0.0007429420505200594
56630900,3,1,0,1,1,0,1,0,0,0,1.0,0.0,1.0,1.0,0.0,1.0,0.0,0.0,0.0,1.0,0.0,1.0,0.0,0,0,1,1.0,0.0,1.0,4,1,417,0.0,4.37024735600035e-5,0.0,0.0,0.5,0.0,0.0,0.0,0.0,0.0,0.0,0.0,0.0,0.0008217365820029566,0.0,0.0008992805755395657,0.0,6.571377182795768e-5,0.0002299976503837155,0.0029717682020802376,0.0007429420505200594
23604785,3,1,0,1,1,0,1,0,0,0,1.0,0.0,1.0,1.0,0.0,1.0,0.0,0.0,0.0,1.0,0.0,1.0,0.0,0,0,1,1.0,0.0,1.0,4,1,417,0.0,4.37024735600035e-5,0.0,0.0,0.5,0.0,0.0,0.0,0.0,0.0,0.0,0.0,0.0,0.0008217365820029566,0.0,0.0008992805755395657,0.0,6.571377182795768e-5,0.0002299976503837155,0.0029717682020802376,0.0007429420505200594
900770636,3,1,0,1,1,0,1,0,0,0,1.0,0.0,1.0,1.0,0.0,1.0,0.0,0.0,0.0,1.0,0.0,1.0,0.0,0,0,1,1.0,0.0,1.0,4,1,417,0.0,4.37024735600035e-5,0.0,0.0,0.5,0.0,0.0,0.0,0.0,0.0,0.0,0.0,0.0,0.0008217365820029566,0.0,0.0008992805755395657,0.0,6.571377182795768e-5,0.0002299976503837155,0.0029717682020802376,0.0007429420505200594
122870515,3,1,0,1,1,0,1,0,0,0,1.0,0.0,1.0,1.0,0.0,1.0,0.0,0.0,0.0,1.0,0.0,1.0,0.0,0,0,1,1.0,0.0,1.0,4,1,417,0.0,4.37024735600035e-5,0.0,0.0,0.5,0.0,0.0,0.0,0.0,0.0,0.0,0.0,0.0,0.0008217365820029566,0.0,0.0008992805755395657,0.0,6.571377182795768e-5,0.0002299976503837155,0.0029717682020802376,0.0007429420505200594
46647130,3,1,0,1,1,0,1,0,0,0,1.0,0.0,1.0,1.0,0.0,1.0,0.0,0.0,0.0,1.0,0.0,1.0,0.0,0,0,1,1.0,0.0,1.0,4,1,417,0.0,4.37024735600035e-5,0.0,0.0,0.5,0.0,0.0,0.0,0.0,0.0,0.0,0.0,0.0,0.0008217365820029566,0.0,0.0008992805755395657,0.0,6.571377182795768e-5,0.0002299976503837155,0.0029717682020802376,0.0007429420505200594
2221531154,3,1,0,1,1,0,1,0,0,0,1.0,0.0,1.0,1.0,0.0,1.0,0.0,0.0,0.0,1.0,0.0,1.0,0.0,0,0,1,1.0,0.0,1.0,4,1,417,0.0,4.37024735600035e-5,0.0,0.0,0.5,0.0,0.0,0.0,0.0,0.0,0.0,0.0,0.0,0.0008217365820029566,0.0,0.0008992805755395657,0.0,6.571377182795768e-5,0.0002299976503837155,0.0029717682020802376,0.0007429420505200594
1098976621778821124,3,1,0,1,1,0,1,0,0,0,1.0,0.0,1.0,1.0,0.0,1.0,0.0,0.0,0.0,1.0,0.0,1.0,0.0,0,0,1,1.0,0.0,1.0,4,1,417,0.0,4.37024735600035e-5,0.0,0.0,0.5,0.0,0.0,0.0,0.0,0.0,0.0,0.0,0.0,0.0008217365820029566,0.0,0.0008992805755395657,0.0,6.571377182795768e-5,0.0002299976503837155,0.0029717682020802376,0.0007429420505200594
712258403167559681,3,1,0,1,1,0,1,0,0,0,1.0,0.0,1.0,1.0,0.0,1.0,0.0,0.0,0.0,1.0,0.0,1.0,0.0,0,0,1,1.0,0.0,1.0,4,1,417,0.0,4.37024735600035e-5,0.0,0.0,0.5,0.0,0.0,0.0,0.0,0.0,0.0,0.0,0.0,0.0008217365820029566,0.0,0.0008992805755395657,0.0,6.571377182795768e-5,0.0002299976503837155,0.0029717682020802376,0.0007429420505200594
343982309,3,1,0,1,1,0,1,0,0,0,1.0,0.0,1.0,1.0,0.0,1.0,0.0,0.0,0.0,1.0,0.0,1.0,0.0,0,0,1,1.0,0.0,1.0,4,1,417,0.0,4.37024735600035e-5,0.0,0.0,0.5,0.0,0.0,0.0,0.0,0.0,0.0,0.0,0.0,0.0008217365820029566,0.0,0.0008992805755395657,0.0,6.571377182795768e-5,0.0002299976503837155,0.0029717682020802376,0.0007429420505200594
2864049126,3,1,0,1,1,0,1,0,0,0,1.0,0.0,1.0,1.0,0.0,1.0,0.0,0.0,0.0,1.0,0.0,1.0,0.0,0,0,1,1.0,0.0,1.0,4,1,417,0.0,4.37024735600035e-5,0.0,0.0,0.5,0.0,0.0,0.0,0.0,0.0,0.0,0.0,0.0,0.0008217365820029566,0.0,0.0008992805755395657,0.0,6.571377182795768e-5,0.0002299976503837155,0.0029717682020802376,0.0007429420505200594
826733395,3,1,0,1,1,0,1,0,0,0,1.0,0.0,1.0,1.0,0.0,1.0,0.0,0.0,0.0,1.0,0.0,1.0,0.0,0,0,1,1.0,0.0,1.0,4,1,417,0.0,4.37024735600035e-5,0.0,0.0,0.5,0.0,0.0,0.0,0.0,0.0,0.0,0.0,0.0,0.0008217365820029566,0.0,0.0008992805755395657,0.0,6.571377182795768e-5,0.0002299976503837155,0.0029717682020802376,0.0007429420505200594
3287712416,3,1,0,1,1,0,1,0,0,0,1.0,0.0,1.0,1.0,0.0,1.0,0.0,0.0,0.0,1.0,0.0,1.0,0.0,0,0,1,1.0,0.0,1.0,4,1,417,0.0,4.37024735600035e-5,0.0,0.0,0.5,0.0,0.0,0.0,0.0,0.0,0.0,0.0,0.0,0.0008217365820029566,0.0,0.0008992805755395657,0.0,6.571377182795768e-5,0.0002299976503837155,0.0029717682020802376,0.0007429420505200594
1511201152880492545,3,1,0,1,1,0,1,0,0,0,1.0,0.0,1.0,1.0,0.0,1.0,0.0,0.0,0.0,1.0,0.0,1.0,0.0,0,0,1,1.0,0.0,1.0,4,1,417,0.0,4.37024735600035e-5,0.0,0.0,0.5,0.0,0.0,0.0,0.0,0.0,0.0,0.0,0.0,0.0008217365820029566,0.0,0.0008992805755395657,0.0,6.571377182795768e-5,0.0002299976503837155,0.0029717682020802376,0.0007429420505200594
609194623,3,1,0,1,1,0,1,0,0,0,1.0,0.0,1.0,1.0,0.0,1.0,0.0,0.0,0.0,1.0,0.0,1.0,0.0,0,0,1,1.0,0.0,1.0,4,1,417,0.0,4.37024735600035e-5,0.0,0.0,0.5,0.0,0.0,0.0,0.0,0.0,0.0,0.0,0.0,0.0008217365820029566,0.0,0.0008992805755395657,0.0,6.571377182795768e-5,0.0002299976503837155,0.0029717682020802376,0.0007429420505200594
884012150263472128,3,1,0,1,1,0,1,0,0,0,1.0,0.0,1.0,1.0,0.0,1.0,0.0,0.0,0.0,1.0,0.0,1.0,0.0,0,0,1,1.0,0.0,1.0,4,1,417,0.0,4.37024735600035e-5,0.0,0.0,0.5,0.0,0.0,0.0,0.0,0.0,0.0,0.0,0.0,0.0008217365820029566,0.0,0.0008992805755395657,0.0,6.571377182795768e-5,0.0002299976503837155,0.0029717682020802376,0.0007429420505200594
3179827738,3,1,0,1,1,0,1,0,0,0,1.0,0.0,1.0,1.0,0.0,1.0,0.0,0.0,0.0,1.0,0.0,1.0,0.0,0,0,1,1.0,0.0,1.0,4,1,417,0.0,4.37024735600035e-5,0.0,0.0,0.5,0.0,0.0,0.0,0.0,0.0,0.0,0.0,0.0,0.0008217365820029566,0.0,0.0008992805755395657,0.0,6.571377182795768e-5,0.0002299976503837155,0.0029717682020802376,0.0007429420505200594
167383220,3,1,0,1,1,0,1,0,0,0,1.0,0.0,1.0,1.0,0.0,1.0,0.0,0.0,0.0,1.0,0.0,1.0,0.0,0,0,1,1.0,0.0,1.0,4,1,417,0.0,4.37024735600035e-5,0.0,0.0,0.5,0.0,0.0,0.0,0.0,0.0,0.0,0.0,0.0,0.0008217365820029566,0.0,0.0008992805755395657,0.0,6.571377182795768e-5,0.0002299976503837155,0.0029717682020802376,0.0007429420505200594
1034834942,3,1,0,1,1,0,1,0,0,0,1.0,0.0,1.0,1.0,0.0,1.0,0.0,0.0,0.0,1.0,0.0,1.0,0.0,0,0,1,1.0,0.0,1.0,4,1,417,0.0,4.37024735600035e-5,0.0,0.0,0.5,0.0,0.0,0.0,0.0,0.0,0.0,0.0,0.0,0.0008217365820029566,0.0,0.0008992805755395657,0.0,6.571377182795768e-5,0.0002299976503837155,0.0029717682020802376,0.0007429420505200594
28380483,3,1,0,1,1,0,1,0,0,0,1.0,0.0,1.0,1.0,0.0,1.0,0.0,0.0,0.0,1.0,0.0,1.0,0.0,0,0,1,1.0,0.0,1.0,4,1,417,0.0,4.37024735600035e-5,0.0,0.0,0.5,0.0,0.0,0.0,0.0,0.0,0.0,0.0,0.0,0.0008217365820029566,0.0,0.0008992805755395657,0.0,6.571377182795768e-5,0.0002299976503837155,0.0029717682020802376,0.0007429420505200594
1383468554377261070,3,1,0,1,1,0,1,0,0,0,1.0,0.0,1.0,1.0,0.0,1.0,0.0,0.0,0.0,1.0,0.0,1.0,0.0,0,0,1,1.0,0.0,1.0,4,1,417,0.0,4.37024735600035e-5,0.0,0.0,0.5,0.0,0.0,0.0,0.0,0.0,0.0,0.0,0.0,0.0008217365820029566,0.0,0.0008992805755395657,0.0,6.571377182795768e-5,0.0002299976503837155,0.0029717682020802376,0.0007429420505200594
1493449712158052354,3,1,0,1,1,0,1,0,0,0,1.0,0.0,1.0,1.0,0.0,1.0,0.0,0.0,0.0,1.0,0.0,1.0,0.0,0,0,1,1.0,0.0,1.0,4,1,417,0.0,4.37024735600035e-5,0.0,0.0,0.5,0.0,0.0,0.0,0.0,0.0,0.0,0.0,0.0,0.0008217365820029566,0.0,0.0008992805755395657,0.0,6.571377182795768e-5,0.0002299976503837155,0.0029717682020802376,0.0007429420505200594
1413216955121680385,3,1,0,1,1,0,1,0,0,0,1.0,0.0,1.0,1.0,0.0,1.0,0.0,0.0,0.0,1.0,0.0,1.0,0.0,0,0,1,1.0,0.0,1.0,4,1,417,0.0,4.37024735600035e-5,0.0,0.0,0.5,0.0,0.0,0.0,0.0,0.0,0.0,0.0,0.0,0.0008217365820029566,0.0,0.0008992805755395657,0.0,6.571377182795768e-5,0.0002299976503837155,0.0029717682020802376,0.0007429420505200594
572304001,3,1,0,1,1,0,1,0,0,0,1.0,0.0,1.0,1.0,0.0,1.0,0.0,0.0,0.0,1.0,0.0,1.0,0.0,0,0,1,1.0,0.0,1.0,4,1,417,0.0,4.37024735600035e-5,0.0,0.0,0.5,0.0,0.0,0.0,0.0,0.0,0.0,0.0,0.0,0.0008217365820029566,0.0,0.0008992805755395657,0.0,6.571377182795768e-5,0.0002299976503837155,0.0029717682020802376,0.0007429420505200594
1313146068767584259,3,1,0,1,1,0,1,0,0,0,1.0,0.0,1.0,1.0,0.0,1.0,0.0,0.0,0.0,1.0,0.0,1.0,0.0,0,0,1,1.0,0.0,1.0,4,1,417,0.0,4.37024735600035e-5,0.0,0.0,0.5,0.0,0.0,0.0,0.0,0.0,0.0,0.0,0.0,0.0008217365820029566,0.0,0.0008992805755395657,0.0,6.571377182795768e-5,0.0002299976503837155,0.0029717682020802376,0.0007429420505200594
1503788953270468609,3,1,0,1,1,0,1,0,0,0,1.0,0.0,1.0,1.0,0.0,1.0,0.0,0.0,0.0,1.0,0.0,1.0,0.0,0,0,1,1.0,0.0,1.0,4,1,417,0.0,4.37024735600035e-5,0.0,0.0,0.5,0.0,0.0,0.0,0.0,0.0,0.0,0.0,0.0,0.0008217365820029566,0.0,0.0008992805755395657,0.0,6.571377182795768e-5,0.0002299976503837155,0.0029717682020802376,0.0007429420505200594
1491528200912084998,3,1,0,1,1,0,1,0,0,0,1.0,0.0,1.0,1.0,0.0,1.0,0.0,0.0,0.0,1.0,0.0,1.0,0.0,0,0,1,1.0,0.0,1.0,4,1,417,0.0,4.37024735600035e-5,0.0,0.0,0.5,0.0,0.0,0.0,0.0,0.0,0.0,0.0,0.0,0.0008217365820029566,0.0,0.0008992805755395657,0.0,6.571377182795768e-5,0.0002299976503837155,0.0029717682020802376,0.0007429420505200594
970342982678298624,3,1,0,1,1,0,1,0,0,0,1.0,0.0,1.0,1.0,0.0,1.0,0.0,0.0,0.0,1.0,0.0,1.0,0.0,0,0,1,1.0,0.0,1.0,4,1,417,0.0,4.37024735600035e-5,0.0,0.0,0.5,0.0,0.0,0.0,0.0,0.0,0.0,0.0,0.0,0.0008217365820029566,0.0,0.0008992805755395657,0.0,6.571377182795768e-5,0.0002299976503837155,0.0029717682020802376,0.0007429420505200594
744166663,3,1,0,1,1,0,1,0,0,0,1.0,0.0,1.0,1.0,0.0,1.0,0.0,0.0,0.0,1.0,0.0,1.0,0.0,0,0,1,1.0,0.0,1.0,4,1,417,0.0,4.37024735600035e-5,0.0,0.0,0.5,0.0,0.0,0.0,0.0,0.0,0.0,0.0,0.0,0.0008217365820029566,0.0,0.0008992805755395657,0.0,6.571377182795768e-5,0.0002299976503837155,0.0029717682020802376,0.0007429420505200594
1010171727412772864,3,1,0,1,1,0,1,0,0,0,1.0,0.0,1.0,1.0,0.0,1.0,0.0,0.0,0.0,1.0,0.0,1.0,0.0,0,0,1,1.0,0.0,1.0,4,1,417,0.0,4.37024735600035e-5,0.0,0.0,0.5,0.0,0.0,0.0,0.0,0.0,0.0,0.0,0.0,0.0008217365820029566,0.0,0.0008992805755395657,0.0,6.571377182795768e-5,0.0002299976503837155,0.0029717682020802376,0.0007429420505200594
1387641838765490176,3,1,0,1,1,0,1,0,0,0,1.0,0.0,1.0,1.0,0.0,1.0,0.0,0.0,0.0,1.0,0.0,1.0,0.0,0,0,1,1.0,0.0,1.0,4,1,417,0.0,4.37024735600035e-5,0.0,0.0,0.5,0.0,0.0,0.0,0.0,0.0,0.0,0.0,0.0,0.0008217365820029566,0.0,0.0008992805755395657,0.0,6.571377182795768e-5,0.0002299976503837155,0.0029717682020802376,0.0007429420505200594
95790678,3,1,0,1,1,0,1,0,0,0,1.0,0.0,1.0,1.0,0.0,1.0,0.0,0.0,0.0,1.0,0.0,1.0,0.0,0,0,1,1.0,0.0,1.0,4,1,417,0.0,4.37024735600035e-5,0.0,0.0,0.5,0.0,0.0,0.0,0.0,0.0,0.0,0.0,0.0,0.0008217365820029566,0.0,0.0008992805755395657,0.0,6.571377182795768e-5,0.0002299976503837155,0.0029717682020802376,0.0007429420505200594
1066275282653536256,3,1,0,1,1,0,1,0,0,0,1.0,0.0,1.0,1.0,0.0,1.0,0.0,0.0,0.0,1.0,0.0,1.0,0.0,0,0,1,1.0,0.0,1.0,4,1,417,0.0,4.37024735600035e-5,0.0,0.0,0.5,0.0,0.0,0.0,0.0,0.0,0.0,0.0,0.0,0.0008217365820029566,0.0,0.0008992805755395657,0.0,6.571377182795768e-5,0.0002299976503837155,0.0029717682020802376,0.0007429420505200594
877449874555387905,2,2,0,2,1,0,1,1,0,1,2.0,0.0,2.0,1.0,0.0,1.0,1.0,0.0,1.0,0.5,0.0,0.5,0.0,0,0,2,3.0,0.0,5.0,5,1,465,0.0,8.7404947120007e-5,0.0,0.0,0.3333333333333333,0.0,0.0,0.0,0.0,0.0,0.0,0.0,0.0,0.0008297765937767654,0.0,0.0008992805755395687,0.0,0.00022597436370785928,0.000256472200068172,0.003714710252600297,0.0007429420505200594
455829895,3,1,0,1,1,0,1,0,0,0,1.0,0.0,1.0,1.0,0.0,1.0,0.0,0.0,0.0,1.0,0.0,1.0,0.0,0,0,1,1.0,0.0,1.0,4,1,417,0.0,4.37024735600035e-5,0.0,0.0,0.5,0.0,0.0,0.0,0.0,0.0,0.0,0.0,0.0,0.0008217365820029566,0.0,0.0008992805755395657,0.0,6.571377182795768e-5,0.0002299976503837155,0.0029717682020802376,0.0007429420505200594
384182626,3,1,0,1,1,0,1,0,0,0,1.0,0.0,1.0,1.0,0.0,1.0,0.0,0.0,0.0,1.0,0.0,1.0,0.0,0,0,1,1.0,0.0,1.0,4,1,417,0.0,4.37024735600035e-5,0.0,0.0,0.5,0.0,0.0,0.0,0.0,0.0,0.0,0.0,0.0,0.0008217365820029566,0.0,0.0008992805755395657,0.0,6.571377182795768e-5,0.0002299976503837155,0.0029717682020802376,0.0007429420505200594
1080819766242279425,2,2,0,2,1,0,1,1,0,1,2.0,0.0,2.0,1.0,0.0,1.0,1.0,0.0,1.0,0.5,0.0,0.5,0.0,0,0,2,3.0,0.0,5.0,5,1,465,0.0,8.7404947120007e-5,0.0,0.0,0.3333333333333333,0.0,0.0,0.0,0.0,0.0,0.0,0.0,0.0,0.0008297765937767654,0.0,0.0008992805755395687,0.0,0.00022597436370785928,0.000256472200068172,0.003714710252600297,0.0007429420505200594
1497899853145329666,3,1,0,1,1,0,1,0,0,0,1.0,0.0,1.0,1.0,0.0,1.0,0.0,0.0,0.0,1.0,0.0,1.0,0.0,0,0,1,1.0,0.0,1.0,4,1,417,0.0,4.37024735600035e-5,0.0,0.0,0.5,0.0,0.0,0.0,0.0,0.0,0.0,0.0,0.0,0.0008217365820029566,0.0,0.0008992805755395657,0.0,6.571377182795768e-5,0.0002299976503837155,0.0029717682020802376,0.0007429420505200594
3155702215,3,1,0,1,1,0,1,0,0,0,1.0,0.0,1.0,1.0,0.0,1.0,0.0,0.0,0.0,1.0,0.0,1.0,0.0,0,0,1,1.0,0.0,1.0,4,1,417,0.0,4.37024735600035e-5,0.0,0.0,0.5,0.0,0.0,0.0,0.0,0.0,0.0,0.0,0.0,0.0008217365820029566,0.0,0.0008992805755395657,0.0,6.571377182795768e-5,0.0002299976503837155,0.0029717682020802376,0.0007429420505200594
1445493827544834053,3,1,0,1,1,0,1,0,0,0,1.0,0.0,1.0,1.0,0.0,1.0,0.0,0.0,0.0,1.0,0.0,1.0,0.0,0,0,1,1.0,0.0,1.0,4,1,417,0.0,4.37024735600035e-5,0.0,0.0,0.5,0.0,0.0,0.0,0.0,0.0,0.0,0.0,0.0,0.0008217365820029566,0.0,0.0008992805755395657,0.0,6.571377182795768e-5,0.0002299976503837155,0.0029717682020802376,0.0007429420505200594
1015748022800564224,3,1,0,1,1,0,1,0,0,0,1.0,0.0,1.0,1.0,0.0,1.0,0.0,0.0,0.0,1.0,0.0,1.0,0.0,0,0,1,1.0,0.0,1.0,4,1,417,0.0,4.37024735600035e-5,0.0,0.0,0.5,0.0,0.0,0.0,0.0,0.0,0.0,0.0,0.0,0.0008217365820029566,0.0,0.0008992805755395657,0.0,6.571377182795768e-5,0.0002299976503837155,0.0029717682020802376,0.0007429420505200594
1233647779832094720,3,1,0,1,1,0,1,0,0,0,1.0,0.0,1.0,1.0,0.0,1.0,0.0,0.0,0.0,1.0,0.0,1.0,0.0,0,0,1,1.0,0.0,1.0,4,1,417,0.0,4.37024735600035e-5,0.0,0.0,0.5,0.0,0.0,0.0,0.0,0.0,0.0,0.0,0.0,0.0008217365820029566,0.0,0.0008992805755395657,0.0,6.571377182795768e-5,0.0002299976503837155,0.0029717682020802376,0.0007429420505200594
364695725,3,1,0,1,1,0,1,0,0,0,1.0,0.0,1.0,1.0,0.0,1.0,0.0,0.0,0.0,1.0,0.0,1.0,0.0,0,0,1,1.0,0.0,1.0,4,1,417,0.0,4.37024735600035e-5,0.0,0.0,0.5,0.0,0.0,0.0,0.0,0.0,0.0,0.0,0.0,0.0008217365820029566,0.0,0.0008992805755395657,0.0,6.571377182795768e-5,0.0002299976503837155,0.0029717682020802376,0.0007429420505200594
107729108,3,1,0,1,1,0,1,0,0,0,1.0,0.0,1.0,1.0,0.0,1.0,0.0,0.0,0.0,1.0,0.0,1.0,0.0,0,0,1,1.0,0.0,1.0,4,1,417,0.0,4.37024735600035e-5,0.0,0.0,0.5,0.0,0.0,0.0,0.0,0.0,0.0,0.0,0.0,0.0008217365820029566,0.0,0.0008992805755395657,0.0,6.571377182795768e-5,0.0002299976503837155,0.0029717682020802376,0.0007429420505200594
70668446,3,1,0,1,1,0,1,0,0,0,1.0,0.0,1.0,1.0,0.0,1.0,0.0,0.0,0.0,1.0,0.0,1.0,0.0,0,0,1,1.0,0.0,1.0,4,1,417,0.0,4.37024735600035e-5,0.0,0.0,0.5,0.0,0.0,0.0,0.0,0.0,0.0,0.0,0.0,0.0008217365820029566,0.0,0.0008992805755395657,0.0,6.571377182795768e-5,0.0002299976503837155,0.0029717682020802376,0.0007429420505200594
210226021,3,1,0,1,1,0,1,0,0,0,1.0,0.0,1.0,1.0,0.0,1.0,0.0,0.0,0.0,1.0,0.0,1.0,0.0,0,0,1,1.0,0.0,1.0,4,1,417,0.0,4.37024735600035e-5,0.0,0.0,0.5,0.0,0.0,0.0,0.0,0.0,0.0,0.0,0.0,0.0008217365820029566,0.0,0.0008992805755395657,0.0,6.571377182795768e-5,0.0002299976503837155,0.0029717682020802376,0.0007429420505200594
227172435,3,1,0,1,1,0,1,0,0,0,1.0,0.0,1.0,1.0,0.0,1.0,0.0,0.0,0.0,1.0,0.0,1.0,0.0,0,0,1,1.0,0.0,1.0,4,1,417,0.0,4.37024735600035e-5,0.0,0.0,0.5,0.0,0.0,0.0,0.0,0.0,0.0,0.0,0.0,0.0008217365820029566,0.0,0.0008992805755395657,0.0,6.571377182795768e-5,0.0002299976503837155,0.0029717682020802376,0.0007429420505200594
1266724225445920768,3,1,0,1,1,0,1,0,0,0,1.0,0.0,1.0,1.0,0.0,1.0,0.0,0.0,0.0,1.0,0.0,1.0,0.0,0,0,1,1.0,0.0,1.0,4,1,417,0.0,4.37024735600035e-5,0.0,0.0,0.5,0.0,0.0,0.0,0.0,0.0,0.0,0.0,0.0,0.0008217365820029566,0.0,0.0008992805755395657,0.0,6.571377182795768e-5,0.0002299976503837155,0.0029717682020802376,0.0007429420505200594
817301751309148160,3,1,0,1,1,0,1,0,0,0,1.0,0.0,1.0,1.0,0.0,1.0,0.0,0.0,0.0,1.0,0.0,1.0,0.0,0,0,1,1.0,0.0,1.0,4,1,417,0.0,4.37024735600035e-5,0.0,0.0,0.5,0.0,0.0,0.0,0.0,0.0,0.0,0.0,0.0,0.0008217365820029566,0.0,0.0008992805755395657,0.0,6.571377182795768e-5,0.0002299976503837155,0.0029717682020802376,0.0007429420505200594
1376184615455629313,3,1,0,1,1,0,1,0,0,0,1.0,0.0,1.0,1.0,0.0,1.0,0.0,0.0,0.0,1.0,0.0,1.0,0.0,0,0,1,1.0,0.0,1.0,4,1,417,0.0,4.37024735600035e-5,0.0,0.0,0.5,0.0,0.0,0.0,0.0,0.0,0.0,0.0,0.0,0.0008217365820029566,0.0,0.0008992805755395657,0.0,6.571377182795768e-5,0.0002299976503837155,0.0029717682020802376,0.0007429420505200594
1221266273176379392,3,1,0,1,1,0,1,0,0,0,1.0,0.0,1.0,1.0,0.0,1.0,0.0,0.0,0.0,1.0,0.0,1.0,0.0,0,0,1,1.0,0.0,1.0,4,1,417,0.0,4.37024735600035e-5,0.0,0.0,0.5,0.0,0.0,0.0,0.0,0.0,0.0,0.0,0.0,0.0008217365820029566,0.0,0.0008992805755395657,0.0,6.571377182795768e-5,0.0002299976503837155,0.0029717682020802376,0.0007429420505200594
3262310945,3,1,0,1,1,0,1,0,0,0,1.0,0.0,1.0,1.0,0.0,1.0,0.0,0.0,0.0,1.0,0.0,1.0,0.0,0,0,1,1.0,0.0,1.0,4,1,417,0.0,4.37024735600035e-5,0.0,0.0,0.5,0.0,0.0,0.0,0.0,0.0,0.0,0.0,0.0,0.0008217365820029566,0.0,0.0008992805755395657,0.0,6.571377182795768e-5,0.0002299976503837155,0.0029717682020802376,0.0007429420505200594
274206539,3,1,0,1,1,0,1,0,0,0,1.0,0.0,1.0,1.0,0.0,1.0,0.0,0.0,0.0,1.0,0.0,1.0,0.0,0,0,1,1.0,0.0,1.0,4,1,417,0.0,4.37024735600035e-5,0.0,0.0,0.5,0.0,0.0,0.0,0.0,0.0,0.0,0.0,0.0,0.0008217365820029566,0.0,0.0008992805755395657,0.0,6.571377182795768e-5,0.0002299976503837155,0.0029717682020802376,0.0007429420505200594
1461109160922304523,3,1,0,1,1,0,1,0,0,0,1.0,0.0,1.0,1.0,0.0,1.0,0.0,0.0,0.0,1.0,0.0,1.0,0.0,0,0,1,1.0,0.0,1.0,4,1,417,0.0,4.37024735600035e-5,0.0,0.0,0.5,0.0,0.0,0.0,0.0,0.0,0.0,0.0,0.0,0.0008217365820029566,0.0,0.0008992805755395657,0.0,6.571377182795768e-5,0.0002299976503837155,0.0029717682020802376,0.0007429420505200594
1498643920678490117,3,1,0,1,1,0,1,0,0,0,1.0,0.0,1.0,1.0,0.0,1.0,0.0,0.0,0.0,1.0,0.0,1.0,0.0,0,0,1,1.0,0.0,1.0,4,1,417,0.0,4.37024735600035e-5,0.0,0.0,0.5,0.0,0.0,0.0,0.0,0.0,0.0,0.0,0.0,0.0008217365820029566,0.0,0.0008992805755395657,0.0,6.571377182795768e-5,0.0002299976503837155,0.0029717682020802376,0.0007429420505200594
1437118501844574224,3,1,0,1,1,0,1,0,0,0,1.0,0.0,1.0,1.0,0.0,1.0,0.0,0.0,0.0,1.0,0.0,1.0,0.0,0,0,1,1.0,0.0,1.0,4,1,417,0.0,4.37024735600035e-5,0.0,0.0,0.5,0.0,0.0,0.0,0.0,0.0,0.0,0.0,0.0,0.0008217365820029566,0.0,0.0008992805755395657,0.0,6.571377182795768e-5,0.0002299976503837155,0.0029717682020802376,0.0007429420505200594
1267161222887157760,3,1,0,1,1,0,1,0,0,0,1.0,0.0,1.0,1.0,0.0,1.0,0.0,0.0,0.0,1.0,0.0,1.0,0.0,0,0,1,1.0,0.0,1.0,4,1,417,0.0,4.37024735600035e-5,0.0,0.0,0.5,0.0,0.0,0.0,0.0,0.0,0.0,0.0,0.0,0.0008217365820029566,0.0,0.0008992805755395657,0.0,6.571377182795768e-5,0.0002299976503837155,0.0029717682020802376,0.0007429420505200594
4645237240,3,1,0,1,1,0,1,0,0,0,1.0,0.0,1.0,1.0,0.0,1.0,0.0,0.0,0.0,1.0,0.0,1.0,0.0,0,0,1,1.0,0.0,1.0,4,1,417,0.0,4.37024735600035e-5,0.0,0.0,0.5,0.0,0.0,0.0,0.0,0.0,0.0,0.0,0.0,0.0008217365820029566,0.0,0.0008992805755395657,0.0,6.571377182795768e-5,0.0002299976503837155,0.0029717682020802376,0.0007429420505200594
968302342989893634,3,1,0,1,1,0,1,0,0,0,1.0,0.0,1.0,1.0,0.0,1.0,0.0,0.0,0.0,1.0,0.0,1.0,0.0,0,0,1,1.0,0.0,1.0,4,1,417,0.0,4.37024735600035e-5,0.0,0.0,0.5,0.0,0.0,0.0,0.0,0.0,0.0,0.0,0.0,0.0008217365820029566,0.0,0.0008992805755395657,0.0,6.571377182795768e-5,0.0002299976503837155,0.0029717682020802376,0.0007429420505200594
1475140461392285698,3,1,0,1,1,0,1,0,0,0,1.0,0.0,1.0,1.0,0.0,1.0,0.0,0.0,0.0,1.0,0.0,1.0,0.0,0,0,1,1.0,0.0,1.0,4,1,417,0.0,4.37024735600035e-5,0.0,0.0,0.5,0.0,0.0,0.0,0.0,0.0,0.0,0.0,0.0,0.0008217365820029566,0.0,0.0008992805755395657,0.0,6.571377182795768e-5,0.0002299976503837155,0.0029717682020802376,0.0007429420505200594
1210229651135778818,3,1,0,1,1,0,1,0,0,0,1.0,0.0,1.0,1.0,0.0,1.0,0.0,0.0,0.0,1.0,0.0,1.0,0.0,0,0,1,1.0,0.0,1.0,4,1,417,0.0,4.37024735600035e-5,0.0,0.0,0.5,0.0,0.0,0.0,0.0,0.0,0.0,0.0,0.0,0.0008217365820029566,0.0,0.0008992805755395657,0.0,6.571377182795768e-5,0.0002299976503837155,0.0029717682020802376,0.0007429420505200594
1410428882474344454,3,1,0,1,1,0,1,0,0,0,1.0,0.0,1.0,1.0,0.0,1.0,0.0,0.0,0.0,1.0,0.0,1.0,0.0,0,0,1,1.0,0.0,1.0,4,1,417,0.0,4.37024735600035e-5,0.0,0.0,0.5,0.0,0.0,0.0,0.0,0.0,0.0,0.0,0.0,0.0008217365820029566,0.0,0.0008992805755395657,0.0,6.571377182795768e-5,0.0002299976503837155,0.0029717682020802376,0.0007429420505200594
1424059864527949825,3,1,0,1,1,0,1,0,0,0,1.0,0.0,1.0,1.0,0.0,1.0,0.0,0.0,0.0,1.0,0.0,1.0,0.0,0,0,1,1.0,0.0,1.0,4,1,417,0.0,4.37024735600035e-5,0.0,0.0,0.5,0.0,0.0,0.0,0.0,0.0,0.0,0.0,0.0,0.0008217365820029566,0.0,0.0008992805755395657,0.0,6.571377182795768e-5,0.0002299976503837155,0.0029717682020802376,0.0007429420505200594
1461527223941304324,4,1,0,1,1,0,1,0,0,0,2.0,0.0,2.0,2.0,0.0,2.0,0.0,0.0,0.0,1.0,0.0,1.0,0.0,0,0,1,3.0,0.0,5.0,2,1,129,0.0,8.7404947120007e-5,0.0,0.0,0.5,0.0,0.0,0.0,0.0,0.0,0.0,0.0,0.0,0.0008321639573278402,0.0,0.0008992805755395681,0.00037445882353370763,0.0,7.115035227697674e-5,0.0014858841010401188,0.0007429420505200594
1448853288573550597,10,2,0,2,1,0,1,1,0,1,4.0,0.0,4.0,3.0,0.0,3.0,1.0,0.0,1.0,0.5,0.0,0.75,0.0,0,0,1,11.0,0.0,11.0,3,1,135,0.0,0.000174809894240014,0.0,0.0,0.3333333333333333,0.0,0.0,0.0,0.0,0.0,0.0,0.0,0.0,0.0011339191879511802,0.0,0.0008992805755395711,0.0007510826451804231,0.0,7.445967098753379e-5,0.002228826151560178,0.0007429420505200594
1021928947,4,1,0,1,1,0,1,0,0,0,2.0,0.0,2.0,2.0,0.0,2.0,0.0,0.0,0.0,1.0,0.0,1.0,0.0,0,0,1,3.0,0.0,5.0,2,1,129,0.0,8.7404947120007e-5,0.0,0.0,0.5,0.0,0.0,0.0,0.0,0.0,0.0,0.0,0.0,0.0008321639573278402,0.0,0.0008992805755395681,0.00037445882353370763,0.0,7.115035227697674e-5,0.0014858841010401188,0.0007429420505200594
1403526062194139136,4,2,0,2,2,0,2,0,0,0,3.0,0.0,3.0,3.0,0.0,3.0,0.0,0.0,0.0,1.0,0.0,1.0,0.0,0,0,2,10.0,0.0,10.0,3,1,133,0.0,0.00013110742068001048,0.0,0.0,0.3333333333333333,0.0,0.0,0.0,0.0,0.0,0.0,0.0,0.0,0.0009688441574825906,0.0,0.0008992805755395693,0.0005624994495743163,0.0,7.335656475068145e-5,0.002228826151560178,0.0007429420505200594
236393259,4,1,0,1,1,0,1,0,0,0,2.0,0.0,2.0,2.0,0.0,2.0,0.0,0.0,0.0,1.0,0.0,1.0,0.0,0,0,1,3.0,0.0,5.0,2,1,129,0.0,8.7404947120007e-5,0.0,0.0,0.5,0.0,0.0,0.0,0.0,0.0,0.0,0.0,0.0,0.0008321639573278402,0.0,0.0008992805755395681,0.00037445882353370763,0.0,7.115035227697674e-5,0.0014858841010401188,0.0007429420505200594
814982462,4,1,0,1,1,0,1,0,0,0,2.0,0.0,2.0,2.0,0.0,2.0,0.0,0.0,0.0,1.0,0.0,1.0,0.0,0,0,1,3.0,0.0,5.0,2,1,129,0.0,8.7404947120007e-5,0.0,0.0,0.5,0.0,0.0,0.0,0.0,0.0,0.0,0.0,0.0,0.0008321639573278402,0.0,0.0008992805755395681,0.00037445882353370763,0.0,7.115035227697674e-5,0.0014858841010401188,0.0007429420505200594
71322728,4,1,0,1,1,0,1,0,0,0,1.0,0.0,1.0,1.0,0.0,1.0,0.0,0.0,0.0,1.0,0.0,1.0,0.0,0,0,1,1.0,0.0,1.0,2,1,129,0.0,4.37024735600035e-5,0.0,0.0,0.5,0.0,0.0,0.0,0.0,0.0,0.0,0.0,0.0,0.0008263887376029914,0.0,0.0008992805755395681,0.00018695944611935023,0.0,7.115035227697674e-5,0.0014858841010401188,0.0007429420505200594
3319511816,4,1,0,1,1,0,1,0,0,0,1.0,0.0,1.0,1.0,0.0,1.0,0.0,0.0,0.0,1.0,0.0,1.0,0.0,0,0,1,1.0,0.0,1.0,2,1,129,0.0,4.37024735600035e-5,0.0,0.0,0.5,0.0,0.0,0.0,0.0,0.0,0.0,0.0,0.0,0.0008263887376029914,0.0,0.0008992805755395681,0.00018695944611935023,0.0,7.115035227697674e-5,0.0014858841010401188,0.0007429420505200594
392459500,4,1,0,1,1,0,1,0,0,0,1.0,0.0,1.0,1.0,0.0,1.0,0.0,0.0,0.0,1.0,0.0,1.0,0.0,0,0,1,1.0,0.0,1.0,2,1,129,0.0,4.37024735600035e-5,0.0,0.0,0.5,0.0,0.0,0.0,0.0,0.0,0.0,0.0,0.0,0.0008263887376029914,0.0,0.0008992805755395681,0.00018695944611935023,0.0,7.115035227697674e-5,0.0014858841010401188,0.0007429420505200594
49972972,4,1,0,1,1,0,1,0,0,0,1.0,0.0,1.0,1.0,0.0,1.0,0.0,0.0,0.0,1.0,0.0,1.0,0.0,0,0,1,1.0,0.0,1.0,2,1,129,0.0,4.37024735600035e-5,0.0,0.0,0.5,0.0,0.0,0.0,0.0,0.0,0.0,0.0,0.0,0.0008263887376029914,0.0,0.0008992805755395681,0.00018695944611935023,0.0,7.115035227697674e-5,0.0014858841010401188,0.0007429420505200594
3179101598,4,1,0,1,1,0,1,0,0,0,2.0,0.0,2.0,2.0,0.0,2.0,0.0,0.0,0.0,1.0,0.0,1.0,0.0,0,0,1,3.0,0.0,5.0,2,1,129,0.0,8.7404947120007e-5,0.0,0.0,0.5,0.0,0.0,0.0,0.0,0.0,0.0,0.0,0.0,0.0008321639573278402,0.0,0.0008992805755395681,0.00037445882353370763,0.0,7.115035227697674e-5,0.0014858841010401188,0.0007429420505200594
1197186453677019136,4,1,0,1,1,0,1,0,0,0,1.0,0.0,1.0,1.0,0.0,1.0,0.0,0.0,0.0,1.0,0.0,1.0,0.0,0,0,1,1.0,0.0,1.0,2,1,129,0.0,4.37024735600035e-5,0.0,0.0,0.5,0.0,0.0,0.0,0.0,0.0,0.0,0.0,0.0,0.0008263887376029914,0.0,0.0008992805755395681,0.00018695944611935023,0.0,7.115035227697674e-5,0.0014858841010401188,0.0007429420505200594
1303300617805332482,4,1,0,1,1,0,1,0,0,0,1.0,0.0,1.0,1.0,0.0,1.0,0.0,0.0,0.0,1.0,0.0,1.0,0.0,0,0,1,1.0,0.0,1.0,2,1,129,0.0,4.37024735600035e-5,0.0,0.0,0.5,0.0,0.0,0.0,0.0,0.0,0.0,0.0,0.0,0.0008263887376029914,0.0,0.0008992805755395681,0.00018695944611935023,0.0,7.115035227697674e-5,0.0014858841010401188,0.0007429420505200594
144048904,4,1,0,1,1,0,1,0,0,0,2.0,0.0,2.0,2.0,0.0,2.0,0.0,0.0,0.0,1.0,0.0,1.0,0.0,0,0,1,3.0,0.0,5.0,2,1,129,0.0,8.7404947120007e-5,0.0,0.0,0.5,0.0,0.0,0.0,0.0,0.0,0.0,0.0,0.0,0.0008321639573278402,0.0,0.0008992805755395681,0.00037445882353370763,0.0,7.115035227697674e-5,0.0014858841010401188,0.0007429420505200594
956309804938444800,4,1,0,1,1,0,1,0,0,0,1.0,0.0,1.0,1.0,0.0,1.0,0.0,0.0,0.0,1.0,0.0,1.0,0.0,0,0,1,1.0,0.0,1.0,2,1,129,0.0,4.37024735600035e-5,0.0,0.0,0.5,0.0,0.0,0.0,0.0,0.0,0.0,0.0,0.0,0.0008263887376029914,0.0,0.0008992805755395681,0.00018695944611935023,0.0,7.115035227697674e-5,0.0014858841010401188,0.0007429420505200594
1310143698080989184,4,1,0,1,1,0,1,0,0,0,1.0,0.0,1.0,1.0,0.0,1.0,0.0,0.0,0.0,1.0,0.0,1.0,0.0,0,0,1,1.0,0.0,1.0,2,1,129,0.0,4.37024735600035e-5,0.0,0.0,0.5,0.0,0.0,0.0,0.0,0.0,0.0,0.0,0.0,0.0008263887376029914,0.0,0.0008992805755395681,0.00018695944611935023,0.0,7.115035227697674e-5,0.0014858841010401188,0.0007429420505200594
1273623984576307203,4,1,0,1,1,0,1,0,0,0,1.0,0.0,1.0,1.0,0.0,1.0,0.0,0.0,0.0,1.0,0.0,1.0,0.0,0,0,1,1.0,0.0,1.0,2,1,129,0.0,4.37024735600035e-5,0.0,0.0,0.5,0.0,0.0,0.0,0.0,0.0,0.0,0.0,0.0,0.0008263887376029914,0.0,0.0008992805755395681,0.00018695944611935023,0.0,7.115035227697674e-5,0.0014858841010401188,0.0007429420505200594
1449085848444493825,22,10,0,10,5,0,5,5,0,5,11.0,0.0,11.0,6.0,0.0,6.0,5.0,0.0,5.0,0.5,0.0,0.5454545454545454,0.0,0,0,4,19.0,0.0,14.0,13,1,420,0.0,0.0004807272091600385,0.0,0.0,0.09090909090909091,0.0,0.0,0.0,0.0,0.0,0.0,0.0,0.0,0.0031978019286839003,0.0,0.000899280575539571,0.0001691340101013239,0.0,0.00023165230973899403,0.009658246656760773,0.0007429420505200594
820242091733200896,4,1,0,1,1,0,1,0,0,0,1.0,0.0,1.0,1.0,0.0,1.0,0.0,0.0,0.0,1.0,0.0,1.0,0.0,0,0,1,1.0,0.0,1.0,2,1,129,0.0,4.37024735600035e-5,0.0,0.0,0.5,0.0,0.0,0.0,0.0,0.0,0.0,0.0,0.0,0.0008263887376029914,0.0,0.0008992805755395681,0.00018695944611935023,0.0,7.115035227697674e-5,0.0014858841010401188,0.0007429420505200594
43505446,4,1,0,1,1,0,1,0,0,0,1.0,0.0,1.0,1.0,0.0,1.0,0.0,0.0,0.0,1.0,0.0,1.0,0.0,0,0,1,1.0,0.0,1.0,2,1,129,0.0,4.37024735600035e-5,0.0,0.0,0.5,0.0,0.0,0.0,0.0,0.0,0.0,0.0,0.0,0.0008263887376029914,0.0,0.0008992805755395681,0.00018695944611935023,0.0,7.115035227697674e-5,0.0014858841010401188,0.0007429420505200594
1499340884307234816,4,1,0,1,1,0,1,0,0,0,1.0,0.0,1.0,1.0,0.0,1.0,0.0,0.0,0.0,1.0,0.0,1.0,0.0,0,0,1,1.0,0.0,1.0,2,1,129,0.0,4.37024735600035e-5,0.0,0.0,0.5,0.0,0.0,0.0,0.0,0.0,0.0,0.0,0.0,0.0008263887376029914,0.0,0.0008992805755395681,0.00018695944611935023,0.0,7.115035227697674e-5,0.0014858841010401188,0.0007429420505200594
4768761692,4,1,0,1,1,0,1,0,0,0,1.0,0.0,1.0,1.0,0.0,1.0,0.0,0.0,0.0,1.0,0.0,1.0,0.0,0,0,1,1.0,0.0,1.0,2,1,129,0.0,4.37024735600035e-5,0.0,0.0,0.5,0.0,0.0,0.0,0.0,0.0,0.0,0.0,0.0,0.0008263887376029914,0.0,0.0008992805755395681,0.00018695944611935023,0.0,7.115035227697674e-5,0.0014858841010401188,0.0007429420505200594
1439459798307704832,4,1,0,1,1,0,1,0,0,0,1.0,0.0,1.0,1.0,0.0,1.0,0.0,0.0,0.0,1.0,0.0,1.0,0.0,0,0,1,1.0,0.0,1.0,2,1,129,0.0,4.37024735600035e-5,0.0,0.0,0.5,0.0,0.0,0.0,0.0,0.0,0.0,0.0,0.0,0.0008263887376029914,0.0,0.0008992805755395681,0.00018695944611935023,0.0,7.115035227697674e-5,0.0014858841010401188,0.0007429420505200594
1105092959584706560,4,1,0,1,1,0,1,0,0,0,1.0,0.0,1.0,1.0,0.0,1.0,0.0,0.0,0.0,1.0,0.0,1.0,0.0,0,0,1,1.0,0.0,1.0,2,1,129,0.0,4.37024735600035e-5,0.0,0.0,0.5,0.0,0.0,0.0,0.0,0.0,0.0,0.0,0.0,0.0008263887376029914,0.0,0.0008992805755395681,0.00018695944611935023,0.0,7.115035227697674e-5,0.0014858841010401188,0.0007429420505200594
1043769358604894208,4,1,0,1,1,0,1,0,0,0,1.0,0.0,1.0,1.0,0.0,1.0,0.0,0.0,0.0,1.0,0.0,1.0,0.0,0,0,1,1.0,0.0,1.0,2,1,129,0.0,4.37024735600035e-5,0.0,0.0,0.5,0.0,0.0,0.0,0.0,0.0,0.0,0.0,0.0,0.0008263887376029914,0.0,0.0008992805755395681,0.00018695944611935023,0.0,7.115035227697674e-5,0.0014858841010401188,0.0007429420505200594
1309488436055736323,4,1,0,1,1,0,1,0,0,0,2.0,0.0,2.0,2.0,0.0,2.0,0.0,0.0,0.0,1.0,0.0,1.0,0.0,0,0,1,3.0,0.0,5.0,2,1,129,0.0,8.7404947120007e-5,0.0,0.0,0.5,0.0,0.0,0.0,0.0,0.0,0.0,0.0,0.0,0.0008321639573278402,0.0,0.0008992805755395681,0.00037445882353370763,0.0,7.115035227697674e-5,0.0014858841010401188,0.0007429420505200594
1383534278416297993,4,1,0,1,1,0,1,0,0,0,1.0,0.0,1.0,1.0,0.0,1.0,0.0,0.0,0.0,1.0,0.0,1.0,0.0,0,0,1,1.0,0.0,1.0,2,1,129,0.0,4.37024735600035e-5,0.0,0.0,0.5,0.0,0.0,0.0,0.0,0.0,0.0,0.0,0.0,0.0008263887376029914,0.0,0.0008992805755395681,0.00018695944611935023,0.0,7.115035227697674e-5,0.0014858841010401188,0.0007429420505200594
4897657179,4,1,0,1,1,0,1,0,0,0,1.0,0.0,1.0,1.0,0.0,1.0,0.0,0.0,0.0,1.0,0.0,1.0,0.0,0,0,1,1.0,0.0,1.0,2,1,129,0.0,4.37024735600035e-5,0.0,0.0,0.5,0.0,0.0,0.0,0.0,0.0,0.0,0.0,0.0,0.0008263887376029914,0.0,0.0008992805755395681,0.00018695944611935023,0.0,7.115035227697674e-5,0.0014858841010401188,0.0007429420505200594
1375834973148573700,4,1,0,1,1,0,1,0,0,0,1.0,0.0,1.0,1.0,0.0,1.0,0.0,0.0,0.0,1.0,0.0,1.0,0.0,0,0,1,1.0,0.0,1.0,2,1,129,0.0,4.37024735600035e-5,0.0,0.0,0.5,0.0,0.0,0.0,0.0,0.0,0.0,0.0,0.0,0.0008263887376029914,0.0,0.0008992805755395681,0.00018695944611935023,0.0,7.115035227697674e-5,0.0014858841010401188,0.0007429420505200594
1398418200,4,3,0,3,2,0,2,1,0,1,3.0,0.0,3.0,2.0,0.0,2.0,1.0,0.0,1.0,0.6666666666666666,0.0,0.6666666666666666,0.0,0,0,2,10.0,0.0,8.0,4,1,255,0.0,0.00013110742068001048,0.0,0.0,0.25,0.0,0.0,0.0,0.0,0.0,0.0,0.0,0.0,0.001241686268842426,0.0,0.000899280575539569,6.653380388710328e-5,0.0,0.00014064604519867496,0.0029717682020802376,0.0007429420505200594
1438398329872732161,4,1,0,1,1,0,1,0,0,0,1.0,0.0,1.0,1.0,0.0,1.0,0.0,0.0,0.0,1.0,0.0,1.0,0.0,0,0,1,1.0,0.0,1.0,2,1,129,0.0,4.37024735600035e-5,0.0,0.0,0.5,0.0,0.0,0.0,0.0,0.0,0.0,0.0,0.0,0.0008263887376029914,0.0,0.0008992805755395681,0.00018695944611935023,0.0,7.115035227697674e-5,0.0014858841010401188,0.0007429420505200594
1261421961097342976,4,1,0,1,1,0,1,0,0,0,1.0,0.0,1.0,1.0,0.0,1.0,0.0,0.0,0.0,1.0,0.0,1.0,0.0,0,0,1,1.0,0.0,1.0,2,1,129,0.0,4.37024735600035e-5,0.0,0.0,0.5,0.0,0.0,0.0,0.0,0.0,0.0,0.0,0.0,0.0008263887376029914,0.0,0.0008992805755395681,0.00018695944611935023,0.0,7.115035227697674e-5,0.0014858841010401188,0.0007429420505200594
1310620478893993984,4,1,0,1,1,0,1,0,0,0,1.0,0.0,1.0,1.0,0.0,1.0,0.0,0.0,0.0,1.0,0.0,1.0,0.0,0,0,1,1.0,0.0,1.0,2,1,129,0.0,4.37024735600035e-5,0.0,0.0,0.5,0.0,0.0,0.0,0.0,0.0,0.0,0.0,0.0,0.0008263887376029914,0.0,0.0008992805755395681,0.00018695944611935023,0.0,7.115035227697674e-5,0.0014858841010401188,0.0007429420505200594
1386592115363237893,4,1,0,1,1,0,1,0,0,0,1.0,0.0,1.0,1.0,0.0,1.0,0.0,0.0,0.0,1.0,0.0,1.0,0.0,0,0,1,1.0,0.0,1.0,2,1,129,0.0,4.37024735600035e-5,0.0,0.0,0.5,0.0,0.0,0.0,0.0,0.0,0.0,0.0,0.0,0.0008263887376029914,0.0,0.0008992805755395681,0.00018695944611935023,0.0,7.115035227697674e-5,0.0014858841010401188,0.0007429420505200594
79030985,4,1,0,1,1,0,1,0,0,0,1.0,0.0,1.0,1.0,0.0,1.0,0.0,0.0,0.0,1.0,0.0,1.0,0.0,0,0,1,1.0,0.0,1.0,2,1,129,0.0,4.37024735600035e-5,0.0,0.0,0.5,0.0,0.0,0.0,0.0,0.0,0.0,0.0,0.0,0.0008263887376029914,0.0,0.0008992805755395681,0.00018695944611935023,0.0,7.115035227697674e-5,0.0014858841010401188,0.0007429420505200594
1250280653523836935,4,1,0,1,1,0,1,0,0,0,1.0,0.0,1.0,1.0,0.0,1.0,0.0,0.0,0.0,1.0,0.0,1.0,0.0,0,0,1,1.0,0.0,1.0,2,1,129,0.0,4.37024735600035e-5,0.0,0.0,0.5,0.0,0.0,0.0,0.0,0.0,0.0,0.0,0.0,0.0008263887376029914,0.0,0.0008992805755395681,0.00018695944611935023,0.0,7.115035227697674e-5,0.0014858841010401188,0.0007429420505200594
630902579,4,1,0,1,1,0,1,0,0,0,1.0,0.0,1.0,1.0,0.0,1.0,0.0,0.0,0.0,1.0,0.0,1.0,0.0,0,0,1,1.0,0.0,1.0,2,1,129,0.0,4.37024735600035e-5,0.0,0.0,0.5,0.0,0.0,0.0,0.0,0.0,0.0,0.0,0.0,0.0008263887376029914,0.0,0.0008992805755395681,0.00018695944611935023,0.0,7.115035227697674e-5,0.0014858841010401188,0.0007429420505200594
35977816,4,1,0,1,1,0,1,0,0,0,1.0,0.0,1.0,1.0,0.0,1.0,0.0,0.0,0.0,1.0,0.0,1.0,0.0,0,0,1,1.0,0.0,1.0,2,1,129,0.0,4.37024735600035e-5,0.0,0.0,0.5,0.0,0.0,0.0,0.0,0.0,0.0,0.0,0.0,0.0008263887376029914,0.0,0.0008992805755395681,0.00018695944611935023,0.0,7.115035227697674e-5,0.0014858841010401188,0.0007429420505200594
3304835060,4,1,0,1,1,0,1,0,0,0,1.0,0.0,1.0,1.0,0.0,1.0,0.0,0.0,0.0,1.0,0.0,1.0,0.0,0,0,1,1.0,0.0,1.0,2,1,129,0.0,4.37024735600035e-5,0.0,0.0,0.5,0.0,0.0,0.0,0.0,0.0,0.0,0.0,0.0,0.0008263887376029914,0.0,0.0008992805755395681,0.00018695944611935023,0.0,7.115035227697674e-5,0.0014858841010401188,0.0007429420505200594
29411037,4,1,0,1,1,0,1,0,0,0,2.0,0.0,2.0,2.0,0.0,2.0,0.0,0.0,0.0,1.0,0.0,1.0,0.0,0,0,1,3.0,0.0,5.0,2,1,129,0.0,8.7404947120007e-5,0.0,0.0,0.5,0.0,0.0,0.0,0.0,0.0,0.0,0.0,0.0,0.0008321639573278402,0.0,0.0008992805755395681,0.00037445882353370763,0.0,7.115035227697674e-5,0.0014858841010401188,0.0007429420505200594
300670467,4,1,0,1,1,0,1,0,0,0,1.0,0.0,1.0,1.0,0.0,1.0,0.0,0.0,0.0,1.0,0.0,1.0,0.0,0,0,1,1.0,0.0,1.0,2,1,129,0.0,4.37024735600035e-5,0.0,0.0,0.5,0.0,0.0,0.0,0.0,0.0,0.0,0.0,0.0,0.0008263887376029914,0.0,0.0008992805755395681,0.00018695944611935023,0.0,7.115035227697674e-5,0.0014858841010401188,0.0007429420505200594
1493051445880373254,4,1,0,1,1,0,1,0,0,0,1.0,0.0,1.0,1.0,0.0,1.0,0.0,0.0,0.0,1.0,0.0,1.0,0.0,0,0,1,1.0,0.0,1.0,2,1,129,0.0,4.37024735600035e-5,0.0,0.0,0.5,0.0,0.0,0.0,0.0,0.0,0.0,0.0,0.0,0.0008263887376029914,0.0,0.0008992805755395681,0.00018695944611935023,0.0,7.115035227697674e-5,0.0014858841010401188,0.0007429420505200594
969469599434522624,4,1,0,1,1,0,1,0,0,0,1.0,0.0,1.0,1.0,0.0,1.0,0.0,0.0,0.0,1.0,0.0,1.0,0.0,0,0,1,1.0,0.0,1.0,2,1,129,0.0,4.37024735600035e-5,0.0,0.0,0.5,0.0,0.0,0.0,0.0,0.0,0.0,0.0,0.0,0.0008263887376029914,0.0,0.0008992805755395681,0.00018695944611935023,0.0,7.115035227697674e-5,0.0014858841010401188,0.0007429420505200594
2926472354,4,1,0,1,1,0,1,0,0,0,1.0,0.0,1.0,1.0,0.0,1.0,0.0,0.0,0.0,1.0,0.0,1.0,0.0,0,0,1,1.0,0.0,1.0,2,1,129,0.0,4.37024735600035e-5,0.0,0.0,0.5,0.0,0.0,0.0,0.0,0.0,0.0,0.0,0.0,0.0008263887376029914,0.0,0.0008992805755395681,0.00018695944611935023,0.0,7.115035227697674e-5,0.0014858841010401188,0.0007429420505200594
1427214287693484034,4,1,0,1,1,0,1,0,0,0,1.0,0.0,1.0,1.0,0.0,1.0,0.0,0.0,0.0,1.0,0.0,1.0,0.0,0,0,1,1.0,0.0,1.0,2,1,129,0.0,4.37024735600035e-5,0.0,0.0,0.5,0.0,0.0,0.0,0.0,0.0,0.0,0.0,0.0,0.0008263887376029914,0.0,0.0008992805755395681,0.00018695944611935023,0.0,7.115035227697674e-5,0.0014858841010401188,0.0007429420505200594
1375036927489941504,4,1,0,1,1,0,1,0,0,0,1.0,0.0,1.0,1.0,0.0,1.0,0.0,0.0,0.0,1.0,0.0,1.0,0.0,0,0,1,1.0,0.0,1.0,2,1,129,0.0,4.37024735600035e-5,0.0,0.0,0.5,0.0,0.0,0.0,0.0,0.0,0.0,0.0,0.0,0.0008263887376029914,0.0,0.0008992805755395681,0.00018695944611935023,0.0,7.115035227697674e-5,0.0014858841010401188,0.0007429420505200594
903474876089999361,4,1,0,1,1,0,1,0,0,0,1.0,0.0,1.0,1.0,0.0,1.0,0.0,0.0,0.0,1.0,0.0,1.0,0.0,0,0,1,1.0,0.0,1.0,2,1,129,0.0,4.37024735600035e-5,0.0,0.0,0.5,0.0,0.0,0.0,0.0,0.0,0.0,0.0,0.0,0.0008263887376029914,0.0,0.0008992805755395681,0.00018695944611935023,0.0,7.115035227697674e-5,0.0014858841010401188,0.0007429420505200594
165727849,4,1,0,1,1,0,1,0,0,0,1.0,0.0,1.0,1.0,0.0,1.0,0.0,0.0,0.0,1.0,0.0,1.0,0.0,0,0,1,1.0,0.0,1.0,2,1,129,0.0,4.37024735600035e-5,0.0,0.0,0.5,0.0,0.0,0.0,0.0,0.0,0.0,0.0,0.0,0.0008263887376029914,0.0,0.0008992805755395681,0.00018695944611935023,0.0,7.115035227697674e-5,0.0014858841010401188,0.0007429420505200594
55657219,4,1,0,1,1,0,1,0,0,0,1.0,0.0,1.0,1.0,0.0,1.0,0.0,0.0,0.0,1.0,0.0,1.0,0.0,0,0,1,1.0,0.0,1.0,2,1,129,0.0,4.37024735600035e-5,0.0,0.0,0.5,0.0,0.0,0.0,0.0,0.0,0.0,0.0,0.0,0.0008263887376029914,0.0,0.0008992805755395681,0.00018695944611935023,0.0,7.115035227697674e-5,0.0014858841010401188,0.0007429420505200594
934969971808935936,4,1,0,1,1,0,1,0,0,0,1.0,0.0,1.0,1.0,0.0,1.0,0.0,0.0,0.0,1.0,0.0,1.0,0.0,0,0,1,1.0,0.0,1.0,2,1,129,0.0,4.37024735600035e-5,0.0,0.0,0.5,0.0,0.0,0.0,0.0,0.0,0.0,0.0,0.0,0.0008263887376029914,0.0,0.0008992805755395681,0.00018695944611935023,0.0,7.115035227697674e-5,0.0014858841010401188,0.0007429420505200594
492774653,4,1,0,1,1,0,1,0,0,0,1.0,0.0,1.0,1.0,0.0,1.0,0.0,0.0,0.0,1.0,0.0,1.0,0.0,0,0,1,1.0,0.0,1.0,2,1,129,0.0,4.37024735600035e-5,0.0,0.0,0.5,0.0,0.0,0.0,0.0,0.0,0.0,0.0,0.0,0.0008263887376029914,0.0,0.0008992805755395681,0.00018695944611935023,0.0,7.115035227697674e-5,0.0014858841010401188,0.0007429420505200594
1330136412121862150,4,1,0,1,1,0,1,0,0,0,1.0,0.0,1.0,1.0,0.0,1.0,0.0,0.0,0.0,1.0,0.0,1.0,0.0,0,0,1,1.0,0.0,1.0,2,1,129,0.0,4.37024735600035e-5,0.0,0.0,0.5,0.0,0.0,0.0,0.0,0.0,0.0,0.0,0.0,0.0008263887376029914,0.0,0.0008992805755395681,0.00018695944611935023,0.0,7.115035227697674e-5,0.0014858841010401188,0.0007429420505200594
59119716,4,1,0,1,1,0,1,0,0,0,1.0,0.0,1.0,1.0,0.0,1.0,0.0,0.0,0.0,1.0,0.0,1.0,0.0,0,0,1,1.0,0.0,1.0,2,1,129,0.0,4.37024735600035e-5,0.0,0.0,0.5,0.0,0.0,0.0,0.0,0.0,0.0,0.0,0.0,0.0008263887376029914,0.0,0.0008992805755395681,0.00018695944611935023,0.0,7.115035227697674e-5,0.0014858841010401188,0.0007429420505200594
1501633019001843712,4,2,0,2,2,0,2,0,0,0,3.0,0.0,3.0,3.0,0.0,3.0,0.0,0.0,0.0,1.0,0.0,1.0,0.0,0,0,2,10.0,0.0,10.0,3,1,133,0.0,0.00013110742068001048,0.0,0.0,0.3333333333333333,0.0,0.0,0.0,0.0,0.0,0.0,0.0,0.0,0.0010997491379124927,0.0,0.0008992805755395705,0.0005624994495743163,0.0,7.335656475068145e-5,0.002228826151560178,0.0007429420505200594
1074099097026519041,4,1,0,1,1,0,1,0,0,0,1.0,0.0,1.0,1.0,0.0,1.0,0.0,0.0,0.0,1.0,0.0,1.0,0.0,0,0,1,1.0,0.0,1.0,2,1,129,0.0,4.37024735600035e-5,0.0,0.0,0.5,0.0,0.0,0.0,0.0,0.0,0.0,0.0,0.0,0.0008263887376029914,0.0,0.0008992805755395681,0.00018695944611935023,0.0,7.115035227697674e-5,0.0014858841010401188,0.0007429420505200594
738429646887211008,4,1,0,1,1,0,1,0,0,0,2.0,0.0,2.0,2.0,0.0,2.0,0.0,0.0,0.0,1.0,0.0,1.0,0.0,0,0,1,3.0,0.0,5.0,2,1,129,0.0,8.7404947120007e-5,0.0,0.0,0.5,0.0,0.0,0.0,0.0,0.0,0.0,0.0,0.0,0.0008321639573278402,0.0,0.0008992805755395681,0.00037445882353370763,0.0,7.115035227697674e-5,0.0014858841010401188,0.0007429420505200594
1257976454752559106,4,1,0,1,1,0,1,0,0,0,1.0,0.0,1.0,1.0,0.0,1.0,0.0,0.0,0.0,1.0,0.0,1.0,0.0,0,0,1,1.0,0.0,1.0,2,1,129,0.0,4.37024735600035e-5,0.0,0.0,0.5,0.0,0.0,0.0,0.0,0.0,0.0,0.0,0.0,0.0008263887376029914,0.0,0.0008992805755395681,0.00018695944611935023,0.0,7.115035227697674e-5,0.0014858841010401188,0.0007429420505200594
1304708750457012227,4,1,0,1,1,0,1,0,0,0,1.0,0.0,1.0,1.0,0.0,1.0,0.0,0.0,0.0,1.0,0.0,1.0,0.0,0,0,1,1.0,0.0,1.0,2,1,129,0.0,4.37024735600035e-5,0.0,0.0,0.5,0.0,0.0,0.0,0.0,0.0,0.0,0.0,0.0,0.0008263887376029914,0.0,0.0008992805755395681,0.00018695944611935023,0.0,7.115035227697674e-5,0.0014858841010401188,0.0007429420505200594
1202181788803596288,4,1,0,1,1,0,1,0,0,0,1.0,0.0,1.0,1.0,0.0,1.0,0.0,0.0,0.0,1.0,0.0,1.0,0.0,0,0,1,1.0,0.0,1.0,2,1,129,0.0,4.37024735600035e-5,0.0,0.0,0.5,0.0,0.0,0.0,0.0,0.0,0.0,0.0,0.0,0.0008263887376029914,0.0,0.0008992805755395681,0.00018695944611935023,0.0,7.115035227697674e-5,0.0014858841010401188,0.0007429420505200594
173146521,4,1,0,1,1,0,1,0,0,0,1.0,0.0,1.0,1.0,0.0,1.0,0.0,0.0,0.0,1.0,0.0,1.0,0.0,0,0,1,1.0,0.0,1.0,2,1,129,0.0,4.37024735600035e-5,0.0,0.0,0.5,0.0,0.0,0.0,0.0,0.0,0.0,0.0,0.0,0.0008263887376029914,0.0,0.0008992805755395681,0.00018695944611935023,0.0,7.115035227697674e-5,0.0014858841010401188,0.0007429420505200594
2181642090,4,1,0,1,1,0,1,0,0,0,1.0,0.0,1.0,1.0,0.0,1.0,0.0,0.0,0.0,1.0,0.0,1.0,0.0,0,0,1,1.0,0.0,1.0,2,1,129,0.0,4.37024735600035e-5,0.0,0.0,0.5,0.0,0.0,0.0,0.0,0.0,0.0,0.0,0.0,0.0008263887376029914,0.0,0.0008992805755395681,0.00018695944611935023,0.0,7.115035227697674e-5,0.0014858841010401188,0.0007429420505200594
779910552,4,1,0,1,1,0,1,0,0,0,1.0,0.0,1.0,1.0,0.0,1.0,0.0,0.0,0.0,1.0,0.0,1.0,0.0,0,0,1,1.0,0.0,1.0,2,1,129,0.0,4.37024735600035e-5,0.0,0.0,0.5,0.0,0.0,0.0,0.0,0.0,0.0,0.0,0.0,0.0008263887376029914,0.0,0.0008992805755395681,0.00018695944611935023,0.0,7.115035227697674e-5,0.0014858841010401188,0.0007429420505200594
881137693748477952,4,2,0,2,2,0,2,0,0,0,3.0,0.0,3.0,3.0,0.0,3.0,0.0,0.0,0.0,1.0,0.0,1.0,0.0,0,0,2,10.0,0.0,8.0,3,1,130,0.0,0.00013110742068001048,0.0,0.0,0.3333333333333333,0.0,0.0,0.0,0.0,0.0,0.0,0.0,0.0,0.0012422045577920918,0.0,0.000899280575539569,0.0005624994495743163,0.0,7.170190539540292e-5,0.002228826151560178,0.0007429420505200594
24702057,1,2,0,2,1,0,1,1,0,1,2.0,0.0,2.0,1.0,0.0,1.0,1.0,0.0,1.0,0.5,0.0,0.5,0.0,0,0,2,3.0,0.0,5.0,3,1,201,0.0,8.7404947120007e-5,0.0,0.0,0.3333333333333333,0.0,0.0,0.0,0.0,0.0,0.0,0.0,0.0,0.0008353026637000405,0.0,0.0008992805755395698,0.0,0.0004944049270975137,0.00011086217680366143,0.002228826151560178,0.0007429420505200594
1373800754,4,1,0,1,1,0,1,0,0,0,2.0,0.0,2.0,2.0,0.0,2.0,0.0,0.0,0.0,1.0,0.0,1.0,0.0,0,0,1,3.0,0.0,5.0,2,1,129,0.0,8.7404947120007e-5,0.0,0.0,0.5,0.0,0.0,0.0,0.0,0.0,0.0,0.0,0.0,0.0008321639573278402,0.0,0.0008992805755395681,0.00037445882353370763,0.0,7.115035227697674e-5,0.0014858841010401188,0.0007429420505200594
18758897,4,1,0,1,1,0,1,0,0,0,1.0,0.0,1.0,1.0,0.0,1.0,0.0,0.0,0.0,1.0,0.0,1.0,0.0,0,0,1,1.0,0.0,1.0,2,1,129,0.0,4.37024735600035e-5,0.0,0.0,0.5,0.0,0.0,0.0,0.0,0.0,0.0,0.0,0.0,0.0008263887376029914,0.0,0.0008992805755395681,0.00018695944611935023,0.0,7.115035227697674e-5,0.0014858841010401188,0.0007429420505200594
25007208,4,1,0,1,1,0,1,0,0,0,1.0,0.0,1.0,1.0,0.0,1.0,0.0,0.0,0.0,1.0,0.0,1.0,0.0,0,0,1,1.0,0.0,1.0,2,1,129,0.0,4.37024735600035e-5,0.0,0.0,0.5,0.0,0.0,0.0,0.0,0.0,0.0,0.0,0.0,0.0008263887376029914,0.0,0.0008992805755395681,0.00018695944611935023,0.0,7.115035227697674e-5,0.0014858841010401188,0.0007429420505200594
58175014,4,1,0,1,1,0,1,0,0,0,1.0,0.0,1.0,1.0,0.0,1.0,0.0,0.0,0.0,1.0,0.0,1.0,0.0,0,0,1,1.0,0.0,1.0,2,1,129,0.0,4.37024735600035e-5,0.0,0.0,0.5,0.0,0.0,0.0,0.0,0.0,0.0,0.0,0.0,0.0008263887376029914,0.0,0.0008992805755395681,0.00018695944611935023,0.0,7.115035227697674e-5,0.0014858841010401188,0.0007429420505200594
783410619508596737,4,1,0,1,1,0,1,0,0,0,1.0,0.0,1.0,1.0,0.0,1.0,0.0,0.0,0.0,1.0,0.0,1.0,0.0,0,0,1,1.0,0.0,1.0,2,1,129,0.0,4.37024735600035e-5,0.0,0.0,0.5,0.0,0.0,0.0,0.0,0.0,0.0,0.0,0.0,0.0008263887376029914,0.0,0.0008992805755395681,0.00018695944611935023,0.0,7.115035227697674e-5,0.0014858841010401188,0.0007429420505200594
67715492,4,1,0,1,1,0,1,0,0,0,2.0,0.0,2.0,2.0,0.0,2.0,0.0,0.0,0.0,1.0,0.0,1.0,0.0,0,0,1,3.0,0.0,5.0,2,1,129,0.0,8.7404947120007e-5,0.0,0.0,0.5,0.0,0.0,0.0,0.0,0.0,0.0,0.0,0.0,0.0008321639573278402,0.0,0.0008992805755395681,0.00037445882353370763,0.0,7.115035227697674e-5,0.0014858841010401188,0.0007429420505200594
1370658055143137285,4,1,0,1,1,0,1,0,0,0,1.0,0.0,1.0,1.0,0.0,1.0,0.0,0.0,0.0,1.0,0.0,1.0,0.0,0,0,1,1.0,0.0,1.0,2,1,129,0.0,4.37024735600035e-5,0.0,0.0,0.5,0.0,0.0,0.0,0.0,0.0,0.0,0.0,0.0,0.0008263887376029914,0.0,0.0008992805755395681,0.00018695944611935023,0.0,7.115035227697674e-5,0.0014858841010401188,0.0007429420505200594
1491966167048921090,4,1,0,1,1,0,1,0,0,0,1.0,0.0,1.0,1.0,0.0,1.0,0.0,0.0,0.0,1.0,0.0,1.0,0.0,0,0,1,1.0,0.0,1.0,2,1,129,0.0,4.37024735600035e-5,0.0,0.0,0.5,0.0,0.0,0.0,0.0,0.0,0.0,0.0,0.0,0.0008263887376029914,0.0,0.0008992805755395681,0.00018695944611935023,0.0,7.115035227697674e-5,0.0014858841010401188,0.0007429420505200594
267681470,4,1,0,1,1,0,1,0,0,0,1.0,0.0,1.0,1.0,0.0,1.0,0.0,0.0,0.0,1.0,0.0,1.0,0.0,0,0,1,1.0,0.0,1.0,2,1,129,0.0,4.37024735600035e-5,0.0,0.0,0.5,0.0,0.0,0.0,0.0,0.0,0.0,0.0,0.0,0.0008263887376029914,0.0,0.0008992805755395681,0.00018695944611935023,0.0,7.115035227697674e-5,0.0014858841010401188,0.0007429420505200594
1448970426772717579,4,1,0,1,1,0,1,0,0,0,1.0,0.0,1.0,1.0,0.0,1.0,0.0,0.0,0.0,1.0,0.0,1.0,0.0,0,0,1,1.0,0.0,1.0,2,1,129,0.0,4.37024735600035e-5,0.0,0.0,0.5,0.0,0.0,0.0,0.0,0.0,0.0,0.0,0.0,0.0008263887376029914,0.0,0.0008992805755395681,0.00018695944611935023,0.0,7.115035227697674e-5,0.0014858841010401188,0.0007429420505200594
1422115642086281217,4,1,0,1,1,0,1,0,0,0,1.0,0.0,1.0,1.0,0.0,1.0,0.0,0.0,0.0,1.0,0.0,1.0,0.0,0,0,1,1.0,0.0,1.0,2,1,129,0.0,4.37024735600035e-5,0.0,0.0,0.5,0.0,0.0,0.0,0.0,0.0,0.0,0.0,0.0,0.0008263887376029914,0.0,0.0008992805755395681,0.00018695944611935023,0.0,7.115035227697674e-5,0.0014858841010401188,0.0007429420505200594
1495910235198095360,4,1,0,1,1,0,1,0,0,0,1.0,0.0,1.0,1.0,0.0,1.0,0.0,0.0,0.0,1.0,0.0,1.0,0.0,0,0,1,1.0,0.0,1.0,2,1,129,0.0,4.37024735600035e-5,0.0,0.0,0.5,0.0,0.0,0.0,0.0,0.0,0.0,0.0,0.0,0.0008263887376029914,0.0,0.0008992805755395681,0.00018695944611935023,0.0,7.115035227697674e-5,0.0014858841010401188,0.0007429420505200594
237236420,4,1,0,1,1,0,1,0,0,0,1.0,0.0,1.0,1.0,0.0,1.0,0.0,0.0,0.0,1.0,0.0,1.0,0.0,0,0,1,1.0,0.0,1.0,2,1,129,0.0,4.37024735600035e-5,0.0,0.0,0.5,0.0,0.0,0.0,0.0,0.0,0.0,0.0,0.0,0.0008263887376029914,0.0,0.0008992805755395681,0.00018695944611935023,0.0,7.115035227697674e-5,0.0014858841010401188,0.0007429420505200594
28928078,4,1,0,1,1,0,1,0,0,0,1.0,0.0,1.0,1.0,0.0,1.0,0.0,0.0,0.0,1.0,0.0,1.0,0.0,0,0,1,1.0,0.0,1.0,2,1,129,0.0,4.37024735600035e-5,0.0,0.0,0.5,0.0,0.0,0.0,0.0,0.0,0.0,0.0,0.0,0.0008263887376029914,0.0,0.0008992805755395681,0.00018695944611935023,0.0,7.115035227697674e-5,0.0014858841010401188,0.0007429420505200594
1466086210473193472,4,1,0,1,1,0,1,0,0,0,1.0,0.0,1.0,1.0,0.0,1.0,0.0,0.0,0.0,1.0,0.0,1.0,0.0,0,0,1,1.0,0.0,1.0,2,1,129,0.0,4.37024735600035e-5,0.0,0.0,0.5,0.0,0.0,0.0,0.0,0.0,0.0,0.0,0.0,0.0008263887376029914,0.0,0.0008992805755395681,0.00018695944611935023,0.0,7.115035227697674e-5,0.0014858841010401188,0.0007429420505200594
1436876710205530119,4,1,0,1,1,0,1,0,0,0,1.0,0.0,1.0,1.0,0.0,1.0,0.0,0.0,0.0,1.0,0.0,1.0,0.0,0,0,1,1.0,0.0,1.0,2,1,129,0.0,4.37024735600035e-5,0.0,0.0,0.5,0.0,0.0,0.0,0.0,0.0,0.0,0.0,0.0,0.0008263887376029914,0.0,0.0008992805755395681,0.00018695944611935023,0.0,7.115035227697674e-5,0.0014858841010401188,0.0007429420505200594
1191200994463375361,4,1,0,1,1,0,1,0,0,0,1.0,0.0,1.0,1.0,0.0,1.0,0.0,0.0,0.0,1.0,0.0,1.0,0.0,0,0,1,1.0,0.0,1.0,2,1,129,0.0,4.37024735600035e-5,0.0,0.0,0.5,0.0,0.0,0.0,0.0,0.0,0.0,0.0,0.0,0.0008263887376029914,0.0,0.0008992805755395681,0.00018695944611935023,0.0,7.115035227697674e-5,0.0014858841010401188,0.0007429420505200594
907239479965925378,4,1,0,1,1,0,1,0,0,0,1.0,0.0,1.0,1.0,0.0,1.0,0.0,0.0,0.0,1.0,0.0,1.0,0.0,0,0,1,1.0,0.0,1.0,2,1,129,0.0,4.37024735600035e-5,0.0,0.0,0.5,0.0,0.0,0.0,0.0,0.0,0.0,0.0,0.0,0.0008263887376029914,0.0,0.0008992805755395681,0.00018695944611935023,0.0,7.115035227697674e-5,0.0014858841010401188,0.0007429420505200594
895918759658926082,4,1,0,1,1,0,1,0,0,0,1.0,0.0,1.0,1.0,0.0,1.0,0.0,0.0,0.0,1.0,0.0,1.0,0.0,0,0,1,1.0,0.0,1.0,2,1,129,0.0,4.37024735600035e-5,0.0,0.0,0.5,0.0,0.0,0.0,0.0,0.0,0.0,0.0,0.0,0.0008263887376029914,0.0,0.0008992805755395681,0.00018695944611935023,0.0,7.115035227697674e-5,0.0014858841010401188,0.0007429420505200594
1433232115328372737,4,1,0,1,1,0,1,0,0,0,1.0,0.0,1.0,1.0,0.0,1.0,0.0,0.0,0.0,1.0,0.0,1.0,0.0,0,0,1,1.0,0.0,1.0,2,1,129,0.0,4.37024735600035e-5,0.0,0.0,0.5,0.0,0.0,0.0,0.0,0.0,0.0,0.0,0.0,0.0008263887376029914,0.0,0.0008992805755395681,0.00018695944611935023,0.0,7.115035227697674e-5,0.0014858841010401188,0.0007429420505200594
1425412041326485507,4,1,0,1,1,0,1,0,0,0,1.0,0.0,1.0,1.0,0.0,1.0,0.0,0.0,0.0,1.0,0.0,1.0,0.0,0,0,1,1.0,0.0,1.0,2,1,129,0.0,4.37024735600035e-5,0.0,0.0,0.5,0.0,0.0,0.0,0.0,0.0,0.0,0.0,0.0,0.0008263887376029914,0.0,0.0008992805755395681,0.00018695944611935023,0.0,7.115035227697674e-5,0.0014858841010401188,0.0007429420505200594
1449892605660073985,4,1,0,1,1,0,1,0,0,0,1.0,0.0,1.0,1.0,0.0,1.0,0.0,0.0,0.0,1.0,0.0,1.0,0.0,0,0,1,1.0,0.0,1.0,2,1,129,0.0,4.37024735600035e-5,0.0,0.0,0.5,0.0,0.0,0.0,0.0,0.0,0.0,0.0,0.0,0.0008263887376029914,0.0,0.0008992805755395681,0.00018695944611935023,0.0,7.115035227697674e-5,0.0014858841010401188,0.0007429420505200594
20987478,4,1,0,1,1,0,1,0,0,0,1.0,0.0,1.0,1.0,0.0,1.0,0.0,0.0,0.0,1.0,0.0,1.0,0.0,0,0,1,1.0,0.0,1.0,2,1,129,0.0,4.37024735600035e-5,0.0,0.0,0.5,0.0,0.0,0.0,0.0,0.0,0.0,0.0,0.0,0.0008263887376029914,0.0,0.0008992805755395681,0.00018695944611935023,0.0,7.115035227697674e-5,0.0014858841010401188,0.0007429420505200594
1411688250847031297,4,1,0,1,1,0,1,0,0,0,1.0,0.0,1.0,1.0,0.0,1.0,0.0,0.0,0.0,1.0,0.0,1.0,0.0,0,0,1,1.0,0.0,1.0,2,1,129,0.0,4.37024735600035e-5,0.0,0.0,0.5,0.0,0.0,0.0,0.0,0.0,0.0,0.0,0.0,0.0008263887376029914,0.0,0.0008992805755395681,0.00018695944611935023,0.0,7.115035227697674e-5,0.0014858841010401188,0.0007429420505200594
1452429693114740737,4,1,0,1,1,0,1,0,0,0,1.0,0.0,1.0,1.0,0.0,1.0,0.0,0.0,0.0,1.0,0.0,1.0,0.0,0,0,1,1.0,0.0,1.0,2,1,129,0.0,4.37024735600035e-5,0.0,0.0,0.5,0.0,0.0,0.0,0.0,0.0,0.0,0.0,0.0,0.0008263887376029914,0.0,0.0008992805755395681,0.00018695944611935023,0.0,7.115035227697674e-5,0.0014858841010401188,0.0007429420505200594
1467131954860486659,4,1,0,1,1,0,1,0,0,0,1.0,0.0,1.0,1.0,0.0,1.0,0.0,0.0,0.0,1.0,0.0,1.0,0.0,0,0,1,1.0,0.0,1.0,2,1,129,0.0,4.37024735600035e-5,0.0,0.0,0.5,0.0,0.0,0.0,0.0,0.0,0.0,0.0,0.0,0.0008263887376029914,0.0,0.0008992805755395681,0.00018695944611935023,0.0,7.115035227697674e-5,0.0014858841010401188,0.0007429420505200594
1371086795346042882,4,1,0,1,1,0,1,0,0,0,1.0,0.0,1.0,1.0,0.0,1.0,0.0,0.0,0.0,1.0,0.0,1.0,0.0,0,0,1,1.0,0.0,1.0,2,1,129,0.0,4.37024735600035e-5,0.0,0.0,0.5,0.0,0.0,0.0,0.0,0.0,0.0,0.0,0.0,0.0008263887376029914,0.0,0.0008992805755395681,0.00018695944611935023,0.0,7.115035227697674e-5,0.0014858841010401188,0.0007429420505200594
1284153127185158144,4,1,0,1,1,0,1,0,0,0,1.0,0.0,1.0,1.0,0.0,1.0,0.0,0.0,0.0,1.0,0.0,1.0,0.0,0,0,1,1.0,0.0,1.0,2,1,129,0.0,4.37024735600035e-5,0.0,0.0,0.5,0.0,0.0,0.0,0.0,0.0,0.0,0.0,0.0,0.0008263887376029914,0.0,0.0008992805755395681,0.00018695944611935023,0.0,7.115035227697674e-5,0.0014858841010401188,0.0007429420505200594
361105538,4,1,0,1,1,0,1,0,0,0,1.0,0.0,1.0,1.0,0.0,1.0,0.0,0.0,0.0,1.0,0.0,1.0,0.0,0,0,1,1.0,0.0,1.0,2,1,129,0.0,4.37024735600035e-5,0.0,0.0,0.5,0.0,0.0,0.0,0.0,0.0,0.0,0.0,0.0,0.0008263887376029914,0.0,0.0008992805755395681,0.00018695944611935023,0.0,7.115035227697674e-5,0.0014858841010401188,0.0007429420505200594
1038781809511682048,4,1,0,1,1,0,1,0,0,0,1.0,0.0,1.0,1.0,0.0,1.0,0.0,0.0,0.0,1.0,0.0,1.0,0.0,0,0,1,1.0,0.0,1.0,2,1,129,0.0,4.37024735600035e-5,0.0,0.0,0.5,0.0,0.0,0.0,0.0,0.0,0.0,0.0,0.0,0.0008263887376029914,0.0,0.0008992805755395681,0.00018695944611935023,0.0,7.115035227697674e-5,0.0014858841010401188,0.0007429420505200594
80819884,4,1,0,1,1,0,1,0,0,0,1.0,0.0,1.0,1.0,0.0,1.0,0.0,0.0,0.0,1.0,0.0,1.0,0.0,0,0,1,1.0,0.0,1.0,2,1,129,0.0,4.37024735600035e-5,0.0,0.0,0.5,0.0,0.0,0.0,0.0,0.0,0.0,0.0,0.0,0.0008263887376029914,0.0,0.0008992805755395681,0.00018695944611935023,0.0,7.115035227697674e-5,0.0014858841010401188,0.0007429420505200594
1400730703273218050,4,1,0,1,1,0,1,0,0,0,1.0,0.0,1.0,1.0,0.0,1.0,0.0,0.0,0.0,1.0,0.0,1.0,0.0,0,0,1,1.0,0.0,1.0,2,1,129,0.0,4.37024735600035e-5,0.0,0.0,0.5,0.0,0.0,0.0,0.0,0.0,0.0,0.0,0.0,0.0008263887376029914,0.0,0.0008992805755395681,0.00018695944611935023,0.0,7.115035227697674e-5,0.0014858841010401188,0.0007429420505200594
1451769650799276035,4,1,0,1,1,0,1,0,0,0,1.0,0.0,1.0,1.0,0.0,1.0,0.0,0.0,0.0,1.0,0.0,1.0,0.0,0,0,1,1.0,0.0,1.0,2,1,129,0.0,4.37024735600035e-5,0.0,0.0,0.5,0.0,0.0,0.0,0.0,0.0,0.0,0.0,0.0,0.0008263887376029914,0.0,0.0008992805755395681,0.00018695944611935023,0.0,7.115035227697674e-5,0.0014858841010401188,0.0007429420505200594
1434467923922280448,4,1,0,1,1,0,1,0,0,0,2.0,0.0,2.0,2.0,0.0,2.0,0.0,0.0,0.0,1.0,0.0,1.0,0.0,0,0,1,3.0,0.0,5.0,2,1,129,0.0,8.7404947120007e-5,0.0,0.0,0.5,0.0,0.0,0.0,0.0,0.0,0.0,0.0,0.0,0.0008321639573278402,0.0,0.0008992805755395681,0.00037445882353370763,0.0,7.115035227697674e-5,0.0014858841010401188,0.0007429420505200594
249258205,4,1,0,1,1,0,1,0,0,0,1.0,0.0,1.0,1.0,0.0,1.0,0.0,0.0,0.0,1.0,0.0,1.0,0.0,0,0,1,1.0,0.0,1.0,2,1,129,0.0,4.37024735600035e-5,0.0,0.0,0.5,0.0,0.0,0.0,0.0,0.0,0.0,0.0,0.0,0.0008263887376029914,0.0,0.0008992805755395681,0.00018695944611935023,0.0,7.115035227697674e-5,0.0014858841010401188,0.0007429420505200594
1064099587898642432,4,1,0,1,1,0,1,0,0,0,1.0,0.0,1.0,1.0,0.0,1.0,0.0,0.0,0.0,1.0,0.0,1.0,0.0,0,0,1,1.0,0.0,1.0,2,1,129,0.0,4.37024735600035e-5,0.0,0.0,0.5,0.0,0.0,0.0,0.0,0.0,0.0,0.0,0.0,0.0008263887376029914,0.0,0.0008992805755395681,0.00018695944611935023,0.0,7.115035227697674e-5,0.0014858841010401188,0.0007429420505200594
1445793878548762626,4,1,0,1,1,0,1,0,0,0,1.0,0.0,1.0,1.0,0.0,1.0,0.0,0.0,0.0,1.0,0.0,1.0,0.0,0,0,1,1.0,0.0,1.0,2,1,129,0.0,4.37024735600035e-5,0.0,0.0,0.5,0.0,0.0,0.0,0.0,0.0,0.0,0.0,0.0,0.0008263887376029914,0.0,0.0008992805755395681,0.00018695944611935023,0.0,7.115035227697674e-5,0.0014858841010401188,0.0007429420505200594
1476035914702852097,4,1,0,1,1,0,1,0,0,0,1.0,0.0,1.0,1.0,0.0,1.0,0.0,0.0,0.0,1.0,0.0,1.0,0.0,0,0,1,1.0,0.0,1.0,2,1,129,0.0,4.37024735600035e-5,0.0,0.0,0.5,0.0,0.0,0.0,0.0,0.0,0.0,0.0,0.0,0.0008263887376029914,0.0,0.0008992805755395681,0.00018695944611935023,0.0,7.115035227697674e-5,0.0014858841010401188,0.0007429420505200594
1488439079175745538,4,1,0,1,1,0,1,0,0,0,1.0,0.0,1.0,1.0,0.0,1.0,0.0,0.0,0.0,1.0,0.0,1.0,0.0,0,0,1,1.0,0.0,1.0,2,1,129,0.0,4.37024735600035e-5,0.0,0.0,0.5,0.0,0.0,0.0,0.0,0.0,0.0,0.0,0.0,0.0008263887376029914,0.0,0.0008992805755395681,0.00018695944611935023,0.0,7.115035227697674e-5,0.0014858841010401188,0.0007429420505200594
83362769,4,1,0,1,1,0,1,0,0,0,1.0,0.0,1.0,1.0,0.0,1.0,0.0,0.0,0.0,1.0,0.0,1.0,0.0,0,0,1,1.0,0.0,1.0,2,1,129,0.0,4.37024735600035e-5,0.0,0.0,0.5,0.0,0.0,0.0,0.0,0.0,0.0,0.0,0.0,0.0008263887376029914,0.0,0.0008992805755395681,0.00018695944611935023,0.0,7.115035227697674e-5,0.0014858841010401188,0.0007429420505200594
330306864,4,1,0,1,1,0,1,0,0,0,1.0,0.0,1.0,1.0,0.0,1.0,0.0,0.0,0.0,1.0,0.0,1.0,0.0,0,0,1,1.0,0.0,1.0,2,1,129,0.0,4.37024735600035e-5,0.0,0.0,0.5,0.0,0.0,0.0,0.0,0.0,0.0,0.0,0.0,0.0008263887376029914,0.0,0.0008992805755395681,0.00018695944611935023,0.0,7.115035227697674e-5,0.0014858841010401188,0.0007429420505200594
1599858283,4,1,0,1,1,0,1,0,0,0,1.0,0.0,1.0,1.0,0.0,1.0,0.0,0.0,0.0,1.0,0.0,1.0,0.0,0,0,1,1.0,0.0,1.0,2,1,129,0.0,4.37024735600035e-5,0.0,0.0,0.5,0.0,0.0,0.0,0.0,0.0,0.0,0.0,0.0,0.0008263887376029914,0.0,0.0008992805755395681,0.00018695944611935023,0.0,7.115035227697674e-5,0.0014858841010401188,0.0007429420505200594
765898838863413248,4,1,0,1,1,0,1,0,0,0,1.0,0.0,1.0,1.0,0.0,1.0,0.0,0.0,0.0,1.0,0.0,1.0,0.0,0,0,1,1.0,0.0,1.0,2,1,129,0.0,4.37024735600035e-5,0.0,0.0,0.5,0.0,0.0,0.0,0.0,0.0,0.0,0.0,0.0,0.0008263887376029914,0.0,0.0008992805755395681,0.00018695944611935023,0.0,7.115035227697674e-5,0.0014858841010401188,0.0007429420505200594
1472105501605638145,4,1,0,1,1,0,1,0,0,0,1.0,0.0,1.0,1.0,0.0,1.0,0.0,0.0,0.0,1.0,0.0,1.0,0.0,0,0,1,1.0,0.0,1.0,2,1,129,0.0,4.37024735600035e-5,0.0,0.0,0.5,0.0,0.0,0.0,0.0,0.0,0.0,0.0,0.0,0.0008263887376029914,0.0,0.0008992805755395681,0.00018695944611935023,0.0,7.115035227697674e-5,0.0014858841010401188,0.0007429420505200594
28693649,4,1,0,1,1,0,1,0,0,0,1.0,0.0,1.0,1.0,0.0,1.0,0.0,0.0,0.0,1.0,0.0,1.0,0.0,0,0,1,1.0,0.0,1.0,2,1,129,0.0,4.37024735600035e-5,0.0,0.0,0.5,0.0,0.0,0.0,0.0,0.0,0.0,0.0,0.0,0.0008263887376029914,0.0,0.0008992805755395681,0.00018695944611935023,0.0,7.115035227697674e-5,0.0014858841010401188,0.0007429420505200594
1458848633806200847,4,1,0,1,1,0,1,0,0,0,1.0,0.0,1.0,1.0,0.0,1.0,0.0,0.0,0.0,1.0,0.0,1.0,0.0,0,0,1,1.0,0.0,1.0,2,1,129,0.0,4.37024735600035e-5,0.0,0.0,0.5,0.0,0.0,0.0,0.0,0.0,0.0,0.0,0.0,0.0008263887376029914,0.0,0.0008992805755395681,0.00018695944611935023,0.0,7.115035227697674e-5,0.0014858841010401188,0.0007429420505200594
994294748,4,1,0,1,1,0,1,0,0,0,1.0,0.0,1.0,1.0,0.0,1.0,0.0,0.0,0.0,1.0,0.0,1.0,0.0,0,0,1,1.0,0.0,1.0,2,1,129,0.0,4.37024735600035e-5,0.0,0.0,0.5,0.0,0.0,0.0,0.0,0.0,0.0,0.0,0.0,0.0008263887376029914,0.0,0.0008992805755395681,0.00018695944611935023,0.0,7.115035227697674e-5,0.0014858841010401188,0.0007429420505200594
1298077816567685120,4,1,0,1,1,0,1,0,0,0,1.0,0.0,1.0,1.0,0.0,1.0,0.0,0.0,0.0,1.0,0.0,1.0,0.0,0,0,1,1.0,0.0,1.0,2,1,129,0.0,4.37024735600035e-5,0.0,0.0,0.5,0.0,0.0,0.0,0.0,0.0,0.0,0.0,0.0,0.0008263887376029914,0.0,0.0008992805755395681,0.00018695944611935023,0.0,7.115035227697674e-5,0.0014858841010401188,0.0007429420505200594
186618398,4,1,0,1,1,0,1,0,0,0,1.0,0.0,1.0,1.0,0.0,1.0,0.0,0.0,0.0,1.0,0.0,1.0,0.0,0,0,1,1.0,0.0,1.0,2,1,129,0.0,4.37024735600035e-5,0.0,0.0,0.5,0.0,0.0,0.0,0.0,0.0,0.0,0.0,0.0,0.0008263887376029914,0.0,0.0008992805755395681,0.00018695944611935023,0.0,7.115035227697674e-5,0.0014858841010401188,0.0007429420505200594
29614894,4,1,0,1,1,0,1,0,0,0,1.0,0.0,1.0,1.0,0.0,1.0,0.0,0.0,0.0,1.0,0.0,1.0,0.0,0,0,1,1.0,0.0,1.0,2,1,129,0.0,4.37024735600035e-5,0.0,0.0,0.5,0.0,0.0,0.0,0.0,0.0,0.0,0.0,0.0,0.0008263887376029914,0.0,0.0008992805755395681,0.00018695944611935023,0.0,7.115035227697674e-5,0.0014858841010401188,0.0007429420505200594
39255818,4,1,0,1,1,0,1,0,0,0,1.0,0.0,1.0,1.0,0.0,1.0,0.0,0.0,0.0,1.0,0.0,1.0,0.0,0,0,1,1.0,0.0,1.0,2,1,129,0.0,4.37024735600035e-5,0.0,0.0,0.5,0.0,0.0,0.0,0.0,0.0,0.0,0.0,0.0,0.0008263887376029914,0.0,0.0008992805755395681,0.00018695944611935023,0.0,7.115035227697674e-5,0.0014858841010401188,0.0007429420505200594
1375824331876364291,4,1,0,1,1,0,1,0,0,0,1.0,0.0,1.0,1.0,0.0,1.0,0.0,0.0,0.0,1.0,0.0,1.0,0.0,0,0,1,1.0,0.0,1.0,2,1,129,0.0,4.37024735600035e-5,0.0,0.0,0.5,0.0,0.0,0.0,0.0,0.0,0.0,0.0,0.0,0.0008263887376029914,0.0,0.0008992805755395681,0.00018695944611935023,0.0,7.115035227697674e-5,0.0014858841010401188,0.0007429420505200594
1392722780987088898,4,1,0,1,1,0,1,0,0,0,1.0,0.0,1.0,1.0,0.0,1.0,0.0,0.0,0.0,1.0,0.0,1.0,0.0,0,0,1,1.0,0.0,1.0,2,1,129,0.0,4.37024735600035e-5,0.0,0.0,0.5,0.0,0.0,0.0,0.0,0.0,0.0,0.0,0.0,0.0008263887376029914,0.0,0.0008992805755395681,0.00018695944611935023,0.0,7.115035227697674e-5,0.0014858841010401188,0.0007429420505200594
915528910049222657,4,1,0,1,1,0,1,0,0,0,1.0,0.0,1.0,1.0,0.0,1.0,0.0,0.0,0.0,1.0,0.0,1.0,0.0,0,0,1,1.0,0.0,1.0,2,1,129,0.0,4.37024735600035e-5,0.0,0.0,0.5,0.0,0.0,0.0,0.0,0.0,0.0,0.0,0.0,0.0008263887376029914,0.0,0.0008992805755395681,0.00018695944611935023,0.0,7.115035227697674e-5,0.0014858841010401188,0.0007429420505200594
1965607242,4,1,0,1,1,0,1,0,0,0,1.0,0.0,1.0,1.0,0.0,1.0,0.0,0.0,0.0,1.0,0.0,1.0,0.0,0,0,1,1.0,0.0,1.0,2,1,129,0.0,4.37024735600035e-5,0.0,0.0,0.5,0.0,0.0,0.0,0.0,0.0,0.0,0.0,0.0,0.0008263887376029914,0.0,0.0008992805755395681,0.00018695944611935023,0.0,7.115035227697674e-5,0.0014858841010401188,0.0007429420505200594
948014053955272704,4,1,0,1,1,0,1,0,0,0,1.0,0.0,1.0,1.0,0.0,1.0,0.0,0.0,0.0,1.0,0.0,1.0,0.0,0,0,1,1.0,0.0,1.0,2,1,129,0.0,4.37024735600035e-5,0.0,0.0,0.5,0.0,0.0,0.0,0.0,0.0,0.0,0.0,0.0,0.0008263887376029914,0.0,0.0008992805755395681,0.00018695944611935023,0.0,7.115035227697674e-5,0.0014858841010401188,0.0007429420505200594
1107831770001477632,4,1,0,1,1,0,1,0,0,0,1.0,0.0,1.0,1.0,0.0,1.0,0.0,0.0,0.0,1.0,0.0,1.0,0.0,0,0,1,1.0,0.0,1.0,2,1,129,0.0,4.37024735600035e-5,0.0,0.0,0.5,0.0,0.0,0.0,0.0,0.0,0.0,0.0,0.0,0.0008263887376029914,0.0,0.0008992805755395681,0.00018695944611935023,0.0,7.115035227697674e-5,0.0014858841010401188,0.0007429420505200594
1237074032903598081,4,1,0,1,1,0,1,0,0,0,1.0,0.0,1.0,1.0,0.0,1.0,0.0,0.0,0.0,1.0,0.0,1.0,0.0,0,0,1,1.0,0.0,1.0,2,1,129,0.0,4.37024735600035e-5,0.0,0.0,0.5,0.0,0.0,0.0,0.0,0.0,0.0,0.0,0.0,0.0008263887376029914,0.0,0.0008992805755395681,0.00018695944611935023,0.0,7.115035227697674e-5,0.0014858841010401188,0.0007429420505200594
1450637710348021770,4,1,0,1,1,0,1,0,0,0,1.0,0.0,1.0,1.0,0.0,1.0,0.0,0.0,0.0,1.0,0.0,1.0,0.0,0,0,1,1.0,0.0,1.0,2,1,129,0.0,4.37024735600035e-5,0.0,0.0,0.5,0.0,0.0,0.0,0.0,0.0,0.0,0.0,0.0,0.0008263887376029914,0.0,0.0008992805755395681,0.00018695944611935023,0.0,7.115035227697674e-5,0.0014858841010401188,0.0007429420505200594
1450010787586535424,4,1,0,1,1,0,1,0,0,0,1.0,0.0,1.0,1.0,0.0,1.0,0.0,0.0,0.0,1.0,0.0,1.0,0.0,0,0,1,1.0,0.0,1.0,2,1,129,0.0,4.37024735600035e-5,0.0,0.0,0.5,0.0,0.0,0.0,0.0,0.0,0.0,0.0,0.0,0.0008263887376029914,0.0,0.0008992805755395681,0.00018695944611935023,0.0,7.115035227697674e-5,0.0014858841010401188,0.0007429420505200594
297418612,4,1,0,1,1,0,1,0,0,0,1.0,0.0,1.0,1.0,0.0,1.0,0.0,0.0,0.0,1.0,0.0,1.0,0.0,0,0,1,1.0,0.0,1.0,2,1,129,0.0,4.37024735600035e-5,0.0,0.0,0.5,0.0,0.0,0.0,0.0,0.0,0.0,0.0,0.0,0.0008263887376029914,0.0,0.0008992805755395681,0.00018695944611935023,0.0,7.115035227697674e-5,0.0014858841010401188,0.0007429420505200594
815541743286259712,4,1,0,1,1,0,1,0,0,0,1.0,0.0,1.0,1.0,0.0,1.0,0.0,0.0,0.0,1.0,0.0,1.0,0.0,0,0,1,1.0,0.0,1.0,2,1,129,0.0,4.37024735600035e-5,0.0,0.0,0.5,0.0,0.0,0.0,0.0,0.0,0.0,0.0,0.0,0.0008263887376029914,0.0,0.0008992805755395681,0.00018695944611935023,0.0,7.115035227697674e-5,0.0014858841010401188,0.0007429420505200594
156989767,29,2,0,2,1,0,1,1,0,1,2.0,0.0,2.0,1.0,0.0,1.0,1.0,0.0,1.0,0.5,0.0,0.5,0.0,0,0,2,3.0,0.0,5.0,3,1,253,0.0,8.7404947120007e-5,0.0,0.0,0.3333333333333333,0.0,0.0,0.0,0.0,0.0,0.0,0.0,0.0,0.0008329493872104195,0.0,0.0008992805755395681,0.0,9.852934232479349e-5,0.0001395429389618226,0.002228826151560178,0.0007429420505200594
123157853,4,1,0,1,1,0,1,0,0,0,1.0,0.0,1.0,1.0,0.0,1.0,0.0,0.0,0.0,1.0,0.0,1.0,0.0,0,0,1,1.0,0.0,1.0,2,1,129,0.0,4.37024735600035e-5,0.0,0.0,0.5,0.0,0.0,0.0,0.0,0.0,0.0,0.0,0.0,0.0008263887376029914,0.0,0.0008992805755395681,0.00018695944611935023,0.0,7.115035227697674e-5,0.0014858841010401188,0.0007429420505200594
1247217504956682241,5,1,0,1,1,0,1,0,0,0,1.0,0.0,1.0,1.0,0.0,1.0,0.0,0.0,0.0,1.0,0.0,1.0,0.0,0,0,1,1.0,0.0,1.0,2,1,50,0.0,4.37024735600035e-5,0.0,0.0,0.5,0.0,0.0,0.0,0.0,0.0,0.0,0.0,0.0,0.0008334272866426509,0.0,0.0008992805755395711,0.00020794722801242838,0.0,2.7577655921308815e-5,0.0014858841010401188,0.0007429420505200594
1385789278513287181,5,1,0,1,1,0,1,0,0,0,1.0,0.0,1.0,1.0,0.0,1.0,0.0,0.0,0.0,1.0,0.0,1.0,0.0,0,0,1,1.0,0.0,1.0,2,1,50,0.0,4.37024735600035e-5,0.0,0.0,0.5,0.0,0.0,0.0,0.0,0.0,0.0,0.0,0.0,0.0008334272866426509,0.0,0.0008992805755395711,0.00020794722801242838,0.0,2.7577655921308815e-5,0.0014858841010401188,0.0007429420505200594
1362247381702610944,27,2,0,2,1,0,1,1,0,1,4.0,0.0,4.0,3.0,0.0,3.0,1.0,0.0,1.0,0.5,0.0,0.75,0.0,0,0,2,11.0,0.0,14.0,3,1,169,0.0,0.000174809894240014,0.0,0.0,0.3333333333333333,0.0,0.0,0.0,0.0,0.0,0.0,0.0,0.0,0.000849198078968199,0.0,0.0008992805755395687,0.00022872351749003705,0.0,9.32124770140238e-5,0.002228826151560178,0.0007429420505200594
1278442604829564935,5,1,0,1,1,0,1,0,0,0,3.0,0.0,3.0,3.0,0.0,3.0,0.0,0.0,0.0,1.0,0.0,1.0,0.0,0,0,1,10.0,0.0,10.0,2,1,50,0.0,0.00013110742068001048,0.0,0.0,0.5,0.0,0.0,0.0,0.0,0.0,0.0,0.0,0.0,0.0008590548241716665,0.0,0.000899280575539571,0.0006255861318462674,0.0,2.7577655921308815e-5,0.0014858841010401188,0.0007429420505200594
1248352685537071104,5,1,0,1,1,0,1,0,0,0,1.0,0.0,1.0,1.0,0.0,1.0,0.0,0.0,0.0,1.0,0.0,1.0,0.0,0,0,1,1.0,0.0,1.0,2,1,50,0.0,4.37024735600035e-5,0.0,0.0,0.5,0.0,0.0,0.0,0.0,0.0,0.0,0.0,0.0,0.0008334272866426509,0.0,0.0008992805755395711,0.00020794722801242838,0.0,2.7577655921308815e-5,0.0014858841010401188,0.0007429420505200594
2409571994,5,1,0,1,1,0,1,0,0,0,1.0,0.0,1.0,1.0,0.0,1.0,0.0,0.0,0.0,1.0,0.0,1.0,0.0,0,0,1,1.0,0.0,1.0,2,1,50,0.0,4.37024735600035e-5,0.0,0.0,0.5,0.0,0.0,0.0,0.0,0.0,0.0,0.0,0.0,0.0008334272866426509,0.0,0.0008992805755395711,0.00020794722801242838,0.0,2.7577655921308815e-5,0.0014858841010401188,0.0007429420505200594
1176963689628483584,5,1,0,1,1,0,1,0,0,0,1.0,0.0,1.0,1.0,0.0,1.0,0.0,0.0,0.0,1.0,0.0,1.0,0.0,0,0,1,1.0,0.0,1.0,2,1,50,0.0,4.37024735600035e-5,0.0,0.0,0.5,0.0,0.0,0.0,0.0,0.0,0.0,0.0,0.0,0.0008334272866426509,0.0,0.0008992805755395711,0.00020794722801242838,0.0,2.7577655921308815e-5,0.0014858841010401188,0.0007429420505200594
1196961020457234434,5,1,0,1,1,0,1,0,0,0,1.0,0.0,1.0,1.0,0.0,1.0,0.0,0.0,0.0,1.0,0.0,1.0,0.0,0,0,1,1.0,0.0,1.0,2,1,50,0.0,4.37024735600035e-5,0.0,0.0,0.5,0.0,0.0,0.0,0.0,0.0,0.0,0.0,0.0,0.0008334272866426509,0.0,0.0008992805755395711,0.00020794722801242838,0.0,2.7577655921308815e-5,0.0014858841010401188,0.0007429420505200594
2188145495,5,1,0,1,1,0,1,0,0,0,1.0,0.0,1.0,1.0,0.0,1.0,0.0,0.0,0.0,1.0,0.0,1.0,0.0,0,0,1,1.0,0.0,1.0,2,1,50,0.0,4.37024735600035e-5,0.0,0.0,0.5,0.0,0.0,0.0,0.0,0.0,0.0,0.0,0.0,0.0008334272866426509,0.0,0.0008992805755395711,0.00020794722801242838,0.0,2.7577655921308815e-5,0.0014858841010401188,0.0007429420505200594
454324248,5,1,0,1,1,0,1,0,0,0,1.0,0.0,1.0,1.0,0.0,1.0,0.0,0.0,0.0,1.0,0.0,1.0,0.0,0,0,1,1.0,0.0,1.0,2,1,50,0.0,4.37024735600035e-5,0.0,0.0,0.5,0.0,0.0,0.0,0.0,0.0,0.0,0.0,0.0,0.0008334272866426509,0.0,0.0008992805755395711,0.00020794722801242838,0.0,2.7577655921308815e-5,0.0014858841010401188,0.0007429420505200594
2397845204,5,1,0,1,1,0,1,0,0,0,1.0,0.0,1.0,1.0,0.0,1.0,0.0,0.0,0.0,1.0,0.0,1.0,0.0,0,0,1,1.0,0.0,1.0,2,1,50,0.0,4.37024735600035e-5,0.0,0.0,0.5,0.0,0.0,0.0,0.0,0.0,0.0,0.0,0.0,0.0008334272866426509,0.0,0.0008992805755395711,0.00020794722801242838,0.0,2.7577655921308815e-5,0.0014858841010401188,0.0007429420505200594
42458347,5,1,0,1,1,0,1,0,0,0,1.0,0.0,1.0,1.0,0.0,1.0,0.0,0.0,0.0,1.0,0.0,1.0,0.0,0,0,1,1.0,0.0,1.0,2,1,50,0.0,4.37024735600035e-5,0.0,0.0,0.5,0.0,0.0,0.0,0.0,0.0,0.0,0.0,0.0,0.0008334272866426509,0.0,0.0008992805755395711,0.00020794722801242838,0.0,2.7577655921308815e-5,0.0014858841010401188,0.0007429420505200594
1280223775481626631,5,1,0,1,1,0,1,0,0,0,1.0,0.0,1.0,1.0,0.0,1.0,0.0,0.0,0.0,1.0,0.0,1.0,0.0,0,0,1,1.0,0.0,1.0,2,1,50,0.0,4.37024735600035e-5,0.0,0.0,0.5,0.0,0.0,0.0,0.0,0.0,0.0,0.0,0.0,0.0008334272866426509,0.0,0.0008992805755395711,0.00020794722801242838,0.0,2.7577655921308815e-5,0.0014858841010401188,0.0007429420505200594
1083407707028238342,5,1,0,1,1,0,1,0,0,0,1.0,0.0,1.0,1.0,0.0,1.0,0.0,0.0,0.0,1.0,0.0,1.0,0.0,0,0,1,1.0,0.0,1.0,2,1,50,0.0,4.37024735600035e-5,0.0,0.0,0.5,0.0,0.0,0.0,0.0,0.0,0.0,0.0,0.0,0.0008334272866426509,0.0,0.0008992805755395711,0.00020794722801242838,0.0,2.7577655921308815e-5,0.0014858841010401188,0.0007429420505200594
1469825634788683778,5,1,0,1,1,0,1,0,0,0,1.0,0.0,1.0,1.0,0.0,1.0,0.0,0.0,0.0,1.0,0.0,1.0,0.0,0,0,1,1.0,0.0,1.0,2,1,50,0.0,4.37024735600035e-5,0.0,0.0,0.5,0.0,0.0,0.0,0.0,0.0,0.0,0.0,0.0,0.0008334272866426509,0.0,0.0008992805755395711,0.00020794722801242838,0.0,2.7577655921308815e-5,0.0014858841010401188,0.0007429420505200594
3293974612,5,2,0,2,1,0,1,1,0,1,2.0,0.0,2.0,1.0,0.0,1.0,1.0,0.0,1.0,0.5,0.0,0.5,0.0,0,0,2,3.0,0.0,5.0,3,1,169,0.0,8.7404947120007e-5,0.0,0.0,0.3333333333333333,0.0,0.0,0.0,0.0,0.0,0.0,0.0,0.0,0.0008386842174178334,0.0,0.0008992805755395696,0.0,8.958439233719417e-5,9.32124770140238e-5,0.002228826151560178,0.0007429420505200594
612397643,5,3,0,3,1,0,1,2,0,2,4.0,0.0,4.0,2.0,0.0,2.0,2.0,0.0,2.0,0.3333333333333333,0.0,0.5,0.0,0,0,3,11.0,0.0,14.0,4,1,234,0.0,0.000174809894240014,0.0,0.0,0.25,0.0,0.0,0.0,0.0,0.0,0.0,0.0,0.0,0.0008617156311116357,0.0,0.0008992805755395705,0.0,0.0002874687658142028,0.00012906342971172525,0.0029717682020802376,0.0007429420505200594
4884200431,5,1,0,1,1,0,1,0,0,0,1.0,0.0,1.0,1.0,0.0,1.0,0.0,0.0,0.0,1.0,0.0,1.0,0.0,0,0,1,1.0,0.0,1.0,2,1,50,0.0,4.37024735600035e-5,0.0,0.0,0.5,0.0,0.0,0.0,0.0,0.0,0.0,0.0,0.0,0.0008334272866426509,0.0,0.0008992805755395711,0.00020794722801242838,0.0,2.7577655921308815e-5,0.0014858841010401188,0.0007429420505200594
361538330,5,1,0,1,1,0,1,0,0,0,1.0,0.0,1.0,1.0,0.0,1.0,0.0,0.0,0.0,1.0,0.0,1.0,0.0,0,0,1,1.0,0.0,1.0,2,1,50,0.0,4.37024735600035e-5,0.0,0.0,0.5,0.0,0.0,0.0,0.0,0.0,0.0,0.0,0.0,0.0008334272866426509,0.0,0.0008992805755395711,0.00020794722801242838,0.0,2.7577655921308815e-5,0.0014858841010401188,0.0007429420505200594
891863518894592001,5,1,0,1,1,0,1,0,0,0,1.0,0.0,1.0,1.0,0.0,1.0,0.0,0.0,0.0,1.0,0.0,1.0,0.0,0,0,1,1.0,0.0,1.0,2,1,50,0.0,4.37024735600035e-5,0.0,0.0,0.5,0.0,0.0,0.0,0.0,0.0,0.0,0.0,0.0,0.0008334272866426509,0.0,0.0008992805755395711,0.00020794722801242838,0.0,2.7577655921308815e-5,0.0014858841010401188,0.0007429420505200594
882784867,5,1,0,1,1,0,1,0,0,0,1.0,0.0,1.0,1.0,0.0,1.0,0.0,0.0,0.0,1.0,0.0,1.0,0.0,0,0,1,1.0,0.0,1.0,2,1,50,0.0,4.37024735600035e-5,0.0,0.0,0.5,0.0,0.0,0.0,0.0,0.0,0.0,0.0,0.0,0.0008334272866426509,0.0,0.0008992805755395711,0.00020794722801242838,0.0,2.7577655921308815e-5,0.0014858841010401188,0.0007429420505200594
1097248394333036544,5,1,0,1,1,0,1,0,0,0,1.0,0.0,1.0,1.0,0.0,1.0,0.0,0.0,0.0,1.0,0.0,1.0,0.0,0,0,1,1.0,0.0,1.0,2,1,50,0.0,4.37024735600035e-5,0.0,0.0,0.5,0.0,0.0,0.0,0.0,0.0,0.0,0.0,0.0,0.0008334272866426509,0.0,0.0008992805755395711,0.00020794722801242838,0.0,2.7577655921308815e-5,0.0014858841010401188,0.0007429420505200594
1262752289959231489,5,1,0,1,1,0,1,0,0,0,1.0,0.0,1.0,1.0,0.0,1.0,0.0,0.0,0.0,1.0,0.0,1.0,0.0,0,0,1,1.0,0.0,1.0,2,1,50,0.0,4.37024735600035e-5,0.0,0.0,0.5,0.0,0.0,0.0,0.0,0.0,0.0,0.0,0.0,0.0008334272866426509,0.0,0.0008992805755395711,0.00020794722801242838,0.0,2.7577655921308815e-5,0.0014858841010401188,0.0007429420505200594
1603795177,5,1,0,1,1,0,1,0,0,0,1.0,0.0,1.0,1.0,0.0,1.0,0.0,0.0,0.0,1.0,0.0,1.0,0.0,0,0,1,1.0,0.0,1.0,2,1,50,0.0,4.37024735600035e-5,0.0,0.0,0.5,0.0,0.0,0.0,0.0,0.0,0.0,0.0,0.0,0.0008334272866426509,0.0,0.0008992805755395711,0.00020794722801242838,0.0,2.7577655921308815e-5,0.0014858841010401188,0.0007429420505200594
4703767346,5,1,0,1,1,0,1,0,0,0,1.0,0.0,1.0,1.0,0.0,1.0,0.0,0.0,0.0,1.0,0.0,1.0,0.0,0,0,1,1.0,0.0,1.0,2,1,50,0.0,4.37024735600035e-5,0.0,0.0,0.5,0.0,0.0,0.0,0.0,0.0,0.0,0.0,0.0,0.0008334272866426509,0.0,0.0008992805755395711,0.00020794722801242838,0.0,2.7577655921308815e-5,0.0014858841010401188,0.0007429420505200594
1512000700552826881,5,1,0,1,1,0,1,0,0,0,1.0,0.0,1.0,1.0,0.0,1.0,0.0,0.0,0.0,1.0,0.0,1.0,0.0,0,0,1,1.0,0.0,1.0,2,1,50,0.0,4.37024735600035e-5,0.0,0.0,0.5,0.0,0.0,0.0,0.0,0.0,0.0,0.0,0.0,0.0008334272866426509,0.0,0.0008992805755395711,0.00020794722801242838,0.0,2.7577655921308815e-5,0.0014858841010401188,0.0007429420505200594
1219296463622111232,5,1,0,1,1,0,1,0,0,0,1.0,0.0,1.0,1.0,0.0,1.0,0.0,0.0,0.0,1.0,0.0,1.0,0.0,0,0,1,1.0,0.0,1.0,2,1,50,0.0,4.37024735600035e-5,0.0,0.0,0.5,0.0,0.0,0.0,0.0,0.0,0.0,0.0,0.0,0.0008334272866426509,0.0,0.0008992805755395711,0.00020794722801242838,0.0,2.7577655921308815e-5,0.0014858841010401188,0.0007429420505200594
1487030690973728769,5,1,0,1,1,0,1,0,0,0,1.0,0.0,1.0,1.0,0.0,1.0,0.0,0.0,0.0,1.0,0.0,1.0,0.0,0,0,1,1.0,0.0,1.0,2,1,50,0.0,4.37024735600035e-5,0.0,0.0,0.5,0.0,0.0,0.0,0.0,0.0,0.0,0.0,0.0,0.0008334272866426509,0.0,0.0008992805755395711,0.00020794722801242838,0.0,2.7577655921308815e-5,0.0014858841010401188,0.0007429420505200594
1498972248325214209,5,1,0,1,1,0,1,0,0,0,1.0,0.0,1.0,1.0,0.0,1.0,0.0,0.0,0.0,1.0,0.0,1.0,0.0,0,0,1,1.0,0.0,1.0,2,1,50,0.0,4.37024735600035e-5,0.0,0.0,0.5,0.0,0.0,0.0,0.0,0.0,0.0,0.0,0.0,0.0008334272866426509,0.0,0.0008992805755395711,0.00020794722801242838,0.0,2.7577655921308815e-5,0.0014858841010401188,0.0007429420505200594
312791677,5,1,0,1,1,0,1,0,0,0,1.0,0.0,1.0,1.0,0.0,1.0,0.0,0.0,0.0,1.0,0.0,1.0,0.0,0,0,1,1.0,0.0,1.0,2,1,50,0.0,4.37024735600035e-5,0.0,0.0,0.5,0.0,0.0,0.0,0.0,0.0,0.0,0.0,0.0,0.0008334272866426509,0.0,0.0008992805755395711,0.00020794722801242838,0.0,2.7577655921308815e-5,0.0014858841010401188,0.0007429420505200594
1328205567161114624,5,1,0,1,1,0,1,0,0,0,1.0,0.0,1.0,1.0,0.0,1.0,0.0,0.0,0.0,1.0,0.0,1.0,0.0,0,0,1,1.0,0.0,1.0,2,1,50,0.0,4.37024735600035e-5,0.0,0.0,0.5,0.0,0.0,0.0,0.0,0.0,0.0,0.0,0.0,0.0008334272866426509,0.0,0.0008992805755395711,0.00020794722801242838,0.0,2.7577655921308815e-5,0.0014858841010401188,0.0007429420505200594
579561567,5,1,0,1,1,0,1,0,0,0,11.0,0.0,11.0,11.0,0.0,11.0,0.0,0.0,0.0,1.0,0.0,1.0,0.0,0,0,1,20.0,0.0,27.0,2,1,50,0.0,0.0004807272091600385,0.0,0.0,0.5,0.0,0.0,0.0,0.0,0.0,0.0,0.0,0.0,0.0009615649742877295,0.0,0.0008992805755395712,0.0023196088092247713,0.0,2.7577655921308815e-5,0.0014858841010401188,0.0007429420505200594
1473804356696825858,6,1,0,1,1,0,1,0,0,0,1.0,0.0,1.0,1.0,0.0,1.0,0.0,0.0,0.0,1.0,0.0,1.0,0.0,0,0,1,1.0,0.0,1.0,2,1,19,0.0,4.37024735600035e-5,0.0,0.0,0.5,0.0,0.0,0.0,0.0,0.0,0.0,0.0,0.0,0.0008661735845963931,0.0,0.0008992805755395711,0.0002333621201485725,0.0,1.0479509250097348e-5,0.0014858841010401188,0.0007429420505200594
799969685227728897,6,1,0,1,1,0,1,0,0,0,1.0,0.0,1.0,1.0,0.0,1.0,0.0,0.0,0.0,1.0,0.0,1.0,0.0,0,0,1,1.0,0.0,1.0,2,1,19,0.0,4.37024735600035e-5,0.0,0.0,0.5,0.0,0.0,0.0,0.0,0.0,0.0,0.0,0.0,0.0008661735845963931,0.0,0.0008992805755395711,0.0002333621201485725,0.0,1.0479509250097348e-5,0.0014858841010401188,0.0007429420505200594
1182749956307767296,6,1,0,1,1,0,1,0,0,0,1.0,0.0,1.0,1.0,0.0,1.0,0.0,0.0,0.0,1.0,0.0,1.0,0.0,0,0,1,1.0,0.0,1.0,2,1,19,0.0,4.37024735600035e-5,0.0,0.0,0.5,0.0,0.0,0.0,0.0,0.0,0.0,0.0,0.0,0.0008661735845963931,0.0,0.0008992805755395711,0.0002333621201485725,0.0,1.0479509250097348e-5,0.0014858841010401188,0.0007429420505200594
1210694865706606592,6,1,0,1,1,0,1,0,0,0,1.0,0.0,1.0,1.0,0.0,1.0,0.0,0.0,0.0,1.0,0.0,1.0,0.0,0,0,1,1.0,0.0,1.0,2,1,19,0.0,4.37024735600035e-5,0.0,0.0,0.5,0.0,0.0,0.0,0.0,0.0,0.0,0.0,0.0,0.0008661735845963931,0.0,0.0008992805755395711,0.0002333621201485725,0.0,1.0479509250097348e-5,0.0014858841010401188,0.0007429420505200594
1495554767598206979,6,1,0,1,1,0,1,0,0,0,1.0,0.0,1.0,1.0,0.0,1.0,0.0,0.0,0.0,1.0,0.0,1.0,0.0,0,0,1,1.0,0.0,1.0,2,1,19,0.0,4.37024735600035e-5,0.0,0.0,0.5,0.0,0.0,0.0,0.0,0.0,0.0,0.0,0.0,0.0008661735845963931,0.0,0.0008992805755395711,0.0002333621201485725,0.0,1.0479509250097348e-5,0.0014858841010401188,0.0007429420505200594
1418655951649972229,6,1,0,1,1,0,1,0,0,0,1.0,0.0,1.0,1.0,0.0,1.0,0.0,0.0,0.0,1.0,0.0,1.0,0.0,0,0,1,1.0,0.0,1.0,2,1,19,0.0,4.37024735600035e-5,0.0,0.0,0.5,0.0,0.0,0.0,0.0,0.0,0.0,0.0,0.0,0.0008661735845963931,0.0,0.0008992805755395711,0.0002333621201485725,0.0,1.0479509250097348e-5,0.0014858841010401188,0.0007429420505200594
1449943323720884233,6,1,0,1,1,0,1,0,0,0,1.0,0.0,1.0,1.0,0.0,1.0,0.0,0.0,0.0,1.0,0.0,1.0,0.0,0,0,1,1.0,0.0,1.0,2,1,19,0.0,4.37024735600035e-5,0.0,0.0,0.5,0.0,0.0,0.0,0.0,0.0,0.0,0.0,0.0,0.0008661735845963931,0.0,0.0008992805755395711,0.0002333621201485725,0.0,1.0479509250097348e-5,0.0014858841010401188,0.0007429420505200594
1586727434,6,1,0,1,1,0,1,0,0,0,1.0,0.0,1.0,1.0,0.0,1.0,0.0,0.0,0.0,1.0,0.0,1.0,0.0,0,0,1,1.0,0.0,1.0,2,1,19,0.0,4.37024735600035e-5,0.0,0.0,0.5,0.0,0.0,0.0,0.0,0.0,0.0,0.0,0.0,0.0008661735845963931,0.0,0.0008992805755395711,0.0002333621201485725,0.0,1.0479509250097348e-5,0.0014858841010401188,0.0007429420505200594
835379979772833793,6,1,0,1,1,0,1,0,0,0,1.0,0.0,1.0,1.0,0.0,1.0,0.0,0.0,0.0,1.0,0.0,1.0,0.0,0,0,1,1.0,0.0,1.0,2,1,19,0.0,4.37024735600035e-5,0.0,0.0,0.5,0.0,0.0,0.0,0.0,0.0,0.0,0.0,0.0,0.0008661735845963931,0.0,0.0008992805755395711,0.0002333621201485725,0.0,1.0479509250097348e-5,0.0014858841010401188,0.0007429420505200594
1512394385375256585,6,1,0,1,1,0,1,0,0,0,1.0,0.0,1.0,1.0,0.0,1.0,0.0,0.0,0.0,1.0,0.0,1.0,0.0,0,0,1,1.0,0.0,1.0,2,1,19,0.0,4.37024735600035e-5,0.0,0.0,0.5,0.0,0.0,0.0,0.0,0.0,0.0,0.0,0.0,0.0008661735845963931,0.0,0.0008992805755395711,0.0002333621201485725,0.0,1.0479509250097348e-5,0.0014858841010401188,0.0007429420505200594
1034833974525407232,6,1,0,1,1,0,1,0,0,0,1.0,0.0,1.0,1.0,0.0,1.0,0.0,0.0,0.0,1.0,0.0,1.0,0.0,0,0,1,1.0,0.0,1.0,2,1,19,0.0,4.37024735600035e-5,0.0,0.0,0.5,0.0,0.0,0.0,0.0,0.0,0.0,0.0,0.0,0.0008661735845963931,0.0,0.0008992805755395711,0.0002333621201485725,0.0,1.0479509250097348e-5,0.0014858841010401188,0.0007429420505200594
1530737568,2,2,0,2,2,0,2,0,0,0,2.0,0.0,2.0,2.0,0.0,2.0,0.0,0.0,0.0,1.0,0.0,1.0,0.0,0,0,2,3.0,0.0,5.0,4,1,114,0.0,8.7404947120007e-5,0.0,0.0,0.5,0.25,0.0,0.0,0.5,0.0,0.5,1.0,0.0,0.0008554031533228221,0.0,0.0008992805755395711,0.00039513889139497493,0.0,6.28770555005841e-5,0.0029717682020802376,0.0007429420505200594
1396430820424830979,2,2,0,2,1,0,1,1,0,1,2.0,0.0,2.0,1.0,0.0,1.0,1.0,0.0,1.0,0.5,0.0,0.5,0.0,0,0,2,3.0,0.0,5.0,5,1,100,0.0,8.7404947120007e-5,0.0,0.0,0.3333333333333333,0.0,0.0,0.0,0.0,0.0,0.0,0.0,0.0,0.0008562770676460624,0.0,0.0008992805755395709,0.0,0.00022597436370785928,5.515531184261763e-5,0.003714710252600297,0.0007429420505200594
929584030453874688,2,1,0,1,1,0,1,0,0,0,1.0,0.0,1.0,1.0,0.0,1.0,0.0,0.0,0.0,1.0,0.0,1.0,0.0,0,0,1,1.0,0.0,1.0,4,1,34,0.0,4.37024735600035e-5,0.0,0.0,0.5,0.0,0.0,0.0,0.0,0.0,0.0,0.0,0.0,0.0008473631415490135,0.0,0.0008992805755395703,0.00019728937001983748,0.0,1.8752806026489994e-5,0.0029717682020802376,0.0007429420505200594
1389266294587994117,2,2,0,2,1,0,1,1,0,1,2.0,0.0,2.0,1.0,0.0,1.0,1.0,0.0,1.0,0.5,0.0,0.5,0.0,0,0,2,3.0,0.0,5.0,7,1,99,0.0,8.7404947120007e-5,0.0,0.0,0.3333333333333333,0.0,0.0,0.0,0.0,0.0,0.0,0.0,0.0,0.000860418007210723,0.0,0.0008992805755395709,0.0,0.00010181189277902458,5.460375872419145e-5,0.005200594353640416,0.0007429420505200594
1308366948988641280,2,1,0,1,1,0,1,0,0,0,1.0,0.0,1.0,1.0,0.0,1.0,0.0,0.0,0.0,1.0,0.0,1.0,0.0,0,0,1,1.0,0.0,1.0,4,1,34,0.0,4.37024735600035e-5,0.0,0.0,0.5,0.0,0.0,0.0,0.0,0.0,0.0,0.0,0.0,0.0008473631415490135,0.0,0.0008992805755395703,0.00019728937001983748,0.0,1.8752806026489994e-5,0.0029717682020802376,0.0007429420505200594
1503664429061505026,2,1,0,1,1,0,1,0,0,0,1.0,0.0,1.0,1.0,0.0,1.0,0.0,0.0,0.0,1.0,0.0,1.0,0.0,0,0,1,1.0,0.0,1.0,4,1,34,0.0,4.37024735600035e-5,0.0,0.0,0.5,0.0,0.0,0.0,0.0,0.0,0.0,0.0,0.0,0.0008473631415490135,0.0,0.0008992805755395703,0.00019728937001983748,0.0,1.8752806026489994e-5,0.0029717682020802376,0.0007429420505200594
2708567180,2,2,0,2,1,0,1,1,0,1,2.0,0.0,2.0,1.0,0.0,1.0,1.0,0.0,1.0,0.5,0.0,0.5,0.0,0,0,2,3.0,0.0,5.0,7,1,99,0.0,8.7404947120007e-5,0.0,0.0,0.3333333333333333,0.0,0.0,0.0,0.0,0.0,0.0,0.0,0.0,0.000860418007210723,0.0,0.0008992805755395709,0.0,0.00010181189277902458,5.460375872419145e-5,0.005200594353640416,0.0007429420505200594
181302590,2,1,0,1,1,0,1,0,0,0,1.0,0.0,1.0,1.0,0.0,1.0,0.0,0.0,0.0,1.0,0.0,1.0,0.0,0,0,1,1.0,0.0,1.0,4,1,34,0.0,4.37024735600035e-5,0.0,0.0,0.5,0.0,0.0,0.0,0.0,0.0,0.0,0.0,0.0,0.0008473631415490135,0.0,0.0008992805755395703,0.00019728937001983748,0.0,1.8752806026489994e-5,0.0029717682020802376,0.0007429420505200594
373213146,2,1,0,1,1,0,1,0,0,0,1.0,0.0,1.0,1.0,0.0,1.0,0.0,0.0,0.0,1.0,0.0,1.0,0.0,0,0,1,1.0,0.0,1.0,4,1,34,0.0,4.37024735600035e-5,0.0,0.0,0.5,0.0,0.0,0.0,0.0,0.0,0.0,0.0,0.0,0.0008473631415490135,0.0,0.0008992805755395703,0.00019728937001983748,0.0,1.8752806026489994e-5,0.0029717682020802376,0.0007429420505200594
1236968484065529857,2,1,0,1,1,0,1,0,0,0,1.0,0.0,1.0,1.0,0.0,1.0,0.0,0.0,0.0,1.0,0.0,1.0,0.0,0,0,1,1.0,0.0,1.0,4,1,34,0.0,4.37024735600035e-5,0.0,0.0,0.5,0.0,0.0,0.0,0.0,0.0,0.0,0.0,0.0,0.0008473631415490135,0.0,0.0008992805755395703,0.00019728937001983748,0.0,1.8752806026489994e-5,0.0029717682020802376,0.0007429420505200594
854837803,2,1,0,1,1,0,1,0,0,0,1.0,0.0,1.0,1.0,0.0,1.0,0.0,0.0,0.0,1.0,0.0,1.0,0.0,0,0,1,1.0,0.0,1.0,4,1,34,0.0,4.37024735600035e-5,0.0,0.0,0.5,0.0,0.0,0.0,0.0,0.0,0.0,0.0,0.0,0.0008473631415490135,0.0,0.0008992805755395703,0.00019728937001983748,0.0,1.8752806026489994e-5,0.0029717682020802376,0.0007429420505200594
178359191,2,1,0,1,1,0,1,0,0,0,1.0,0.0,1.0,1.0,0.0,1.0,0.0,0.0,0.0,1.0,0.0,1.0,0.0,0,0,1,1.0,0.0,1.0,4,1,34,0.0,4.37024735600035e-5,0.0,0.0,0.5,0.0,0.0,0.0,0.0,0.0,0.0,0.0,0.0,0.0008473631415490135,0.0,0.0008992805755395703,0.00019728937001983748,0.0,1.8752806026489994e-5,0.0029717682020802376,0.0007429420505200594
1180675299651907584,2,1,0,1,1,0,1,0,0,0,1.0,0.0,1.0,1.0,0.0,1.0,0.0,0.0,0.0,1.0,0.0,1.0,0.0,0,0,1,1.0,0.0,1.0,4,1,34,0.0,4.37024735600035e-5,0.0,0.0,0.5,0.0,0.0,0.0,0.0,0.0,0.0,0.0,0.0,0.0008473631415490135,0.0,0.0008992805755395703,0.00019728937001983748,0.0,1.8752806026489994e-5,0.0029717682020802376,0.0007429420505200594
747855184731115520,2,1,0,1,1,0,1,0,0,0,1.0,0.0,1.0,1.0,0.0,1.0,0.0,0.0,0.0,1.0,0.0,1.0,0.0,0,0,1,1.0,0.0,1.0,4,1,34,0.0,4.37024735600035e-5,0.0,0.0,0.5,0.0,0.0,0.0,0.0,0.0,0.0,0.0,0.0,0.0008473631415490135,0.0,0.0008992805755395703,0.00019728937001983748,0.0,1.8752806026489994e-5,0.0029717682020802376,0.0007429420505200594
1243603398,2,1,0,1,1,0,1,0,0,0,1.0,0.0,1.0,1.0,0.0,1.0,0.0,0.0,0.0,1.0,0.0,1.0,0.0,0,0,1,1.0,0.0,1.0,4,1,34,0.0,4.37024735600035e-5,0.0,0.0,0.5,0.0,0.0,0.0,0.0,0.0,0.0,0.0,0.0,0.0008473631415490135,0.0,0.0008992805755395703,0.00019728937001983748,0.0,1.8752806026489994e-5,0.0029717682020802376,0.0007429420505200594
1028670025,2,1,0,1,1,0,1,0,0,0,1.0,0.0,1.0,1.0,0.0,1.0,0.0,0.0,0.0,1.0,0.0,1.0,0.0,0,0,1,1.0,0.0,1.0,4,1,34,0.0,4.37024735600035e-5,0.0,0.0,0.5,0.0,0.0,0.0,0.0,0.0,0.0,0.0,0.0,0.0008473631415490135,0.0,0.0008992805755395703,0.00019728937001983748,0.0,1.8752806026489994e-5,0.0029717682020802376,0.0007429420505200594
1266406010274471936,2,1,0,1,1,0,1,0,0,0,1.0,0.0,1.0,1.0,0.0,1.0,0.0,0.0,0.0,1.0,0.0,1.0,0.0,0,0,1,1.0,0.0,1.0,4,1,34,0.0,4.37024735600035e-5,0.0,0.0,0.5,0.0,0.0,0.0,0.0,0.0,0.0,0.0,0.0,0.0008473631415490135,0.0,0.0008992805755395703,0.00019728937001983748,0.0,1.8752806026489994e-5,0.0029717682020802376,0.0007429420505200594
143562564,27,2,0,2,2,0,2,0,0,0,3.0,0.0,3.0,3.0,0.0,3.0,0.0,0.0,0.0,1.0,0.0,1.0,0.0,0,0,2,10.0,0.0,10.0,3,1,152,0.0,0.00013110742068001048,0.0,0.0,0.3333333333333333,0.0,0.0,0.0,0.0,0.0,0.0,0.0,0.0,0.000851629409451721,0.0,0.0008992805755395687,0.0005260274613857474,0.0,8.383607400077879e-5,0.002228826151560178,0.0007429420505200594
2875883148,27,1,0,1,1,0,1,0,0,0,2.0,0.0,2.0,2.0,0.0,2.0,0.0,0.0,0.0,1.0,0.0,1.0,0.0,0,0,1,3.0,0.0,5.0,2,1,127,0.0,8.7404947120007e-5,0.0,0.0,0.5,0.0,0.0,0.0,0.0,0.0,0.0,0.0,0.0,0.0008311273794285082,0.0,0.000899280575539568,0.00035016795017284164,0.0,7.004724604012439e-5,0.0014858841010401188,0.0007429420505200594
1412626677335683072,27,2,0,2,1,0,1,1,0,1,3.0,0.0,3.0,2.0,0.0,2.0,1.0,0.0,1.0,0.5,0.0,0.6666666666666666,0.0,0,0,2,10.0,0.0,10.0,3,1,166,0.0,0.00013110742068001048,0.0,0.0,0.3333333333333333,0.0,0.0,0.0,0.0,0.0,0.0,0.0,0.0,0.0008478637304678656,0.0,0.0008992805755395692,5.996227448368252e-5,0.0,9.155781765874525e-5,0.002228826151560178,0.0007429420505200594
1276786817396887553,27,1,0,1,1,0,1,0,0,0,2.0,0.0,2.0,2.0,0.0,2.0,0.0,0.0,0.0,1.0,0.0,1.0,0.0,0,0,1,3.0,0.0,5.0,2,1,127,0.0,8.7404947120007e-5,0.0,0.0,0.5,0.0,0.0,0.0,0.0,0.0,0.0,0.0,0.0,0.0008311273794285082,0.0,0.000899280575539568,0.00035016795017284164,0.0,7.004724604012439e-5,0.0014858841010401188,0.0007429420505200594
935243065911996416,27,2,0,2,1,0,1,1,0,1,5.0,0.0,5.0,3.0,0.0,3.0,2.0,0.0,2.0,0.5,0.0,0.6,0.0,0,0,2,14.0,0.0,17.0,3,1,199,0.0,0.0002185123678000175,0.0,0.0,0.3333333333333333,0.0,0.0,0.0,0.0,0.0,0.0,0.0,0.0,0.0008524643337513088,0.0,0.0008992805755395696,0.0,7.937317190709337e-5,0.00010975907056680907,0.002228826151560178,0.0007429420505200594
1116348909478133762,27,1,0,1,1,0,1,0,0,0,2.0,0.0,2.0,2.0,0.0,2.0,0.0,0.0,0.0,1.0,0.0,1.0,0.0,0,0,1,3.0,0.0,5.0,2,1,127,0.0,8.7404947120007e-5,0.0,0.0,0.5,0.0,0.0,0.0,0.0,0.0,0.0,0.0,0.0,0.0008311273794285082,0.0,0.000899280575539568,0.00035016795017284164,0.0,7.004724604012439e-5,0.0014858841010401188,0.0007429420505200594
1298625690091192320,27,1,0,1,1,0,1,0,0,0,2.0,0.0,2.0,2.0,0.0,2.0,0.0,0.0,0.0,1.0,0.0,1.0,0.0,0,0,1,3.0,0.0,5.0,2,1,127,0.0,8.7404947120007e-5,0.0,0.0,0.5,0.0,0.0,0.0,0.0,0.0,0.0,0.0,0.0,0.0008311273794285082,0.0,0.000899280575539568,0.00035016795017284164,0.0,7.004724604012439e-5,0.0014858841010401188,0.0007429420505200594
102722975,27,2,0,2,2,0,2,0,0,0,2.0,0.0,2.0,2.0,0.0,2.0,0.0,0.0,0.0,1.0,0.0,1.0,0.0,0,0,2,3.0,0.0,5.0,3,1,152,0.0,8.7404947120007e-5,0.0,0.0,0.3333333333333333,0.0,0.0,0.0,0.0,0.0,0.0,0.0,0.0,0.0008463724786765383,0.0,0.0008992805755395692,0.00035016795017284164,0.0,8.383607400077879e-5,0.002228826151560178,0.0007429420505200594
843103970721579008,27,1,0,1,1,0,1,0,0,0,1.0,0.0,1.0,1.0,0.0,1.0,0.0,0.0,0.0,1.0,0.0,1.0,0.0,0,0,1,1.0,0.0,1.0,2,1,127,0.0,4.37024735600035e-5,0.0,0.0,0.5,0.0,0.0,0.0,0.0,0.0,0.0,0.0,0.0,0.0008258704486533258,0.0,0.000899280575539568,0.000174825884712404,0.0,7.004724604012439e-5,0.0014858841010401188,0.0007429420505200594
1275878602463199236,27,1,0,1,1,0,1,0,0,0,3.0,0.0,3.0,3.0,0.0,3.0,0.0,0.0,0.0,1.0,0.0,1.0,0.0,0,0,1,10.0,0.0,10.0,2,1,127,0.0,0.00013110742068001048,0.0,0.0,0.5,0.0,0.0,0.0,0.0,0.0,0.0,0.0,0.0,0.000836384310203691,0.0,0.000899280575539568,0.0005260274613857474,0.0,7.004724604012439e-5,0.0014858841010401188,0.0007429420505200594
1484183740376969223,27,1,0,1,1,0,1,0,0,0,1.0,0.0,1.0,1.0,0.0,1.0,0.0,0.0,0.0,1.0,0.0,1.0,0.0,0,0,1,1.0,0.0,1.0,2,1,127,0.0,4.37024735600035e-5,0.0,0.0,0.5,0.0,0.0,0.0,0.0,0.0,0.0,0.0,0.0,0.0008258704486533258,0.0,0.000899280575539568,0.000174825884712404,0.0,7.004724604012439e-5,0.0014858841010401188,0.0007429420505200594
1012475880248143873,27,1,0,1,1,0,1,0,0,0,2.0,0.0,2.0,2.0,0.0,2.0,0.0,0.0,0.0,1.0,0.0,1.0,0.0,0,0,1,3.0,0.0,5.0,2,1,127,0.0,8.7404947120007e-5,0.0,0.0,0.5,0.0,0.0,0.0,0.0,0.0,0.0,0.0,0.0,0.0008311273794285082,0.0,0.000899280575539568,0.00035016795017284164,0.0,7.004724604012439e-5,0.0014858841010401188,0.0007429420505200594
1038791386588487681,27,1,0,1,1,0,1,0,0,0,3.0,0.0,3.0,3.0,0.0,3.0,0.0,0.0,0.0,1.0,0.0,1.0,0.0,0,0,1,10.0,0.0,10.0,2,1,127,0.0,0.00013110742068001048,0.0,0.0,0.5,0.0,0.0,0.0,0.0,0.0,0.0,0.0,0.0,0.000836384310203691,0.0,0.000899280575539568,0.0005260274613857474,0.0,7.004724604012439e-5,0.0014858841010401188,0.0007429420505200594
216530630,27,1,0,1,1,0,1,0,0,0,1.0,0.0,1.0,1.0,0.0,1.0,0.0,0.0,0.0,1.0,0.0,1.0,0.0,0,0,1,1.0,0.0,1.0,2,1,127,0.0,4.37024735600035e-5,0.0,0.0,0.5,0.0,0.0,0.0,0.0,0.0,0.0,0.0,0.0,0.0008258704486533258,0.0,0.000899280575539568,0.000174825884712404,0.0,7.004724604012439e-5,0.0014858841010401188,0.0007429420505200594
882353329657049089,27,1,0,1,1,0,1,0,0,0,1.0,0.0,1.0,1.0,0.0,1.0,0.0,0.0,0.0,1.0,0.0,1.0,0.0,0,0,1,1.0,0.0,1.0,2,1,127,0.0,4.37024735600035e-5,0.0,0.0,0.5,0.0,0.0,0.0,0.0,0.0,0.0,0.0,0.0,0.0008258704486533258,0.0,0.000899280575539568,0.000174825884712404,0.0,7.004724604012439e-5,0.0014858841010401188,0.0007429420505200594
1259155340433776647,27,1,0,1,1,0,1,0,0,0,1.0,0.0,1.0,1.0,0.0,1.0,0.0,0.0,0.0,1.0,0.0,1.0,0.0,0,0,1,1.0,0.0,1.0,2,1,127,0.0,4.37024735600035e-5,0.0,0.0,0.5,0.0,0.0,0.0,0.0,0.0,0.0,0.0,0.0,0.0008258704486533258,0.0,0.000899280575539568,0.000174825884712404,0.0,7.004724604012439e-5,0.0014858841010401188,0.0007429420505200594
1304733983939330049,27,1,0,1,1,0,1,0,0,0,1.0,0.0,1.0,1.0,0.0,1.0,0.0,0.0,0.0,1.0,0.0,1.0,0.0,0,0,1,1.0,0.0,1.0,2,1,127,0.0,4.37024735600035e-5,0.0,0.0,0.5,0.0,0.0,0.0,0.0,0.0,0.0,0.0,0.0,0.0008258704486533258,0.0,0.000899280575539568,0.000174825884712404,0.0,7.004724604012439e-5,0.0014858841010401188,0.0007429420505200594
1114761930818895872,29,2,0,2,1,0,1,1,0,1,2.0,0.0,2.0,1.0,0.0,1.0,1.0,0.0,1.0,0.5,0.0,0.5,0.0,0,0,2,3.0,0.0,5.0,3,1,244,0.0,8.7404947120007e-5,0.0,0.0,0.3333333333333333,0.0,0.0,0.0,0.0,0.0,0.0,0.0,0.0,0.0008324310982607538,0.0,0.0008992805755395681,0.0,0.00010460206066498223,0.00013457896089598702,0.002228826151560178,0.0007429420505200594
1487076732536426500,27,1,0,1,1,0,1,0,0,0,1.0,0.0,1.0,1.0,0.0,1.0,0.0,0.0,0.0,1.0,0.0,1.0,0.0,0,0,1,1.0,0.0,1.0,2,1,127,0.0,4.37024735600035e-5,0.0,0.0,0.5,0.0,0.0,0.0,0.0,0.0,0.0,0.0,0.0,0.0008258704486533258,0.0,0.000899280575539568,0.000174825884712404,0.0,7.004724604012439e-5,0.0014858841010401188,0.0007429420505200594
1281303947857113088,27,1,0,1,1,0,1,0,0,0,1.0,0.0,1.0,1.0,0.0,1.0,0.0,0.0,0.0,1.0,0.0,1.0,0.0,0,0,1,1.0,0.0,1.0,2,1,127,0.0,4.37024735600035e-5,0.0,0.0,0.5,0.0,0.0,0.0,0.0,0.0,0.0,0.0,0.0,0.0008258704486533258,0.0,0.000899280575539568,0.000174825884712404,0.0,7.004724604012439e-5,0.0014858841010401188,0.0007429420505200594
22388574,27,1,0,1,1,0,1,0,0,0,1.0,0.0,1.0,1.0,0.0,1.0,0.0,0.0,0.0,1.0,0.0,1.0,0.0,0,0,1,1.0,0.0,1.0,2,1,127,0.0,4.37024735600035e-5,0.0,0.0,0.5,0.0,0.0,0.0,0.0,0.0,0.0,0.0,0.0,0.0008258704486533258,0.0,0.000899280575539568,0.000174825884712404,0.0,7.004724604012439e-5,0.0014858841010401188,0.0007429420505200594
863451486,27,1,0,1,1,0,1,0,0,0,1.0,0.0,1.0,1.0,0.0,1.0,0.0,0.0,0.0,1.0,0.0,1.0,0.0,0,0,1,1.0,0.0,1.0,2,1,127,0.0,4.37024735600035e-5,0.0,0.0,0.5,0.0,0.0,0.0,0.0,0.0,0.0,0.0,0.0,0.0008258704486533258,0.0,0.000899280575539568,0.000174825884712404,0.0,7.004724604012439e-5,0.0014858841010401188,0.0007429420505200594
1366691151483338753,27,1,0,1,1,0,1,0,0,0,1.0,0.0,1.0,1.0,0.0,1.0,0.0,0.0,0.0,1.0,0.0,1.0,0.0,0,0,1,1.0,0.0,1.0,2,1,127,0.0,4.37024735600035e-5,0.0,0.0,0.5,0.0,0.0,0.0,0.0,0.0,0.0,0.0,0.0,0.0008258704486533258,0.0,0.000899280575539568,0.000174825884712404,0.0,7.004724604012439e-5,0.0014858841010401188,0.0007429420505200594
947045737841311747,27,1,0,1,1,0,1,0,0,0,1.0,0.0,1.0,1.0,0.0,1.0,0.0,0.0,0.0,1.0,0.0,1.0,0.0,0,0,1,1.0,0.0,1.0,2,1,127,0.0,4.37024735600035e-5,0.0,0.0,0.5,0.0,0.0,0.0,0.0,0.0,0.0,0.0,0.0,0.0008258704486533258,0.0,0.000899280575539568,0.000174825884712404,0.0,7.004724604012439e-5,0.0014858841010401188,0.0007429420505200594
260530323,27,1,0,1,1,0,1,0,0,0,1.0,0.0,1.0,1.0,0.0,1.0,0.0,0.0,0.0,1.0,0.0,1.0,0.0,0,0,1,1.0,0.0,1.0,2,1,127,0.0,4.37024735600035e-5,0.0,0.0,0.5,0.0,0.0,0.0,0.0,0.0,0.0,0.0,0.0,0.0008258704486533258,0.0,0.000899280575539568,0.000174825884712404,0.0,7.004724604012439e-5,0.0014858841010401188,0.0007429420505200594
1500812862507397120,27,1,0,1,1,0,1,0,0,0,2.0,0.0,2.0,2.0,0.0,2.0,0.0,0.0,0.0,1.0,0.0,1.0,0.0,0,0,1,3.0,0.0,5.0,2,1,127,0.0,8.7404947120007e-5,0.0,0.0,0.5,0.0,0.0,0.0,0.0,0.0,0.0,0.0,0.0,0.0008311273794285082,0.0,0.000899280575539568,0.00035016795017284164,0.0,7.004724604012439e-5,0.0014858841010401188,0.0007429420505200594
1450587988707012609,27,1,0,1,1,0,1,0,0,0,1.0,0.0,1.0,1.0,0.0,1.0,0.0,0.0,0.0,1.0,0.0,1.0,0.0,0,0,1,1.0,0.0,1.0,2,1,127,0.0,4.37024735600035e-5,0.0,0.0,0.5,0.0,0.0,0.0,0.0,0.0,0.0,0.0,0.0,0.0008258704486533258,0.0,0.000899280575539568,0.000174825884712404,0.0,7.004724604012439e-5,0.0014858841010401188,0.0007429420505200594
1321067249361444875,27,1,0,1,1,0,1,0,0,0,1.0,0.0,1.0,1.0,0.0,1.0,0.0,0.0,0.0,1.0,0.0,1.0,0.0,0,0,1,1.0,0.0,1.0,2,1,127,0.0,4.37024735600035e-5,0.0,0.0,0.5,0.0,0.0,0.0,0.0,0.0,0.0,0.0,0.0,0.0008258704486533258,0.0,0.000899280575539568,0.000174825884712404,0.0,7.004724604012439e-5,0.0014858841010401188,0.0007429420505200594
1355384877416235008,27,1,0,1,1,0,1,0,0,0,1.0,0.0,1.0,1.0,0.0,1.0,0.0,0.0,0.0,1.0,0.0,1.0,0.0,0,0,1,1.0,0.0,1.0,2,1,127,0.0,4.37024735600035e-5,0.0,0.0,0.5,0.0,0.0,0.0,0.0,0.0,0.0,0.0,0.0,0.0008258704486533258,0.0,0.000899280575539568,0.000174825884712404,0.0,7.004724604012439e-5,0.0014858841010401188,0.0007429420505200594
1431139215698444288,27,1,0,1,1,0,1,0,0,0,1.0,0.0,1.0,1.0,0.0,1.0,0.0,0.0,0.0,1.0,0.0,1.0,0.0,0,0,1,1.0,0.0,1.0,2,1,127,0.0,4.37024735600035e-5,0.0,0.0,0.5,0.0,0.0,0.0,0.0,0.0,0.0,0.0,0.0,0.0008258704486533258,0.0,0.000899280575539568,0.000174825884712404,0.0,7.004724604012439e-5,0.0014858841010401188,0.0007429420505200594
817774796440272896,27,1,0,1,1,0,1,0,0,0,1.0,0.0,1.0,1.0,0.0,1.0,0.0,0.0,0.0,1.0,0.0,1.0,0.0,0,0,1,1.0,0.0,1.0,2,1,127,0.0,4.37024735600035e-5,0.0,0.0,0.5,0.0,0.0,0.0,0.0,0.0,0.0,0.0,0.0,0.0008258704486533258,0.0,0.000899280575539568,0.000174825884712404,0.0,7.004724604012439e-5,0.0014858841010401188,0.0007429420505200594
1477310174,27,1,0,1,1,0,1,0,0,0,1.0,0.0,1.0,1.0,0.0,1.0,0.0,0.0,0.0,1.0,0.0,1.0,0.0,0,0,1,1.0,0.0,1.0,2,1,127,0.0,4.37024735600035e-5,0.0,0.0,0.5,0.0,0.0,0.0,0.0,0.0,0.0,0.0,0.0,0.0008258704486533258,0.0,0.000899280575539568,0.000174825884712404,0.0,7.004724604012439e-5,0.0014858841010401188,0.0007429420505200594
1386734704854896641,27,1,0,1,1,0,1,0,0,0,2.0,0.0,2.0,2.0,0.0,2.0,0.0,0.0,0.0,1.0,0.0,1.0,0.0,0,0,1,3.0,0.0,5.0,2,1,127,0.0,8.7404947120007e-5,0.0,0.0,0.5,0.0,0.0,0.0,0.0,0.0,0.0,0.0,0.0,0.0008311273794285082,0.0,0.000899280575539568,0.00035016795017284164,0.0,7.004724604012439e-5,0.0014858841010401188,0.0007429420505200594
1407391747731251208,27,2,0,2,2,0,2,0,0,0,2.0,0.0,2.0,2.0,0.0,2.0,0.0,0.0,0.0,1.0,0.0,1.0,0.0,0,0,1,3.0,0.0,3.0,3,1,128,0.0,8.7404947120007e-5,0.0,0.0,0.3333333333333333,0.0,0.0,0.0,0.0,0.0,0.0,0.0,0.0,0.0016459516495818292,0.0,0.0008992805755395698,0.00035016795017284164,0.0,7.059879915855056e-5,0.002228826151560178,0.0007429420505200594
3336783988,27,1,0,1,1,0,1,0,0,0,1.0,0.0,1.0,1.0,0.0,1.0,0.0,0.0,0.0,1.0,0.0,1.0,0.0,0,0,1,1.0,0.0,1.0,2,1,127,0.0,4.37024735600035e-5,0.0,0.0,0.5,0.0,0.0,0.0,0.0,0.0,0.0,0.0,0.0,0.0008258704486533258,0.0,0.000899280575539568,0.000174825884712404,0.0,7.004724604012439e-5,0.0014858841010401188,0.0007429420505200594
1504287528320339968,27,1,0,1,1,0,1,0,0,0,1.0,0.0,1.0,1.0,0.0,1.0,0.0,0.0,0.0,1.0,0.0,1.0,0.0,0,0,1,1.0,0.0,1.0,2,1,127,0.0,4.37024735600035e-5,0.0,0.0,0.5,0.0,0.0,0.0,0.0,0.0,0.0,0.0,0.0,0.0008258704486533258,0.0,0.000899280575539568,0.000174825884712404,0.0,7.004724604012439e-5,0.0014858841010401188,0.0007429420505200594
1511772062389481478,27,1,0,1,1,0,1,0,0,0,1.0,0.0,1.0,1.0,0.0,1.0,0.0,0.0,0.0,1.0,0.0,1.0,0.0,0,0,1,1.0,0.0,1.0,2,1,127,0.0,4.37024735600035e-5,0.0,0.0,0.5,0.0,0.0,0.0,0.0,0.0,0.0,0.0,0.0,0.0008258704486533258,0.0,0.000899280575539568,0.000174825884712404,0.0,7.004724604012439e-5,0.0014858841010401188,0.0007429420505200594
1511564387156639745,27,1,0,1,1,0,1,0,0,0,1.0,0.0,1.0,1.0,0.0,1.0,0.0,0.0,0.0,1.0,0.0,1.0,0.0,0,0,1,1.0,0.0,1.0,2,1,127,0.0,4.37024735600035e-5,0.0,0.0,0.5,0.0,0.0,0.0,0.0,0.0,0.0,0.0,0.0,0.0008258704486533258,0.0,0.000899280575539568,0.000174825884712404,0.0,7.004724604012439e-5,0.0014858841010401188,0.0007429420505200594
288900653,27,1,0,1,1,0,1,0,0,0,1.0,0.0,1.0,1.0,0.0,1.0,0.0,0.0,0.0,1.0,0.0,1.0,0.0,0,0,1,1.0,0.0,1.0,2,1,127,0.0,4.37024735600035e-5,0.0,0.0,0.5,0.0,0.0,0.0,0.0,0.0,0.0,0.0,0.0,0.0008258704486533258,0.0,0.000899280575539568,0.000174825884712404,0.0,7.004724604012439e-5,0.0014858841010401188,0.0007429420505200594
1457435843778465794,27,2,0,2,2,0,2,0,0,0,2.0,0.0,2.0,2.0,0.0,2.0,0.0,0.0,0.0,1.0,0.0,1.0,0.0,0,0,2,3.0,0.0,5.0,3,1,152,0.0,8.7404947120007e-5,0.0,0.0,0.3333333333333333,0.0,0.0,0.0,0.0,0.0,0.0,0.0,0.0,0.0008463724786765383,0.0,0.0008992805755395692,0.00035016795017284164,0.0,8.383607400077879e-5,0.002228826151560178,0.0007429420505200594
1471747524415623169,27,1,0,1,1,0,1,0,0,0,1.0,0.0,1.0,1.0,0.0,1.0,0.0,0.0,0.0,1.0,0.0,1.0,0.0,0,0,1,1.0,0.0,1.0,2,1,127,0.0,4.37024735600035e-5,0.0,0.0,0.5,0.0,0.0,0.0,0.0,0.0,0.0,0.0,0.0,0.0008258704486533258,0.0,0.000899280575539568,0.000174825884712404,0.0,7.004724604012439e-5,0.0014858841010401188,0.0007429420505200594
1344559897,27,1,0,1,1,0,1,0,0,0,1.0,0.0,1.0,1.0,0.0,1.0,0.0,0.0,0.0,1.0,0.0,1.0,0.0,0,0,1,1.0,0.0,1.0,2,1,127,0.0,4.37024735600035e-5,0.0,0.0,0.5,0.0,0.0,0.0,0.0,0.0,0.0,0.0,0.0,0.0008258704486533258,0.0,0.000899280575539568,0.000174825884712404,0.0,7.004724604012439e-5,0.0014858841010401188,0.0007429420505200594
1252341005417922561,27,1,0,1,1,0,1,0,0,0,1.0,0.0,1.0,1.0,0.0,1.0,0.0,0.0,0.0,1.0,0.0,1.0,0.0,0,0,1,1.0,0.0,1.0,2,1,127,0.0,4.37024735600035e-5,0.0,0.0,0.5,0.0,0.0,0.0,0.0,0.0,0.0,0.0,0.0,0.0008258704486533258,0.0,0.000899280575539568,0.000174825884712404,0.0,7.004724604012439e-5,0.0014858841010401188,0.0007429420505200594
301148961,27,1,0,1,1,0,1,0,0,0,1.0,0.0,1.0,1.0,0.0,1.0,0.0,0.0,0.0,1.0,0.0,1.0,0.0,0,0,1,1.0,0.0,1.0,2,1,127,0.0,4.37024735600035e-5,0.0,0.0,0.5,0.0,0.0,0.0,0.0,0.0,0.0,0.0,0.0,0.0008258704486533258,0.0,0.000899280575539568,0.000174825884712404,0.0,7.004724604012439e-5,0.0014858841010401188,0.0007429420505200594
2893889912,27,1,0,1,1,0,1,0,0,0,1.0,0.0,1.0,1.0,0.0,1.0,0.0,0.0,0.0,1.0,0.0,1.0,0.0,0,0,1,1.0,0.0,1.0,2,1,127,0.0,4.37024735600035e-5,0.0,0.0,0.5,0.0,0.0,0.0,0.0,0.0,0.0,0.0,0.0,0.0008258704486533258,0.0,0.000899280575539568,0.000174825884712404,0.0,7.004724604012439e-5,0.0014858841010401188,0.0007429420505200594
1210597665932742657,27,1,0,1,1,0,1,0,0,0,1.0,0.0,1.0,1.0,0.0,1.0,0.0,0.0,0.0,1.0,0.0,1.0,0.0,0,0,1,1.0,0.0,1.0,2,1,127,0.0,4.37024735600035e-5,0.0,0.0,0.5,0.0,0.0,0.0,0.0,0.0,0.0,0.0,0.0,0.0008258704486533258,0.0,0.000899280575539568,0.000174825884712404,0.0,7.004724604012439e-5,0.0014858841010401188,0.0007429420505200594
1512752298858098689,27,1,0,1,1,0,1,0,0,0,1.0,0.0,1.0,1.0,0.0,1.0,0.0,0.0,0.0,1.0,0.0,1.0,0.0,0,0,1,1.0,0.0,1.0,2,1,127,0.0,4.37024735600035e-5,0.0,0.0,0.5,0.0,0.0,0.0,0.0,0.0,0.0,0.0,0.0,0.0008258704486533258,0.0,0.000899280575539568,0.000174825884712404,0.0,7.004724604012439e-5,0.0014858841010401188,0.0007429420505200594
1214936644077457413,27,1,0,1,1,0,1,0,0,0,1.0,0.0,1.0,1.0,0.0,1.0,0.0,0.0,0.0,1.0,0.0,1.0,0.0,0,0,1,1.0,0.0,1.0,2,1,127,0.0,4.37024735600035e-5,0.0,0.0,0.5,0.0,0.0,0.0,0.0,0.0,0.0,0.0,0.0,0.0008258704486533258,0.0,0.000899280575539568,0.000174825884712404,0.0,7.004724604012439e-5,0.0014858841010401188,0.0007429420505200594
1369287947867090945,27,1,0,1,1,0,1,0,0,0,1.0,0.0,1.0,1.0,0.0,1.0,0.0,0.0,0.0,1.0,0.0,1.0,0.0,0,0,1,1.0,0.0,1.0,2,1,127,0.0,4.37024735600035e-5,0.0,0.0,0.5,0.0,0.0,0.0,0.0,0.0,0.0,0.0,0.0,0.0008258704486533258,0.0,0.000899280575539568,0.000174825884712404,0.0,7.004724604012439e-5,0.0014858841010401188,0.0007429420505200594
1498304227340337156,27,1,0,1,1,0,1,0,0,0,1.0,0.0,1.0,1.0,0.0,1.0,0.0,0.0,0.0,1.0,0.0,1.0,0.0,0,0,1,1.0,0.0,1.0,2,1,127,0.0,4.37024735600035e-5,0.0,0.0,0.5,0.0,0.0,0.0,0.0,0.0,0.0,0.0,0.0,0.0008258704486533258,0.0,0.000899280575539568,0.000174825884712404,0.0,7.004724604012439e-5,0.0014858841010401188,0.0007429420505200594
885849167674957824,29,2,0,2,1,0,1,1,0,1,2.0,0.0,2.0,1.0,0.0,1.0,1.0,0.0,1.0,0.5,0.0,0.5,0.0,0,0,2,3.0,0.0,5.0,3,1,244,0.0,8.7404947120007e-5,0.0,0.0,0.3333333333333333,0.0,0.0,0.0,0.0,0.0,0.0,0.0,0.0,0.0008324310982607538,0.0,0.0008992805755395681,0.0,0.00010460206066498223,0.00013457896089598702,0.002228826151560178,0.0007429420505200594
1487682361991241728,27,1,0,1,1,0,1,0,0,0,1.0,0.0,1.0,1.0,0.0,1.0,0.0,0.0,0.0,1.0,0.0,1.0,0.0,0,0,1,1.0,0.0,1.0,2,1,127,0.0,4.37024735600035e-5,0.0,0.0,0.5,0.0,0.0,0.0,0.0,0.0,0.0,0.0,0.0,0.0008258704486533258,0.0,0.000899280575539568,0.000174825884712404,0.0,7.004724604012439e-5,0.0014858841010401188,0.0007429420505200594
1503594943339798529,27,1,0,1,1,0,1,0,0,0,1.0,0.0,1.0,1.0,0.0,1.0,0.0,0.0,0.0,1.0,0.0,1.0,0.0,0,0,1,1.0,0.0,1.0,2,1,127,0.0,4.37024735600035e-5,0.0,0.0,0.5,0.0,0.0,0.0,0.0,0.0,0.0,0.0,0.0,0.0008258704486533258,0.0,0.000899280575539568,0.000174825884712404,0.0,7.004724604012439e-5,0.0014858841010401188,0.0007429420505200594
1444565812086411269,27,3,0,3,2,0,2,1,0,1,3.0,0.0,3.0,2.0,0.0,2.0,1.0,0.0,1.0,0.6666666666666666,0.0,0.6666666666666666,0.0,0,0,3,10.0,0.0,10.0,4,1,211,0.0,0.00013110742068001048,0.0,0.0,0.25,0.0,0.0,0.0,0.0,0.0,0.0,0.0,0.0,0.0008552864047735873,0.0,0.0008992805755395699,0.0,8.436494003694062e-5,0.0001163777079879232,0.0029717682020802376,0.0007429420505200594
57730696,27,2,0,2,2,0,2,0,0,0,2.0,0.0,2.0,2.0,0.0,2.0,0.0,0.0,0.0,1.0,0.0,1.0,0.0,0,0,2,3.0,0.0,5.0,3,1,152,0.0,8.7404947120007e-5,0.0,0.0,0.3333333333333333,0.0,0.0,0.0,0.0,0.0,0.0,0.0,0.0,0.0008463724786765383,0.0,0.0008992805755395692,0.00035016795017284164,0.0,8.383607400077879e-5,0.002228826151560178,0.0007429420505200594
16316083,27,1,0,1,1,0,1,0,0,0,1.0,0.0,1.0,1.0,0.0,1.0,0.0,0.0,0.0,1.0,0.0,1.0,0.0,0,0,1,1.0,0.0,1.0,2,1,127,0.0,4.37024735600035e-5,0.0,0.0,0.5,0.0,0.0,0.0,0.0,0.0,0.0,0.0,0.0,0.0008258704486533258,0.0,0.000899280575539568,0.000174825884712404,0.0,7.004724604012439e-5,0.0014858841010401188,0.0007429420505200594
983232669147385856,27,1,0,1,1,0,1,0,0,0,1.0,0.0,1.0,1.0,0.0,1.0,0.0,0.0,0.0,1.0,0.0,1.0,0.0,0,0,1,1.0,0.0,1.0,2,1,127,0.0,4.37024735600035e-5,0.0,0.0,0.5,0.0,0.0,0.0,0.0,0.0,0.0,0.0,0.0,0.0008258704486533258,0.0,0.000899280575539568,0.000174825884712404,0.0,7.004724604012439e-5,0.0014858841010401188,0.0007429420505200594
1109993244300140544,27,1,0,1,1,0,1,0,0,0,1.0,0.0,1.0,1.0,0.0,1.0,0.0,0.0,0.0,1.0,0.0,1.0,0.0,0,0,1,1.0,0.0,1.0,2,1,127,0.0,4.37024735600035e-5,0.0,0.0,0.5,0.0,0.0,0.0,0.0,0.0,0.0,0.0,0.0,0.0008258704486533258,0.0,0.000899280575539568,0.000174825884712404,0.0,7.004724604012439e-5,0.0014858841010401188,0.0007429420505200594
357860827,27,1,0,1,1,0,1,0,0,0,1.0,0.0,1.0,1.0,0.0,1.0,0.0,0.0,0.0,1.0,0.0,1.0,0.0,0,0,1,1.0,0.0,1.0,2,1,127,0.0,4.37024735600035e-5,0.0,0.0,0.5,0.0,0.0,0.0,0.0,0.0,0.0,0.0,0.0,0.0008258704486533258,0.0,0.000899280575539568,0.000174825884712404,0.0,7.004724604012439e-5,0.0014858841010401188,0.0007429420505200594
303641607,27,1,0,1,1,0,1,0,0,0,1.0,0.0,1.0,1.0,0.0,1.0,0.0,0.0,0.0,1.0,0.0,1.0,0.0,0,0,1,1.0,0.0,1.0,2,1,127,0.0,4.37024735600035e-5,0.0,0.0,0.5,0.0,0.0,0.0,0.0,0.0,0.0,0.0,0.0,0.0008258704486533258,0.0,0.000899280575539568,0.000174825884712404,0.0,7.004724604012439e-5,0.0014858841010401188,0.0007429420505200594
1010807215,27,1,0,1,1,0,1,0,0,0,1.0,0.0,1.0,1.0,0.0,1.0,0.0,0.0,0.0,1.0,0.0,1.0,0.0,0,0,1,1.0,0.0,1.0,2,1,127,0.0,4.37024735600035e-5,0.0,0.0,0.5,0.0,0.0,0.0,0.0,0.0,0.0,0.0,0.0,0.0008258704486533258,0.0,0.000899280575539568,0.000174825884712404,0.0,7.004724604012439e-5,0.0014858841010401188,0.0007429420505200594
1060767751,27,1,0,1,1,0,1,0,0,0,1.0,0.0,1.0,1.0,0.0,1.0,0.0,0.0,0.0,1.0,0.0,1.0,0.0,0,0,1,1.0,0.0,1.0,2,1,127,0.0,4.37024735600035e-5,0.0,0.0,0.5,0.0,0.0,0.0,0.0,0.0,0.0,0.0,0.0,0.0008258704486533258,0.0,0.000899280575539568,0.000174825884712404,0.0,7.004724604012439e-5,0.0014858841010401188,0.0007429420505200594
342954124,27,1,0,1,1,0,1,0,0,0,1.0,0.0,1.0,1.0,0.0,1.0,0.0,0.0,0.0,1.0,0.0,1.0,0.0,0,0,1,1.0,0.0,1.0,2,1,127,0.0,4.37024735600035e-5,0.0,0.0,0.5,0.0,0.0,0.0,0.0,0.0,0.0,0.0,0.0,0.0008258704486533258,0.0,0.000899280575539568,0.000174825884712404,0.0,7.004724604012439e-5,0.0014858841010401188,0.0007429420505200594
1378062217761918978,27,1,0,1,1,0,1,0,0,0,1.0,0.0,1.0,1.0,0.0,1.0,0.0,0.0,0.0,1.0,0.0,1.0,0.0,0,0,1,1.0,0.0,1.0,2,1,127,0.0,4.37024735600035e-5,0.0,0.0,0.5,0.0,0.0,0.0,0.0,0.0,0.0,0.0,0.0,0.0008258704486533258,0.0,0.000899280575539568,0.000174825884712404,0.0,7.004724604012439e-5,0.0014858841010401188,0.0007429420505200594
1613819856,27,1,0,1,1,0,1,0,0,0,1.0,0.0,1.0,1.0,0.0,1.0,0.0,0.0,0.0,1.0,0.0,1.0,0.0,0,0,1,1.0,0.0,1.0,2,1,127,0.0,4.37024735600035e-5,0.0,0.0,0.5,0.0,0.0,0.0,0.0,0.0,0.0,0.0,0.0,0.0008258704486533258,0.0,0.000899280575539568,0.000174825884712404,0.0,7.004724604012439e-5,0.0014858841010401188,0.0007429420505200594
1492605441335074820,27,1,0,1,1,0,1,0,0,0,1.0,0.0,1.0,1.0,0.0,1.0,0.0,0.0,0.0,1.0,0.0,1.0,0.0,0,0,1,1.0,0.0,1.0,2,1,127,0.0,4.37024735600035e-5,0.0,0.0,0.5,0.0,0.0,0.0,0.0,0.0,0.0,0.0,0.0,0.0008258704486533258,0.0,0.000899280575539568,0.000174825884712404,0.0,7.004724604012439e-5,0.0014858841010401188,0.0007429420505200594
138796157,27,1,0,1,1,0,1,0,0,0,1.0,0.0,1.0,1.0,0.0,1.0,0.0,0.0,0.0,1.0,0.0,1.0,0.0,0,0,1,1.0,0.0,1.0,2,1,127,0.0,4.37024735600035e-5,0.0,0.0,0.5,0.0,0.0,0.0,0.0,0.0,0.0,0.0,0.0,0.0008258704486533258,0.0,0.000899280575539568,0.000174825884712404,0.0,7.004724604012439e-5,0.0014858841010401188,0.0007429420505200594
3042177804,27,1,0,1,1,0,1,0,0,0,1.0,0.0,1.0,1.0,0.0,1.0,0.0,0.0,0.0,1.0,0.0,1.0,0.0,0,0,1,1.0,0.0,1.0,2,1,127,0.0,4.37024735600035e-5,0.0,0.0,0.5,0.0,0.0,0.0,0.0,0.0,0.0,0.0,0.0,0.0008258704486533258,0.0,0.000899280575539568,0.000174825884712404,0.0,7.004724604012439e-5,0.0014858841010401188,0.0007429420505200594
1331342493598834702,27,1,0,1,1,0,1,0,0,0,1.0,0.0,1.0,1.0,0.0,1.0,0.0,0.0,0.0,1.0,0.0,1.0,0.0,0,0,1,1.0,0.0,1.0,2,1,127,0.0,4.37024735600035e-5,0.0,0.0,0.5,0.0,0.0,0.0,0.0,0.0,0.0,0.0,0.0,0.0008258704486533258,0.0,0.000899280575539568,0.000174825884712404,0.0,7.004724604012439e-5,0.0014858841010401188,0.0007429420505200594
226530650,27,1,0,1,1,0,1,0,0,0,1.0,0.0,1.0,1.0,0.0,1.0,0.0,0.0,0.0,1.0,0.0,1.0,0.0,0,0,1,1.0,0.0,1.0,2,1,127,0.0,4.37024735600035e-5,0.0,0.0,0.5,0.0,0.0,0.0,0.0,0.0,0.0,0.0,0.0,0.0008258704486533258,0.0,0.000899280575539568,0.000174825884712404,0.0,7.004724604012439e-5,0.0014858841010401188,0.0007429420505200594
1000107655518711808,27,1,0,1,1,0,1,0,0,0,1.0,0.0,1.0,1.0,0.0,1.0,0.0,0.0,0.0,1.0,0.0,1.0,0.0,0,0,1,1.0,0.0,1.0,2,1,127,0.0,4.37024735600035e-5,0.0,0.0,0.5,0.0,0.0,0.0,0.0,0.0,0.0,0.0,0.0,0.0008258704486533258,0.0,0.000899280575539568,0.000174825884712404,0.0,7.004724604012439e-5,0.0014858841010401188,0.0007429420505200594
36246871,27,1,0,1,1,0,1,0,0,0,1.0,0.0,1.0,1.0,0.0,1.0,0.0,0.0,0.0,1.0,0.0,1.0,0.0,0,0,1,1.0,0.0,1.0,2,1,127,0.0,4.37024735600035e-5,0.0,0.0,0.5,0.0,0.0,0.0,0.0,0.0,0.0,0.0,0.0,0.0008258704486533258,0.0,0.000899280575539568,0.000174825884712404,0.0,7.004724604012439e-5,0.0014858841010401188,0.0007429420505200594
1126958241097895936,27,1,0,1,1,0,1,0,0,0,1.0,0.0,1.0,1.0,0.0,1.0,0.0,0.0,0.0,1.0,0.0,1.0,0.0,0,0,1,1.0,0.0,1.0,2,1,127,0.0,4.37024735600035e-5,0.0,0.0,0.5,0.0,0.0,0.0,0.0,0.0,0.0,0.0,0.0,0.0008258704486533258,0.0,0.000899280575539568,0.000174825884712404,0.0,7.004724604012439e-5,0.0014858841010401188,0.0007429420505200594
1038475633918177281,27,1,0,1,1,0,1,0,0,0,1.0,0.0,1.0,1.0,0.0,1.0,0.0,0.0,0.0,1.0,0.0,1.0,0.0,0,0,1,1.0,0.0,1.0,2,1,127,0.0,4.37024735600035e-5,0.0,0.0,0.5,0.0,0.0,0.0,0.0,0.0,0.0,0.0,0.0,0.0008258704486533258,0.0,0.000899280575539568,0.000174825884712404,0.0,7.004724604012439e-5,0.0014858841010401188,0.0007429420505200594
1023055032,27,1,0,1,1,0,1,0,0,0,1.0,0.0,1.0,1.0,0.0,1.0,0.0,0.0,0.0,1.0,0.0,1.0,0.0,0,0,1,1.0,0.0,1.0,2,1,127,0.0,4.37024735600035e-5,0.0,0.0,0.5,0.0,0.0,0.0,0.0,0.0,0.0,0.0,0.0,0.0008258704486533258,0.0,0.000899280575539568,0.000174825884712404,0.0,7.004724604012439e-5,0.0014858841010401188,0.0007429420505200594
283045699,27,1,0,1,1,0,1,0,0,0,1.0,0.0,1.0,1.0,0.0,1.0,0.0,0.0,0.0,1.0,0.0,1.0,0.0,0,0,1,1.0,0.0,1.0,2,1,127,0.0,4.37024735600035e-5,0.0,0.0,0.5,0.0,0.0,0.0,0.0,0.0,0.0,0.0,0.0,0.0008258704486533258,0.0,0.000899280575539568,0.000174825884712404,0.0,7.004724604012439e-5,0.0014858841010401188,0.0007429420505200594
44505022,27,1,0,1,1,0,1,0,0,0,1.0,0.0,1.0,1.0,0.0,1.0,0.0,0.0,0.0,1.0,0.0,1.0,0.0,0,0,1,1.0,0.0,1.0,2,1,127,0.0,4.37024735600035e-5,0.0,0.0,0.5,0.0,0.0,0.0,0.0,0.0,0.0,0.0,0.0,0.0008258704486533258,0.0,0.000899280575539568,0.000174825884712404,0.0,7.004724604012439e-5,0.0014858841010401188,0.0007429420505200594
1485201349654597632,2,1,0,1,1,0,1,0,0,0,1.0,0.0,1.0,1.0,0.0,1.0,0.0,0.0,0.0,1.0,0.0,1.0,0.0,0,0,1,1.0,0.0,1.0,2,1,91,0.0,4.37024735600035e-5,0.0,0.0,0.5,0.0,0.0,0.0,0.0,0.0,0.0,0.0,0.0,0.0008286535296519517,0.0,0.0008992805755395718,0.00019728937001983748,0.0,5.019133377678204e-5,0.0014858841010401188,0.0007429420505200594
380680308,2,1,0,1,1,0,1,0,0,0,1.0,0.0,1.0,1.0,0.0,1.0,0.0,0.0,0.0,1.0,0.0,1.0,0.0,0,0,1,1.0,0.0,1.0,2,1,91,0.0,4.37024735600035e-5,0.0,0.0,0.5,0.0,0.0,0.0,0.0,0.0,0.0,0.0,0.0,0.0008286535296519517,0.0,0.0008992805755395718,0.00019728937001983748,0.0,5.019133377678204e-5,0.0014858841010401188,0.0007429420505200594
2662224127,2,1,0,1,1,0,1,0,0,0,1.0,0.0,1.0,1.0,0.0,1.0,0.0,0.0,0.0,1.0,0.0,1.0,0.0,0,0,1,1.0,0.0,1.0,2,1,91,0.0,4.37024735600035e-5,0.0,0.0,0.5,0.0,0.0,0.0,0.0,0.0,0.0,0.0,0.0,0.0008286535296519517,0.0,0.0008992805755395718,0.00019728937001983748,0.0,5.019133377678204e-5,0.0014858841010401188,0.0007429420505200594
1316354264726339584,2,1,0,1,1,0,1,0,0,0,1.0,0.0,1.0,1.0,0.0,1.0,0.0,0.0,0.0,1.0,0.0,1.0,0.0,0,0,1,1.0,0.0,1.0,2,1,91,0.0,4.37024735600035e-5,0.0,0.0,0.5,0.0,0.0,0.0,0.0,0.0,0.0,0.0,0.0,0.0008286535296519517,0.0,0.0008992805755395718,0.00019728937001983748,0.0,5.019133377678204e-5,0.0014858841010401188,0.0007429420505200594
232635988,7,2,0,2,1,0,1,1,0,1,4.0,0.0,4.0,3.0,0.0,3.0,1.0,0.0,1.0,0.5,0.0,0.75,0.0,0,0,2,11.0,0.0,14.0,3,1,130,0.0,0.000174809894240014,0.0,0.0,0.3333333333333333,0.0,0.0,0.0,0.0,0.0,0.0,0.0,0.0,0.0008788625827700234,0.0,0.0008992805755395716,0.00039029484040287166,0.0,7.170190539540292e-5,0.002228826151560178,0.0007429420505200594
2407961990,7,3,0,3,1,0,1,2,0,2,3.0,0.0,3.0,1.0,0.0,1.0,2.0,0.0,2.0,0.3333333333333333,0.0,0.3333333333333333,0.0,0,0,3,9.0,0.0,10.0,6,1,154,0.0,0.00013110742068001048,0.0,0.0,0.25,0.0,0.0,0.0,0.0,0.0,0.0,0.0,0.0,0.0009237165154065115,0.0,0.0008992805755395713,6.628737153446806e-5,0.0,8.493918023763114e-5,0.004457652303120356,0.0007429420505200594
1960017126,2,1,0,1,1,0,1,0,0,0,1.0,0.0,1.0,1.0,0.0,1.0,0.0,0.0,0.0,1.0,0.0,1.0,0.0,0,0,1,1.0,0.0,1.0,2,1,91,0.0,4.37024735600035e-5,0.0,0.0,0.5,0.0,0.0,0.0,0.0,0.0,0.0,0.0,0.0,0.0008286535296519517,0.0,0.0008992805755395718,0.00019728937001983748,0.0,5.019133377678204e-5,0.0014858841010401188,0.0007429420505200594
2834794711,2,2,0,2,2,0,2,0,0,0,2.0,0.0,2.0,2.0,0.0,2.0,0.0,0.0,0.0,1.0,0.0,1.0,0.0,0,0,1,3.0,0.0,3.0,3,1,92,0.0,8.7404947120007e-5,0.0,0.0,0.3333333333333333,0.0,0.0,0.0,0.0,0.0,0.0,0.0,0.0,0.001648734730580455,0.0,0.0008992805755395718,0.00039513889139497493,0.0,5.074288689520822e-5,0.002228826151560178,0.0007429420505200594
323430890,2,1,0,1,1,0,1,0,0,0,1.0,0.0,1.0,1.0,0.0,1.0,0.0,0.0,0.0,1.0,0.0,1.0,0.0,0,0,1,1.0,0.0,1.0,2,1,91,0.0,4.37024735600035e-5,0.0,0.0,0.5,0.0,0.0,0.0,0.0,0.0,0.0,0.0,0.0,0.0008286535296519517,0.0,0.0008992805755395718,0.00019728937001983748,0.0,5.019133377678204e-5,0.0014858841010401188,0.0007429420505200594
1182778132404695040,2,1,0,1,1,0,1,0,0,0,1.0,0.0,1.0,1.0,0.0,1.0,0.0,0.0,0.0,1.0,0.0,1.0,0.0,0,0,1,1.0,0.0,1.0,2,1,91,0.0,4.37024735600035e-5,0.0,0.0,0.5,0.0,0.0,0.0,0.0,0.0,0.0,0.0,0.0,0.0008286535296519517,0.0,0.0008992805755395718,0.00019728937001983748,0.0,5.019133377678204e-5,0.0014858841010401188,0.0007429420505200594
1213239566510907392,2,1,0,1,1,0,1,0,0,0,1.0,0.0,1.0,1.0,0.0,1.0,0.0,0.0,0.0,1.0,0.0,1.0,0.0,0,0,1,1.0,0.0,1.0,2,1,91,0.0,4.37024735600035e-5,0.0,0.0,0.5,0.0,0.0,0.0,0.0,0.0,0.0,0.0,0.0,0.0008286535296519517,0.0,0.0008992805755395718,0.00019728937001983748,0.0,5.019133377678204e-5,0.0014858841010401188,0.0007429420505200594
151517948,2,1,0,1,1,0,1,0,0,0,1.0,0.0,1.0,1.0,0.0,1.0,0.0,0.0,0.0,1.0,0.0,1.0,0.0,0,0,1,1.0,0.0,1.0,2,1,91,0.0,4.37024735600035e-5,0.0,0.0,0.5,0.0,0.0,0.0,0.0,0.0,0.0,0.0,0.0,0.0008286535296519517,0.0,0.0008992805755395718,0.00019728937001983748,0.0,5.019133377678204e-5,0.0014858841010401188,0.0007429420505200594
1497044033583345667,8,3,0,3,1,0,1,2,0,2,3.0,0.0,3.0,1.0,0.0,1.0,2.0,0.0,2.0,0.3333333333333333,0.0,0.3333333333333333,0.0,0,0,3,9.0,0.0,10.0,6,1,200,0.0,0.00013110742068001048,0.0,0.0,0.25,0.0,0.0,0.0,0.0,0.0,0.0,0.0,0.0,0.0008506223214107101,0.0,0.0008992805755395714,0.0,0.0005478015151776372,0.00011031062368523526,0.004457652303120356,0.0007429420505200594
1367389992939569154,2,1,0,1,1,0,1,0,0,0,1.0,0.0,1.0,1.0,0.0,1.0,0.0,0.0,0.0,1.0,0.0,1.0,0.0,0,0,1,1.0,0.0,1.0,2,1,91,0.0,4.37024735600035e-5,0.0,0.0,0.5,0.0,0.0,0.0,0.0,0.0,0.0,0.0,0.0,0.0008286535296519517,0.0,0.0008992805755395718,0.00019728937001983748,0.0,5.019133377678204e-5,0.0014858841010401188,0.0007429420505200594
1381567008777543681,2,1,0,1,1,0,1,0,0,0,1.0,0.0,1.0,1.0,0.0,1.0,0.0,0.0,0.0,1.0,0.0,1.0,0.0,0,0,1,1.0,0.0,1.0,2,1,91,0.0,4.37024735600035e-5,0.0,0.0,0.5,0.0,0.0,0.0,0.0,0.0,0.0,0.0,0.0,0.0008286535296519517,0.0,0.0008992805755395718,0.00019728937001983748,0.0,5.019133377678204e-5,0.0014858841010401188,0.0007429420505200594
2731726158,2,1,0,1,1,0,1,0,0,0,1.0,0.0,1.0,1.0,0.0,1.0,0.0,0.0,0.0,1.0,0.0,1.0,0.0,0,0,1,1.0,0.0,1.0,2,1,91,0.0,4.37024735600035e-5,0.0,0.0,0.5,0.0,0.0,0.0,0.0,0.0,0.0,0.0,0.0,0.0008286535296519517,0.0,0.0008992805755395718,0.00019728937001983748,0.0,5.019133377678204e-5,0.0014858841010401188,0.0007429420505200594
2909334026,2,1,0,1,1,0,1,0,0,0,1.0,0.0,1.0,1.0,0.0,1.0,0.0,0.0,0.0,1.0,0.0,1.0,0.0,0,0,1,1.0,0.0,1.0,2,1,91,0.0,4.37024735600035e-5,0.0,0.0,0.5,0.0,0.0,0.0,0.0,0.0,0.0,0.0,0.0,0.0008286535296519517,0.0,0.0008992805755395718,0.00019728937001983748,0.0,5.019133377678204e-5,0.0014858841010401188,0.0007429420505200594
1510550413862662144,2,1,0,1,1,0,1,0,0,0,1.0,0.0,1.0,1.0,0.0,1.0,0.0,0.0,0.0,1.0,0.0,1.0,0.0,0,0,1,1.0,0.0,1.0,2,1,91,0.0,4.37024735600035e-5,0.0,0.0,0.5,0.0,0.0,0.0,0.0,0.0,0.0,0.0,0.0,0.0008286535296519517,0.0,0.0008992805755395718,0.00019728937001983748,0.0,5.019133377678204e-5,0.0014858841010401188,0.0007429420505200594
291652961,2,2,0,2,1,0,1,1,0,1,2.0,0.0,2.0,1.0,0.0,1.0,1.0,0.0,1.0,0.5,0.0,0.5,0.0,0,0,2,3.0,0.0,5.0,3,1,212,0.0,8.7404947120007e-5,0.0,0.0,0.3333333333333333,0.0,0.0,0.0,0.0,0.0,0.0,0.0,0.0,0.0008352141792593799,0.0,0.0008992805755395699,0.0,9.401583545032288e-5,0.00011692926110634937,0.002228826151560178,0.0007429420505200594
1505370236429946880,2,1,0,1,1,0,1,0,0,0,1.0,0.0,1.0,1.0,0.0,1.0,0.0,0.0,0.0,1.0,0.0,1.0,0.0,0,0,1,1.0,0.0,1.0,2,1,91,0.0,4.37024735600035e-5,0.0,0.0,0.5,0.0,0.0,0.0,0.0,0.0,0.0,0.0,0.0,0.0008286535296519517,0.0,0.0008992805755395718,0.00019728937001983748,0.0,5.019133377678204e-5,0.0014858841010401188,0.0007429420505200594
1316691345864445953,2,1,0,1,1,0,1,0,0,0,1.0,0.0,1.0,1.0,0.0,1.0,0.0,0.0,0.0,1.0,0.0,1.0,0.0,0,0,1,1.0,0.0,1.0,2,1,91,0.0,4.37024735600035e-5,0.0,0.0,0.5,0.0,0.0,0.0,0.0,0.0,0.0,0.0,0.0,0.0008286535296519517,0.0,0.0008992805755395718,0.00019728937001983748,0.0,5.019133377678204e-5,0.0014858841010401188,0.0007429420505200594
3241735411,2,1,0,1,1,0,1,0,0,0,1.0,0.0,1.0,1.0,0.0,1.0,0.0,0.0,0.0,1.0,0.0,1.0,0.0,0,0,1,1.0,0.0,1.0,2,1,91,0.0,4.37024735600035e-5,0.0,0.0,0.5,0.0,0.0,0.0,0.0,0.0,0.0,0.0,0.0,0.0008286535296519517,0.0,0.0008992805755395718,0.00019728937001983748,0.0,5.019133377678204e-5,0.0014858841010401188,0.0007429420505200594
1551794143,2,1,0,1,1,0,1,0,0,0,1.0,0.0,1.0,1.0,0.0,1.0,0.0,0.0,0.0,1.0,0.0,1.0,0.0,0,0,1,1.0,0.0,1.0,2,1,91,0.0,4.37024735600035e-5,0.0,0.0,0.5,0.0,0.0,0.0,0.0,0.0,0.0,0.0,0.0,0.0008286535296519517,0.0,0.0008992805755395718,0.00019728937001983748,0.0,5.019133377678204e-5,0.0014858841010401188,0.0007429420505200594
1373173055313248256,2,1,0,1,1,0,1,0,0,0,1.0,0.0,1.0,1.0,0.0,1.0,0.0,0.0,0.0,1.0,0.0,1.0,0.0,0,0,1,1.0,0.0,1.0,2,1,91,0.0,4.37024735600035e-5,0.0,0.0,0.5,0.0,0.0,0.0,0.0,0.0,0.0,0.0,0.0,0.0008286535296519517,0.0,0.0008992805755395718,0.00019728937001983748,0.0,5.019133377678204e-5,0.0014858841010401188,0.0007429420505200594
1482602428189061120,2,1,0,1,1,0,1,0,0,0,1.0,0.0,1.0,1.0,0.0,1.0,0.0,0.0,0.0,1.0,0.0,1.0,0.0,0,0,1,1.0,0.0,1.0,2,1,91,0.0,4.37024735600035e-5,0.0,0.0,0.5,0.0,0.0,0.0,0.0,0.0,0.0,0.0,0.0,0.0008286535296519517,0.0,0.0008992805755395718,0.00019728937001983748,0.0,5.019133377678204e-5,0.0014858841010401188,0.0007429420505200594
1239764287083515907,8,3,0,3,2,0,2,1,0,1,3.0,0.0,3.0,2.0,0.0,2.0,1.0,0.0,1.0,0.6666666666666666,0.0,0.6666666666666666,0.0,0,0,3,9.0,0.0,10.0,5,1,159,0.0,0.00013110742068001048,0.0,0.0,0.3333333333333333,0.1111111111111111,0.0,0.0,0.16666666666666666,0.0,0.16666666666666666,0.3333333333333333,0.0,0.0008872684620319114,0.0,0.000899280575539571,6.628737153446806e-5,0.0,8.769694582976203e-5,0.003714710252600297,0.0007429420505200594
1076388373160386560,2,1,0,1,1,0,1,0,0,0,1.0,0.0,1.0,1.0,0.0,1.0,0.0,0.0,0.0,1.0,0.0,1.0,0.0,0,0,1,1.0,0.0,1.0,2,1,91,0.0,4.37024735600035e-5,0.0,0.0,0.5,0.0,0.0,0.0,0.0,0.0,0.0,0.0,0.0,0.0008286535296519517,0.0,0.0008992805755395718,0.00019728937001983748,0.0,5.019133377678204e-5,0.0014858841010401188,0.0007429420505200594
1509759172728209412,2,1,0,1,1,0,1,0,0,0,1.0,0.0,1.0,1.0,0.0,1.0,0.0,0.0,0.0,1.0,0.0,1.0,0.0,0,0,1,1.0,0.0,1.0,2,1,91,0.0,4.37024735600035e-5,0.0,0.0,0.5,0.0,0.0,0.0,0.0,0.0,0.0,0.0,0.0,0.0008286535296519517,0.0,0.0008992805755395718,0.00019728937001983748,0.0,5.019133377678204e-5,0.0014858841010401188,0.0007429420505200594
138476060,2,1,0,1,1,0,1,0,0,0,1.0,0.0,1.0,1.0,0.0,1.0,0.0,0.0,0.0,1.0,0.0,1.0,0.0,0,0,1,1.0,0.0,1.0,2,1,91,0.0,4.37024735600035e-5,0.0,0.0,0.5,0.0,0.0,0.0,0.0,0.0,0.0,0.0,0.0,0.0008286535296519517,0.0,0.0008992805755395718,0.00019728937001983748,0.0,5.019133377678204e-5,0.0014858841010401188,0.0007429420505200594
57673609,2,1,0,1,1,0,1,0,0,0,1.0,0.0,1.0,1.0,0.0,1.0,0.0,0.0,0.0,1.0,0.0,1.0,0.0,0,0,1,1.0,0.0,1.0,2,1,91,0.0,4.37024735600035e-5,0.0,0.0,0.5,0.0,0.0,0.0,0.0,0.0,0.0,0.0,0.0,0.0008286535296519517,0.0,0.0008992805755395718,0.00019728937001983748,0.0,5.019133377678204e-5,0.0014858841010401188,0.0007429420505200594
887093911,2,1,0,1,1,0,1,0,0,0,1.0,0.0,1.0,1.0,0.0,1.0,0.0,0.0,0.0,1.0,0.0,1.0,0.0,0,0,1,1.0,0.0,1.0,2,1,91,0.0,4.37024735600035e-5,0.0,0.0,0.5,0.0,0.0,0.0,0.0,0.0,0.0,0.0,0.0,0.0008286535296519517,0.0,0.0008992805755395718,0.00019728937001983748,0.0,5.019133377678204e-5,0.0014858841010401188,0.0007429420505200594
4155456705,27,2,0,2,1,0,1,1,0,1,2.0,0.0,2.0,1.0,0.0,1.0,1.0,0.0,1.0,0.5,0.0,0.5,0.0,0,0,2,3.0,0.0,5.0,3,1,120,0.0,8.7404947120007e-5,0.0,0.0,0.3333333333333333,0.0,0.0,0.0,0.0,0.0,0.0,0.0,0.0,0.0008491555596751643,0.0,0.000899280575539571,0.0,0.0001280722964123182,6.618637421114115e-5,0.002228826151560178,0.0007429420505200594
183627591,2,1,0,1,1,0,1,0,0,0,2.0,0.0,2.0,2.0,0.0,2.0,0.0,0.0,0.0,1.0,0.0,1.0,0.0,0,0,1,3.0,0.0,5.0,2,1,91,0.0,8.7404947120007e-5,0.0,0.0,0.5,0.0,0.0,0.0,0.0,0.0,0.0,0.0,0.0,0.0008366935414257608,0.0,0.0008992805755395718,0.00039513889139497493,0.0,5.019133377678204e-5,0.0014858841010401188,0.0007429420505200594
41228046,2,1,0,1,1,0,1,0,0,0,1.0,0.0,1.0,1.0,0.0,1.0,0.0,0.0,0.0,1.0,0.0,1.0,0.0,0,0,1,1.0,0.0,1.0,2,1,91,0.0,4.37024735600035e-5,0.0,0.0,0.5,0.0,0.0,0.0,0.0,0.0,0.0,0.0,0.0,0.0008286535296519517,0.0,0.0008992805755395718,0.00019728937001983748,0.0,5.019133377678204e-5,0.0014858841010401188,0.0007429420505200594
1036563014005268480,2,1,0,1,1,0,1,0,0,0,1.0,0.0,1.0,1.0,0.0,1.0,0.0,0.0,0.0,1.0,0.0,1.0,0.0,0,0,1,1.0,0.0,1.0,2,1,91,0.0,4.37024735600035e-5,0.0,0.0,0.5,0.0,0.0,0.0,0.0,0.0,0.0,0.0,0.0,0.0008286535296519517,0.0,0.0008992805755395718,0.00019728937001983748,0.0,5.019133377678204e-5,0.0014858841010401188,0.0007429420505200594
883073514747469824,2,1,0,1,1,0,1,0,0,0,1.0,0.0,1.0,1.0,0.0,1.0,0.0,0.0,0.0,1.0,0.0,1.0,0.0,0,0,1,1.0,0.0,1.0,2,1,91,0.0,4.37024735600035e-5,0.0,0.0,0.5,0.0,0.0,0.0,0.0,0.0,0.0,0.0,0.0,0.0008286535296519517,0.0,0.0008992805755395718,0.00019728937001983748,0.0,5.019133377678204e-5,0.0014858841010401188,0.0007429420505200594
3261003656,2,1,0,1,1,0,1,0,0,0,1.0,0.0,1.0,1.0,0.0,1.0,0.0,0.0,0.0,1.0,0.0,1.0,0.0,0,0,1,1.0,0.0,1.0,2,1,91,0.0,4.37024735600035e-5,0.0,0.0,0.5,0.0,0.0,0.0,0.0,0.0,0.0,0.0,0.0,0.0008286535296519517,0.0,0.0008992805755395718,0.00019728937001983748,0.0,5.019133377678204e-5,0.0014858841010401188,0.0007429420505200594
1044154931198849025,2,1,0,1,1,0,1,0,0,0,2.0,0.0,2.0,2.0,0.0,2.0,0.0,0.0,0.0,1.0,0.0,1.0,0.0,0,0,1,3.0,0.0,5.0,2,1,91,0.0,8.7404947120007e-5,0.0,0.0,0.5,0.0,0.0,0.0,0.0,0.0,0.0,0.0,0.0,0.0008366935414257608,0.0,0.0008992805755395718,0.00039513889139497493,0.0,5.019133377678204e-5,0.0014858841010401188,0.0007429420505200594
160219359,2,1,0,1,1,0,1,0,0,0,1.0,0.0,1.0,1.0,0.0,1.0,0.0,0.0,0.0,1.0,0.0,1.0,0.0,0,0,1,1.0,0.0,1.0,2,1,91,0.0,4.37024735600035e-5,0.0,0.0,0.5,0.0,0.0,0.0,0.0,0.0,0.0,0.0,0.0,0.0008286535296519517,0.0,0.0008992805755395718,0.00019728937001983748,0.0,5.019133377678204e-5,0.0014858841010401188,0.0007429420505200594
286983759,2,1,0,1,1,0,1,0,0,0,1.0,0.0,1.0,1.0,0.0,1.0,0.0,0.0,0.0,1.0,0.0,1.0,0.0,0,0,1,1.0,0.0,1.0,2,1,91,0.0,4.37024735600035e-5,0.0,0.0,0.5,0.0,0.0,0.0,0.0,0.0,0.0,0.0,0.0,0.0008286535296519517,0.0,0.0008992805755395718,0.00019728937001983748,0.0,5.019133377678204e-5,0.0014858841010401188,0.0007429420505200594
129389158,2,1,0,1,1,0,1,0,0,0,1.0,0.0,1.0,1.0,0.0,1.0,0.0,0.0,0.0,1.0,0.0,1.0,0.0,0,0,1,1.0,0.0,1.0,2,1,91,0.0,4.37024735600035e-5,0.0,0.0,0.5,0.0,0.0,0.0,0.0,0.0,0.0,0.0,0.0,0.0008286535296519517,0.0,0.0008992805755395718,0.00019728937001983748,0.0,5.019133377678204e-5,0.0014858841010401188,0.0007429420505200594
1392289621,2,1,0,1,1,0,1,0,0,0,1.0,0.0,1.0,1.0,0.0,1.0,0.0,0.0,0.0,1.0,0.0,1.0,0.0,0,0,1,1.0,0.0,1.0,2,1,91,0.0,4.37024735600035e-5,0.0,0.0,0.5,0.0,0.0,0.0,0.0,0.0,0.0,0.0,0.0,0.0008286535296519517,0.0,0.0008992805755395718,0.00019728937001983748,0.0,5.019133377678204e-5,0.0014858841010401188,0.0007429420505200594
1430842536185110535,2,1,0,1,1,0,1,0,0,0,1.0,0.0,1.0,1.0,0.0,1.0,0.0,0.0,0.0,1.0,0.0,1.0,0.0,0,0,1,1.0,0.0,1.0,2,1,91,0.0,4.37024735600035e-5,0.0,0.0,0.5,0.0,0.0,0.0,0.0,0.0,0.0,0.0,0.0,0.0008286535296519517,0.0,0.0008992805755395718,0.00019728937001983748,0.0,5.019133377678204e-5,0.0014858841010401188,0.0007429420505200594
1150808563255844865,7,1,0,1,1,0,1,0,0,0,1.0,0.0,1.0,1.0,0.0,1.0,0.0,0.0,0.0,1.0,0.0,1.0,0.0,0,0,1,1.0,0.0,1.0,2,1,9,0.0,4.37024735600035e-5,0.0,0.0,0.5,0.0,0.0,0.0,0.0,0.0,0.0,0.0,0.0,0.0009026216379709934,0.0,0.0008992805755395708,0.00018236836883023244,0.0,4.963978065835587e-6,0.0014858841010401188,0.0007429420505200594
750502701457440768,7,1,0,1,1,0,1,0,0,0,1.0,0.0,1.0,1.0,0.0,1.0,0.0,0.0,0.0,1.0,0.0,1.0,0.0,0,0,1,1.0,0.0,1.0,2,1,9,0.0,4.37024735600035e-5,0.0,0.0,0.5,0.0,0.0,0.0,0.0,0.0,0.0,0.0,0.0,0.0009026216379709934,0.0,0.0008992805755395708,0.00018236836883023244,0.0,4.963978065835587e-6,0.0014858841010401188,0.0007429420505200594
2623031806,7,2,0,2,1,0,1,1,0,1,2.0,0.0,2.0,1.0,0.0,1.0,1.0,0.0,1.0,0.5,0.0,0.5,0.0,0,0,2,3.0,0.0,5.0,5,1,77,0.0,8.7404947120007e-5,0.0,0.0,0.3333333333333333,0.0,0.0,0.0,0.0,0.0,0.0,0.0,0.0,0.0009156765036327026,0.0,0.0008992805755395711,0.0003652676822619716,0.0,4.246959011881557e-5,0.003714710252600297,0.0007429420505200594
1514302967142227970,7,1,0,1,1,0,1,0,0,0,1.0,0.0,1.0,1.0,0.0,1.0,0.0,0.0,0.0,1.0,0.0,1.0,0.0,0,0,1,1.0,0.0,1.0,2,1,9,0.0,4.37024735600035e-5,0.0,0.0,0.5,0.0,0.0,0.0,0.0,0.0,0.0,0.0,0.0,0.0009026216379709934,0.0,0.0008992805755395708,0.00018236836883023244,0.0,4.963978065835587e-6,0.0014858841010401188,0.0007429420505200594
785090532,8,1,0,1,1,0,1,0,0,0,1.0,0.0,1.0,1.0,0.0,1.0,0.0,0.0,0.0,1.0,0.0,1.0,0.0,0,0,1,1.0,0.0,1.0,4,1,72,0.0,4.37024735600035e-5,0.0,0.0,0.5,0.0,0.0,0.0,0.0,0.0,0.0,0.0,0.0,0.0008336683835398523,0.0,0.0008992805755395713,0.00018236836883023244,0.0,3.9711824526684694e-5,0.0029717682020802376,0.0007429420505200594
183270050,8,1,0,1,1,0,1,0,0,0,1.0,0.0,1.0,1.0,0.0,1.0,0.0,0.0,0.0,1.0,0.0,1.0,0.0,0,0,1,1.0,0.0,1.0,4,1,72,0.0,4.37024735600035e-5,0.0,0.0,0.5,0.0,0.0,0.0,0.0,0.0,0.0,0.0,0.0,0.0008336683835398523,0.0,0.0008992805755395713,0.00018236836883023244,0.0,3.9711824526684694e-5,0.0029717682020802376,0.0007429420505200594
142933969,8,1,0,1,1,0,1,0,0,0,1.0,0.0,1.0,1.0,0.0,1.0,0.0,0.0,0.0,1.0,0.0,1.0,0.0,0,0,1,1.0,0.0,1.0,4,1,72,0.0,4.37024735600035e-5,0.0,0.0,0.5,0.0,0.0,0.0,0.0,0.0,0.0,0.0,0.0,0.0008336683835398523,0.0,0.0008992805755395713,0.00018236836883023244,0.0,3.9711824526684694e-5,0.0029717682020802376,0.0007429420505200594
1224953028379209728,8,1,0,1,1,0,1,0,0,0,1.0,0.0,1.0,1.0,0.0,1.0,0.0,0.0,0.0,1.0,0.0,1.0,0.0,0,0,1,1.0,0.0,1.0,4,1,72,0.0,4.37024735600035e-5,0.0,0.0,0.5,0.0,0.0,0.0,0.0,0.0,0.0,0.0,0.0,0.0008336683835398523,0.0,0.0008992805755395713,0.00018236836883023244,0.0,3.9711824526684694e-5,0.0029717682020802376,0.0007429420505200594
725475846,8,1,0,1,1,0,1,0,0,0,1.0,0.0,1.0,1.0,0.0,1.0,0.0,0.0,0.0,1.0,0.0,1.0,0.0,0,0,1,1.0,0.0,1.0,4,1,72,0.0,4.37024735600035e-5,0.0,0.0,0.5,0.0,0.0,0.0,0.0,0.0,0.0,0.0,0.0,0.0008336683835398523,0.0,0.0008992805755395713,0.00018236836883023244,0.0,3.9711824526684694e-5,0.0029717682020802376,0.0007429420505200594
156888374,8,1,0,1,1,0,1,0,0,0,1.0,0.0,1.0,1.0,0.0,1.0,0.0,0.0,0.0,1.0,0.0,1.0,0.0,0,0,1,1.0,0.0,1.0,4,1,72,0.0,4.37024735600035e-5,0.0,0.0,0.5,0.0,0.0,0.0,0.0,0.0,0.0,0.0,0.0,0.0008336683835398523,0.0,0.0008992805755395713,0.00018236836883023244,0.0,3.9711824526684694e-5,0.0029717682020802376,0.0007429420505200594
49352079,8,1,0,1,1,0,1,0,0,0,1.0,0.0,1.0,1.0,0.0,1.0,0.0,0.0,0.0,1.0,0.0,1.0,0.0,0,0,1,1.0,0.0,1.0,4,1,72,0.0,4.37024735600035e-5,0.0,0.0,0.5,0.0,0.0,0.0,0.0,0.0,0.0,0.0,0.0,0.0008336683835398523,0.0,0.0008992805755395713,0.00018236836883023244,0.0,3.9711824526684694e-5,0.0029717682020802376,0.0007429420505200594
1140564308465635328,8,1,0,1,1,0,1,0,0,0,1.0,0.0,1.0,1.0,0.0,1.0,0.0,0.0,0.0,1.0,0.0,1.0,0.0,0,0,1,1.0,0.0,1.0,4,1,72,0.0,4.37024735600035e-5,0.0,0.0,0.5,0.0,0.0,0.0,0.0,0.0,0.0,0.0,0.0,0.0008336683835398523,0.0,0.0008992805755395713,0.00018236836883023244,0.0,3.9711824526684694e-5,0.0029717682020802376,0.0007429420505200594
1375871651879997442,8,1,0,1,1,0,1,0,0,0,2.0,0.0,2.0,2.0,0.0,2.0,0.0,0.0,0.0,1.0,0.0,1.0,0.0,0,0,1,3.0,0.0,5.0,4,1,72,0.0,8.7404947120007e-5,0.0,0.0,0.5,0.0,0.0,0.0,0.0,0.0,0.0,0.0,0.0,0.0008467232492015616,0.0,0.0008992805755395713,0.0003652676822619716,0.0,3.9711824526684694e-5,0.0029717682020802376,0.0007429420505200594
3421146772,8,1,0,1,1,0,1,0,0,0,1.0,0.0,1.0,1.0,0.0,1.0,0.0,0.0,0.0,1.0,0.0,1.0,0.0,0,0,1,1.0,0.0,1.0,4,1,72,0.0,4.37024735600035e-5,0.0,0.0,0.5,0.0,0.0,0.0,0.0,0.0,0.0,0.0,0.0,0.0008336683835398523,0.0,0.0008992805755395713,0.00018236836883023244,0.0,3.9711824526684694e-5,0.0029717682020802376,0.0007429420505200594
628819458,8,1,0,1,1,0,1,0,0,0,1.0,0.0,1.0,1.0,0.0,1.0,0.0,0.0,0.0,1.0,0.0,1.0,0.0,0,0,1,1.0,0.0,1.0,4,1,72,0.0,4.37024735600035e-5,0.0,0.0,0.5,0.0,0.0,0.0,0.0,0.0,0.0,0.0,0.0,0.0008336683835398523,0.0,0.0008992805755395713,0.00018236836883023244,0.0,3.9711824526684694e-5,0.0029717682020802376,0.0007429420505200594
1323467562366066689,8,1,0,1,1,0,1,0,0,0,1.0,0.0,1.0,1.0,0.0,1.0,0.0,0.0,0.0,1.0,0.0,1.0,0.0,0,0,1,1.0,0.0,1.0,4,1,72,0.0,4.37024735600035e-5,0.0,0.0,0.5,0.0,0.0,0.0,0.0,0.0,0.0,0.0,0.0,0.0008336683835398523,0.0,0.0008992805755395713,0.00018236836883023244,0.0,3.9711824526684694e-5,0.0029717682020802376,0.0007429420505200594
4823808118,8,1,0,1,1,0,1,0,0,0,1.0,0.0,1.0,1.0,0.0,1.0,0.0,0.0,0.0,1.0,0.0,1.0,0.0,0,0,1,1.0,0.0,1.0,4,1,72,0.0,4.37024735600035e-5,0.0,0.0,0.5,0.0,0.0,0.0,0.0,0.0,0.0,0.0,0.0,0.0008336683835398523,0.0,0.0008992805755395713,0.00018236836883023244,0.0,3.9711824526684694e-5,0.0029717682020802376,0.0007429420505200594
896496644656685056,8,1,0,1,1,0,1,0,0,0,1.0,0.0,1.0,1.0,0.0,1.0,0.0,0.0,0.0,1.0,0.0,1.0,0.0,0,0,1,1.0,0.0,1.0,4,1,72,0.0,4.37024735600035e-5,0.0,0.0,0.5,0.0,0.0,0.0,0.0,0.0,0.0,0.0,0.0,0.0008336683835398523,0.0,0.0008992805755395713,0.00018236836883023244,0.0,3.9711824526684694e-5,0.0029717682020802376,0.0007429420505200594
1371855298441453569,8,1,0,1,1,0,1,0,0,0,1.0,0.0,1.0,1.0,0.0,1.0,0.0,0.0,0.0,1.0,0.0,1.0,0.0,0,0,1,1.0,0.0,1.0,4,1,72,0.0,4.37024735600035e-5,0.0,0.0,0.5,0.0,0.0,0.0,0.0,0.0,0.0,0.0,0.0,0.0008336683835398523,0.0,0.0008992805755395713,0.00018236836883023244,0.0,3.9711824526684694e-5,0.0029717682020802376,0.0007429420505200594
1127803419278790656,8,1,0,1,1,0,1,0,0,0,2.0,0.0,2.0,2.0,0.0,2.0,0.0,0.0,0.0,1.0,0.0,1.0,0.0,0,0,1,3.0,0.0,5.0,4,1,72,0.0,8.7404947120007e-5,0.0,0.0,0.5,0.0,0.0,0.0,0.0,0.0,0.0,0.0,0.0,0.0008467232492015616,0.0,0.0008992805755395713,0.0003652676822619716,0.0,3.9711824526684694e-5,0.0029717682020802376,0.0007429420505200594
1435987785123606529,8,1,0,1,1,0,1,0,0,0,1.0,0.0,1.0,1.0,0.0,1.0,0.0,0.0,0.0,1.0,0.0,1.0,0.0,0,0,1,1.0,0.0,1.0,4,1,72,0.0,4.37024735600035e-5,0.0,0.0,0.5,0.0,0.0,0.0,0.0,0.0,0.0,0.0,0.0,0.0008336683835398523,0.0,0.0008992805755395713,0.00018236836883023244,0.0,3.9711824526684694e-5,0.0029717682020802376,0.0007429420505200594
1241726334772051970,8,1,0,1,1,0,1,0,0,0,1.0,0.0,1.0,1.0,0.0,1.0,0.0,0.0,0.0,1.0,0.0,1.0,0.0,0,0,1,1.0,0.0,1.0,4,1,72,0.0,4.37024735600035e-5,0.0,0.0,0.5,0.0,0.0,0.0,0.0,0.0,0.0,0.0,0.0,0.0008336683835398523,0.0,0.0008992805755395713,0.00018236836883023244,0.0,3.9711824526684694e-5,0.0029717682020802376,0.0007429420505200594
1493032050764353536,8,1,0,1,1,0,1,0,0,0,1.0,0.0,1.0,1.0,0.0,1.0,0.0,0.0,0.0,1.0,0.0,1.0,0.0,0,0,1,1.0,0.0,1.0,4,1,72,0.0,4.37024735600035e-5,0.0,0.0,0.5,0.0,0.0,0.0,0.0,0.0,0.0,0.0,0.0,0.0008336683835398523,0.0,0.0008992805755395713,0.00018236836883023244,0.0,3.9711824526684694e-5,0.0029717682020802376,0.0007429420505200594
392580766,8,1,0,1,1,0,1,0,0,0,1.0,0.0,1.0,1.0,0.0,1.0,0.0,0.0,0.0,1.0,0.0,1.0,0.0,0,0,1,1.0,0.0,1.0,4,1,72,0.0,4.37024735600035e-5,0.0,0.0,0.5,0.0,0.0,0.0,0.0,0.0,0.0,0.0,0.0,0.0008336683835398523,0.0,0.0008992805755395713,0.00018236836883023244,0.0,3.9711824526684694e-5,0.0029717682020802376,0.0007429420505200594
860909024266436608,8,1,0,1,1,0,1,0,0,0,1.0,0.0,1.0,1.0,0.0,1.0,0.0,0.0,0.0,1.0,0.0,1.0,0.0,0,0,1,1.0,0.0,1.0,4,1,72,0.0,4.37024735600035e-5,0.0,0.0,0.5,0.0,0.0,0.0,0.0,0.0,0.0,0.0,0.0,0.0008336683835398523,0.0,0.0008992805755395713,0.00018236836883023244,0.0,3.9711824526684694e-5,0.0029717682020802376,0.0007429420505200594
1024650949049176064,8,1,0,1,1,0,1,0,0,0,1.0,0.0,1.0,1.0,0.0,1.0,0.0,0.0,0.0,1.0,0.0,1.0,0.0,0,0,1,1.0,0.0,1.0,4,1,72,0.0,4.37024735600035e-5,0.0,0.0,0.5,0.0,0.0,0.0,0.0,0.0,0.0,0.0,0.0,0.0008336683835398523,0.0,0.0008992805755395713,0.00018236836883023244,0.0,3.9711824526684694e-5,0.0029717682020802376,0.0007429420505200594
558903816,8,1,0,1,1,0,1,0,0,0,1.0,0.0,1.0,1.0,0.0,1.0,0.0,0.0,0.0,1.0,0.0,1.0,0.0,0,0,1,1.0,0.0,1.0,4,1,72,0.0,4.37024735600035e-5,0.0,0.0,0.5,0.0,0.0,0.0,0.0,0.0,0.0,0.0,0.0,0.0008336683835398523,0.0,0.0008992805755395713,0.00018236836883023244,0.0,3.9711824526684694e-5,0.0029717682020802376,0.0007429420505200594
1424541312636776457,8,1,0,1,1,0,1,0,0,0,1.0,0.0,1.0,1.0,0.0,1.0,0.0,0.0,0.0,1.0,0.0,1.0,0.0,0,0,1,1.0,0.0,1.0,4,1,72,0.0,4.37024735600035e-5,0.0,0.0,0.5,0.0,0.0,0.0,0.0,0.0,0.0,0.0,0.0,0.0008336683835398523,0.0,0.0008992805755395713,0.00018236836883023244,0.0,3.9711824526684694e-5,0.0029717682020802376,0.0007429420505200594
141170580,8,1,0,1,1,0,1,0,0,0,1.0,0.0,1.0,1.0,0.0,1.0,0.0,0.0,0.0,1.0,0.0,1.0,0.0,0,0,1,1.0,0.0,1.0,4,1,72,0.0,4.37024735600035e-5,0.0,0.0,0.5,0.0,0.0,0.0,0.0,0.0,0.0,0.0,0.0,0.0008336683835398523,0.0,0.0008992805755395713,0.00018236836883023244,0.0,3.9711824526684694e-5,0.0029717682020802376,0.0007429420505200594
76665879,8,1,0,1,1,0,1,0,0,0,1.0,0.0,1.0,1.0,0.0,1.0,0.0,0.0,0.0,1.0,0.0,1.0,0.0,0,0,1,1.0,0.0,1.0,4,1,72,0.0,4.37024735600035e-5,0.0,0.0,0.5,0.0,0.0,0.0,0.0,0.0,0.0,0.0,0.0,0.0008336683835398523,0.0,0.0008992805755395713,0.00018236836883023244,0.0,3.9711824526684694e-5,0.0029717682020802376,0.0007429420505200594
68698703,8,1,0,1,1,0,1,0,0,0,1.0,0.0,1.0,1.0,0.0,1.0,0.0,0.0,0.0,1.0,0.0,1.0,0.0,0,0,1,1.0,0.0,1.0,4,1,72,0.0,4.37024735600035e-5,0.0,0.0,0.5,0.0,0.0,0.0,0.0,0.0,0.0,0.0,0.0,0.0008336683835398523,0.0,0.0008992805755395713,0.00018236836883023244,0.0,3.9711824526684694e-5,0.0029717682020802376,0.0007429420505200594
385308260,8,1,0,1,1,0,1,0,0,0,1.0,0.0,1.0,1.0,0.0,1.0,0.0,0.0,0.0,1.0,0.0,1.0,0.0,0,0,1,1.0,0.0,1.0,4,1,72,0.0,4.37024735600035e-5,0.0,0.0,0.5,0.0,0.0,0.0,0.0,0.0,0.0,0.0,0.0,0.0008336683835398523,0.0,0.0008992805755395713,0.00018236836883023244,0.0,3.9711824526684694e-5,0.0029717682020802376,0.0007429420505200594
44890357,35,2,0,2,2,0,2,0,0,0,3.0,0.0,3.0,3.0,0.0,3.0,0.0,0.0,0.0,1.0,0.0,1.0,0.0,0,0,1,10.0,0.0,5.0,3,1,4,0.0,0.00013110742068001048,0.0,0.0,0.3333333333333333,0.0,0.0,0.0,0.0,0.0,0.0,0.0,0.0,0.0013876670301504691,0.0,0.0008992805755395725,0.0007133160493807411,0.0,2.206212473704705e-6,0.002228826151560178,0.0007429420505200594
2401610353,27,1,0,1,1,0,1,0,0,0,1.0,0.0,1.0,1.0,0.0,1.0,0.0,0.0,0.0,1.0,0.0,1.0,0.0,0,0,1,1.0,0.0,1.0,2,1,7,0.0,4.37024735600035e-5,0.0,0.0,0.5,0.0,0.0,0.0,0.0,0.0,0.0,0.0,0.0,0.0009572937180328936,0.0,0.0008992805755395722,0.000174825884712404,0.0,3.860871828983234e-6,0.0014858841010401188,0.0007429420505200594
715371897630957572,27,1,0,1,1,0,1,0,0,0,1.0,0.0,1.0,1.0,0.0,1.0,0.0,0.0,0.0,1.0,0.0,1.0,0.0,0,0,1,1.0,0.0,1.0,2,1,7,0.0,4.37024735600035e-5,0.0,0.0,0.5,0.0,0.0,0.0,0.0,0.0,0.0,0.0,0.0,0.0009572937180328936,0.0,0.0008992805755395722,0.000174825884712404,0.0,3.860871828983234e-6,0.0014858841010401188,0.0007429420505200594
2446465550,27,1,0,1,1,0,1,0,0,0,1.0,0.0,1.0,1.0,0.0,1.0,0.0,0.0,0.0,1.0,0.0,1.0,0.0,0,0,1,1.0,0.0,1.0,2,1,7,0.0,4.37024735600035e-5,0.0,0.0,0.5,0.0,0.0,0.0,0.0,0.0,0.0,0.0,0.0,0.0009572937180328936,0.0,0.0008992805755395722,0.000174825884712404,0.0,3.860871828983234e-6,0.0014858841010401188,0.0007429420505200594
38798601,27,1,0,1,1,0,1,0,0,0,1.0,0.0,1.0,1.0,0.0,1.0,0.0,0.0,0.0,1.0,0.0,1.0,0.0,0,0,1,1.0,0.0,1.0,2,1,7,0.0,4.37024735600035e-5,0.0,0.0,0.5,0.0,0.0,0.0,0.0,0.0,0.0,0.0,0.0,0.0009572937180328936,0.0,0.0008992805755395722,0.000174825884712404,0.0,3.860871828983234e-6,0.0014858841010401188,0.0007429420505200594
730030629648097280,27,1,0,1,1,0,1,0,0,0,1.0,0.0,1.0,1.0,0.0,1.0,0.0,0.0,0.0,1.0,0.0,1.0,0.0,0,0,1,1.0,0.0,1.0,2,1,7,0.0,4.37024735600035e-5,0.0,0.0,0.5,0.0,0.0,0.0,0.0,0.0,0.0,0.0,0.0,0.0009572937180328936,0.0,0.0008992805755395722,0.000174825884712404,0.0,3.860871828983234e-6,0.0014858841010401188,0.0007429420505200594
2744294556,1,1,0,1,1,0,1,0,0,0,1.0,0.0,1.0,1.0,0.0,1.0,0.0,0.0,0.0,1.0,0.0,1.0,0.0,0,0,1,1.0,0.0,1.0,2,1,74,0.0,4.37024735600035e-5,0.0,0.0,0.5,0.0,0.0,0.0,0.0,0.0,0.0,0.0,0.0,0.0008295274439751919,0.0,0.0008992805755395714,0.0,6.571377182795768e-5,4.0814930763537044e-5,0.0014858841010401188,0.0007429420505200594
1292309934105751552,1,1,0,1,1,0,1,0,0,0,1.0,0.0,1.0,1.0,0.0,1.0,0.0,0.0,0.0,1.0,0.0,1.0,0.0,0,0,1,1.0,0.0,1.0,2,1,74,0.0,4.37024735600035e-5,0.0,0.0,0.5,0.0,0.0,0.0,0.0,0.0,0.0,0.0,0.0,0.0008295274439751919,0.0,0.0008992805755395714,0.0,6.571377182795768e-5,4.0814930763537044e-5,0.0014858841010401188,0.0007429420505200594
601555458,1,1,0,1,1,0,1,0,0,0,2.0,0.0,2.0,2.0,0.0,2.0,0.0,0.0,0.0,1.0,0.0,1.0,0.0,0,0,1,3.0,0.0,5.0,2,1,74,0.0,8.7404947120007e-5,0.0,0.0,0.5,0.0,0.0,0.0,0.0,0.0,0.0,0.0,0.0,0.0008384413700722409,0.0,0.0008992805755395714,0.0,0.00013138220145370028,4.0814930763537044e-5,0.0014858841010401188,0.0007429420505200594
148642047,1,1,0,1,1,0,1,0,0,0,1.0,0.0,1.0,1.0,0.0,1.0,0.0,0.0,0.0,1.0,0.0,1.0,0.0,0,0,1,1.0,0.0,1.0,2,1,74,0.0,4.37024735600035e-5,0.0,0.0,0.5,0.0,0.0,0.0,0.0,0.0,0.0,0.0,0.0,0.0008295274439751919,0.0,0.0008992805755395714,0.0,6.571377182795768e-5,4.0814930763537044e-5,0.0014858841010401188,0.0007429420505200594
122362854,1,1,0,1,1,0,1,0,0,0,1.0,0.0,1.0,1.0,0.0,1.0,0.0,0.0,0.0,1.0,0.0,1.0,0.0,0,0,1,1.0,0.0,1.0,2,1,74,0.0,4.37024735600035e-5,0.0,0.0,0.5,0.0,0.0,0.0,0.0,0.0,0.0,0.0,0.0,0.0008295274439751919,0.0,0.0008992805755395714,0.0,6.571377182795768e-5,4.0814930763537044e-5,0.0014858841010401188,0.0007429420505200594
1114042348403478528,1,1,0,1,1,0,1,0,0,0,1.0,0.0,1.0,1.0,0.0,1.0,0.0,0.0,0.0,1.0,0.0,1.0,0.0,0,0,1,1.0,0.0,1.0,2,1,74,0.0,4.37024735600035e-5,0.0,0.0,0.5,0.0,0.0,0.0,0.0,0.0,0.0,0.0,0.0,0.0008295274439751919,0.0,0.0008992805755395714,0.0,6.571377182795768e-5,4.0814930763537044e-5,0.0014858841010401188,0.0007429420505200594
1246153048860196864,1,1,0,1,1,0,1,0,0,0,1.0,0.0,1.0,1.0,0.0,1.0,0.0,0.0,0.0,1.0,0.0,1.0,0.0,0,0,1,1.0,0.0,1.0,2,1,74,0.0,4.37024735600035e-5,0.0,0.0,0.5,0.0,0.0,0.0,0.0,0.0,0.0,0.0,0.0,0.0008295274439751919,0.0,0.0008992805755395714,0.0,6.571377182795768e-5,4.0814930763537044e-5,0.0014858841010401188,0.0007429420505200594
186991797,1,1,0,1,1,0,1,0,0,0,1.0,0.0,1.0,1.0,0.0,1.0,0.0,0.0,0.0,1.0,0.0,1.0,0.0,0,0,1,1.0,0.0,1.0,2,1,74,0.0,4.37024735600035e-5,0.0,0.0,0.5,0.0,0.0,0.0,0.0,0.0,0.0,0.0,0.0,0.0008295274439751919,0.0,0.0008992805755395714,0.0,6.571377182795768e-5,4.0814930763537044e-5,0.0014858841010401188,0.0007429420505200594
1365087755387219970,1,1,0,1,1,0,1,0,0,0,1.0,0.0,1.0,1.0,0.0,1.0,0.0,0.0,0.0,1.0,0.0,1.0,0.0,0,0,1,1.0,0.0,1.0,2,1,74,0.0,4.37024735600035e-5,0.0,0.0,0.5,0.0,0.0,0.0,0.0,0.0,0.0,0.0,0.0,0.0008295274439751919,0.0,0.0008992805755395714,0.0,6.571377182795768e-5,4.0814930763537044e-5,0.0014858841010401188,0.0007429420505200594
2881534563,1,1,0,1,1,0,1,0,0,0,1.0,0.0,1.0,1.0,0.0,1.0,0.0,0.0,0.0,1.0,0.0,1.0,0.0,0,0,1,1.0,0.0,1.0,2,1,74,0.0,4.37024735600035e-5,0.0,0.0,0.5,0.0,0.0,0.0,0.0,0.0,0.0,0.0,0.0,0.0008295274439751919,0.0,0.0008992805755395714,0.0,6.571377182795768e-5,4.0814930763537044e-5,0.0014858841010401188,0.0007429420505200594
4512963912,1,1,0,1,1,0,1,0,0,0,1.0,0.0,1.0,1.0,0.0,1.0,0.0,0.0,0.0,1.0,0.0,1.0,0.0,0,0,1,1.0,0.0,1.0,2,1,74,0.0,4.37024735600035e-5,0.0,0.0,0.5,0.0,0.0,0.0,0.0,0.0,0.0,0.0,0.0,0.0008295274439751919,0.0,0.0008992805755395714,0.0,6.571377182795768e-5,4.0814930763537044e-5,0.0014858841010401188,0.0007429420505200594
59497730,1,1,0,1,1,0,1,0,0,0,1.0,0.0,1.0,1.0,0.0,1.0,0.0,0.0,0.0,1.0,0.0,1.0,0.0,0,0,1,1.0,0.0,1.0,2,1,74,0.0,4.37024735600035e-5,0.0,0.0,0.5,0.0,0.0,0.0,0.0,0.0,0.0,0.0,0.0,0.0008295274439751919,0.0,0.0008992805755395714,0.0,6.571377182795768e-5,4.0814930763537044e-5,0.0014858841010401188,0.0007429420505200594
1113593675110436865,1,1,0,1,1,0,1,0,0,0,1.0,0.0,1.0,1.0,0.0,1.0,0.0,0.0,0.0,1.0,0.0,1.0,0.0,0,0,1,1.0,0.0,1.0,2,1,74,0.0,4.37024735600035e-5,0.0,0.0,0.5,0.0,0.0,0.0,0.0,0.0,0.0,0.0,0.0,0.0008295274439751919,0.0,0.0008992805755395714,0.0,6.571377182795768e-5,4.0814930763537044e-5,0.0014858841010401188,0.0007429420505200594
1501345049342201864,1,1,0,1,1,0,1,0,0,0,1.0,0.0,1.0,1.0,0.0,1.0,0.0,0.0,0.0,1.0,0.0,1.0,0.0,0,0,1,1.0,0.0,1.0,2,1,74,0.0,4.37024735600035e-5,0.0,0.0,0.5,0.0,0.0,0.0,0.0,0.0,0.0,0.0,0.0,0.0008295274439751919,0.0,0.0008992805755395714,0.0,6.571377182795768e-5,4.0814930763537044e-5,0.0014858841010401188,0.0007429420505200594
1678411796,1,1,0,1,1,0,1,0,0,0,1.0,0.0,1.0,1.0,0.0,1.0,0.0,0.0,0.0,1.0,0.0,1.0,0.0,0,0,1,1.0,0.0,1.0,2,1,74,0.0,4.37024735600035e-5,0.0,0.0,0.5,0.0,0.0,0.0,0.0,0.0,0.0,0.0,0.0,0.0008295274439751919,0.0,0.0008992805755395714,0.0,6.571377182795768e-5,4.0814930763537044e-5,0.0014858841010401188,0.0007429420505200594
4717416690,1,1,0,1,1,0,1,0,0,0,1.0,0.0,1.0,1.0,0.0,1.0,0.0,0.0,0.0,1.0,0.0,1.0,0.0,0,0,1,1.0,0.0,1.0,2,1,74,0.0,4.37024735600035e-5,0.0,0.0,0.5,0.0,0.0,0.0,0.0,0.0,0.0,0.0,0.0,0.0008295274439751919,0.0,0.0008992805755395714,0.0,6.571377182795768e-5,4.0814930763537044e-5,0.0014858841010401188,0.0007429420505200594
1350593874155036672,1,1,0,1,1,0,1,0,0,0,1.0,0.0,1.0,1.0,0.0,1.0,0.0,0.0,0.0,1.0,0.0,1.0,0.0,0,0,1,1.0,0.0,1.0,2,1,74,0.0,4.37024735600035e-5,0.0,0.0,0.5,0.0,0.0,0.0,0.0,0.0,0.0,0.0,0.0,0.0008295274439751919,0.0,0.0008992805755395714,0.0,6.571377182795768e-5,4.0814930763537044e-5,0.0014858841010401188,0.0007429420505200594
4511470272,1,1,0,1,1,0,1,0,0,0,1.0,0.0,1.0,1.0,0.0,1.0,0.0,0.0,0.0,1.0,0.0,1.0,0.0,0,0,1,1.0,0.0,1.0,2,1,74,0.0,4.37024735600035e-5,0.0,0.0,0.5,0.0,0.0,0.0,0.0,0.0,0.0,0.0,0.0,0.0008295274439751919,0.0,0.0008992805755395714,0.0,6.571377182795768e-5,4.0814930763537044e-5,0.0014858841010401188,0.0007429420505200594
122111552,1,1,0,1,1,0,1,0,0,0,1.0,0.0,1.0,1.0,0.0,1.0,0.0,0.0,0.0,1.0,0.0,1.0,0.0,0,0,1,1.0,0.0,1.0,2,1,74,0.0,4.37024735600035e-5,0.0,0.0,0.5,0.0,0.0,0.0,0.0,0.0,0.0,0.0,0.0,0.0008295274439751919,0.0,0.0008992805755395714,0.0,6.571377182795768e-5,4.0814930763537044e-5,0.0014858841010401188,0.0007429420505200594
749959927687294976,1,1,0,1,1,0,1,0,0,0,1.0,0.0,1.0,1.0,0.0,1.0,0.0,0.0,0.0,1.0,0.0,1.0,0.0,0,0,1,1.0,0.0,1.0,2,1,74,0.0,4.37024735600035e-5,0.0,0.0,0.5,0.0,0.0,0.0,0.0,0.0,0.0,0.0,0.0,0.0008295274439751919,0.0,0.0008992805755395714,0.0,6.571377182795768e-5,4.0814930763537044e-5,0.0014858841010401188,0.0007429420505200594
1335521326514126848,1,1,0,1,1,0,1,0,0,0,1.0,0.0,1.0,1.0,0.0,1.0,0.0,0.0,0.0,1.0,0.0,1.0,0.0,0,0,1,1.0,0.0,1.0,2,1,74,0.0,4.37024735600035e-5,0.0,0.0,0.5,0.0,0.0,0.0,0.0,0.0,0.0,0.0,0.0,0.0008295274439751919,0.0,0.0008992805755395714,0.0,6.571377182795768e-5,4.0814930763537044e-5,0.0014858841010401188,0.0007429420505200594
1060298590801682432,1,1,0,1,1,0,1,0,0,0,1.0,0.0,1.0,1.0,0.0,1.0,0.0,0.0,0.0,1.0,0.0,1.0,0.0,0,0,1,1.0,0.0,1.0,2,1,74,0.0,4.37024735600035e-5,0.0,0.0,0.5,0.0,0.0,0.0,0.0,0.0,0.0,0.0,0.0,0.0008295274439751919,0.0,0.0008992805755395714,0.0,6.571377182795768e-5,4.0814930763537044e-5,0.0014858841010401188,0.0007429420505200594
1150225766677827584,1,1,0,1,1,0,1,0,0,0,1.0,0.0,1.0,1.0,0.0,1.0,0.0,0.0,0.0,1.0,0.0,1.0,0.0,0,0,1,1.0,0.0,1.0,2,1,74,0.0,4.37024735600035e-5,0.0,0.0,0.5,0.0,0.0,0.0,0.0,0.0,0.0,0.0,0.0,0.0008295274439751919,0.0,0.0008992805755395714,0.0,6.571377182795768e-5,4.0814930763537044e-5,0.0014858841010401188,0.0007429420505200594
492377731,1,1,0,1,1,0,1,0,0,0,1.0,0.0,1.0,1.0,0.0,1.0,0.0,0.0,0.0,1.0,0.0,1.0,0.0,0,0,1,1.0,0.0,1.0,2,1,74,0.0,4.37024735600035e-5,0.0,0.0,0.5,0.0,0.0,0.0,0.0,0.0,0.0,0.0,0.0,0.0008295274439751919,0.0,0.0008992805755395714,0.0,6.571377182795768e-5,4.0814930763537044e-5,0.0014858841010401188,0.0007429420505200594
1459338897343799300,9,1,0,1,1,0,1,0,0,0,1.0,0.0,1.0,1.0,0.0,1.0,0.0,0.0,0.0,1.0,0.0,1.0,0.0,0,0,1,1.0,0.0,1.0,2,1,2,0.0,4.37024735600035e-5,0.0,0.0,0.5,0.0,0.0,0.0,0.0,0.0,0.0,0.0,0.0,0.001110681571853891,0.0,0.0008992805755395724,0.0002381171644837421,0.0,1.1031062368523526e-6,0.0014858841010401188,0.0007429420505200594
1505131153522511873,10,1,0,1,1,0,1,0,0,0,1.0,0.0,1.0,1.0,0.0,1.0,0.0,0.0,0.0,1.0,0.0,1.0,0.0,0,0,1,1.0,0.0,1.0,2,1,7,0.0,4.37024735600035e-5,0.0,0.0,0.5,0.0,0.0,0.0,0.0,0.0,0.0,0.0,0.0,0.0009231236679942059,0.0,0.0008992805755395721,0.00018695944611935023,0.0,3.860871828983234e-6,0.0014858841010401188,0.0007429420505200594
1448982297236049924,10,1,0,1,1,0,1,0,0,0,1.0,0.0,1.0,1.0,0.0,1.0,0.0,0.0,0.0,1.0,0.0,1.0,0.0,0,0,1,1.0,0.0,1.0,2,1,7,0.0,4.37024735600035e-5,0.0,0.0,0.5,0.0,0.0,0.0,0.0,0.0,0.0,0.0,0.0,0.0009231236679942059,0.0,0.0008992805755395721,0.00018695944611935023,0.0,3.860871828983234e-6,0.0014858841010401188,0.0007429420505200594
1458952158745796608,10,1,0,1,1,0,1,0,0,0,1.0,0.0,1.0,1.0,0.0,1.0,0.0,0.0,0.0,1.0,0.0,1.0,0.0,0,0,1,1.0,0.0,1.0,2,1,7,0.0,4.37024735600035e-5,0.0,0.0,0.5,0.0,0.0,0.0,0.0,0.0,0.0,0.0,0.0,0.0009231236679942059,0.0,0.0008992805755395721,0.00018695944611935023,0.0,3.860871828983234e-6,0.0014858841010401188,0.0007429420505200594
1448826178685440003,10,1,0,1,1,0,1,0,0,0,1.0,0.0,1.0,1.0,0.0,1.0,0.0,0.0,0.0,1.0,0.0,1.0,0.0,0,0,1,1.0,0.0,1.0,2,1,7,0.0,4.37024735600035e-5,0.0,0.0,0.5,0.0,0.0,0.0,0.0,0.0,0.0,0.0,0.0,0.0009231236679942059,0.0,0.0008992805755395721,0.00018695944611935023,0.0,3.860871828983234e-6,0.0014858841010401188,0.0007429420505200594
1323465981784592384,10,1,0,1,1,0,1,0,0,0,1.0,0.0,1.0,1.0,0.0,1.0,0.0,0.0,0.0,1.0,0.0,1.0,0.0,0,0,1,1.0,0.0,1.0,2,1,7,0.0,4.37024735600035e-5,0.0,0.0,0.5,0.0,0.0,0.0,0.0,0.0,0.0,0.0,0.0,0.0009231236679942059,0.0,0.0008992805755395721,0.00018695944611935023,0.0,3.860871828983234e-6,0.0014858841010401188,0.0007429420505200594
1506684921867251714,8,1,0,1,1,0,1,0,0,0,1.0,0.0,1.0,1.0,0.0,1.0,0.0,0.0,0.0,1.0,0.0,1.0,0.0,0,0,1,1.0,0.0,1.0,3,1,5,0.0,4.37024735600035e-5,0.0,0.0,0.5,0.0,0.0,0.0,0.0,0.0,0.0,0.0,0.0,0.0010983227209723574,0.0,0.0008992805755395725,0.00018236836883023244,0.0,2.757765592130881e-6,0.002228826151560178,0.0007429420505200594
1394861289189482499,8,1,0,1,1,0,1,0,0,0,1.0,0.0,1.0,1.0,0.0,1.0,0.0,0.0,0.0,1.0,0.0,1.0,0.0,0,0,1,1.0,0.0,1.0,3,1,5,0.0,4.37024735600035e-5,0.0,0.0,0.5,0.0,0.0,0.0,0.0,0.0,0.0,0.0,0.0,0.0010983227209723574,0.0,0.0008992805755395725,0.00018236836883023244,0.0,2.757765592130881e-6,0.002228826151560178,0.0007429420505200594
1366653623065714690,8,1,0,1,1,0,1,0,0,0,1.0,0.0,1.0,1.0,0.0,1.0,0.0,0.0,0.0,1.0,0.0,1.0,0.0,0,0,1,1.0,0.0,1.0,3,1,5,0.0,4.37024735600035e-5,0.0,0.0,0.5,0.0,0.0,0.0,0.0,0.0,0.0,0.0,0.0,0.0010983227209723574,0.0,0.0008992805755395725,0.00018236836883023244,0.0,2.757765592130881e-6,0.002228826151560178,0.0007429420505200594
731034620,35,1,0,1,1,0,1,0,0,0,1.0,0.0,1.0,1.0,0.0,1.0,0.0,0.0,0.0,1.0,0.0,1.0,0.0,0,0,1,1.0,0.0,1.0,2,1,3,0.0,4.37024735600035e-5,0.0,0.0,0.5,0.0,0.0,0.0,0.0,0.0,0.0,0.0,0.0,0.0008481764206955039,0.0,0.0008992805755395724,0.0002371333622074312,0.0,1.6546593552785288e-6,0.0014858841010401188,0.0007429420505200594
1507733800842899459,11,1,0,1,1,0,1,0,0,0,1.0,0.0,1.0,1.0,0.0,1.0,0.0,0.0,0.0,1.0,0.0,1.0,0.0,0,0,1,1.0,0.0,1.0,2,1,2,0.0,4.37024735600035e-5,0.0,0.0,0.5,0.0,0.0,0.0,0.0,0.0,0.0,0.0,0.0,0.001110681570475722,0.0,0.0008992805755395724,0.0002381171644837421,0.0,1.1031062368523526e-6,0.0014858841010401188,0.0007429420505200594
1337040795086499841,16,3,0,3,3,0,3,0,0,0,17.0,0.0,17.0,17.0,0.0,17.0,0.0,0.0,0.0,1.0,0.0,1.0,0.0,1,0,2,9.0,0.0,42.0,5,1,23,0.0,0.0007429420505200594,0.0,0.0,0.25,0.0,0.0,0.0,0.0,0.0,0.0,0.0,0.0,0.0013566313287354651,0.0,0.0008992805755395724,0.0035131505572184585,0.0,1.2685721723802054e-5,0.003714710252600297,0.0007429420505200594
1402122256520683523,16,1,0,1,1,0,1,0,0,0,7.0,0.0,7.0,7.0,0.0,7.0,0.0,0.0,0.0,1.0,0.0,1.0,0.0,1,0,1,4.0,0.0,22.0,3,1,13,0.0,0.00030591731492002447,0.0,0.0,0.5,0.0,0.0,0.0,0.0,0.0,0.0,0.0,0.0,0.0008038533834297214,0.0,0.0008992805755395724,0.0014263180555292854,0.0,7.170190539540292e-6,0.002228826151560178,0.0007429420505200594
1432532274621272066,16,2,0,2,2,0,2,0,0,0,10.0,0.0,10.0,10.0,0.0,10.0,0.0,0.0,0.0,1.0,0.0,1.0,0.0,1,0,2,5.0,0.0,25.0,3,1,15,0.0,0.000437024735600035,0.0,0.0,0.6666666666666666,0.5,0.0,0.0,1.0,0.0,1.0,1.0,0.0,0.0010467327123092624,0.0,0.0008992805755395724,0.0020462364814110012,0.0,8.273296776392644e-6,0.002228826151560178,0.0007429420505200594
1004722948043755521,16,2,0,2,2,0,2,0,0,0,18.0,0.0,18.0,18.0,0.0,18.0,0.0,0.0,0.0,1.0,0.0,1.0,0.0,1,0,2,5.0,0.0,45.0,3,1,15,0.0,0.000786644524080063,0.0,0.0,0.6666666666666666,0.5,0.0,0.0,1.0,0.0,1.0,1.0,0.0,0.0010645621077677787,0.0,0.0008992805755395725,0.003725066376895958,0.0,8.273296776392644e-6,0.002228826151560178,0.0007429420505200594
1006509415489462273,16,1,0,1,1,0,1,0,0,0,1.0,0.0,1.0,1.0,0.0,1.0,0.0,0.0,0.0,1.0,0.0,1.0,0.0,1,0,1,1.0,0.0,1.0,3,1,13,0.0,4.37024735600035e-5,0.0,0.0,0.5,0.0,0.0,0.0,0.0,0.0,0.0,0.0,0.0,0.000715893977178172,0.0,0.0008992805755395724,0.00020204441435489606,0.0,7.170190539540292e-6,0.002228826151560178,0.0007429420505200594
285043204,16,1,0,1,1,0,1,0,0,0,1.0,0.0,1.0,1.0,0.0,1.0,0.0,0.0,0.0,1.0,0.0,1.0,0.0,1,0,1,1.0,0.0,1.0,3,1,13,0.0,4.37024735600035e-5,0.0,0.0,0.5,0.0,0.0,0.0,0.0,0.0,0.0,0.0,0.0,0.000715893977178172,0.0,0.0008992805755395724,0.00020204441435489606,0.0,7.170190539540292e-6,0.002228826151560178,0.0007429420505200594
1267345823236411392,16,1,0,1,1,0,1,0,0,0,3.0,0.0,3.0,3.0,0.0,3.0,0.0,0.0,0.0,1.0,0.0,1.0,0.0,1,0,1,4.0,0.0,10.0,3,1,13,0.0,0.00013110742068001048,0.0,0.0,0.5,0.0,0.0,0.0,0.0,0.0,0.0,0.0,0.0,0.0007452137792620218,0.0,0.0008992805755395725,0.0006078430024573089,0.0,7.170190539540292e-6,0.002228826151560178,0.0007429420505200594
2912919913,16,1,0,1,1,0,1,0,0,0,1.0,0.0,1.0,1.0,0.0,1.0,0.0,0.0,0.0,1.0,0.0,1.0,0.0,1,0,1,1.0,0.0,1.0,3,1,13,0.0,4.37024735600035e-5,0.0,0.0,0.5,0.0,0.0,0.0,0.0,0.0,0.0,0.0,0.0,0.000715893977178172,0.0,0.0008992805755395724,0.00020204441435489606,0.0,7.170190539540292e-6,0.002228826151560178,0.0007429420505200594
1094940805599350784,16,1,0,1,1,0,1,0,0,0,1.0,0.0,1.0,1.0,0.0,1.0,0.0,0.0,0.0,1.0,0.0,1.0,0.0,1,0,1,1.0,0.0,1.0,3,1,13,0.0,4.37024735600035e-5,0.0,0.0,0.5,0.0,0.0,0.0,0.0,0.0,0.0,0.0,0.0,0.000715893977178172,0.0,0.0008992805755395724,0.00020204441435489606,0.0,7.170190539540292e-6,0.002228826151560178,0.0007429420505200594
919882857924853760,16,1,0,1,1,0,1,0,0,0,1.0,0.0,1.0,1.0,0.0,1.0,0.0,0.0,0.0,1.0,0.0,1.0,0.0,1,0,1,1.0,0.0,1.0,3,1,13,0.0,4.37024735600035e-5,0.0,0.0,0.5,0.0,0.0,0.0,0.0,0.0,0.0,0.0,0.0,0.000715893977178172,0.0,0.0008992805755395724,0.00020204441435489606,0.0,7.170190539540292e-6,0.002228826151560178,0.0007429420505200594
716248878,16,2,0,2,2,0,2,0,0,0,2.0,0.0,2.0,2.0,0.0,2.0,0.0,0.0,0.0,1.0,0.0,1.0,0.0,1,0,2,2.0,0.0,5.0,6,1,15,0.0,8.7404947120007e-5,0.0,0.0,0.3333333333333333,0.0,0.0,0.0,0.0,0.0,0.0,0.0,0.0,0.0015911609626191351,0.0,0.0008992805755395725,0.00040465828771196755,0.0,8.273296776392644e-6,0.004457652303120356,0.0007429420505200594
986696690630508547,16,1,0,1,1,0,1,0,0,0,1.0,0.0,1.0,1.0,0.0,1.0,0.0,0.0,0.0,1.0,0.0,1.0,0.0,0,0,1,1.0,0.0,1.0,2,1,8,0.0,4.37024735600035e-5,0.0,0.0,0.5,0.0,0.0,0.0,0.0,0.0,0.0,0.0,0.0,0.0008007766445866117,0.0,0.0008992805755395724,0.00020204441435489606,0.0,4.41242494740941e-6,0.0014858841010401188,0.0007429420505200594
1040246530030981121,16,2,0,2,2,0,2,0,0,0,2.0,0.0,2.0,2.0,0.0,2.0,0.0,0.0,0.0,1.0,0.0,1.0,0.0,0,0,2,3.0,0.0,5.0,3,1,16,0.0,8.7404947120007e-5,0.0,0.0,0.3333333333333333,0.0,0.0,0.0,0.0,0.0,0.0,0.0,0.0,0.0008878763919806807,0.0,0.0008992805755395724,0.00040465828771196755,0.0,8.82484989481882e-6,0.002228826151560178,0.0007429420505200594
349973436,16,1,0,1,1,0,1,0,0,0,1.0,0.0,1.0,1.0,0.0,1.0,0.0,0.0,0.0,1.0,0.0,1.0,0.0,0,0,1,1.0,0.0,1.0,2,1,8,0.0,4.37024735600035e-5,0.0,0.0,0.5,0.0,0.0,0.0,0.0,0.0,0.0,0.0,0.0,0.0008007766445866117,0.0,0.0008992805755395724,0.00020204441435489606,0.0,4.41242494740941e-6,0.0014858841010401188,0.0007429420505200594
28943891,16,1,0,1,1,0,1,0,0,0,1.0,0.0,1.0,1.0,0.0,1.0,0.0,0.0,0.0,1.0,0.0,1.0,0.0,0,0,1,1.0,0.0,1.0,2,1,8,0.0,4.37024735600035e-5,0.0,0.0,0.5,0.0,0.0,0.0,0.0,0.0,0.0,0.0,0.0,0.0008007766445866117,0.0,0.0008992805755395724,0.00020204441435489606,0.0,4.41242494740941e-6,0.0014858841010401188,0.0007429420505200594
792718821555482628,16,1,0,1,1,0,1,0,0,0,1.0,0.0,1.0,1.0,0.0,1.0,0.0,0.0,0.0,1.0,0.0,1.0,0.0,0,0,1,1.0,0.0,1.0,2,1,8,0.0,4.37024735600035e-5,0.0,0.0,0.5,0.0,0.0,0.0,0.0,0.0,0.0,0.0,0.0,0.0008007766445866117,0.0,0.0008992805755395724,0.00020204441435489606,0.0,4.41242494740941e-6,0.0014858841010401188,0.0007429420505200594
1597547726,16,1,0,1,1,0,1,0,0,0,1.0,0.0,1.0,1.0,0.0,1.0,0.0,0.0,0.0,1.0,0.0,1.0,0.0,0,0,1,1.0,0.0,1.0,2,1,8,0.0,4.37024735600035e-5,0.0,0.0,0.5,0.0,0.0,0.0,0.0,0.0,0.0,0.0,0.0,0.0008007766445866117,0.0,0.0008992805755395724,0.00020204441435489606,0.0,4.41242494740941e-6,0.0014858841010401188,0.0007429420505200594
471547670,36,1,0,1,1,0,1,0,0,0,1.0,0.0,1.0,1.0,0.0,1.0,0.0,0.0,0.0,1.0,0.0,1.0,0.0,0,0,1,1.0,0.0,1.0,2,1,2,0.0,4.37024735600035e-5,0.0,0.0,0.5,0.0,0.0,0.0,0.0,0.0,0.0,0.0,0.0,0.0011106812058324013,0.0,0.0008992805755395724,0.0002381171644837421,0.0,1.1031062368523526e-6,0.0014858841010401188,0.0007429420505200594
1482677670261686273,22,2,0,2,2,0,2,0,0,0,2.0,0.0,2.0,2.0,0.0,2.0,0.0,0.0,0.0,1.0,0.0,1.0,0.0,0,0,1,3.0,0.0,5.0,3,1,13,0.0,8.7404947120007e-5,0.0,0.0,0.3333333333333333,0.0,0.0,0.0,0.0,0.0,0.0,0.0,0.0,0.0010158709466706437,0.0,0.0008992805755395723,0.00041647546934697743,0.0,7.170190539540292e-6,0.002228826151560178,0.0007429420505200594
996635039512252416,22,1,0,1,1,0,1,0,0,0,1.0,0.0,1.0,1.0,0.0,1.0,0.0,0.0,0.0,1.0,0.0,1.0,0.0,0,0,1,1.0,0.0,1.0,2,1,10,0.0,4.37024735600035e-5,0.0,0.0,0.5,0.0,0.0,0.0,0.0,0.0,0.0,0.0,0.0,0.0008791907465158932,0.0,0.0008992805755395721,0.00020794722801242838,0.0,5.515531184261762e-6,0.0014858841010401188,0.0007429420505200594
637168842,22,1,0,1,1,0,1,0,0,0,1.0,0.0,1.0,1.0,0.0,1.0,0.0,0.0,0.0,1.0,0.0,1.0,0.0,0,0,1,1.0,0.0,1.0,2,1,10,0.0,4.37024735600035e-5,0.0,0.0,0.5,0.0,0.0,0.0,0.0,0.0,0.0,0.0,0.0,0.0008791907465158932,0.0,0.0008992805755395721,0.00020794722801242838,0.0,5.515531184261762e-6,0.0014858841010401188,0.0007429420505200594
1285402673676722176,22,1,0,1,1,0,1,0,0,0,2.0,0.0,2.0,2.0,0.0,2.0,0.0,0.0,0.0,1.0,0.0,1.0,0.0,0,0,1,3.0,0.0,5.0,2,1,10,0.0,8.7404947120007e-5,0.0,0.0,0.5,0.0,0.0,0.0,0.0,0.0,0.0,0.0,0.0,0.0009377679751536435,0.0,0.0008992805755395721,0.00041647546934697743,0.0,5.515531184261762e-6,0.0014858841010401188,0.0007429420505200594
1449231164300939266,22,1,0,1,1,0,1,0,0,0,3.0,0.0,3.0,3.0,0.0,3.0,0.0,0.0,0.0,1.0,0.0,1.0,0.0,0,0,1,10.0,0.0,10.0,2,1,10,0.0,0.00013110742068001048,0.0,0.0,0.5,0.0,0.0,0.0,0.0,0.0,0.0,0.0,0.0,0.0009963452037913935,0.0,0.0008992805755395721,0.0006255861318462674,0.0,5.515531184261762e-6,0.0014858841010401188,0.0007429420505200594
203475322,22,1,0,1,1,0,1,0,0,0,1.0,0.0,1.0,1.0,0.0,1.0,0.0,0.0,0.0,1.0,0.0,1.0,0.0,0,0,1,1.0,0.0,1.0,2,1,10,0.0,4.37024735600035e-5,0.0,0.0,0.5,0.0,0.0,0.0,0.0,0.0,0.0,0.0,0.0,0.0008791907465158932,0.0,0.0008992805755395721,0.00020794722801242838,0.0,5.515531184261762e-6,0.0014858841010401188,0.0007429420505200594
536181856,12,1,0,1,1,0,1,0,0,0,1.0,0.0,1.0,1.0,0.0,1.0,0.0,0.0,0.0,1.0,0.0,1.0,0.0,0,0,1,1.0,0.0,1.0,2,1,3,0.0,4.37024735600035e-5,0.0,0.0,0.5,0.0,0.0,0.0,0.0,0.0,0.0,0.0,0.0,0.0009492100756771096,0.0,0.0008992805755395724,0.00023778923039163846,0.0,1.6546593552785288e-6,0.0014858841010401188,0.0007429420505200594
1359467324235862018,12,1,0,1,1,0,1,0,0,0,1.0,0.0,1.0,1.0,0.0,1.0,0.0,0.0,0.0,1.0,0.0,1.0,0.0,0,0,1,1.0,0.0,1.0,2,1,3,0.0,4.37024735600035e-5,0.0,0.0,0.5,0.0,0.0,0.0,0.0,0.0,0.0,0.0,0.0,0.0009492100756771096,0.0,0.0008992805755395724,0.00023778923039163846,0.0,1.6546593552785288e-6,0.0014858841010401188,0.0007429420505200594
317341166,13,1,0,1,1,0,1,0,0,0,1.0,0.0,1.0,1.0,0.0,1.0,0.0,0.0,0.0,1.0,0.0,1.0,0.0,0,0,1,1.0,0.0,1.0,2,1,3,0.0,4.37024735600035e-5,0.0,0.0,0.5,0.0,0.0,0.0,0.0,0.0,0.0,0.0,0.0,0.0009492100840658511,0.0,0.0008992805755395724,0.00023778923039163846,0.0,1.6546593552785288e-6,0.0014858841010401188,0.0007429420505200594
17197784,13,1,0,1,1,0,1,0,0,0,1.0,0.0,1.0,1.0,0.0,1.0,0.0,0.0,0.0,1.0,0.0,1.0,0.0,0,0,1,1.0,0.0,1.0,2,1,3,0.0,4.37024735600035e-5,0.0,0.0,0.5,0.0,0.0,0.0,0.0,0.0,0.0,0.0,0.0,0.0009492100840658511,0.0,0.0008992805755395724,0.00023778923039163846,0.0,1.6546593552785288e-6,0.0014858841010401188,0.0007429420505200594
1172274158043975680,7,1,0,1,1,0,1,0,0,0,1.0,0.0,1.0,1.0,0.0,1.0,0.0,0.0,0.0,1.0,0.0,1.0,0.0,0,0,1,1.0,0.0,1.0,2,1,41,0.0,4.37024735600035e-5,0.0,0.0,0.5,0.0,0.0,0.0,0.0,0.0,0.0,0.0,0.0,0.0008373498689175002,0.0,0.0008992805755395716,0.00022237632806387797,0.0,2.2613677855473228e-5,0.0014858841010401188,0.0007429420505200594
140037241,7,1,0,1,1,0,1,0,0,0,3.0,0.0,3.0,3.0,0.0,3.0,0.0,0.0,0.0,1.0,0.0,1.0,0.0,0,0,1,10.0,0.0,10.0,2,1,41,0.0,0.00013110742068001048,0.0,0.0,0.5,0.0,0.0,0.0,0.0,0.0,0.0,0.0,0.0,0.0008708225709962148,0.0,0.0008992805755395716,0.0006689582259082894,0.0,2.2613677855473228e-5,0.0014858841010401188,0.0007429420505200594
1212716054008356864,7,1,0,1,1,0,1,0,0,0,1.0,0.0,1.0,1.0,0.0,1.0,0.0,0.0,0.0,1.0,0.0,1.0,0.0,0,0,1,1.0,0.0,1.0,2,1,41,0.0,4.37024735600035e-5,0.0,0.0,0.5,0.0,0.0,0.0,0.0,0.0,0.0,0.0,0.0,0.0008373498689175002,0.0,0.0008992805755395716,0.00022237632806387797,0.0,2.2613677855473228e-5,0.0014858841010401188,0.0007429420505200594
121119775,7,1,0,1,1,0,1,0,0,0,3.0,0.0,3.0,3.0,0.0,3.0,0.0,0.0,0.0,1.0,0.0,1.0,0.0,0,0,1,10.0,0.0,10.0,2,1,41,0.0,0.00013110742068001048,0.0,0.0,0.5,0.0,0.0,0.0,0.0,0.0,0.0,0.0,0.0,0.0008708225709962148,0.0,0.0008992805755395716,0.0006689582259082894,0.0,2.2613677855473228e-5,0.0014858841010401188,0.0007429420505200594
1408630227228524547,7,2,0,2,2,0,2,0,0,0,2.0,0.0,2.0,2.0,0.0,2.0,0.0,0.0,0.0,1.0,0.0,1.0,0.0,0,0,1,3.0,0.0,3.0,3,1,42,0.0,8.7404947120007e-5,0.0,0.0,0.3333333333333333,0.0,0.0,0.0,0.0,0.0,0.0,0.0,0.0,0.0016574310698460036,0.0,0.0008992805755395722,0.00044536191334376696,0.0,2.3165230973899403e-5,0.002228826151560178,0.0007429420505200594
822947631638794241,7,1,0,1,1,0,1,0,0,0,2.0,0.0,2.0,2.0,0.0,2.0,0.0,0.0,0.0,1.0,0.0,1.0,0.0,0,0,1,3.0,0.0,5.0,2,1,41,0.0,8.7404947120007e-5,0.0,0.0,0.5,0.0,0.0,0.0,0.0,0.0,0.0,0.0,0.0,0.0008540862199568574,0.0,0.0008992805755395716,0.00044536191334376696,0.0,2.2613677855473228e-5,0.0014858841010401188,0.0007429420505200594
749080528955985920,7,1,0,1,1,0,1,0,0,0,1.0,0.0,1.0,1.0,0.0,1.0,0.0,0.0,0.0,1.0,0.0,1.0,0.0,0,0,1,1.0,0.0,1.0,2,1,41,0.0,4.37024735600035e-5,0.0,0.0,0.5,0.0,0.0,0.0,0.0,0.0,0.0,0.0,0.0,0.0008373498689175002,0.0,0.0008992805755395716,0.00022237632806387797,0.0,2.2613677855473228e-5,0.0014858841010401188,0.0007429420505200594
1389672865595752450,7,1,0,1,1,0,1,0,0,0,1.0,0.0,1.0,1.0,0.0,1.0,0.0,0.0,0.0,1.0,0.0,1.0,0.0,0,0,1,1.0,0.0,1.0,2,1,41,0.0,4.37024735600035e-5,0.0,0.0,0.5,0.0,0.0,0.0,0.0,0.0,0.0,0.0,0.0,0.0008373498689175002,0.0,0.0008992805755395716,0.00022237632806387797,0.0,2.2613677855473228e-5,0.0014858841010401188,0.0007429420505200594
4804564092,7,1,0,1,1,0,1,0,0,0,1.0,0.0,1.0,1.0,0.0,1.0,0.0,0.0,0.0,1.0,0.0,1.0,0.0,0,0,1,1.0,0.0,1.0,2,1,41,0.0,4.37024735600035e-5,0.0,0.0,0.5,0.0,0.0,0.0,0.0,0.0,0.0,0.0,0.0,0.0008373498689175002,0.0,0.0008992805755395716,0.00022237632806387797,0.0,2.2613677855473228e-5,0.0014858841010401188,0.0007429420505200594
4567668919,7,1,0,1,1,0,1,0,0,0,1.0,0.0,1.0,1.0,0.0,1.0,0.0,0.0,0.0,1.0,0.0,1.0,0.0,0,0,1,1.0,0.0,1.0,2,1,41,0.0,4.37024735600035e-5,0.0,0.0,0.5,0.0,0.0,0.0,0.0,0.0,0.0,0.0,0.0,0.0008373498689175002,0.0,0.0008992805755395716,0.00022237632806387797,0.0,2.2613677855473228e-5,0.0014858841010401188,0.0007429420505200594
838319076850085888,7,1,0,1,1,0,1,0,0,0,1.0,0.0,1.0,1.0,0.0,1.0,0.0,0.0,0.0,1.0,0.0,1.0,0.0,0,0,1,1.0,0.0,1.0,2,1,41,0.0,4.37024735600035e-5,0.0,0.0,0.5,0.0,0.0,0.0,0.0,0.0,0.0,0.0,0.0,0.0008373498689175002,0.0,0.0008992805755395716,0.00022237632806387797,0.0,2.2613677855473228e-5,0.0014858841010401188,0.0007429420505200594
185159972,7,1,0,1,1,0,1,0,0,0,1.0,0.0,1.0,1.0,0.0,1.0,0.0,0.0,0.0,1.0,0.0,1.0,0.0,0,0,1,1.0,0.0,1.0,2,1,41,0.0,4.37024735600035e-5,0.0,0.0,0.5,0.0,0.0,0.0,0.0,0.0,0.0,0.0,0.0,0.0008373498689175002,0.0,0.0008992805755395716,0.00022237632806387797,0.0,2.2613677855473228e-5,0.0014858841010401188,0.0007429420505200594
1152412524966371329,7,1,0,1,1,0,1,0,0,0,1.0,0.0,1.0,1.0,0.0,1.0,0.0,0.0,0.0,1.0,0.0,1.0,0.0,0,0,1,1.0,0.0,1.0,2,1,41,0.0,4.37024735600035e-5,0.0,0.0,0.5,0.0,0.0,0.0,0.0,0.0,0.0,0.0,0.0,0.0008373498689175002,0.0,0.0008992805755395716,0.00022237632806387797,0.0,2.2613677855473228e-5,0.0014858841010401188,0.0007429420505200594
297666105,7,1,0,1,1,0,1,0,0,0,1.0,0.0,1.0,1.0,0.0,1.0,0.0,0.0,0.0,1.0,0.0,1.0,0.0,0,0,1,1.0,0.0,1.0,2,1,41,0.0,4.37024735600035e-5,0.0,0.0,0.5,0.0,0.0,0.0,0.0,0.0,0.0,0.0,0.0,0.0008373498689175002,0.0,0.0008992805755395716,0.00022237632806387797,0.0,2.2613677855473228e-5,0.0014858841010401188,0.0007429420505200594
1240974632154349568,7,1,0,1,1,0,1,0,0,0,1.0,0.0,1.0,1.0,0.0,1.0,0.0,0.0,0.0,1.0,0.0,1.0,0.0,0,0,1,1.0,0.0,1.0,2,1,41,0.0,4.37024735600035e-5,0.0,0.0,0.5,0.0,0.0,0.0,0.0,0.0,0.0,0.0,0.0,0.0008373498689175002,0.0,0.0008992805755395716,0.00022237632806387797,0.0,2.2613677855473228e-5,0.0014858841010401188,0.0007429420505200594
90242441,7,1,0,1,1,0,1,0,0,0,1.0,0.0,1.0,1.0,0.0,1.0,0.0,0.0,0.0,1.0,0.0,1.0,0.0,0,0,1,1.0,0.0,1.0,2,1,41,0.0,4.37024735600035e-5,0.0,0.0,0.5,0.0,0.0,0.0,0.0,0.0,0.0,0.0,0.0,0.0008373498689175002,0.0,0.0008992805755395716,0.00022237632806387797,0.0,2.2613677855473228e-5,0.0014858841010401188,0.0007429420505200594
1476577427615027200,7,1,0,1,1,0,1,0,0,0,1.0,0.0,1.0,1.0,0.0,1.0,0.0,0.0,0.0,1.0,0.0,1.0,0.0,0,0,1,1.0,0.0,1.0,2,1,41,0.0,4.37024735600035e-5,0.0,0.0,0.5,0.0,0.0,0.0,0.0,0.0,0.0,0.0,0.0,0.0008373498689175002,0.0,0.0008992805755395716,0.00022237632806387797,0.0,2.2613677855473228e-5,0.0014858841010401188,0.0007429420505200594
1182003478786277376,7,1,0,1,1,0,1,0,0,0,1.0,0.0,1.0,1.0,0.0,1.0,0.0,0.0,0.0,1.0,0.0,1.0,0.0,0,0,1,1.0,0.0,1.0,2,1,41,0.0,4.37024735600035e-5,0.0,0.0,0.5,0.0,0.0,0.0,0.0,0.0,0.0,0.0,0.0,0.0008373498689175002,0.0,0.0008992805755395716,0.00022237632806387797,0.0,2.2613677855473228e-5,0.0014858841010401188,0.0007429420505200594
1348426123084918785,7,1,0,1,1,0,1,0,0,0,1.0,0.0,1.0,1.0,0.0,1.0,0.0,0.0,0.0,1.0,0.0,1.0,0.0,0,0,1,1.0,0.0,1.0,2,1,41,0.0,4.37024735600035e-5,0.0,0.0,0.5,0.0,0.0,0.0,0.0,0.0,0.0,0.0,0.0,0.0008373498689175002,0.0,0.0008992805755395716,0.00022237632806387797,0.0,2.2613677855473228e-5,0.0014858841010401188,0.0007429420505200594
856984530816614400,7,1,0,1,1,0,1,0,0,0,1.0,0.0,1.0,1.0,0.0,1.0,0.0,0.0,0.0,1.0,0.0,1.0,0.0,0,0,1,1.0,0.0,1.0,2,1,41,0.0,4.37024735600035e-5,0.0,0.0,0.5,0.0,0.0,0.0,0.0,0.0,0.0,0.0,0.0,0.0008373498689175002,0.0,0.0008992805755395716,0.00022237632806387797,0.0,2.2613677855473228e-5,0.0014858841010401188,0.0007429420505200594
2320943677,7,1,0,1,1,0,1,0,0,0,1.0,0.0,1.0,1.0,0.0,1.0,0.0,0.0,0.0,1.0,0.0,1.0,0.0,0,0,1,1.0,0.0,1.0,2,1,41,0.0,4.37024735600035e-5,0.0,0.0,0.5,0.0,0.0,0.0,0.0,0.0,0.0,0.0,0.0,0.0008373498689175002,0.0,0.0008992805755395716,0.00022237632806387797,0.0,2.2613677855473228e-5,0.0014858841010401188,0.0007429420505200594
1263942693912100866,7,1,0,1,1,0,1,0,0,0,1.0,0.0,1.0,1.0,0.0,1.0,0.0,0.0,0.0,1.0,0.0,1.0,0.0,0,0,1,1.0,0.0,1.0,2,1,41,0.0,4.37024735600035e-5,0.0,0.0,0.5,0.0,0.0,0.0,0.0,0.0,0.0,0.0,0.0,0.0008373498689175002,0.0,0.0008992805755395716,0.00022237632806387797,0.0,2.2613677855473228e-5,0.0014858841010401188,0.0007429420505200594
314411552,7,1,0,1,1,0,1,0,0,0,1.0,0.0,1.0,1.0,0.0,1.0,0.0,0.0,0.0,1.0,0.0,1.0,0.0,0,0,1,1.0,0.0,1.0,2,1,41,0.0,4.37024735600035e-5,0.0,0.0,0.5,0.0,0.0,0.0,0.0,0.0,0.0,0.0,0.0,0.0008373498689175002,0.0,0.0008992805755395716,0.00022237632806387797,0.0,2.2613677855473228e-5,0.0014858841010401188,0.0007429420505200594
270349890,7,1,0,1,1,0,1,0,0,0,1.0,0.0,1.0,1.0,0.0,1.0,0.0,0.0,0.0,1.0,0.0,1.0,0.0,0,0,1,1.0,0.0,1.0,2,1,41,0.0,4.37024735600035e-5,0.0,0.0,0.5,0.0,0.0,0.0,0.0,0.0,0.0,0.0,0.0,0.0008373498689175002,0.0,0.0008992805755395716,0.00022237632806387797,0.0,2.2613677855473228e-5,0.0014858841010401188,0.0007429420505200594
4129522452,7,1,0,1,1,0,1,0,0,0,1.0,0.0,1.0,1.0,0.0,1.0,0.0,0.0,0.0,1.0,0.0,1.0,0.0,0,0,1,1.0,0.0,1.0,2,1,41,0.0,4.37024735600035e-5,0.0,0.0,0.5,0.0,0.0,0.0,0.0,0.0,0.0,0.0,0.0,0.0008373498689175002,0.0,0.0008992805755395716,0.00022237632806387797,0.0,2.2613677855473228e-5,0.0014858841010401188,0.0007429420505200594
878828574920146944,7,1,0,1,1,0,1,0,0,0,1.0,0.0,1.0,1.0,0.0,1.0,0.0,0.0,0.0,1.0,0.0,1.0,0.0,0,0,1,1.0,0.0,1.0,2,1,41,0.0,4.37024735600035e-5,0.0,0.0,0.5,0.0,0.0,0.0,0.0,0.0,0.0,0.0,0.0,0.0008373498689175002,0.0,0.0008992805755395716,0.00022237632806387797,0.0,2.2613677855473228e-5,0.0014858841010401188,0.0007429420505200594
1341793549,7,1,0,1,1,0,1,0,0,0,1.0,0.0,1.0,1.0,0.0,1.0,0.0,0.0,0.0,1.0,0.0,1.0,0.0,0,0,1,1.0,0.0,1.0,2,1,41,0.0,4.37024735600035e-5,0.0,0.0,0.5,0.0,0.0,0.0,0.0,0.0,0.0,0.0,0.0,0.0008373498689175002,0.0,0.0008992805755395716,0.00022237632806387797,0.0,2.2613677855473228e-5,0.0014858841010401188,0.0007429420505200594
1278836621035532288,7,1,0,1,1,0,1,0,0,0,1.0,0.0,1.0,1.0,0.0,1.0,0.0,0.0,0.0,1.0,0.0,1.0,0.0,0,0,1,1.0,0.0,1.0,2,1,41,0.0,4.37024735600035e-5,0.0,0.0,0.5,0.0,0.0,0.0,0.0,0.0,0.0,0.0,0.0,0.0008373498689175002,0.0,0.0008992805755395716,0.00022237632806387797,0.0,2.2613677855473228e-5,0.0014858841010401188,0.0007429420505200594
871192637956435969,7,1,0,1,1,0,1,0,0,0,1.0,0.0,1.0,1.0,0.0,1.0,0.0,0.0,0.0,1.0,0.0,1.0,0.0,0,0,1,1.0,0.0,1.0,2,1,41,0.0,4.37024735600035e-5,0.0,0.0,0.5,0.0,0.0,0.0,0.0,0.0,0.0,0.0,0.0,0.0008373498689175002,0.0,0.0008992805755395716,0.00022237632806387797,0.0,2.2613677855473228e-5,0.0014858841010401188,0.0007429420505200594
1423528562888376322,7,1,0,1,1,0,1,0,0,0,1.0,0.0,1.0,1.0,0.0,1.0,0.0,0.0,0.0,1.0,0.0,1.0,0.0,0,0,1,1.0,0.0,1.0,2,1,41,0.0,4.37024735600035e-5,0.0,0.0,0.5,0.0,0.0,0.0,0.0,0.0,0.0,0.0,0.0,0.0008373498689175002,0.0,0.0008992805755395716,0.00022237632806387797,0.0,2.2613677855473228e-5,0.0014858841010401188,0.0007429420505200594
383046887,7,1,0,1,1,0,1,0,0,0,1.0,0.0,1.0,1.0,0.0,1.0,0.0,0.0,0.0,1.0,0.0,1.0,0.0,0,0,1,1.0,0.0,1.0,2,1,41,0.0,4.37024735600035e-5,0.0,0.0,0.5,0.0,0.0,0.0,0.0,0.0,0.0,0.0,0.0,0.0008373498689175002,0.0,0.0008992805755395716,0.00022237632806387797,0.0,2.2613677855473228e-5,0.0014858841010401188,0.0007429420505200594
1387276971629944832,7,1,0,1,1,0,1,0,0,0,1.0,0.0,1.0,1.0,0.0,1.0,0.0,0.0,0.0,1.0,0.0,1.0,0.0,0,0,1,1.0,0.0,1.0,2,1,41,0.0,4.37024735600035e-5,0.0,0.0,0.5,0.0,0.0,0.0,0.0,0.0,0.0,0.0,0.0,0.0008373498689175002,0.0,0.0008992805755395716,0.00022237632806387797,0.0,2.2613677855473228e-5,0.0014858841010401188,0.0007429420505200594
80156036,7,1,0,1,1,0,1,0,0,0,1.0,0.0,1.0,1.0,0.0,1.0,0.0,0.0,0.0,1.0,0.0,1.0,0.0,0,0,1,1.0,0.0,1.0,2,1,41,0.0,4.37024735600035e-5,0.0,0.0,0.5,0.0,0.0,0.0,0.0,0.0,0.0,0.0,0.0,0.0008373498689175002,0.0,0.0008992805755395716,0.00022237632806387797,0.0,2.2613677855473228e-5,0.0014858841010401188,0.0007429420505200594
2754379622,7,1,0,1,1,0,1,0,0,0,1.0,0.0,1.0,1.0,0.0,1.0,0.0,0.0,0.0,1.0,0.0,1.0,0.0,0,0,1,1.0,0.0,1.0,2,1,41,0.0,4.37024735600035e-5,0.0,0.0,0.5,0.0,0.0,0.0,0.0,0.0,0.0,0.0,0.0,0.0008373498689175002,0.0,0.0008992805755395716,0.00022237632806387797,0.0,2.2613677855473228e-5,0.0014858841010401188,0.0007429420505200594
1338056780,7,1,0,1,1,0,1,0,0,0,1.0,0.0,1.0,1.0,0.0,1.0,0.0,0.0,0.0,1.0,0.0,1.0,0.0,0,0,1,1.0,0.0,1.0,2,1,41,0.0,4.37024735600035e-5,0.0,0.0,0.5,0.0,0.0,0.0,0.0,0.0,0.0,0.0,0.0,0.0008373498689175002,0.0,0.0008992805755395716,0.00022237632806387797,0.0,2.2613677855473228e-5,0.0014858841010401188,0.0007429420505200594
3146156638,22,1,0,1,1,0,1,0,0,0,1.0,0.0,1.0,1.0,0.0,1.0,0.0,0.0,0.0,1.0,0.0,1.0,0.0,0,0,1,1.0,0.0,1.0,2,1,6,0.0,4.37024735600035e-5,0.0,0.0,0.5,0.0,0.0,0.0,0.0,0.0,0.0,0.0,0.0,0.0009846297580638438,0.0,0.000899280575539572,0.00020794722801242838,0.0,3.3093187105570577e-6,0.0014858841010401188,0.0007429420505200594
1487155106328072199,22,1,0,1,1,0,1,0,0,0,1.0,0.0,1.0,1.0,0.0,1.0,0.0,0.0,0.0,1.0,0.0,1.0,0.0,0,0,1,1.0,0.0,1.0,2,1,6,0.0,4.37024735600035e-5,0.0,0.0,0.5,0.0,0.0,0.0,0.0,0.0,0.0,0.0,0.0,0.0009846297580638438,0.0,0.000899280575539572,0.00020794722801242838,0.0,3.3093187105570577e-6,0.0014858841010401188,0.0007429420505200594
1161821873526755329,22,2,0,2,2,0,2,0,0,0,2.0,0.0,2.0,2.0,0.0,2.0,0.0,0.0,0.0,1.0,0.0,1.0,0.0,0,0,2,3.0,0.0,5.0,3,1,7,0.0,8.7404947120007e-5,0.0,0.0,0.3333333333333333,0.0,0.0,0.0,0.0,0.0,0.0,0.0,0.0,0.0013946703585280954,0.0,0.0008992805755395721,0.00041647546934697743,0.0,3.860871828983234e-6,0.002228826151560178,0.0007429420505200594
1058949360153649152,14,1,0,1,1,0,1,0,0,0,1.0,0.0,1.0,1.0,0.0,1.0,0.0,0.0,0.0,1.0,0.0,1.0,0.0,0,0,1,1.0,0.0,1.0,2,1,2,0.0,4.37024735600035e-5,0.0,0.0,0.5,0.0,0.0,0.0,0.0,0.0,0.0,0.0,0.0,0.001110681506747334,0.0,0.0008992805755395724,0.0002381171644837421,0.0,1.1031062368523526e-6,0.0014858841010401188,0.0007429420505200594
3231141349,37,1,0,1,1,0,1,0,0,0,1.0,0.0,1.0,1.0,0.0,1.0,0.0,0.0,0.0,1.0,0.0,1.0,0.0,0,0,1,1.0,0.0,1.0,2,1,4,0.0,4.37024735600035e-5,0.0,0.0,0.5,0.0,0.0,0.0,0.0,0.0,0.0,0.0,0.0,0.0009026744857741338,0.0,0.0008992805755395725,0.00023746129629953483,0.0,2.206212473704705e-6,0.0014858841010401188,0.0007429420505200594
2897062860,37,1,0,1,1,0,1,0,0,0,1.0,0.0,1.0,1.0,0.0,1.0,0.0,0.0,0.0,1.0,0.0,1.0,0.0,0,0,1,1.0,0.0,1.0,2,1,4,0.0,4.37024735600035e-5,0.0,0.0,0.5,0.0,0.0,0.0,0.0,0.0,0.0,0.0,0.0,0.0009026744857741338,0.0,0.0008992805755395725,0.00023746129629953483,0.0,2.206212473704705e-6,0.0014858841010401188,0.0007429420505200594
1164314082146603008,37,1,0,1,1,0,1,0,0,0,1.0,0.0,1.0,1.0,0.0,1.0,0.0,0.0,0.0,1.0,0.0,1.0,0.0,0,0,1,1.0,0.0,1.0,2,1,4,0.0,4.37024735600035e-5,0.0,0.0,0.5,0.0,0.0,0.0,0.0,0.0,0.0,0.0,0.0,0.0009026744857741338,0.0,0.0008992805755395725,0.00023746129629953483,0.0,2.206212473704705e-6,0.0014858841010401188,0.0007429420505200594
969898586027704320,15,1,0,1,1,0,1,0,0,0,1.0,0.0,1.0,1.0,0.0,1.0,0.0,0.0,0.0,1.0,0.0,1.0,0.0,0,0,1,1.0,0.0,1.0,2,1,7,0.0,4.37024735600035e-5,0.0,0.0,0.5,0.0,0.0,0.0,0.0,0.0,0.0,0.0,0.0,0.000865457802502421,0.0,0.0008992805755395723,0.00023647749402333496,0.0,3.860871828983234e-6,0.0014858841010401188,0.0007429420505200594
1080597771290271744,15,1,0,1,1,0,1,0,0,0,1.0,0.0,1.0,1.0,0.0,1.0,0.0,0.0,0.0,1.0,0.0,1.0,0.0,0,0,1,1.0,0.0,1.0,2,1,7,0.0,4.37024735600035e-5,0.0,0.0,0.5,0.0,0.0,0.0,0.0,0.0,0.0,0.0,0.0,0.000865457802502421,0.0,0.0008992805755395723,0.00023647749402333496,0.0,3.860871828983234e-6,0.0014858841010401188,0.0007429420505200594
1215555400512094210,15,1,0,1,1,0,1,0,0,0,1.0,0.0,1.0,1.0,0.0,1.0,0.0,0.0,0.0,1.0,0.0,1.0,0.0,0,0,1,1.0,0.0,1.0,2,1,7,0.0,4.37024735600035e-5,0.0,0.0,0.5,0.0,0.0,0.0,0.0,0.0,0.0,0.0,0.0,0.000865457802502421,0.0,0.0008992805755395723,0.00023647749402333496,0.0,3.860871828983234e-6,0.0014858841010401188,0.0007429420505200594
2982543044,15,1,0,1,1,0,1,0,0,0,1.0,0.0,1.0,1.0,0.0,1.0,0.0,0.0,0.0,1.0,0.0,1.0,0.0,0,0,1,1.0,0.0,1.0,2,1,7,0.0,4.37024735600035e-5,0.0,0.0,0.5,0.0,0.0,0.0,0.0,0.0,0.0,0.0,0.0,0.000865457802502421,0.0,0.0008992805755395723,0.00023647749402333496,0.0,3.860871828983234e-6,0.0014858841010401188,0.0007429420505200594
1431456225057595393,15,1,0,1,1,0,1,0,0,0,1.0,0.0,1.0,1.0,0.0,1.0,0.0,0.0,0.0,1.0,0.0,1.0,0.0,0,0,1,1.0,0.0,1.0,2,1,7,0.0,4.37024735600035e-5,0.0,0.0,0.5,0.0,0.0,0.0,0.0,0.0,0.0,0.0,0.0,0.000865457802502421,0.0,0.0008992805755395723,0.00023647749402333496,0.0,3.860871828983234e-6,0.0014858841010401188,0.0007429420505200594
421016167,15,1,0,1,1,0,1,0,0,0,1.0,0.0,1.0,1.0,0.0,1.0,0.0,0.0,0.0,1.0,0.0,1.0,0.0,0,0,1,1.0,0.0,1.0,2,1,7,0.0,4.37024735600035e-5,0.0,0.0,0.5,0.0,0.0,0.0,0.0,0.0,0.0,0.0,0.0,0.000865457802502421,0.0,0.0008992805755395723,0.00023647749402333496,0.0,3.860871828983234e-6,0.0014858841010401188,0.0007429420505200594
1279630596633800706,38,1,0,1,1,0,1,0,0,0,1.0,0.0,1.0,1.0,0.0,1.0,0.0,0.0,0.0,1.0,0.0,1.0,0.0,0,0,1,1.0,0.0,1.0,2,1,2,0.0,4.37024735600035e-5,0.0,0.0,0.5,0.0,0.0,0.0,0.0,0.0,0.0,0.0,0.0,0.0011106815589552591,0.0,0.0008992805755395724,0.0002381171644837421,0.0,1.1031062368523526e-6,0.0014858841010401188,0.0007429420505200594
87658895,16,1,0,1,1,0,1,0,0,0,1.0,0.0,1.0,1.0,0.0,1.0,0.0,0.0,0.0,1.0,0.0,1.0,0.0,1,0,1,1.0,0.0,1.0,3,1,6,0.0,4.37024735600035e-5,0.0,0.0,0.5,0.0,0.0,0.0,0.0,0.0,0.0,0.0,0.0,0.0008153437900550552,0.0,0.0008992805755395724,0.00020204441435489606,0.0,3.3093187105570577e-6,0.002228826151560178,0.0007429420505200594
1152949239401418752,16,1,0,1,1,0,1,0,0,0,1.0,0.0,1.0,1.0,0.0,1.0,0.0,0.0,0.0,1.0,0.0,1.0,0.0,1,0,1,1.0,0.0,1.0,3,1,6,0.0,4.37024735600035e-5,0.0,0.0,0.5,0.0,0.0,0.0,0.0,0.0,0.0,0.0,0.0,0.0008153437900550552,0.0,0.0008992805755395724,0.00020204441435489606,0.0,3.3093187105570577e-6,0.002228826151560178,0.0007429420505200594
4703100438,16,2,0,2,2,0,2,0,0,0,2.0,0.0,2.0,2.0,0.0,2.0,0.0,0.0,0.0,1.0,0.0,1.0,0.0,1,0,1,3.0,0.0,4.0,5,1,15,0.0,8.7404947120007e-5,0.0,0.0,0.3333333333333333,0.0,0.0,0.0,0.0,0.0,0.0,0.0,0.0,0.0011438492204469916,0.0,0.0008992805755395724,0.00040465828771196755,0.0,8.273296776392644e-6,0.003714710252600297,0.0007429420505200594
1277761306376892416,16,1,0,1,1,0,1,0,0,0,1.0,0.0,1.0,1.0,0.0,1.0,0.0,0.0,0.0,1.0,0.0,1.0,0.0,1,0,1,1.0,0.0,1.0,4,1,13,0.0,4.37024735600035e-5,0.0,0.0,0.5,0.0,0.0,0.0,0.0,0.0,0.0,0.0,0.0,0.0007954502308707157,0.0,0.0008992805755395725,0.00020204441435489606,0.0,7.170190539540292e-6,0.0029717682020802376,0.0007429420505200594
942403230348087297,16,1,0,1,1,0,1,0,0,0,1.0,0.0,1.0,1.0,0.0,1.0,0.0,0.0,0.0,1.0,0.0,1.0,0.0,1,0,1,1.0,0.0,1.0,4,1,13,0.0,4.37024735600035e-5,0.0,0.0,0.5,0.0,0.0,0.0,0.0,0.0,0.0,0.0,0.0,0.0007954502308707157,0.0,0.0008992805755395725,0.00020204441435489606,0.0,7.170190539540292e-6,0.0029717682020802376,0.0007429420505200594
1332422155749847041,16,1,0,1,1,0,1,0,0,0,1.0,0.0,1.0,1.0,0.0,1.0,0.0,0.0,0.0,1.0,0.0,1.0,0.0,1,0,1,1.0,0.0,1.0,4,1,13,0.0,4.37024735600035e-5,0.0,0.0,0.5,0.0,0.0,0.0,0.0,0.0,0.0,0.0,0.0,0.0007954502308707157,0.0,0.0008992805755395725,0.00020204441435489606,0.0,7.170190539540292e-6,0.0029717682020802376,0.0007429420505200594
879445172,16,1,0,1,1,0,1,0,0,0,1.0,0.0,1.0,1.0,0.0,1.0,0.0,0.0,0.0,1.0,0.0,1.0,0.0,1,0,1,1.0,0.0,1.0,4,1,13,0.0,4.37024735600035e-5,0.0,0.0,0.5,0.0,0.0,0.0,0.0,0.0,0.0,0.0,0.0,0.0007954502308707157,0.0,0.0008992805755395725,0.00020204441435489606,0.0,7.170190539540292e-6,0.0029717682020802376,0.0007429420505200594
551677109,16,1,0,1,1,0,1,0,0,0,1.0,0.0,1.0,1.0,0.0,1.0,0.0,0.0,0.0,1.0,0.0,1.0,0.0,1,0,1,1.0,0.0,1.0,4,1,13,0.0,4.37024735600035e-5,0.0,0.0,0.5,0.0,0.0,0.0,0.0,0.0,0.0,0.0,0.0,0.0007954502308707157,0.0,0.0008992805755395725,0.00020204441435489606,0.0,7.170190539540292e-6,0.0029717682020802376,0.0007429420505200594
1018027650894344192,16,1,0,1,1,0,1,0,0,0,1.0,0.0,1.0,1.0,0.0,1.0,0.0,0.0,0.0,1.0,0.0,1.0,0.0,1,0,1,1.0,0.0,1.0,4,1,13,0.0,4.37024735600035e-5,0.0,0.0,0.5,0.0,0.0,0.0,0.0,0.0,0.0,0.0,0.0,0.0007954502308707157,0.0,0.0008992805755395725,0.00020204441435489606,0.0,7.170190539540292e-6,0.0029717682020802376,0.0007429420505200594
1425846196761858055,16,1,0,1,1,0,1,0,0,0,1.0,0.0,1.0,1.0,0.0,1.0,0.0,0.0,0.0,1.0,0.0,1.0,0.0,1,0,1,1.0,0.0,1.0,4,1,13,0.0,4.37024735600035e-5,0.0,0.0,0.5,0.0,0.0,0.0,0.0,0.0,0.0,0.0,0.0,0.0007954502308707157,0.0,0.0008992805755395725,0.00020204441435489606,0.0,7.170190539540292e-6,0.0029717682020802376,0.0007429420505200594
830645225160740864,16,1,0,1,1,0,1,0,0,0,1.0,0.0,1.0,1.0,0.0,1.0,0.0,0.0,0.0,1.0,0.0,1.0,0.0,1,0,1,1.0,0.0,1.0,4,1,13,0.0,4.37024735600035e-5,0.0,0.0,0.5,0.0,0.0,0.0,0.0,0.0,0.0,0.0,0.0,0.0007954502308707157,0.0,0.0008992805755395725,0.00020204441435489606,0.0,7.170190539540292e-6,0.0029717682020802376,0.0007429420505200594
985029721,16,1,0,1,1,0,1,0,0,0,1.0,0.0,1.0,1.0,0.0,1.0,0.0,0.0,0.0,1.0,0.0,1.0,0.0,0,0,1,1.0,0.0,1.0,2,1,4,0.0,4.37024735600035e-5,0.0,0.0,0.5,0.0,0.0,0.0,0.0,0.0,0.0,0.0,0.0,0.0009335000691870975,0.0,0.0008992805755395725,0.00020204441435489606,0.0,2.206212473704705e-6,0.0014858841010401188,0.0007429420505200594
857255720282202112,16,1,0,1,1,0,1,0,0,0,1.0,0.0,1.0,1.0,0.0,1.0,0.0,0.0,0.0,1.0,0.0,1.0,0.0,0,0,1,1.0,0.0,1.0,2,1,4,0.0,4.37024735600035e-5,0.0,0.0,0.5,0.0,0.0,0.0,0.0,0.0,0.0,0.0,0.0,0.0009335000691870975,0.0,0.0008992805755395725,0.00020204441435489606,0.0,2.206212473704705e-6,0.0014858841010401188,0.0007429420505200594
1349186366056271872,17,1,0,1,1,0,1,0,0,0,1.0,0.0,1.0,1.0,0.0,1.0,0.0,0.0,0.0,1.0,0.0,1.0,0.0,0,0,1,1.0,0.0,1.0,2,1,3,0.0,4.37024735600035e-5,0.0,0.0,0.5,0.0,0.0,0.0,0.0,0.0,0.0,0.0,0.0,0.0009492101929361273,0.0,0.0008992805755395724,0.00023778923039163846,0.0,1.6546593552785288e-6,0.0014858841010401188,0.0007429420505200594
1209957705428942848,17,1,0,1,1,0,1,0,0,0,1.0,0.0,1.0,1.0,0.0,1.0,0.0,0.0,0.0,1.0,0.0,1.0,0.0,0,0,1,1.0,0.0,1.0,2,1,3,0.0,4.37024735600035e-5,0.0,0.0,0.5,0.0,0.0,0.0,0.0,0.0,0.0,0.0,0.0,0.0009492101929361273,0.0,0.0008992805755395724,0.00023778923039163846,0.0,1.6546593552785288e-6,0.0014858841010401188,0.0007429420505200594
4747292894,8,1,0,1,1,0,1,0,0,0,1.0,0.0,1.0,1.0,0.0,1.0,0.0,0.0,0.0,1.0,0.0,1.0,0.0,0,0,1,1.0,0.0,1.0,2,1,5,0.0,4.37024735600035e-5,0.0,0.0,0.5,0.0,0.0,0.0,0.0,0.0,0.0,0.0,0.0,0.0010256338181102687,0.0,0.0008992805755395705,0.00019728937001983748,0.0,2.757765592130881e-6,0.0014858841010401188,0.0007429420505200594
1390931524137017346,18,1,0,1,1,0,1,0,0,0,1.0,0.0,1.0,1.0,0.0,1.0,0.0,0.0,0.0,1.0,0.0,1.0,0.0,0,0,1,1.0,0.0,1.0,2,1,2,0.0,4.37024735600035e-5,0.0,0.0,0.5,0.0,0.0,0.0,0.0,0.0,0.0,0.0,0.0,0.0011106815654444992,0.0,0.0008992805755395724,0.0002381171644837421,0.0,1.1031062368523526e-6,0.0014858841010401188,0.0007429420505200594
3036306081,19,1,0,1,1,0,1,0,0,0,1.0,0.0,1.0,1.0,0.0,1.0,0.0,0.0,0.0,1.0,0.0,1.0,0.0,0,0,1,1.0,0.0,1.0,2,1,2,0.0,4.37024735600035e-5,0.0,0.0,0.5,0.0,0.0,0.0,0.0,0.0,0.0,0.0,0.0,0.0011106811916029274,0.0,0.0008992805755395724,0.0002381171644837421,0.0,1.1031062368523526e-6,0.0014858841010401188,0.0007429420505200594
3351814421,20,1,0,1,1,0,1,0,0,0,1.0,0.0,1.0,1.0,0.0,1.0,0.0,0.0,0.0,1.0,0.0,1.0,0.0,0,0,1,1.0,0.0,1.0,2,1,4,0.0,4.37024735600035e-5,0.0,0.0,0.5,0.0,0.0,0.0,0.0,0.0,0.0,0.0,0.0,0.0009026744300187092,0.0,0.0008992805755395725,0.00023746129629953483,0.0,2.206212473704705e-6,0.0014858841010401188,0.0007429420505200594
800033485918507009,20,1,0,1,1,0,1,0,0,0,1.0,0.0,1.0,1.0,0.0,1.0,0.0,0.0,0.0,1.0,0.0,1.0,0.0,0,0,1,1.0,0.0,1.0,2,1,4,0.0,4.37024735600035e-5,0.0,0.0,0.5,0.0,0.0,0.0,0.0,0.0,0.0,0.0,0.0,0.0009026744300187092,0.0,0.0008992805755395725,0.00023746129629953483,0.0,2.206212473704705e-6,0.0014858841010401188,0.0007429420505200594
727844734983647232,20,1,0,1,1,0,1,0,0,0,1.0,0.0,1.0,1.0,0.0,1.0,0.0,0.0,0.0,1.0,0.0,1.0,0.0,0,0,1,1.0,0.0,1.0,2,1,4,0.0,4.37024735600035e-5,0.0,0.0,0.5,0.0,0.0,0.0,0.0,0.0,0.0,0.0,0.0,0.0009026744300187092,0.0,0.0008992805755395725,0.00023746129629953483,0.0,2.206212473704705e-6,0.0014858841010401188,0.0007429420505200594
1189980851532120064,39,1,0,1,1,0,1,0,0,0,1.0,0.0,1.0,1.0,0.0,1.0,0.0,0.0,0.0,1.0,0.0,1.0,0.0,0,0,1,1.0,0.0,1.0,2,1,2,0.0,4.37024735600035e-5,0.0,0.0,0.5,0.0,0.0,0.0,0.0,0.0,0.0,0.0,0.0,0.0011106812096898528,0.0,0.0008992805755395724,0.0002381171644837421,0.0,1.1031062368523526e-6,0.0014858841010401188,0.0007429420505200594
36515850,21,1,0,1,1,0,1,0,0,0,1.0,0.0,1.0,1.0,0.0,1.0,0.0,0.0,0.0,1.0,0.0,1.0,0.0,0,0,1,1.0,0.0,1.0,2,1,5,0.0,4.37024735600035e-5,0.0,0.0,0.5,0.0,0.0,0.0,0.0,0.0,0.0,0.0,0.0,0.000882467750612317,0.0,0.0008992805755395724,0.0002371333622074312,0.0,2.757765592130881e-6,0.0014858841010401188,0.0007429420505200594
2398523808,21,1,0,1,1,0,1,0,0,0,1.0,0.0,1.0,1.0,0.0,1.0,0.0,0.0,0.0,1.0,0.0,1.0,0.0,0,0,1,1.0,0.0,1.0,2,1,5,0.0,4.37024735600035e-5,0.0,0.0,0.5,0.0,0.0,0.0,0.0,0.0,0.0,0.0,0.0,0.000882467750612317,0.0,0.0008992805755395724,0.0002371333622074312,0.0,2.757765592130881e-6,0.0014858841010401188,0.0007429420505200594
840438794,21,1,0,1,1,0,1,0,0,0,1.0,0.0,1.0,1.0,0.0,1.0,0.0,0.0,0.0,1.0,0.0,1.0,0.0,0,0,1,1.0,0.0,1.0,2,1,5,0.0,4.37024735600035e-5,0.0,0.0,0.5,0.0,0.0,0.0,0.0,0.0,0.0,0.0,0.0,0.000882467750612317,0.0,0.0008992805755395724,0.0002371333622074312,0.0,2.757765592130881e-6,0.0014858841010401188,0.0007429420505200594
1150596617696792576,21,1,0,1,1,0,1,0,0,0,1.0,0.0,1.0,1.0,0.0,1.0,0.0,0.0,0.0,1.0,0.0,1.0,0.0,0,0,1,1.0,0.0,1.0,2,1,5,0.0,4.37024735600035e-5,0.0,0.0,0.5,0.0,0.0,0.0,0.0,0.0,0.0,0.0,0.0,0.000882467750612317,0.0,0.0008992805755395724,0.0002371333622074312,0.0,2.757765592130881e-6,0.0014858841010401188,0.0007429420505200594
281503159,22,1,0,1,1,0,1,0,0,0,1.0,0.0,1.0,1.0,0.0,1.0,0.0,0.0,0.0,1.0,0.0,1.0,0.0,0,0,1,1.0,0.0,1.0,2,1,4,0.0,4.37024735600035e-5,0.0,0.0,0.5,0.0,0.0,0.0,0.0,0.0,0.0,0.0,0.0,0.0009572937180328936,0.0,0.0008992805755395725,0.00020794722801242838,0.0,2.206212473704705e-6,0.0014858841010401188,0.0007429420505200594
1513380994287472642,22,1,0,1,1,0,1,0,0,0,4.0,0.0,4.0,4.0,0.0,4.0,0.0,0.0,0.0,1.0,0.0,1.0,0.0,0,0,1,11.0,0.0,14.0,2,1,4,0.0,0.000174809894240014,0.0,0.0,0.5,0.0,0.0,0.0,0.0,0.0,0.0,0.0,0.0,0.0013673343184971453,0.0,0.0008992805755395725,0.0008352806271970659,0.0,2.206212473704705e-6,0.0014858841010401188,0.0007429420505200594
1459144189531148291,23,2,0,2,2,0,2,0,0,0,2.0,0.0,2.0,2.0,0.0,2.0,0.0,0.0,0.0,1.0,0.0,1.0,0.0,0,0,2,2.0,0.0,5.0,3,1,4,0.0,8.7404947120007e-5,0.0,0.0,0.5,0.25,0.0,0.0,0.5,0.0,0.5,1.0,0.0,0.0010621663275765985,0.0,0.0008992805755395724,0.00047424835734033444,0.0,2.206212473704705e-6,0.002228826151560178,0.0007429420505200594
1065622335380582400,23,2,0,2,2,0,2,0,0,0,2.0,0.0,2.0,2.0,0.0,2.0,0.0,0.0,0.0,1.0,0.0,1.0,0.0,0,0,2,2.0,0.0,5.0,3,1,4,0.0,8.7404947120007e-5,0.0,0.0,0.5,0.25,0.0,0.0,0.5,0.0,0.5,1.0,0.0,0.0010621663275765985,0.0,0.0008992805755395724,0.00047424835734033444,0.0,2.206212473704705e-6,0.002228826151560178,0.0007429420505200594
1267218665239220224,16,1,0,1,1,0,1,0,0,0,1.0,0.0,1.0,1.0,0.0,1.0,0.0,0.0,0.0,1.0,0.0,1.0,0.0,0,0,1,1.0,0.0,1.0,2,1,3,0.0,4.37024735600035e-5,0.0,0.0,0.5,0.0,0.0,0.0,0.0,0.0,0.0,0.0,0.0,0.001049633065712523,0.0,0.0008992805755395724,0.00020204441435489606,0.0,1.6546593552785288e-6,0.0014858841010401188,0.0007429420505200594
1662456378,16,1,0,1,1,0,1,0,0,0,1.0,0.0,1.0,1.0,0.0,1.0,0.0,0.0,0.0,1.0,0.0,1.0,0.0,0,0,1,1.0,0.0,1.0,2,1,9,0.0,4.37024735600035e-5,0.0,0.0,0.5,0.0,0.0,0.0,0.0,0.0,0.0,0.0,0.0,0.0007883338235303161,0.0,0.0008992805755395724,0.00020204441435489606,0.0,4.963978065835587e-6,0.0014858841010401188,0.0007429420505200594
63689241,16,1,0,1,1,0,1,0,0,0,1.0,0.0,1.0,1.0,0.0,1.0,0.0,0.0,0.0,1.0,0.0,1.0,0.0,0,0,1,1.0,0.0,1.0,2,1,9,0.0,4.37024735600035e-5,0.0,0.0,0.5,0.0,0.0,0.0,0.0,0.0,0.0,0.0,0.0,0.0007883338235303161,0.0,0.0008992805755395724,0.00020204441435489606,0.0,4.963978065835587e-6,0.0014858841010401188,0.0007429420505200594
807579481770594304,16,1,0,1,1,0,1,0,0,0,1.0,0.0,1.0,1.0,0.0,1.0,0.0,0.0,0.0,1.0,0.0,1.0,0.0,0,0,1,1.0,0.0,1.0,2,1,9,0.0,4.37024735600035e-5,0.0,0.0,0.5,0.0,0.0,0.0,0.0,0.0,0.0,0.0,0.0,0.0007883338235303161,0.0,0.0008992805755395724,0.00020204441435489606,0.0,4.963978065835587e-6,0.0014858841010401188,0.0007429420505200594
1620222817,16,2,0,2,2,0,2,0,0,0,2.0,0.0,2.0,2.0,0.0,2.0,0.0,0.0,0.0,1.0,0.0,1.0,0.0,0,0,2,3.0,0.0,5.0,3,1,15,0.0,8.7404947120007e-5,0.0,0.0,0.3333333333333333,0.0,0.0,0.0,0.0,0.0,0.0,0.0,0.0,0.000875433570924385,0.0,0.0008992805755395724,0.00040465828771196755,0.0,8.273296776392644e-6,0.002228826151560178,0.0007429420505200594
1478626276386623489,16,1,0,1,1,0,1,0,0,0,1.0,0.0,1.0,1.0,0.0,1.0,0.0,0.0,0.0,1.0,0.0,1.0,0.0,0,0,1,1.0,0.0,1.0,2,1,9,0.0,4.37024735600035e-5,0.0,0.0,0.5,0.0,0.0,0.0,0.0,0.0,0.0,0.0,0.0,0.0007883338235303161,0.0,0.0008992805755395724,0.00020204441435489606,0.0,4.963978065835587e-6,0.0014858841010401188,0.0007429420505200594
3278510262,16,2,0,2,2,0,2,0,0,0,3.0,0.0,3.0,3.0,0.0,3.0,0.0,0.0,0.0,1.0,0.0,1.0,0.0,0,0,2,10.0,0.0,9.0,3,1,15,0.0,0.00013110742068001048,0.0,0.0,0.3333333333333333,0.0,0.0,0.0,0.0,0.0,0.0,0.0,0.0,0.0009625333183184541,0.0,0.0008992805755395725,0.0006078430024573089,0.0,8.273296776392644e-6,0.002228826151560178,0.0007429420505200594
27936658,8,1,0,1,1,0,1,0,0,0,1.0,0.0,1.0,1.0,0.0,1.0,0.0,0.0,0.0,1.0,0.0,1.0,0.0,0,0,1,1.0,0.0,1.0,2,1,18,0.0,4.37024735600035e-5,0.0,0.0,0.5,0.0,0.0,0.0,0.0,0.0,0.0,0.0,0.0,0.0008661735845963931,0.0,0.00089928057553957,0.00018236836883023244,0.0,9.927956131671174e-6,0.0014858841010401188,0.0007429420505200594
1036814163371220993,8,1,0,1,1,0,1,0,0,0,1.0,0.0,1.0,1.0,0.0,1.0,0.0,0.0,0.0,1.0,0.0,1.0,0.0,0,0,1,1.0,0.0,1.0,2,1,18,0.0,4.37024735600035e-5,0.0,0.0,0.5,0.0,0.0,0.0,0.0,0.0,0.0,0.0,0.0,0.0008661735845963931,0.0,0.00089928057553957,0.00018236836883023244,0.0,9.927956131671174e-6,0.0014858841010401188,0.0007429420505200594
881687970222194689,8,1,0,1,1,0,1,0,0,0,1.0,0.0,1.0,1.0,0.0,1.0,0.0,0.0,0.0,1.0,0.0,1.0,0.0,0,0,1,1.0,0.0,1.0,2,1,18,0.0,4.37024735600035e-5,0.0,0.0,0.5,0.0,0.0,0.0,0.0,0.0,0.0,0.0,0.0,0.0008661735845963931,0.0,0.00089928057553957,0.00018236836883023244,0.0,9.927956131671174e-6,0.0014858841010401188,0.0007429420505200594
43502354,8,1,0,1,1,0,1,0,0,0,1.0,0.0,1.0,1.0,0.0,1.0,0.0,0.0,0.0,1.0,0.0,1.0,0.0,0,0,1,1.0,0.0,1.0,2,1,18,0.0,4.37024735600035e-5,0.0,0.0,0.5,0.0,0.0,0.0,0.0,0.0,0.0,0.0,0.0,0.0008661735845963931,0.0,0.00089928057553957,0.00018236836883023244,0.0,9.927956131671174e-6,0.0014858841010401188,0.0007429420505200594
1240414825596874752,24,1,0,1,1,0,1,0,0,0,2.0,0.0,2.0,2.0,0.0,2.0,0.0,0.0,0.0,1.0,0.0,1.0,0.0,0,0,1,3.0,0.0,5.0,2,1,9,0.0,8.7404947120007e-5,0.0,0.0,0.5,0.0,0.0,0.0,0.0,0.0,0.0,0.0,0.0,0.0009147632161535995,0.0,0.0008992805755395725,0.00047096580688621437,0.0,4.963978065835587e-6,0.0014858841010401188,0.0007429420505200594
1263530913498947590,24,1,0,1,1,0,1,0,0,0,1.0,0.0,1.0,1.0,0.0,1.0,0.0,0.0,0.0,1.0,0.0,1.0,0.0,0,0,1,1.0,0.0,1.0,2,1,9,0.0,4.37024735600035e-5,0.0,0.0,0.5,0.0,0.0,0.0,0.0,0.0,0.0,0.0,0.0,0.000839853071263242,0.0,0.0008992805755395725,0.00023516575765492043,0.0,4.963978065835587e-6,0.0014858841010401188,0.0007429420505200594
3376588993,24,1,0,1,1,0,1,0,0,0,2.0,0.0,2.0,2.0,0.0,2.0,0.0,0.0,0.0,1.0,0.0,1.0,0.0,0,0,1,3.0,0.0,5.0,2,1,9,0.0,8.7404947120007e-5,0.0,0.0,0.5,0.0,0.0,0.0,0.0,0.0,0.0,0.0,0.0,0.0009147632161535995,0.0,0.0008992805755395725,0.00047096580688621437,0.0,4.963978065835587e-6,0.0014858841010401188,0.0007429420505200594
1454096627287744516,24,1,0,1,1,0,1,0,0,0,1.0,0.0,1.0,1.0,0.0,1.0,0.0,0.0,0.0,1.0,0.0,1.0,0.0,0,0,1,1.0,0.0,1.0,2,1,9,0.0,4.37024735600035e-5,0.0,0.0,0.5,0.0,0.0,0.0,0.0,0.0,0.0,0.0,0.0,0.000839853071263242,0.0,0.0008992805755395725,0.00023516575765492043,0.0,4.963978065835587e-6,0.0014858841010401188,0.0007429420505200594
1429561775549079552,24,1,0,1,1,0,1,0,0,0,1.0,0.0,1.0,1.0,0.0,1.0,0.0,0.0,0.0,1.0,0.0,1.0,0.0,0,0,1,1.0,0.0,1.0,2,1,9,0.0,4.37024735600035e-5,0.0,0.0,0.5,0.0,0.0,0.0,0.0,0.0,0.0,0.0,0.0,0.000839853071263242,0.0,0.0008992805755395725,0.00023516575765492043,0.0,4.963978065835587e-6,0.0014858841010401188,0.0007429420505200594
943497439146778624,24,1,0,1,1,0,1,0,0,0,1.0,0.0,1.0,1.0,0.0,1.0,0.0,0.0,0.0,1.0,0.0,1.0,0.0,0,0,1,1.0,0.0,1.0,2,1,9,0.0,4.37024735600035e-5,0.0,0.0,0.5,0.0,0.0,0.0,0.0,0.0,0.0,0.0,0.0,0.000839853071263242,0.0,0.0008992805755395725,0.00023516575765492043,0.0,4.963978065835587e-6,0.0014858841010401188,0.0007429420505200594
1393383788562894849,24,1,0,1,1,0,1,0,0,0,1.0,0.0,1.0,1.0,0.0,1.0,0.0,0.0,0.0,1.0,0.0,1.0,0.0,0,0,1,1.0,0.0,1.0,2,1,9,0.0,4.37024735600035e-5,0.0,0.0,0.5,0.0,0.0,0.0,0.0,0.0,0.0,0.0,0.0,0.000839853071263242,0.0,0.0008992805755395725,0.00023516575765492043,0.0,4.963978065835587e-6,0.0014858841010401188,0.0007429420505200594
1538048353,24,1,0,1,1,0,1,0,0,0,1.0,0.0,1.0,1.0,0.0,1.0,0.0,0.0,0.0,1.0,0.0,1.0,0.0,0,0,1,1.0,0.0,1.0,2,1,9,0.0,4.37024735600035e-5,0.0,0.0,0.5,0.0,0.0,0.0,0.0,0.0,0.0,0.0,0.0,0.000839853071263242,0.0,0.0008992805755395725,0.00023516575765492043,0.0,4.963978065835587e-6,0.0014858841010401188,0.0007429420505200594
1598391684,25,1,0,1,1,0,1,0,0,0,1.0,0.0,1.0,1.0,0.0,1.0,0.0,0.0,0.0,1.0,0.0,1.0,0.0,0,0,1,1.0,0.0,1.0,2,1,4,0.0,4.37024735600035e-5,0.0,0.0,0.5,0.0,0.0,0.0,0.0,0.0,0.0,0.0,0.0,0.0009026744948651721,0.0,0.0008992805755395725,0.00023746129629953483,0.0,2.206212473704705e-6,0.0014858841010401188,0.0007429420505200594
1384150550757797894,25,1,0,1,1,0,1,0,0,0,1.0,0.0,1.0,1.0,0.0,1.0,0.0,0.0,0.0,1.0,0.0,1.0,0.0,0,0,1,1.0,0.0,1.0,2,1,4,0.0,4.37024735600035e-5,0.0,0.0,0.5,0.0,0.0,0.0,0.0,0.0,0.0,0.0,0.0,0.0009026744948651721,0.0,0.0008992805755395725,0.00023746129629953483,0.0,2.206212473704705e-6,0.0014858841010401188,0.0007429420505200594
41559330,25,1,0,1,1,0,1,0,0,0,1.0,0.0,1.0,1.0,0.0,1.0,0.0,0.0,0.0,1.0,0.0,1.0,0.0,0,0,1,1.0,0.0,1.0,2,1,4,0.0,4.37024735600035e-5,0.0,0.0,0.5,0.0,0.0,0.0,0.0,0.0,0.0,0.0,0.0,0.0009026744948651721,0.0,0.0008992805755395725,0.00023746129629953483,0.0,2.206212473704705e-6,0.0014858841010401188,0.0007429420505200594
922436178636185601,16,1,0,1,1,0,1,0,0,0,1.0,0.0,1.0,1.0,0.0,1.0,0.0,0.0,0.0,1.0,0.0,1.0,0.0,0,0,1,1.0,0.0,1.0,2,1,8,0.0,4.37024735600035e-5,0.0,0.0,0.5,0.0,0.0,0.0,0.0,0.0,0.0,0.0,0.0,0.0007883338235303161,0.0,0.0008992805755395724,0.00020204441435489606,0.0,4.41242494740941e-6,0.0014858841010401188,0.0007429420505200594
724765470625161218,16,1,0,1,1,0,1,0,0,0,1.0,0.0,1.0,1.0,0.0,1.0,0.0,0.0,0.0,1.0,0.0,1.0,0.0,0,0,1,1.0,0.0,1.0,2,1,8,0.0,4.37024735600035e-5,0.0,0.0,0.5,0.0,0.0,0.0,0.0,0.0,0.0,0.0,0.0,0.0007883338235303161,0.0,0.0008992805755395724,0.00020204441435489606,0.0,4.41242494740941e-6,0.0014858841010401188,0.0007429420505200594
802515200083509248,16,1,0,1,1,0,1,0,0,0,1.0,0.0,1.0,1.0,0.0,1.0,0.0,0.0,0.0,1.0,0.0,1.0,0.0,0,0,1,1.0,0.0,1.0,2,1,8,0.0,4.37024735600035e-5,0.0,0.0,0.5,0.0,0.0,0.0,0.0,0.0,0.0,0.0,0.0,0.0007883338235303161,0.0,0.0008992805755395724,0.00020204441435489606,0.0,4.41242494740941e-6,0.0014858841010401188,0.0007429420505200594
921705760677019648,16,1,0,1,1,0,1,0,0,0,1.0,0.0,1.0,1.0,0.0,1.0,0.0,0.0,0.0,1.0,0.0,1.0,0.0,0,0,1,1.0,0.0,1.0,2,1,8,0.0,4.37024735600035e-5,0.0,0.0,0.5,0.0,0.0,0.0,0.0,0.0,0.0,0.0,0.0,0.0007883338235303161,0.0,0.0008992805755395724,0.00020204441435489606,0.0,4.41242494740941e-6,0.0014858841010401188,0.0007429420505200594
535969477,16,2,0,2,2,0,2,0,0,0,2.0,0.0,2.0,2.0,0.0,2.0,0.0,0.0,0.0,1.0,0.0,1.0,0.0,0,0,2,3.0,0.0,5.0,3,1,10,0.0,8.7404947120007e-5,0.0,0.0,0.3333333333333333,0.0,0.0,0.0,0.0,0.0,0.0,0.0,0.0,0.0011367328131065917,0.0,0.0008992805755395724,0.00040465828771196755,0.0,5.515531184261762e-6,0.002228826151560178,0.0007429420505200594
2897350626,26,1,0,1,1,0,1,0,0,0,1.0,0.0,1.0,1.0,0.0,1.0,0.0,0.0,0.0,1.0,0.0,1.0,0.0,0,0,1,1.0,0.0,1.0,2,1,6,0.0,4.37024735600035e-5,0.0,0.0,0.5,0.0,0.0,0.0,0.0,0.0,0.0,0.0,0.0,0.0008717979529883479,0.0,0.0008992805755395724,0.0002368054281154386,0.0,3.3093187105570577e-6,0.0014858841010401188,0.0007429420505200594
1305139218138587136,26,1,0,1,1,0,1,0,0,0,1.0,0.0,1.0,1.0,0.0,1.0,0.0,0.0,0.0,1.0,0.0,1.0,0.0,0,0,1,1.0,0.0,1.0,2,1,6,0.0,4.37024735600035e-5,0.0,0.0,0.5,0.0,0.0,0.0,0.0,0.0,0.0,0.0,0.0,0.0008717979529883479,0.0,0.0008992805755395724,0.0002368054281154386,0.0,3.3093187105570577e-6,0.0014858841010401188,0.0007429420505200594
1239891882051686401,26,1,0,1,1,0,1,0,0,0,1.0,0.0,1.0,1.0,0.0,1.0,0.0,0.0,0.0,1.0,0.0,1.0,0.0,0,0,1,1.0,0.0,1.0,2,1,6,0.0,4.37024735600035e-5,0.0,0.0,0.5,0.0,0.0,0.0,0.0,0.0,0.0,0.0,0.0,0.0008717979529883479,0.0,0.0008992805755395724,0.0002368054281154386,0.0,3.3093187105570577e-6,0.0014858841010401188,0.0007429420505200594
549766757,26,1,0,1,1,0,1,0,0,0,1.0,0.0,1.0,1.0,0.0,1.0,0.0,0.0,0.0,1.0,0.0,1.0,0.0,0,0,1,1.0,0.0,1.0,2,1,6,0.0,4.37024735600035e-5,0.0,0.0,0.5,0.0,0.0,0.0,0.0,0.0,0.0,0.0,0.0,0.0008717979529883479,0.0,0.0008992805755395724,0.0002368054281154386,0.0,3.3093187105570577e-6,0.0014858841010401188,0.0007429420505200594
728824901583282176,26,1,0,1,1,0,1,0,0,0,1.0,0.0,1.0,1.0,0.0,1.0,0.0,0.0,0.0,1.0,0.0,1.0,0.0,0,0,1,1.0,0.0,1.0,2,1,6,0.0,4.37024735600035e-5,0.0,0.0,0.5,0.0,0.0,0.0,0.0,0.0,0.0,0.0,0.0,0.0008717979529883479,0.0,0.0008992805755395724,0.0002368054281154386,0.0,3.3093187105570577e-6,0.0014858841010401188,0.0007429420505200594
2445657906,40,1,0,1,1,0,1,0,0,0,1.0,0.0,1.0,1.0,0.0,1.0,0.0,0.0,0.0,1.0,0.0,1.0,0.0,0,0,1,1.0,0.0,1.0,2,1,2,0.0,4.37024735600035e-5,0.0,0.0,0.5,0.0,0.0,0.0,0.0,0.0,0.0,0.0,0.0,0.0011106812182844247,0.0,0.0008992805755395724,0.0002381171644837421,0.0,1.1031062368523526e-6,0.0014858841010401188,0.0007429420505200594
1462042723255418881,41,1,0,1,1,0,1,0,0,0,1.0,0.0,1.0,1.0,0.0,1.0,0.0,0.0,0.0,1.0,0.0,1.0,0.0,0,0,1,1.0,0.0,1.0,2,1,2,0.0,4.37024735600035e-5,0.0,0.0,0.5,0.0,0.0,0.0,0.0,0.0,0.0,0.0,0.0,0.001110681229237042,0.0,0.0008992805755395724,0.0002381171644837421,0.0,1.1031062368523526e-6,0.0014858841010401188,0.0007429420505200594
1384453152884236294,4,1,0,1,1,0,1,0,0,0,1.0,0.0,1.0,1.0,0.0,1.0,0.0,0.0,0.0,1.0,0.0,1.0,0.0,0,0,1,1.0,0.0,1.0,2,1,6,0.0,4.37024735600035e-5,0.0,0.0,0.5,0.0,0.0,0.0,0.0,0.0,0.0,0.0,0.0,0.0009572937180328936,0.0,0.0008992805755395718,0.00018695944611935023,0.0,3.3093187105570577e-6,0.0014858841010401188,0.0007429420505200594
1059560658142879745,4,1,0,1,1,0,1,0,0,0,1.0,0.0,1.0,1.0,0.0,1.0,0.0,0.0,0.0,1.0,0.0,1.0,0.0,0,0,1,1.0,0.0,1.0,2,1,6,0.0,4.37024735600035e-5,0.0,0.0,0.5,0.0,0.0,0.0,0.0,0.0,0.0,0.0,0.0,0.0009572937180328936,0.0,0.0008992805755395718,0.00018695944611935023,0.0,3.3093187105570577e-6,0.0014858841010401188,0.0007429420505200594
1173373472,4,1,0,1,1,0,1,0,0,0,1.0,0.0,1.0,1.0,0.0,1.0,0.0,0.0,0.0,1.0,0.0,1.0,0.0,0,0,1,1.0,0.0,1.0,2,1,6,0.0,4.37024735600035e-5,0.0,0.0,0.5,0.0,0.0,0.0,0.0,0.0,0.0,0.0,0.0,0.0009572937180328936,0.0,0.0008992805755395718,0.00018695944611935023,0.0,3.3093187105570577e-6,0.0014858841010401188,0.0007429420505200594
491468208,42,1,0,1,1,0,1,0,0,0,1.0,0.0,1.0,1.0,0.0,1.0,0.0,0.0,0.0,1.0,0.0,1.0,0.0,0,0,1,1.0,0.0,1.0,2,1,2,0.0,4.37024735600035e-5,0.0,0.0,0.5,0.0,0.0,0.0,0.0,0.0,0.0,0.0,0.0,0.0011106815956788683,0.0,0.0008992805755395724,0.0002381171644837421,0.0,1.1031062368523526e-6,0.0014858841010401188,0.0007429420505200594
2255124486,27,1,0,1,1,0,1,0,0,0,1.0,0.0,1.0,1.0,0.0,1.0,0.0,0.0,0.0,1.0,0.0,1.0,0.0,0,0,1,1.0,0.0,1.0,2,1,41,0.0,4.37024735600035e-5,0.0,0.0,0.5,0.0,0.0,0.0,0.0,0.0,0.0,0.0,0.0,0.0008411155479013555,0.0,0.0008992805755395702,0.000174825884712404,0.0,2.2613677855473228e-5,0.0014858841010401188,0.0007429420505200594
1486413380,27,1,0,1,1,0,1,0,0,0,1.0,0.0,1.0,1.0,0.0,1.0,0.0,0.0,0.0,1.0,0.0,1.0,0.0,0,0,1,1.0,0.0,1.0,2,1,41,0.0,4.37024735600035e-5,0.0,0.0,0.5,0.0,0.0,0.0,0.0,0.0,0.0,0.0,0.0,0.0008411155479013555,0.0,0.0008992805755395702,0.000174825884712404,0.0,2.2613677855473228e-5,0.0014858841010401188,0.0007429420505200594
1360733505416749056,27,1,0,1,1,0,1,0,0,0,1.0,0.0,1.0,1.0,0.0,1.0,0.0,0.0,0.0,1.0,0.0,1.0,0.0,0,0,1,1.0,0.0,1.0,2,1,41,0.0,4.37024735600035e-5,0.0,0.0,0.5,0.0,0.0,0.0,0.0,0.0,0.0,0.0,0.0,0.0008411155479013555,0.0,0.0008992805755395702,0.000174825884712404,0.0,2.2613677855473228e-5,0.0014858841010401188,0.0007429420505200594
1482341826149470210,27,1,0,1,1,0,1,0,0,0,1.0,0.0,1.0,1.0,0.0,1.0,0.0,0.0,0.0,1.0,0.0,1.0,0.0,0,0,1,1.0,0.0,1.0,2,1,41,0.0,4.37024735600035e-5,0.0,0.0,0.5,0.0,0.0,0.0,0.0,0.0,0.0,0.0,0.0,0.0008411155479013555,0.0,0.0008992805755395702,0.000174825884712404,0.0,2.2613677855473228e-5,0.0014858841010401188,0.0007429420505200594
814000958770413568,27,1,0,1,1,0,1,0,0,0,1.0,0.0,1.0,1.0,0.0,1.0,0.0,0.0,0.0,1.0,0.0,1.0,0.0,0,0,1,1.0,0.0,1.0,2,1,41,0.0,4.37024735600035e-5,0.0,0.0,0.5,0.0,0.0,0.0,0.0,0.0,0.0,0.0,0.0,0.0008411155479013555,0.0,0.0008992805755395702,0.000174825884712404,0.0,2.2613677855473228e-5,0.0014858841010401188,0.0007429420505200594
1053472456969728003,27,1,0,1,1,0,1,0,0,0,1.0,0.0,1.0,1.0,0.0,1.0,0.0,0.0,0.0,1.0,0.0,1.0,0.0,0,0,1,1.0,0.0,1.0,2,1,41,0.0,4.37024735600035e-5,0.0,0.0,0.5,0.0,0.0,0.0,0.0,0.0,0.0,0.0,0.0,0.0008411155479013555,0.0,0.0008992805755395702,0.000174825884712404,0.0,2.2613677855473228e-5,0.0014858841010401188,0.0007429420505200594
246930965,27,1,0,1,1,0,1,0,0,0,1.0,0.0,1.0,1.0,0.0,1.0,0.0,0.0,0.0,1.0,0.0,1.0,0.0,0,0,1,1.0,0.0,1.0,2,1,41,0.0,4.37024735600035e-5,0.0,0.0,0.5,0.0,0.0,0.0,0.0,0.0,0.0,0.0,0.0,0.0008411155479013555,0.0,0.0008992805755395702,0.000174825884712404,0.0,2.2613677855473228e-5,0.0014858841010401188,0.0007429420505200594
1469425596728070150,27,1,0,1,1,0,1,0,0,0,1.0,0.0,1.0,1.0,0.0,1.0,0.0,0.0,0.0,1.0,0.0,1.0,0.0,0,0,1,1.0,0.0,1.0,2,1,41,0.0,4.37024735600035e-5,0.0,0.0,0.5,0.0,0.0,0.0,0.0,0.0,0.0,0.0,0.0,0.0008411155479013555,0.0,0.0008992805755395702,0.000174825884712404,0.0,2.2613677855473228e-5,0.0014858841010401188,0.0007429420505200594
260361975,27,1,0,1,1,0,1,0,0,0,1.0,0.0,1.0,1.0,0.0,1.0,0.0,0.0,0.0,1.0,0.0,1.0,0.0,0,0,1,1.0,0.0,1.0,2,1,41,0.0,4.37024735600035e-5,0.0,0.0,0.5,0.0,0.0,0.0,0.0,0.0,0.0,0.0,0.0,0.0008411155479013555,0.0,0.0008992805755395702,0.000174825884712404,0.0,2.2613677855473228e-5,0.0014858841010401188,0.0007429420505200594
1434998193297756165,27,1,0,1,1,0,1,0,0,0,1.0,0.0,1.0,1.0,0.0,1.0,0.0,0.0,0.0,1.0,0.0,1.0,0.0,0,0,1,1.0,0.0,1.0,2,1,41,0.0,4.37024735600035e-5,0.0,0.0,0.5,0.0,0.0,0.0,0.0,0.0,0.0,0.0,0.0,0.0008411155479013555,0.0,0.0008992805755395702,0.000174825884712404,0.0,2.2613677855473228e-5,0.0014858841010401188,0.0007429420505200594
1480611071316869120,27,1,0,1,1,0,1,0,0,0,1.0,0.0,1.0,1.0,0.0,1.0,0.0,0.0,0.0,1.0,0.0,1.0,0.0,0,0,1,1.0,0.0,1.0,2,1,41,0.0,4.37024735600035e-5,0.0,0.0,0.5,0.0,0.0,0.0,0.0,0.0,0.0,0.0,0.0,0.0008411155479013555,0.0,0.0008992805755395702,0.000174825884712404,0.0,2.2613677855473228e-5,0.0014858841010401188,0.0007429420505200594
229585768,27,1,0,1,1,0,1,0,0,0,1.0,0.0,1.0,1.0,0.0,1.0,0.0,0.0,0.0,1.0,0.0,1.0,0.0,0,0,1,1.0,0.0,1.0,2,1,41,0.0,4.37024735600035e-5,0.0,0.0,0.5,0.0,0.0,0.0,0.0,0.0,0.0,0.0,0.0,0.0008411155479013555,0.0,0.0008992805755395702,0.000174825884712404,0.0,2.2613677855473228e-5,0.0014858841010401188,0.0007429420505200594
1007994165026697217,28,1,0,1,1,0,1,0,0,0,2.0,0.0,2.0,2.0,0.0,2.0,0.0,0.0,0.0,1.0,0.0,1.0,0.0,0,0,1,3.0,0.0,5.0,2,1,2,0.0,8.7404947120007e-5,0.0,0.0,0.5,0.0,0.0,0.0,0.0,0.0,0.0,0.0,0.0,0.0011106812363474233,0.0,0.0008992805755395724,0.0004762178876128731,0.0,1.1031062368523526e-6,0.0014858841010401188,0.0007429420505200594
66369181,29,1,0,1,1,0,1,0,0,0,1.0,0.0,1.0,1.0,0.0,1.0,0.0,0.0,0.0,1.0,0.0,1.0,0.0,0,0,1,1.0,0.0,1.0,2,1,125,0.0,4.37024735600035e-5,0.0,0.0,0.5,0.0,0.0,0.0,0.0,0.0,0.0,0.0,0.0,0.0008271741674855708,0.0,0.0008992805755395681,0.00019794523820393373,0.0,6.894413980327204e-5,0.0014858841010401188,0.0007429420505200594
910123708253052929,29,2,0,2,2,0,2,0,0,0,2.0,0.0,2.0,2.0,0.0,2.0,0.0,0.0,0.0,1.0,0.0,1.0,0.0,0,0,1,3.0,0.0,4.0,3,1,127,0.0,8.7404947120007e-5,0.0,0.0,0.3333333333333333,0.0,0.0,0.0,0.0,0.0,0.0,0.0,0.0,0.0012372147679498226,0.0,0.00089928057553957,0.00039645191157655635,0.0,7.004724604012439e-5,0.002228826151560178,0.0007429420505200594
249118156,29,1,0,1,1,0,1,0,0,0,1.0,0.0,1.0,1.0,0.0,1.0,0.0,0.0,0.0,1.0,0.0,1.0,0.0,0,0,1,1.0,0.0,1.0,2,1,125,0.0,4.37024735600035e-5,0.0,0.0,0.5,0.0,0.0,0.0,0.0,0.0,0.0,0.0,0.0,0.0008271741674855708,0.0,0.0008992805755395681,0.00019794523820393373,0.0,6.894413980327204e-5,0.0014858841010401188,0.0007429420505200594
258788589,29,1,0,1,1,0,1,0,0,0,1.0,0.0,1.0,1.0,0.0,1.0,0.0,0.0,0.0,1.0,0.0,1.0,0.0,0,0,1,1.0,0.0,1.0,2,1,125,0.0,4.37024735600035e-5,0.0,0.0,0.5,0.0,0.0,0.0,0.0,0.0,0.0,0.0,0.0,0.0008271741674855708,0.0,0.0008992805755395681,0.00019794523820393373,0.0,6.894413980327204e-5,0.0014858841010401188,0.0007429420505200594
582200009,29,1,0,1,1,0,1,0,0,0,1.0,0.0,1.0,1.0,0.0,1.0,0.0,0.0,0.0,1.0,0.0,1.0,0.0,0,0,1,1.0,0.0,1.0,2,1,125,0.0,4.37024735600035e-5,0.0,0.0,0.5,0.0,0.0,0.0,0.0,0.0,0.0,0.0,0.0,0.0008271741674855708,0.0,0.0008992805755395681,0.00019794523820393373,0.0,6.894413980327204e-5,0.0014858841010401188,0.0007429420505200594
403802054,29,1,0,1,1,0,1,0,0,0,1.0,0.0,1.0,1.0,0.0,1.0,0.0,0.0,0.0,1.0,0.0,1.0,0.0,0,0,1,1.0,0.0,1.0,2,1,125,0.0,4.37024735600035e-5,0.0,0.0,0.5,0.0,0.0,0.0,0.0,0.0,0.0,0.0,0.0,0.0008271741674855708,0.0,0.0008992805755395681,0.00019794523820393373,0.0,6.894413980327204e-5,0.0014858841010401188,0.0007429420505200594
251377054,29,1,0,1,1,0,1,0,0,0,1.0,0.0,1.0,1.0,0.0,1.0,0.0,0.0,0.0,1.0,0.0,1.0,0.0,0,0,1,1.0,0.0,1.0,2,1,125,0.0,4.37024735600035e-5,0.0,0.0,0.5,0.0,0.0,0.0,0.0,0.0,0.0,0.0,0.0,0.0008271741674855708,0.0,0.0008992805755395681,0.00019794523820393373,0.0,6.894413980327204e-5,0.0014858841010401188,0.0007429420505200594
1266145259718955010,29,1,0,1,1,0,1,0,0,0,2.0,0.0,2.0,2.0,0.0,2.0,0.0,0.0,0.0,1.0,0.0,1.0,0.0,0,0,1,3.0,0.0,5.0,2,1,125,0.0,8.7404947120007e-5,0.0,0.0,0.5,0.0,0.0,0.0,0.0,0.0,0.0,0.0,0.0,0.000833734817092999,0.0,0.0008992805755395681,0.00039645191157655635,0.0,6.894413980327204e-5,0.0014858841010401188,0.0007429420505200594
1489181198828154885,29,1,0,1,1,0,1,0,0,0,1.0,0.0,1.0,1.0,0.0,1.0,0.0,0.0,0.0,1.0,0.0,1.0,0.0,0,0,1,1.0,0.0,1.0,2,1,125,0.0,4.37024735600035e-5,0.0,0.0,0.5,0.0,0.0,0.0,0.0,0.0,0.0,0.0,0.0,0.0008271741674855708,0.0,0.0008992805755395681,0.00019794523820393373,0.0,6.894413980327204e-5,0.0014858841010401188,0.0007429420505200594
1117225159365144577,29,1,0,1,1,0,1,0,0,0,1.0,0.0,1.0,1.0,0.0,1.0,0.0,0.0,0.0,1.0,0.0,1.0,0.0,0,0,1,1.0,0.0,1.0,2,1,125,0.0,4.37024735600035e-5,0.0,0.0,0.5,0.0,0.0,0.0,0.0,0.0,0.0,0.0,0.0,0.0008271741674855708,0.0,0.0008992805755395681,0.00019794523820393373,0.0,6.894413980327204e-5,0.0014858841010401188,0.0007429420505200594
88915116,29,1,0,1,1,0,1,0,0,0,1.0,0.0,1.0,1.0,0.0,1.0,0.0,0.0,0.0,1.0,0.0,1.0,0.0,0,0,1,1.0,0.0,1.0,2,1,125,0.0,4.37024735600035e-5,0.0,0.0,0.5,0.0,0.0,0.0,0.0,0.0,0.0,0.0,0.0,0.0008271741674855708,0.0,0.0008992805755395681,0.00019794523820393373,0.0,6.894413980327204e-5,0.0014858841010401188,0.0007429420505200594
1432997751537774603,29,1,0,1,1,0,1,0,0,0,1.0,0.0,1.0,1.0,0.0,1.0,0.0,0.0,0.0,1.0,0.0,1.0,0.0,0,0,1,1.0,0.0,1.0,2,1,125,0.0,4.37024735600035e-5,0.0,0.0,0.5,0.0,0.0,0.0,0.0,0.0,0.0,0.0,0.0,0.0008271741674855708,0.0,0.0008992805755395681,0.00019794523820393373,0.0,6.894413980327204e-5,0.0014858841010401188,0.0007429420505200594
18341645,29,1,0,1,1,0,1,0,0,0,1.0,0.0,1.0,1.0,0.0,1.0,0.0,0.0,0.0,1.0,0.0,1.0,0.0,0,0,1,1.0,0.0,1.0,2,1,125,0.0,4.37024735600035e-5,0.0,0.0,0.5,0.0,0.0,0.0,0.0,0.0,0.0,0.0,0.0,0.0008271741674855708,0.0,0.0008992805755395681,0.00019794523820393373,0.0,6.894413980327204e-5,0.0014858841010401188,0.0007429420505200594
84155547,29,1,0,1,1,0,1,0,0,0,1.0,0.0,1.0,1.0,0.0,1.0,0.0,0.0,0.0,1.0,0.0,1.0,0.0,0,0,1,1.0,0.0,1.0,2,1,125,0.0,4.37024735600035e-5,0.0,0.0,0.5,0.0,0.0,0.0,0.0,0.0,0.0,0.0,0.0,0.0008271741674855708,0.0,0.0008992805755395681,0.00019794523820393373,0.0,6.894413980327204e-5,0.0014858841010401188,0.0007429420505200594
1261774075,29,1,0,1,1,0,1,0,0,0,1.0,0.0,1.0,1.0,0.0,1.0,0.0,0.0,0.0,1.0,0.0,1.0,0.0,0,0,1,1.0,0.0,1.0,2,1,125,0.0,4.37024735600035e-5,0.0,0.0,0.5,0.0,0.0,0.0,0.0,0.0,0.0,0.0,0.0,0.0008271741674855708,0.0,0.0008992805755395681,0.00019794523820393373,0.0,6.894413980327204e-5,0.0014858841010401188,0.0007429420505200594
29499299,29,1,0,1,1,0,1,0,0,0,1.0,0.0,1.0,1.0,0.0,1.0,0.0,0.0,0.0,1.0,0.0,1.0,0.0,0,0,1,1.0,0.0,1.0,2,1,125,0.0,4.37024735600035e-5,0.0,0.0,0.5,0.0,0.0,0.0,0.0,0.0,0.0,0.0,0.0,0.0008271741674855708,0.0,0.0008992805755395681,0.00019794523820393373,0.0,6.894413980327204e-5,0.0014858841010401188,0.0007429420505200594
70955722,29,1,0,1,1,0,1,0,0,0,1.0,0.0,1.0,1.0,0.0,1.0,0.0,0.0,0.0,1.0,0.0,1.0,0.0,0,0,1,1.0,0.0,1.0,2,1,125,0.0,4.37024735600035e-5,0.0,0.0,0.5,0.0,0.0,0.0,0.0,0.0,0.0,0.0,0.0,0.0008271741674855708,0.0,0.0008992805755395681,0.00019794523820393373,0.0,6.894413980327204e-5,0.0014858841010401188,0.0007429420505200594
1411633993259229185,29,1,0,1,1,0,1,0,0,0,1.0,0.0,1.0,1.0,0.0,1.0,0.0,0.0,0.0,1.0,0.0,1.0,0.0,0,0,1,1.0,0.0,1.0,2,1,125,0.0,4.37024735600035e-5,0.0,0.0,0.5,0.0,0.0,0.0,0.0,0.0,0.0,0.0,0.0,0.0008271741674855708,0.0,0.0008992805755395681,0.00019794523820393373,0.0,6.894413980327204e-5,0.0014858841010401188,0.0007429420505200594
1205475859055775744,29,1,0,1,1,0,1,0,0,0,1.0,0.0,1.0,1.0,0.0,1.0,0.0,0.0,0.0,1.0,0.0,1.0,0.0,0,0,1,1.0,0.0,1.0,2,1,125,0.0,4.37024735600035e-5,0.0,0.0,0.5,0.0,0.0,0.0,0.0,0.0,0.0,0.0,0.0,0.0008271741674855708,0.0,0.0008992805755395681,0.00019794523820393373,0.0,6.894413980327204e-5,0.0014858841010401188,0.0007429420505200594
957504464163807233,29,1,0,1,1,0,1,0,0,0,1.0,0.0,1.0,1.0,0.0,1.0,0.0,0.0,0.0,1.0,0.0,1.0,0.0,0,0,1,1.0,0.0,1.0,2,1,125,0.0,4.37024735600035e-5,0.0,0.0,0.5,0.0,0.0,0.0,0.0,0.0,0.0,0.0,0.0,0.0008271741674855708,0.0,0.0008992805755395681,0.00019794523820393373,0.0,6.894413980327204e-5,0.0014858841010401188,0.0007429420505200594
25962170,29,1,0,1,1,0,1,0,0,0,1.0,0.0,1.0,1.0,0.0,1.0,0.0,0.0,0.0,1.0,0.0,1.0,0.0,0,0,1,1.0,0.0,1.0,2,1,125,0.0,4.37024735600035e-5,0.0,0.0,0.5,0.0,0.0,0.0,0.0,0.0,0.0,0.0,0.0,0.0008271741674855708,0.0,0.0008992805755395681,0.00019794523820393373,0.0,6.894413980327204e-5,0.0014858841010401188,0.0007429420505200594
3774128121,29,1,0,1,1,0,1,0,0,0,1.0,0.0,1.0,1.0,0.0,1.0,0.0,0.0,0.0,1.0,0.0,1.0,0.0,0,0,1,1.0,0.0,1.0,2,1,125,0.0,4.37024735600035e-5,0.0,0.0,0.5,0.0,0.0,0.0,0.0,0.0,0.0,0.0,0.0,0.0008271741674855708,0.0,0.0008992805755395681,0.00019794523820393373,0.0,6.894413980327204e-5,0.0014858841010401188,0.0007429420505200594
978894471806050304,29,1,0,1,1,0,1,0,0,0,1.0,0.0,1.0,1.0,0.0,1.0,0.0,0.0,0.0,1.0,0.0,1.0,0.0,0,0,1,1.0,0.0,1.0,2,1,125,0.0,4.37024735600035e-5,0.0,0.0,0.5,0.0,0.0,0.0,0.0,0.0,0.0,0.0,0.0,0.0008271741674855708,0.0,0.0008992805755395681,0.00019794523820393373,0.0,6.894413980327204e-5,0.0014858841010401188,0.0007429420505200594
1492170215865872385,29,1,0,1,1,0,1,0,0,0,1.0,0.0,1.0,1.0,0.0,1.0,0.0,0.0,0.0,1.0,0.0,1.0,0.0,0,0,1,1.0,0.0,1.0,2,1,125,0.0,4.37024735600035e-5,0.0,0.0,0.5,0.0,0.0,0.0,0.0,0.0,0.0,0.0,0.0,0.0008271741674855708,0.0,0.0008992805755395681,0.00019794523820393373,0.0,6.894413980327204e-5,0.0014858841010401188,0.0007429420505200594
823208500910313478,29,1,0,1,1,0,1,0,0,0,1.0,0.0,1.0,1.0,0.0,1.0,0.0,0.0,0.0,1.0,0.0,1.0,0.0,0,0,1,1.0,0.0,1.0,2,1,125,0.0,4.37024735600035e-5,0.0,0.0,0.5,0.0,0.0,0.0,0.0,0.0,0.0,0.0,0.0,0.0008271741674855708,0.0,0.0008992805755395681,0.00019794523820393373,0.0,6.894413980327204e-5,0.0014858841010401188,0.0007429420505200594
1972372730,29,1,0,1,1,0,1,0,0,0,1.0,0.0,1.0,1.0,0.0,1.0,0.0,0.0,0.0,1.0,0.0,1.0,0.0,0,0,1,1.0,0.0,1.0,2,1,125,0.0,4.37024735600035e-5,0.0,0.0,0.5,0.0,0.0,0.0,0.0,0.0,0.0,0.0,0.0,0.0008271741674855708,0.0,0.0008992805755395681,0.00019794523820393373,0.0,6.894413980327204e-5,0.0014858841010401188,0.0007429420505200594
2328829518,29,1,0,1,1,0,1,0,0,0,1.0,0.0,1.0,1.0,0.0,1.0,0.0,0.0,0.0,1.0,0.0,1.0,0.0,0,0,1,1.0,0.0,1.0,2,1,125,0.0,4.37024735600035e-5,0.0,0.0,0.5,0.0,0.0,0.0,0.0,0.0,0.0,0.0,0.0,0.0008271741674855708,0.0,0.0008992805755395681,0.00019794523820393373,0.0,6.894413980327204e-5,0.0014858841010401188,0.0007429420505200594
979691299715633152,29,1,0,1,1,0,1,0,0,0,1.0,0.0,1.0,1.0,0.0,1.0,0.0,0.0,0.0,1.0,0.0,1.0,0.0,0,0,1,1.0,0.0,1.0,2,1,125,0.0,4.37024735600035e-5,0.0,0.0,0.5,0.0,0.0,0.0,0.0,0.0,0.0,0.0,0.0,0.0008271741674855708,0.0,0.0008992805755395681,0.00019794523820393373,0.0,6.894413980327204e-5,0.0014858841010401188,0.0007429420505200594
930603304362676225,29,1,0,1,1,0,1,0,0,0,1.0,0.0,1.0,1.0,0.0,1.0,0.0,0.0,0.0,1.0,0.0,1.0,0.0,0,0,1,1.0,0.0,1.0,2,1,125,0.0,4.37024735600035e-5,0.0,0.0,0.5,0.0,0.0,0.0,0.0,0.0,0.0,0.0,0.0,0.0008271741674855708,0.0,0.0008992805755395681,0.00019794523820393373,0.0,6.894413980327204e-5,0.0014858841010401188,0.0007429420505200594
1460282107,29,1,0,1,1,0,1,0,0,0,1.0,0.0,1.0,1.0,0.0,1.0,0.0,0.0,0.0,1.0,0.0,1.0,0.0,0,0,1,1.0,0.0,1.0,2,1,125,0.0,4.37024735600035e-5,0.0,0.0,0.5,0.0,0.0,0.0,0.0,0.0,0.0,0.0,0.0,0.0008271741674855708,0.0,0.0008992805755395681,0.00019794523820393373,0.0,6.894413980327204e-5,0.0014858841010401188,0.0007429420505200594
812760079116206081,29,1,0,1,1,0,1,0,0,0,1.0,0.0,1.0,1.0,0.0,1.0,0.0,0.0,0.0,1.0,0.0,1.0,0.0,0,0,1,1.0,0.0,1.0,2,1,125,0.0,4.37024735600035e-5,0.0,0.0,0.5,0.0,0.0,0.0,0.0,0.0,0.0,0.0,0.0,0.0008271741674855708,0.0,0.0008992805755395681,0.00019794523820393373,0.0,6.894413980327204e-5,0.0014858841010401188,0.0007429420505200594
1495278824182923267,29,1,0,1,1,0,1,0,0,0,1.0,0.0,1.0,1.0,0.0,1.0,0.0,0.0,0.0,1.0,0.0,1.0,0.0,0,0,1,1.0,0.0,1.0,2,1,125,0.0,4.37024735600035e-5,0.0,0.0,0.5,0.0,0.0,0.0,0.0,0.0,0.0,0.0,0.0,0.0008271741674855708,0.0,0.0008992805755395681,0.00019794523820393373,0.0,6.894413980327204e-5,0.0014858841010401188,0.0007429420505200594
1285816680011173888,29,1,0,1,1,0,1,0,0,0,1.0,0.0,1.0,1.0,0.0,1.0,0.0,0.0,0.0,1.0,0.0,1.0,0.0,0,0,1,1.0,0.0,1.0,2,1,125,0.0,4.37024735600035e-5,0.0,0.0,0.5,0.0,0.0,0.0,0.0,0.0,0.0,0.0,0.0,0.0008271741674855708,0.0,0.0008992805755395681,0.00019794523820393373,0.0,6.894413980327204e-5,0.0014858841010401188,0.0007429420505200594
1364374610922323972,29,1,0,1,1,0,1,0,0,0,1.0,0.0,1.0,1.0,0.0,1.0,0.0,0.0,0.0,1.0,0.0,1.0,0.0,0,0,1,1.0,0.0,1.0,2,1,125,0.0,4.37024735600035e-5,0.0,0.0,0.5,0.0,0.0,0.0,0.0,0.0,0.0,0.0,0.0,0.0008271741674855708,0.0,0.0008992805755395681,0.00019794523820393373,0.0,6.894413980327204e-5,0.0014858841010401188,0.0007429420505200594
127911494,29,1,0,1,1,0,1,0,0,0,1.0,0.0,1.0,1.0,0.0,1.0,0.0,0.0,0.0,1.0,0.0,1.0,0.0,0,0,1,1.0,0.0,1.0,2,1,125,0.0,4.37024735600035e-5,0.0,0.0,0.5,0.0,0.0,0.0,0.0,0.0,0.0,0.0,0.0,0.0008271741674855708,0.0,0.0008992805755395681,0.00019794523820393373,0.0,6.894413980327204e-5,0.0014858841010401188,0.0007429420505200594
3057759609,29,1,0,1,1,0,1,0,0,0,1.0,0.0,1.0,1.0,0.0,1.0,0.0,0.0,0.0,1.0,0.0,1.0,0.0,0,0,1,1.0,0.0,1.0,2,1,125,0.0,4.37024735600035e-5,0.0,0.0,0.5,0.0,0.0,0.0,0.0,0.0,0.0,0.0,0.0,0.0008271741674855708,0.0,0.0008992805755395681,0.00019794523820393373,0.0,6.894413980327204e-5,0.0014858841010401188,0.0007429420505200594
241580381,29,1,0,1,1,0,1,0,0,0,1.0,0.0,1.0,1.0,0.0,1.0,0.0,0.0,0.0,1.0,0.0,1.0,0.0,0,0,1,1.0,0.0,1.0,2,1,125,0.0,4.37024735600035e-5,0.0,0.0,0.5,0.0,0.0,0.0,0.0,0.0,0.0,0.0,0.0,0.0008271741674855708,0.0,0.0008992805755395681,0.00019794523820393373,0.0,6.894413980327204e-5,0.0014858841010401188,0.0007429420505200594
940361293701287938,29,1,0,1,1,0,1,0,0,0,1.0,0.0,1.0,1.0,0.0,1.0,0.0,0.0,0.0,1.0,0.0,1.0,0.0,0,0,1,1.0,0.0,1.0,2,1,125,0.0,4.37024735600035e-5,0.0,0.0,0.5,0.0,0.0,0.0,0.0,0.0,0.0,0.0,0.0,0.0008271741674855708,0.0,0.0008992805755395681,0.00019794523820393373,0.0,6.894413980327204e-5,0.0014858841010401188,0.0007429420505200594
2429023207,29,1,0,1,1,0,1,0,0,0,1.0,0.0,1.0,1.0,0.0,1.0,0.0,0.0,0.0,1.0,0.0,1.0,0.0,0,0,1,1.0,0.0,1.0,2,1,125,0.0,4.37024735600035e-5,0.0,0.0,0.5,0.0,0.0,0.0,0.0,0.0,0.0,0.0,0.0,0.0008271741674855708,0.0,0.0008992805755395681,0.00019794523820393373,0.0,6.894413980327204e-5,0.0014858841010401188,0.0007429420505200594
4604350872,29,1,0,1,1,0,1,0,0,0,1.0,0.0,1.0,1.0,0.0,1.0,0.0,0.0,0.0,1.0,0.0,1.0,0.0,0,0,1,1.0,0.0,1.0,2,1,125,0.0,4.37024735600035e-5,0.0,0.0,0.5,0.0,0.0,0.0,0.0,0.0,0.0,0.0,0.0,0.0008271741674855708,0.0,0.0008992805755395681,0.00019794523820393373,0.0,6.894413980327204e-5,0.0014858841010401188,0.0007429420505200594
1029663452372058112,29,1,0,1,1,0,1,0,0,0,1.0,0.0,1.0,1.0,0.0,1.0,0.0,0.0,0.0,1.0,0.0,1.0,0.0,0,0,1,1.0,0.0,1.0,2,1,125,0.0,4.37024735600035e-5,0.0,0.0,0.5,0.0,0.0,0.0,0.0,0.0,0.0,0.0,0.0,0.0008271741674855708,0.0,0.0008992805755395681,0.00019794523820393373,0.0,6.894413980327204e-5,0.0014858841010401188,0.0007429420505200594
330414774,29,1,0,1,1,0,1,0,0,0,1.0,0.0,1.0,1.0,0.0,1.0,0.0,0.0,0.0,1.0,0.0,1.0,0.0,0,0,1,1.0,0.0,1.0,2,1,125,0.0,4.37024735600035e-5,0.0,0.0,0.5,0.0,0.0,0.0,0.0,0.0,0.0,0.0,0.0,0.0008271741674855708,0.0,0.0008992805755395681,0.00019794523820393373,0.0,6.894413980327204e-5,0.0014858841010401188,0.0007429420505200594
1301116544513007622,29,1,0,1,1,0,1,0,0,0,1.0,0.0,1.0,1.0,0.0,1.0,0.0,0.0,0.0,1.0,0.0,1.0,0.0,0,0,1,1.0,0.0,1.0,2,1,125,0.0,4.37024735600035e-5,0.0,0.0,0.5,0.0,0.0,0.0,0.0,0.0,0.0,0.0,0.0,0.0008271741674855708,0.0,0.0008992805755395681,0.00019794523820393373,0.0,6.894413980327204e-5,0.0014858841010401188,0.0007429420505200594
1293603924834885635,29,1,0,1,1,0,1,0,0,0,1.0,0.0,1.0,1.0,0.0,1.0,0.0,0.0,0.0,1.0,0.0,1.0,0.0,0,0,1,1.0,0.0,1.0,2,1,125,0.0,4.37024735600035e-5,0.0,0.0,0.5,0.0,0.0,0.0,0.0,0.0,0.0,0.0,0.0,0.0008271741674855708,0.0,0.0008992805755395681,0.00019794523820393373,0.0,6.894413980327204e-5,0.0014858841010401188,0.0007429420505200594
472092482,29,1,0,1,1,0,1,0,0,0,1.0,0.0,1.0,1.0,0.0,1.0,0.0,0.0,0.0,1.0,0.0,1.0,0.0,0,0,1,1.0,0.0,1.0,2,1,125,0.0,4.37024735600035e-5,0.0,0.0,0.5,0.0,0.0,0.0,0.0,0.0,0.0,0.0,0.0,0.0008271741674855708,0.0,0.0008992805755395681,0.00019794523820393373,0.0,6.894413980327204e-5,0.0014858841010401188,0.0007429420505200594
45184617,29,1,0,1,1,0,1,0,0,0,1.0,0.0,1.0,1.0,0.0,1.0,0.0,0.0,0.0,1.0,0.0,1.0,0.0,0,0,1,1.0,0.0,1.0,2,1,125,0.0,4.37024735600035e-5,0.0,0.0,0.5,0.0,0.0,0.0,0.0,0.0,0.0,0.0,0.0,0.0008271741674855708,0.0,0.0008992805755395681,0.00019794523820393373,0.0,6.894413980327204e-5,0.0014858841010401188,0.0007429420505200594
148208800,29,1,0,1,1,0,1,0,0,0,1.0,0.0,1.0,1.0,0.0,1.0,0.0,0.0,0.0,1.0,0.0,1.0,0.0,0,0,1,1.0,0.0,1.0,2,1,125,0.0,4.37024735600035e-5,0.0,0.0,0.5,0.0,0.0,0.0,0.0,0.0,0.0,0.0,0.0,0.0008271741674855708,0.0,0.0008992805755395681,0.00019794523820393373,0.0,6.894413980327204e-5,0.0014858841010401188,0.0007429420505200594
799096424927367168,29,1,0,1,1,0,1,0,0,0,1.0,0.0,1.0,1.0,0.0,1.0,0.0,0.0,0.0,1.0,0.0,1.0,0.0,0,0,1,1.0,0.0,1.0,2,1,125,0.0,4.37024735600035e-5,0.0,0.0,0.5,0.0,0.0,0.0,0.0,0.0,0.0,0.0,0.0,0.0008271741674855708,0.0,0.0008992805755395681,0.00019794523820393373,0.0,6.894413980327204e-5,0.0014858841010401188,0.0007429420505200594
1506824648192933893,29,1,0,1,1,0,1,0,0,0,1.0,0.0,1.0,1.0,0.0,1.0,0.0,0.0,0.0,1.0,0.0,1.0,0.0,0,0,1,1.0,0.0,1.0,2,1,125,0.0,4.37024735600035e-5,0.0,0.0,0.5,0.0,0.0,0.0,0.0,0.0,0.0,0.0,0.0,0.0008271741674855708,0.0,0.0008992805755395681,0.00019794523820393373,0.0,6.894413980327204e-5,0.0014858841010401188,0.0007429420505200594
307214153,29,1,0,1,1,0,1,0,0,0,1.0,0.0,1.0,1.0,0.0,1.0,0.0,0.0,0.0,1.0,0.0,1.0,0.0,0,0,1,1.0,0.0,1.0,2,1,125,0.0,4.37024735600035e-5,0.0,0.0,0.5,0.0,0.0,0.0,0.0,0.0,0.0,0.0,0.0,0.0008271741674855708,0.0,0.0008992805755395681,0.00019794523820393373,0.0,6.894413980327204e-5,0.0014858841010401188,0.0007429420505200594
1434807667793424385,29,1,0,1,1,0,1,0,0,0,1.0,0.0,1.0,1.0,0.0,1.0,0.0,0.0,0.0,1.0,0.0,1.0,0.0,0,0,1,1.0,0.0,1.0,2,1,125,0.0,4.37024735600035e-5,0.0,0.0,0.5,0.0,0.0,0.0,0.0,0.0,0.0,0.0,0.0,0.0008271741674855708,0.0,0.0008992805755395681,0.00019794523820393373,0.0,6.894413980327204e-5,0.0014858841010401188,0.0007429420505200594
1272863244739198977,29,1,0,1,1,0,1,0,0,0,1.0,0.0,1.0,1.0,0.0,1.0,0.0,0.0,0.0,1.0,0.0,1.0,0.0,0,0,1,1.0,0.0,1.0,2,1,125,0.0,4.37024735600035e-5,0.0,0.0,0.5,0.0,0.0,0.0,0.0,0.0,0.0,0.0,0.0,0.0008271741674855708,0.0,0.0008992805755395681,0.00019794523820393373,0.0,6.894413980327204e-5,0.0014858841010401188,0.0007429420505200594
1444719585673023493,29,1,0,1,1,0,1,0,0,0,1.0,0.0,1.0,1.0,0.0,1.0,0.0,0.0,0.0,1.0,0.0,1.0,0.0,0,0,1,1.0,0.0,1.0,2,1,125,0.0,4.37024735600035e-5,0.0,0.0,0.5,0.0,0.0,0.0,0.0,0.0,0.0,0.0,0.0,0.0008271741674855708,0.0,0.0008992805755395681,0.00019794523820393373,0.0,6.894413980327204e-5,0.0014858841010401188,0.0007429420505200594
208366291,29,1,0,1,1,0,1,0,0,0,1.0,0.0,1.0,1.0,0.0,1.0,0.0,0.0,0.0,1.0,0.0,1.0,0.0,0,0,1,1.0,0.0,1.0,2,1,125,0.0,4.37024735600035e-5,0.0,0.0,0.5,0.0,0.0,0.0,0.0,0.0,0.0,0.0,0.0,0.0008271741674855708,0.0,0.0008992805755395681,0.00019794523820393373,0.0,6.894413980327204e-5,0.0014858841010401188,0.0007429420505200594
250684785,29,1,0,1,1,0,1,0,0,0,1.0,0.0,1.0,1.0,0.0,1.0,0.0,0.0,0.0,1.0,0.0,1.0,0.0,0,0,1,1.0,0.0,1.0,2,1,125,0.0,4.37024735600035e-5,0.0,0.0,0.5,0.0,0.0,0.0,0.0,0.0,0.0,0.0,0.0,0.0008271741674855708,0.0,0.0008992805755395681,0.00019794523820393373,0.0,6.894413980327204e-5,0.0014858841010401188,0.0007429420505200594
2158855397,29,1,0,1,1,0,1,0,0,0,1.0,0.0,1.0,1.0,0.0,1.0,0.0,0.0,0.0,1.0,0.0,1.0,0.0,0,0,1,1.0,0.0,1.0,2,1,125,0.0,4.37024735600035e-5,0.0,0.0,0.5,0.0,0.0,0.0,0.0,0.0,0.0,0.0,0.0,0.0008271741674855708,0.0,0.0008992805755395681,0.00019794523820393373,0.0,6.894413980327204e-5,0.0014858841010401188,0.0007429420505200594
1389517324823277568,29,1,0,1,1,0,1,0,0,0,1.0,0.0,1.0,1.0,0.0,1.0,0.0,0.0,0.0,1.0,0.0,1.0,0.0,0,0,1,1.0,0.0,1.0,2,1,125,0.0,4.37024735600035e-5,0.0,0.0,0.5,0.0,0.0,0.0,0.0,0.0,0.0,0.0,0.0,0.0008271741674855708,0.0,0.0008992805755395681,0.00019794523820393373,0.0,6.894413980327204e-5,0.0014858841010401188,0.0007429420505200594
4824127323,29,1,0,1,1,0,1,0,0,0,1.0,0.0,1.0,1.0,0.0,1.0,0.0,0.0,0.0,1.0,0.0,1.0,0.0,0,0,1,1.0,0.0,1.0,2,1,125,0.0,4.37024735600035e-5,0.0,0.0,0.5,0.0,0.0,0.0,0.0,0.0,0.0,0.0,0.0,0.0008271741674855708,0.0,0.0008992805755395681,0.00019794523820393373,0.0,6.894413980327204e-5,0.0014858841010401188,0.0007429420505200594
1084440330806521858,29,1,0,1,1,0,1,0,0,0,1.0,0.0,1.0,1.0,0.0,1.0,0.0,0.0,0.0,1.0,0.0,1.0,0.0,0,0,1,1.0,0.0,1.0,2,1,125,0.0,4.37024735600035e-5,0.0,0.0,0.5,0.0,0.0,0.0,0.0,0.0,0.0,0.0,0.0,0.0008271741674855708,0.0,0.0008992805755395681,0.00019794523820393373,0.0,6.894413980327204e-5,0.0014858841010401188,0.0007429420505200594
1398532436,29,1,0,1,1,0,1,0,0,0,1.0,0.0,1.0,1.0,0.0,1.0,0.0,0.0,0.0,1.0,0.0,1.0,0.0,0,0,1,1.0,0.0,1.0,2,1,125,0.0,4.37024735600035e-5,0.0,0.0,0.5,0.0,0.0,0.0,0.0,0.0,0.0,0.0,0.0,0.0008271741674855708,0.0,0.0008992805755395681,0.00019794523820393373,0.0,6.894413980327204e-5,0.0014858841010401188,0.0007429420505200594
1474566176,29,1,0,1,1,0,1,0,0,0,1.0,0.0,1.0,1.0,0.0,1.0,0.0,0.0,0.0,1.0,0.0,1.0,0.0,0,0,1,1.0,0.0,1.0,2,1,125,0.0,4.37024735600035e-5,0.0,0.0,0.5,0.0,0.0,0.0,0.0,0.0,0.0,0.0,0.0,0.0008271741674855708,0.0,0.0008992805755395681,0.00019794523820393373,0.0,6.894413980327204e-5,0.0014858841010401188,0.0007429420505200594
1157440529304604678,29,1,0,1,1,0,1,0,0,0,1.0,0.0,1.0,1.0,0.0,1.0,0.0,0.0,0.0,1.0,0.0,1.0,0.0,0,0,1,1.0,0.0,1.0,2,1,125,0.0,4.37024735600035e-5,0.0,0.0,0.5,0.0,0.0,0.0,0.0,0.0,0.0,0.0,0.0,0.0008271741674855708,0.0,0.0008992805755395681,0.00019794523820393373,0.0,6.894413980327204e-5,0.0014858841010401188,0.0007429420505200594
120403022,29,1,0,1,1,0,1,0,0,0,1.0,0.0,1.0,1.0,0.0,1.0,0.0,0.0,0.0,1.0,0.0,1.0,0.0,0,0,1,1.0,0.0,1.0,2,1,125,0.0,4.37024735600035e-5,0.0,0.0,0.5,0.0,0.0,0.0,0.0,0.0,0.0,0.0,0.0,0.0008271741674855708,0.0,0.0008992805755395681,0.00019794523820393373,0.0,6.894413980327204e-5,0.0014858841010401188,0.0007429420505200594
1464582321533767695,29,1,0,1,1,0,1,0,0,0,1.0,0.0,1.0,1.0,0.0,1.0,0.0,0.0,0.0,1.0,0.0,1.0,0.0,0,0,1,1.0,0.0,1.0,2,1,125,0.0,4.37024735600035e-5,0.0,0.0,0.5,0.0,0.0,0.0,0.0,0.0,0.0,0.0,0.0,0.0008271741674855708,0.0,0.0008992805755395681,0.00019794523820393373,0.0,6.894413980327204e-5,0.0014858841010401188,0.0007429420505200594
204661628,29,1,0,1,1,0,1,0,0,0,1.0,0.0,1.0,1.0,0.0,1.0,0.0,0.0,0.0,1.0,0.0,1.0,0.0,0,0,1,1.0,0.0,1.0,2,1,125,0.0,4.37024735600035e-5,0.0,0.0,0.5,0.0,0.0,0.0,0.0,0.0,0.0,0.0,0.0,0.0008271741674855708,0.0,0.0008992805755395681,0.00019794523820393373,0.0,6.894413980327204e-5,0.0014858841010401188,0.0007429420505200594
1262965547412738048,29,1,0,1,1,0,1,0,0,0,1.0,0.0,1.0,1.0,0.0,1.0,0.0,0.0,0.0,1.0,0.0,1.0,0.0,0,0,1,1.0,0.0,1.0,2,1,125,0.0,4.37024735600035e-5,0.0,0.0,0.5,0.0,0.0,0.0,0.0,0.0,0.0,0.0,0.0,0.0008271741674855708,0.0,0.0008992805755395681,0.00019794523820393373,0.0,6.894413980327204e-5,0.0014858841010401188,0.0007429420505200594
49330590,29,1,0,1,1,0,1,0,0,0,1.0,0.0,1.0,1.0,0.0,1.0,0.0,0.0,0.0,1.0,0.0,1.0,0.0,0,0,1,1.0,0.0,1.0,2,1,125,0.0,4.37024735600035e-5,0.0,0.0,0.5,0.0,0.0,0.0,0.0,0.0,0.0,0.0,0.0,0.0008271741674855708,0.0,0.0008992805755395681,0.00019794523820393373,0.0,6.894413980327204e-5,0.0014858841010401188,0.0007429420505200594
905429012075315200,29,1,0,1,1,0,1,0,0,0,1.0,0.0,1.0,1.0,0.0,1.0,0.0,0.0,0.0,1.0,0.0,1.0,0.0,0,0,1,1.0,0.0,1.0,2,1,125,0.0,4.37024735600035e-5,0.0,0.0,0.5,0.0,0.0,0.0,0.0,0.0,0.0,0.0,0.0,0.0008271741674855708,0.0,0.0008992805755395681,0.00019794523820393373,0.0,6.894413980327204e-5,0.0014858841010401188,0.0007429420505200594
1446422907840651269,29,1,0,1,1,0,1,0,0,0,1.0,0.0,1.0,1.0,0.0,1.0,0.0,0.0,0.0,1.0,0.0,1.0,0.0,0,0,1,1.0,0.0,1.0,2,1,125,0.0,4.37024735600035e-5,0.0,0.0,0.5,0.0,0.0,0.0,0.0,0.0,0.0,0.0,0.0,0.0008271741674855708,0.0,0.0008992805755395681,0.00019794523820393373,0.0,6.894413980327204e-5,0.0014858841010401188,0.0007429420505200594
41766933,29,1,0,1,1,0,1,0,0,0,1.0,0.0,1.0,1.0,0.0,1.0,0.0,0.0,0.0,1.0,0.0,1.0,0.0,0,0,1,1.0,0.0,1.0,2,1,125,0.0,4.37024735600035e-5,0.0,0.0,0.5,0.0,0.0,0.0,0.0,0.0,0.0,0.0,0.0,0.0008271741674855708,0.0,0.0008992805755395681,0.00019794523820393373,0.0,6.894413980327204e-5,0.0014858841010401188,0.0007429420505200594
555465800,29,1,0,1,1,0,1,0,0,0,1.0,0.0,1.0,1.0,0.0,1.0,0.0,0.0,0.0,1.0,0.0,1.0,0.0,0,0,1,1.0,0.0,1.0,2,1,125,0.0,4.37024735600035e-5,0.0,0.0,0.5,0.0,0.0,0.0,0.0,0.0,0.0,0.0,0.0,0.0008271741674855708,0.0,0.0008992805755395681,0.00019794523820393373,0.0,6.894413980327204e-5,0.0014858841010401188,0.0007429420505200594
1156761839876935681,29,1,0,1,1,0,1,0,0,0,1.0,0.0,1.0,1.0,0.0,1.0,0.0,0.0,0.0,1.0,0.0,1.0,0.0,0,0,1,1.0,0.0,1.0,2,1,125,0.0,4.37024735600035e-5,0.0,0.0,0.5,0.0,0.0,0.0,0.0,0.0,0.0,0.0,0.0,0.0008271741674855708,0.0,0.0008992805755395681,0.00019794523820393373,0.0,6.894413980327204e-5,0.0014858841010401188,0.0007429420505200594
1455053718680838145,29,1,0,1,1,0,1,0,0,0,1.0,0.0,1.0,1.0,0.0,1.0,0.0,0.0,0.0,1.0,0.0,1.0,0.0,0,0,1,1.0,0.0,1.0,2,1,125,0.0,4.37024735600035e-5,0.0,0.0,0.5,0.0,0.0,0.0,0.0,0.0,0.0,0.0,0.0,0.0008271741674855708,0.0,0.0008992805755395681,0.00019794523820393373,0.0,6.894413980327204e-5,0.0014858841010401188,0.0007429420505200594
876632298166341632,29,1,0,1,1,0,1,0,0,0,1.0,0.0,1.0,1.0,0.0,1.0,0.0,0.0,0.0,1.0,0.0,1.0,0.0,0,0,1,1.0,0.0,1.0,2,1,125,0.0,4.37024735600035e-5,0.0,0.0,0.5,0.0,0.0,0.0,0.0,0.0,0.0,0.0,0.0,0.0008271741674855708,0.0,0.0008992805755395681,0.00019794523820393373,0.0,6.894413980327204e-5,0.0014858841010401188,0.0007429420505200594
3330362494,29,1,0,1,1,0,1,0,0,0,1.0,0.0,1.0,1.0,0.0,1.0,0.0,0.0,0.0,1.0,0.0,1.0,0.0,0,0,1,1.0,0.0,1.0,2,1,125,0.0,4.37024735600035e-5,0.0,0.0,0.5,0.0,0.0,0.0,0.0,0.0,0.0,0.0,0.0,0.0008271741674855708,0.0,0.0008992805755395681,0.00019794523820393373,0.0,6.894413980327204e-5,0.0014858841010401188,0.0007429420505200594
3224252246,29,1,0,1,1,0,1,0,0,0,1.0,0.0,1.0,1.0,0.0,1.0,0.0,0.0,0.0,1.0,0.0,1.0,0.0,0,0,1,1.0,0.0,1.0,2,1,125,0.0,4.37024735600035e-5,0.0,0.0,0.5,0.0,0.0,0.0,0.0,0.0,0.0,0.0,0.0,0.0008271741674855708,0.0,0.0008992805755395681,0.00019794523820393373,0.0,6.894413980327204e-5,0.0014858841010401188,0.0007429420505200594
1400973042487115777,29,1,0,1,1,0,1,0,0,0,1.0,0.0,1.0,1.0,0.0,1.0,0.0,0.0,0.0,1.0,0.0,1.0,0.0,0,0,1,1.0,0.0,1.0,2,1,125,0.0,4.37024735600035e-5,0.0,0.0,0.5,0.0,0.0,0.0,0.0,0.0,0.0,0.0,0.0,0.0008271741674855708,0.0,0.0008992805755395681,0.00019794523820393373,0.0,6.894413980327204e-5,0.0014858841010401188,0.0007429420505200594
876754004,29,1,0,1,1,0,1,0,0,0,1.0,0.0,1.0,1.0,0.0,1.0,0.0,0.0,0.0,1.0,0.0,1.0,0.0,0,0,1,1.0,0.0,1.0,2,1,125,0.0,4.37024735600035e-5,0.0,0.0,0.5,0.0,0.0,0.0,0.0,0.0,0.0,0.0,0.0,0.0008271741674855708,0.0,0.0008992805755395681,0.00019794523820393373,0.0,6.894413980327204e-5,0.0014858841010401188,0.0007429420505200594
19644337,29,1,0,1,1,0,1,0,0,0,1.0,0.0,1.0,1.0,0.0,1.0,0.0,0.0,0.0,1.0,0.0,1.0,0.0,0,0,1,1.0,0.0,1.0,2,1,125,0.0,4.37024735600035e-5,0.0,0.0,0.5,0.0,0.0,0.0,0.0,0.0,0.0,0.0,0.0,0.0008271741674855708,0.0,0.0008992805755395681,0.00019794523820393373,0.0,6.894413980327204e-5,0.0014858841010401188,0.0007429420505200594
865317470,29,1,0,1,1,0,1,0,0,0,1.0,0.0,1.0,1.0,0.0,1.0,0.0,0.0,0.0,1.0,0.0,1.0,0.0,0,0,1,1.0,0.0,1.0,2,1,125,0.0,4.37024735600035e-5,0.0,0.0,0.5,0.0,0.0,0.0,0.0,0.0,0.0,0.0,0.0,0.0008271741674855708,0.0,0.0008992805755395681,0.00019794523820393373,0.0,6.894413980327204e-5,0.0014858841010401188,0.0007429420505200594
83294661,29,1,0,1,1,0,1,0,0,0,1.0,0.0,1.0,1.0,0.0,1.0,0.0,0.0,0.0,1.0,0.0,1.0,0.0,0,0,1,1.0,0.0,1.0,2,1,125,0.0,4.37024735600035e-5,0.0,0.0,0.5,0.0,0.0,0.0,0.0,0.0,0.0,0.0,0.0,0.0008271741674855708,0.0,0.0008992805755395681,0.00019794523820393373,0.0,6.894413980327204e-5,0.0014858841010401188,0.0007429420505200594
14219103,29,1,0,1,1,0,1,0,0,0,1.0,0.0,1.0,1.0,0.0,1.0,0.0,0.0,0.0,1.0,0.0,1.0,0.0,0,0,1,1.0,0.0,1.0,2,1,125,0.0,4.37024735600035e-5,0.0,0.0,0.5,0.0,0.0,0.0,0.0,0.0,0.0,0.0,0.0,0.0008271741674855708,0.0,0.0008992805755395681,0.00019794523820393373,0.0,6.894413980327204e-5,0.0014858841010401188,0.0007429420505200594
31212830,29,1,0,1,1,0,1,0,0,0,1.0,0.0,1.0,1.0,0.0,1.0,0.0,0.0,0.0,1.0,0.0,1.0,0.0,0,0,1,1.0,0.0,1.0,2,1,125,0.0,4.37024735600035e-5,0.0,0.0,0.5,0.0,0.0,0.0,0.0,0.0,0.0,0.0,0.0,0.0008271741674855708,0.0,0.0008992805755395681,0.00019794523820393373,0.0,6.894413980327204e-5,0.0014858841010401188,0.0007429420505200594
987881405911887873,29,1,0,1,1,0,1,0,0,0,1.0,0.0,1.0,1.0,0.0,1.0,0.0,0.0,0.0,1.0,0.0,1.0,0.0,0,0,1,1.0,0.0,1.0,2,1,125,0.0,4.37024735600035e-5,0.0,0.0,0.5,0.0,0.0,0.0,0.0,0.0,0.0,0.0,0.0,0.0008271741674855708,0.0,0.0008992805755395681,0.00019794523820393373,0.0,6.894413980327204e-5,0.0014858841010401188,0.0007429420505200594
1161930318594445312,29,1,0,1,1,0,1,0,0,0,1.0,0.0,1.0,1.0,0.0,1.0,0.0,0.0,0.0,1.0,0.0,1.0,0.0,0,0,1,1.0,0.0,1.0,2,1,125,0.0,4.37024735600035e-5,0.0,0.0,0.5,0.0,0.0,0.0,0.0,0.0,0.0,0.0,0.0,0.0008271741674855708,0.0,0.0008992805755395681,0.00019794523820393373,0.0,6.894413980327204e-5,0.0014858841010401188,0.0007429420505200594
104664862,29,1,0,1,1,0,1,0,0,0,1.0,0.0,1.0,1.0,0.0,1.0,0.0,0.0,0.0,1.0,0.0,1.0,0.0,0,0,1,1.0,0.0,1.0,2,1,125,0.0,4.37024735600035e-5,0.0,0.0,0.5,0.0,0.0,0.0,0.0,0.0,0.0,0.0,0.0,0.0008271741674855708,0.0,0.0008992805755395681,0.00019794523820393373,0.0,6.894413980327204e-5,0.0014858841010401188,0.0007429420505200594
1422174968045965312,29,1,0,1,1,0,1,0,0,0,1.0,0.0,1.0,1.0,0.0,1.0,0.0,0.0,0.0,1.0,0.0,1.0,0.0,0,0,1,1.0,0.0,1.0,2,1,125,0.0,4.37024735600035e-5,0.0,0.0,0.5,0.0,0.0,0.0,0.0,0.0,0.0,0.0,0.0,0.0008271741674855708,0.0,0.0008992805755395681,0.00019794523820393373,0.0,6.894413980327204e-5,0.0014858841010401188,0.0007429420505200594
488373285,29,1,0,1,1,0,1,0,0,0,1.0,0.0,1.0,1.0,0.0,1.0,0.0,0.0,0.0,1.0,0.0,1.0,0.0,0,0,1,1.0,0.0,1.0,2,1,125,0.0,4.37024735600035e-5,0.0,0.0,0.5,0.0,0.0,0.0,0.0,0.0,0.0,0.0,0.0,0.0008271741674855708,0.0,0.0008992805755395681,0.00019794523820393373,0.0,6.894413980327204e-5,0.0014858841010401188,0.0007429420505200594
1107143226664910849,29,1,0,1,1,0,1,0,0,0,1.0,0.0,1.0,1.0,0.0,1.0,0.0,0.0,0.0,1.0,0.0,1.0,0.0,0,0,1,1.0,0.0,1.0,2,1,125,0.0,4.37024735600035e-5,0.0,0.0,0.5,0.0,0.0,0.0,0.0,0.0,0.0,0.0,0.0,0.0008271741674855708,0.0,0.0008992805755395681,0.00019794523820393373,0.0,6.894413980327204e-5,0.0014858841010401188,0.0007429420505200594
1442939824558718976,29,1,0,1,1,0,1,0,0,0,1.0,0.0,1.0,1.0,0.0,1.0,0.0,0.0,0.0,1.0,0.0,1.0,0.0,0,0,1,1.0,0.0,1.0,2,1,125,0.0,4.37024735600035e-5,0.0,0.0,0.5,0.0,0.0,0.0,0.0,0.0,0.0,0.0,0.0,0.0008271741674855708,0.0,0.0008992805755395681,0.00019794523820393373,0.0,6.894413980327204e-5,0.0014858841010401188,0.0007429420505200594
1268049341941534723,29,1,0,1,1,0,1,0,0,0,1.0,0.0,1.0,1.0,0.0,1.0,0.0,0.0,0.0,1.0,0.0,1.0,0.0,0,0,1,1.0,0.0,1.0,2,1,125,0.0,4.37024735600035e-5,0.0,0.0,0.5,0.0,0.0,0.0,0.0,0.0,0.0,0.0,0.0,0.0008271741674855708,0.0,0.0008992805755395681,0.00019794523820393373,0.0,6.894413980327204e-5,0.0014858841010401188,0.0007429420505200594
41533816,29,1,0,1,1,0,1,0,0,0,1.0,0.0,1.0,1.0,0.0,1.0,0.0,0.0,0.0,1.0,0.0,1.0,0.0,0,0,1,1.0,0.0,1.0,2,1,125,0.0,4.37024735600035e-5,0.0,0.0,0.5,0.0,0.0,0.0,0.0,0.0,0.0,0.0,0.0,0.0008271741674855708,0.0,0.0008992805755395681,0.00019794523820393373,0.0,6.894413980327204e-5,0.0014858841010401188,0.0007429420505200594
3150913182,29,1,0,1,1,0,1,0,0,0,1.0,0.0,1.0,1.0,0.0,1.0,0.0,0.0,0.0,1.0,0.0,1.0,0.0,0,0,1,1.0,0.0,1.0,2,1,125,0.0,4.37024735600035e-5,0.0,0.0,0.5,0.0,0.0,0.0,0.0,0.0,0.0,0.0,0.0,0.0008271741674855708,0.0,0.0008992805755395681,0.00019794523820393373,0.0,6.894413980327204e-5,0.0014858841010401188,0.0007429420505200594
706560632343171072,29,1,0,1,1,0,1,0,0,0,1.0,0.0,1.0,1.0,0.0,1.0,0.0,0.0,0.0,1.0,0.0,1.0,0.0,0,0,1,1.0,0.0,1.0,2,1,125,0.0,4.37024735600035e-5,0.0,0.0,0.5,0.0,0.0,0.0,0.0,0.0,0.0,0.0,0.0,0.0008271741674855708,0.0,0.0008992805755395681,0.00019794523820393373,0.0,6.894413980327204e-5,0.0014858841010401188,0.0007429420505200594
1694002507,29,1,0,1,1,0,1,0,0,0,1.0,0.0,1.0,1.0,0.0,1.0,0.0,0.0,0.0,1.0,0.0,1.0,0.0,0,0,1,1.0,0.0,1.0,2,1,125,0.0,4.37024735600035e-5,0.0,0.0,0.5,0.0,0.0,0.0,0.0,0.0,0.0,0.0,0.0,0.0008271741674855708,0.0,0.0008992805755395681,0.00019794523820393373,0.0,6.894413980327204e-5,0.0014858841010401188,0.0007429420505200594
1463204076934479873,29,1,0,1,1,0,1,0,0,0,1.0,0.0,1.0,1.0,0.0,1.0,0.0,0.0,0.0,1.0,0.0,1.0,0.0,0,0,1,1.0,0.0,1.0,2,1,125,0.0,4.37024735600035e-5,0.0,0.0,0.5,0.0,0.0,0.0,0.0,0.0,0.0,0.0,0.0,0.0008271741674855708,0.0,0.0008992805755395681,0.00019794523820393373,0.0,6.894413980327204e-5,0.0014858841010401188,0.0007429420505200594
335996055,29,1,0,1,1,0,1,0,0,0,1.0,0.0,1.0,1.0,0.0,1.0,0.0,0.0,0.0,1.0,0.0,1.0,0.0,0,0,1,1.0,0.0,1.0,2,1,125,0.0,4.37024735600035e-5,0.0,0.0,0.5,0.0,0.0,0.0,0.0,0.0,0.0,0.0,0.0,0.0008271741674855708,0.0,0.0008992805755395681,0.00019794523820393373,0.0,6.894413980327204e-5,0.0014858841010401188,0.0007429420505200594
1206591791576862723,29,1,0,1,1,0,1,0,0,0,1.0,0.0,1.0,1.0,0.0,1.0,0.0,0.0,0.0,1.0,0.0,1.0,0.0,0,0,1,1.0,0.0,1.0,2,1,125,0.0,4.37024735600035e-5,0.0,0.0,0.5,0.0,0.0,0.0,0.0,0.0,0.0,0.0,0.0,0.0008271741674855708,0.0,0.0008992805755395681,0.00019794523820393373,0.0,6.894413980327204e-5,0.0014858841010401188,0.0007429420505200594
28834750,29,1,0,1,1,0,1,0,0,0,1.0,0.0,1.0,1.0,0.0,1.0,0.0,0.0,0.0,1.0,0.0,1.0,0.0,0,0,1,1.0,0.0,1.0,2,1,125,0.0,4.37024735600035e-5,0.0,0.0,0.5,0.0,0.0,0.0,0.0,0.0,0.0,0.0,0.0,0.0008271741674855708,0.0,0.0008992805755395681,0.00019794523820393373,0.0,6.894413980327204e-5,0.0014858841010401188,0.0007429420505200594
1309646195585941505,29,1,0,1,1,0,1,0,0,0,1.0,0.0,1.0,1.0,0.0,1.0,0.0,0.0,0.0,1.0,0.0,1.0,0.0,0,0,1,1.0,0.0,1.0,2,1,125,0.0,4.37024735600035e-5,0.0,0.0,0.5,0.0,0.0,0.0,0.0,0.0,0.0,0.0,0.0,0.0008271741674855708,0.0,0.0008992805755395681,0.00019794523820393373,0.0,6.894413980327204e-5,0.0014858841010401188,0.0007429420505200594
1446763412650741762,29,1,0,1,1,0,1,0,0,0,1.0,0.0,1.0,1.0,0.0,1.0,0.0,0.0,0.0,1.0,0.0,1.0,0.0,0,0,1,1.0,0.0,1.0,2,1,125,0.0,4.37024735600035e-5,0.0,0.0,0.5,0.0,0.0,0.0,0.0,0.0,0.0,0.0,0.0,0.0008271741674855708,0.0,0.0008992805755395681,0.00019794523820393373,0.0,6.894413980327204e-5,0.0014858841010401188,0.0007429420505200594
210729774,29,1,0,1,1,0,1,0,0,0,1.0,0.0,1.0,1.0,0.0,1.0,0.0,0.0,0.0,1.0,0.0,1.0,0.0,0,0,1,1.0,0.0,1.0,2,1,125,0.0,4.37024735600035e-5,0.0,0.0,0.5,0.0,0.0,0.0,0.0,0.0,0.0,0.0,0.0,0.0008271741674855708,0.0,0.0008992805755395681,0.00019794523820393373,0.0,6.894413980327204e-5,0.0014858841010401188,0.0007429420505200594
1872223814,29,1,0,1,1,0,1,0,0,0,1.0,0.0,1.0,1.0,0.0,1.0,0.0,0.0,0.0,1.0,0.0,1.0,0.0,0,0,1,1.0,0.0,1.0,2,1,125,0.0,4.37024735600035e-5,0.0,0.0,0.5,0.0,0.0,0.0,0.0,0.0,0.0,0.0,0.0,0.0008271741674855708,0.0,0.0008992805755395681,0.00019794523820393373,0.0,6.894413980327204e-5,0.0014858841010401188,0.0007429420505200594
4834005858,29,1,0,1,1,0,1,0,0,0,1.0,0.0,1.0,1.0,0.0,1.0,0.0,0.0,0.0,1.0,0.0,1.0,0.0,0,0,1,1.0,0.0,1.0,2,1,125,0.0,4.37024735600035e-5,0.0,0.0,0.5,0.0,0.0,0.0,0.0,0.0,0.0,0.0,0.0,0.0008271741674855708,0.0,0.0008992805755395681,0.00019794523820393373,0.0,6.894413980327204e-5,0.0014858841010401188,0.0007429420505200594
813763484227932161,29,1,0,1,1,0,1,0,0,0,1.0,0.0,1.0,1.0,0.0,1.0,0.0,0.0,0.0,1.0,0.0,1.0,0.0,0,0,1,1.0,0.0,1.0,2,1,125,0.0,4.37024735600035e-5,0.0,0.0,0.5,0.0,0.0,0.0,0.0,0.0,0.0,0.0,0.0,0.0008271741674855708,0.0,0.0008992805755395681,0.00019794523820393373,0.0,6.894413980327204e-5,0.0014858841010401188,0.0007429420505200594
2742164083,29,1,0,1,1,0,1,0,0,0,1.0,0.0,1.0,1.0,0.0,1.0,0.0,0.0,0.0,1.0,0.0,1.0,0.0,0,0,1,1.0,0.0,1.0,2,1,125,0.0,4.37024735600035e-5,0.0,0.0,0.5,0.0,0.0,0.0,0.0,0.0,0.0,0.0,0.0,0.0008271741674855708,0.0,0.0008992805755395681,0.00019794523820393373,0.0,6.894413980327204e-5,0.0014858841010401188,0.0007429420505200594
257048326,30,1,0,1,1,0,1,0,0,0,1.0,0.0,1.0,1.0,0.0,1.0,0.0,0.0,0.0,1.0,0.0,1.0,0.0,0,0,1,1.0,0.0,1.0,2,1,3,0.0,4.37024735600035e-5,0.0,0.0,0.5,0.0,0.0,0.0,0.0,0.0,0.0,0.0,0.0,0.0009492101949601632,0.0,0.0008992805755395724,0.00023778923039163846,0.0,1.6546593552785288e-6,0.0014858841010401188,0.0007429420505200594
1016668035455815680,30,1,0,1,1,0,1,0,0,0,1.0,0.0,1.0,1.0,0.0,1.0,0.0,0.0,0.0,1.0,0.0,1.0,0.0,0,0,1,1.0,0.0,1.0,2,1,3,0.0,4.37024735600035e-5,0.0,0.0,0.5,0.0,0.0,0.0,0.0,0.0,0.0,0.0,0.0,0.0009492101949601632,0.0,0.0008992805755395724,0.00023778923039163846,0.0,1.6546593552785288e-6,0.0014858841010401188,0.0007429420505200594
633553947,29,1,0,1,1,0,1,0,0,0,1.0,0.0,1.0,1.0,0.0,1.0,0.0,0.0,0.0,1.0,0.0,1.0,0.0,0,0,1,1.0,0.0,1.0,2,1,3,0.0,4.37024735600035e-5,0.0,0.0,0.5,0.0,0.0,0.0,0.0,0.0,0.0,0.0,0.0,0.0012306541183423948,0.0,0.0008992805755395719,0.00019794523820393373,0.0,1.6546593552785288e-6,0.0014858841010401188,0.0007429420505200594
1404442835517050886,43,1,0,1,1,0,1,0,0,0,1.0,0.0,1.0,1.0,0.0,1.0,0.0,0.0,0.0,1.0,0.0,1.0,0.0,0,0,1,1.0,0.0,1.0,2,1,2,0.0,4.37024735600035e-5,0.0,0.0,0.5,0.0,0.0,0.0,0.0,0.0,0.0,0.0,0.0,0.0011106811767182712,0.0,0.0008992805755395724,0.0002381171644837421,0.0,1.1031062368523526e-6,0.0014858841010401188,0.0007429420505200594
1153531941909483521,44,1,0,1,1,0,1,0,0,0,1.0,0.0,1.0,1.0,0.0,1.0,0.0,0.0,0.0,1.0,0.0,1.0,0.0,0,0,1,1.0,0.0,1.0,2,1,3,0.0,4.37024735600035e-5,0.0,0.0,0.5,0.0,0.0,0.0,0.0,0.0,0.0,0.0,0.0,0.0009492101839094421,0.0,0.0008992805755395724,0.00023778923039163846,0.0,1.6546593552785288e-6,0.0014858841010401188,0.0007429420505200594
1336979933462204416,44,1,0,1,1,0,1,0,0,0,1.0,0.0,1.0,1.0,0.0,1.0,0.0,0.0,0.0,1.0,0.0,1.0,0.0,0,0,1,1.0,0.0,1.0,2,1,3,0.0,4.37024735600035e-5,0.0,0.0,0.5,0.0,0.0,0.0,0.0,0.0,0.0,0.0,0.0,0.0009492101839094421,0.0,0.0008992805755395724,0.00023778923039163846,0.0,1.6546593552785288e-6,0.0014858841010401188,0.0007429420505200594
491833251,8,1,0,1,1,0,1,0,0,0,1.0,0.0,1.0,1.0,0.0,1.0,0.0,0.0,0.0,1.0,0.0,1.0,0.0,0,0,1,1.0,0.0,1.0,2,1,5,0.0,4.37024735600035e-5,0.0,0.0,0.5,0.0,0.0,0.0,0.0,0.0,0.0,0.0,0.0,0.0010256338181102687,0.0,0.0008992805755395707,0.00018236836883023244,0.0,2.757765592130881e-6,0.0014858841010401188,0.0007429420505200594
1229767833036345345,33,1,0,1,1,0,1,0,0,0,1.0,0.0,1.0,1.0,0.0,1.0,0.0,0.0,0.0,1.0,0.0,1.0,0.0,0,0,1,1.0,0.0,1.0,2,1,3,0.0,4.37024735600035e-5,0.0,0.0,0.5,0.0,0.0,0.0,0.0,0.0,0.0,0.0,0.0,0.0009492101929999223,0.0,0.0008992805755395724,0.00023778923039163846,0.0,1.6546593552785288e-6,0.0014858841010401188,0.0007429420505200594
631851140,33,1,0,1,1,0,1,0,0,0,1.0,0.0,1.0,1.0,0.0,1.0,0.0,0.0,0.0,1.0,0.0,1.0,0.0,0,0,1,1.0,0.0,1.0,2,1,3,0.0,4.37024735600035e-5,0.0,0.0,0.5,0.0,0.0,0.0,0.0,0.0,0.0,0.0,0.0,0.0009492101929999223,0.0,0.0008992805755395724,0.00023778923039163846,0.0,1.6546593552785288e-6,0.0014858841010401188,0.0007429420505200594
361978119,34,1,0,1,1,0,1,0,0,0,1.0,0.0,1.0,1.0,0.0,1.0,0.0,0.0,0.0,1.0,0.0,1.0,0.0,0,0,1,1.0,0.0,1.0,2,1,9,0.0,4.37024735600035e-5,0.0,0.0,0.5,0.0,0.0,0.0,0.0,0.0,0.0,0.0,0.0,0.0008585925478889806,0.0,0.0008992805755395724,0.0002358216258391277,0.0,4.963978065835587e-6,0.0014858841010401188,0.0007429420505200594
919023246497869824,34,1,0,1,1,0,1,0,0,0,1.0,0.0,1.0,1.0,0.0,1.0,0.0,0.0,0.0,1.0,0.0,1.0,0.0,0,0,1,1.0,0.0,1.0,2,1,9,0.0,4.37024735600035e-5,0.0,0.0,0.5,0.0,0.0,0.0,0.0,0.0,0.0,0.0,0.0,0.0008585925478889806,0.0,0.0008992805755395724,0.0002358216258391277,0.0,4.963978065835587e-6,0.0014858841010401188,0.0007429420505200594
1159508483399536640,34,1,0,1,1,0,1,0,0,0,1.0,0.0,1.0,1.0,0.0,1.0,0.0,0.0,0.0,1.0,0.0,1.0,0.0,0,0,1,1.0,0.0,1.0,2,1,9,0.0,4.37024735600035e-5,0.0,0.0,0.5,0.0,0.0,0.0,0.0,0.0,0.0,0.0,0.0,0.0008585925478889806,0.0,0.0008992805755395724,0.0002358216258391277,0.0,4.963978065835587e-6,0.0014858841010401188,0.0007429420505200594
59725400,34,1,0,1,1,0,1,0,0,0,1.0,0.0,1.0,1.0,0.0,1.0,0.0,0.0,0.0,1.0,0.0,1.0,0.0,0,0,1,1.0,0.0,1.0,2,1,9,0.0,4.37024735600035e-5,0.0,0.0,0.5,0.0,0.0,0.0,0.0,0.0,0.0,0.0,0.0,0.0008585925478889806,0.0,0.0008992805755395724,0.0002358216258391277,0.0,4.963978065835587e-6,0.0014858841010401188,0.0007429420505200594
2215799126,34,1,0,1,1,0,1,0,0,0,1.0,0.0,1.0,1.0,0.0,1.0,0.0,0.0,0.0,1.0,0.0,1.0,0.0,0,0,1,1.0,0.0,1.0,2,1,9,0.0,4.37024735600035e-5,0.0,0.0,0.5,0.0,0.0,0.0,0.0,0.0,0.0,0.0,0.0,0.0008585925478889806,0.0,0.0008992805755395724,0.0002358216258391277,0.0,4.963978065835587e-6,0.0014858841010401188,0.0007429420505200594
75816710,34,1,0,1,1,0,1,0,0,0,1.0,0.0,1.0,1.0,0.0,1.0,0.0,0.0,0.0,1.0,0.0,1.0,0.0,0,0,1,1.0,0.0,1.0,2,1,9,0.0,4.37024735600035e-5,0.0,0.0,0.5,0.0,0.0,0.0,0.0,0.0,0.0,0.0,0.0,0.0008585925478889806,0.0,0.0008992805755395724,0.0002358216258391277,0.0,4.963978065835587e-6,0.0014858841010401188,0.0007429420505200594
28405879,34,1,0,1,1,0,1,0,0,0,1.0,0.0,1.0,1.0,0.0,1.0,0.0,0.0,0.0,1.0,0.0,1.0,0.0,0,0,1,1.0,0.0,1.0,2,1,9,0.0,4.37024735600035e-5,0.0,0.0,0.5,0.0,0.0,0.0,0.0,0.0,0.0,0.0,0.0,0.0008585925478889806,0.0,0.0008992805755395724,0.0002358216258391277,0.0,4.963978065835587e-6,0.0014858841010401188,0.0007429420505200594
431418115,34,1,0,1,1,0,1,0,0,0,1.0,0.0,1.0,1.0,0.0,1.0,0.0,0.0,0.0,1.0,0.0,1.0,0.0,0,0,1,1.0,0.0,1.0,2,1,9,0.0,4.37024735600035e-5,0.0,0.0,0.5,0.0,0.0,0.0,0.0,0.0,0.0,0.0,0.0,0.0008585925478889806,0.0,0.0008992805755395724,0.0002358216258391277,0.0,4.963978065835587e-6,0.0014858841010401188,0.0007429420505200594
