node,community,in_degree,out_degree,total_degree,in_degree_in_group,out_degree_in_group,total_degree_in_group,in_degree_between,out_degree_between,total_degree_between,weighted_in_degree,weighted_out_degree,weighted_total_degree,weighted_in_degree_in_group,weighted_out_degree_in_group,weighted_total_degree_in_group,weighted_in_degree_between,weighted_out_degree_between,weighted_total_degree_between,in_group_indegree_ratio,in_group_outdegree_ratio,in_group_indegree_strength_fraction,in_group_outdegree_strength_fraction,k_core_in,k_core_out,k_core_undirected,s_core_in,s_core_out,s_core_undirected,in_reach_2,out_reach_2,undirected_reach_2,out_degree_normalized,in_degree_normalized,in_out_ratio,weighted_in_out_ratio,ego_density,density_clustering_coefficient,cg_cycle,cg_middleman,cg_in,cg_out,cg_total,barrat_local,r_norm_ranked,page_rank,salsa_hub,salsa_authority,modularity_vitality_hub,modularity_vitality_bridge,undirected_reach_2_normalized,in_reach_2_normalized,out_reach_2_normalized
8775672,13,0,37,37,0,28,28,0,9,9,0.0,48.0,48.0,0.0,38.0,38.0,0.0,10.0,10.0,0.0,0.7567567567567568,0.0,0.7916666666666666,0,2,11,0.0,29.0,43.0,1,474,499,0.001150361884676221,0.0,0.0,0.0,0.0945945945945946,0.07012417823228634,0.0,0.0,0.0,0.10185185185185185,0.10185185185185185,0.1869212962962963,0.0,0.0007230305845468362,0.007352941176470582,0.0,0.002252516958743511,0.0,0.000275225006094662,0.0007429420505200594,0.3521545319465082
827343025470738433,1,2,47,49,2,37,39,0,10,10,12.0,70.0,82.0,12.0,57.0,69.0,0.0,13.0,13.0,1.0,0.7872340425531915,1.0,0.8142857142857143,0,1,11,20.0,36.0,56.0,4,219,272,0.001677611081819489,0.00028759047116905527,0.04255319148927116,0.17142857142832651,0.06,0.04081632653061224,0.0,0.8565340909090909,0.0,0.02686335403726708,0.09857723577235772,0.19715447154471544,0.0,0.0008336561725000121,0.007352941176470573,0.0008532423208191158,0.00011942757418176297,0.0,0.00015002244821191995,0.0029717682020802376,0.16270430906389302
19611483,3,0,26,26,0,22,22,0,4,4,0.0,30.0,30.0,0.0,26.0,26.0,0.0,4.0,4.0,0.0,0.8461538461538461,0.0,0.8666666666666667,0,1,6,0.0,22.0,27.0,1,200,232,0.0007189761779226382,0.0,0.0,0.0,0.07834757834757834,0.042899408284023666,0.0,0.0,0.0,0.06666666666666667,0.06666666666666667,0.13333333333333333,0.0,0.0007230305845468362,0.007352941176470589,0.0,0.0030110556394661314,0.0,0.0001279603234748729,0.0007429420505200594,0.1485884101040119
28468549,2,10,71,80,7,44,50,3,27,30,27.0,90.0,116.0,18.0,57.0,74.0,9.0,33.0,42.0,0.7,0.6197183098591549,0.6666666666666666,0.6333333333333333,2,2,11,31.0,38.0,61.0,24,486,714,0.0021329626611704933,0.0006231126875329531,0.14084507042233682,0.29999999999966664,0.07535885167464115,0.0625,0.004219409282700422,0.6098964326812428,0.3293269230769231,0.029148347174727245,0.11701652523447968,0.2140289855072464,0.3103448275862069,0.0008609957451446766,0.007352941176470572,0.000853242320819112,0.0,0.005754389828176665,0.00039380892655628986,0.017830609212481426,0.3610698365527489
24112747,45,17,457,473,2,257,258,15,200,215,61.0,868.0,926.0,17.0,476.0,490.0,44.0,392.0,436.0,0.11764705882352941,0.562363238512035,0.2786885245901639,0.5483870967741935,2,2,11,48.0,50.0,70.0,33,714,853,0.0207304797967694,0.0013900206106504337,0.037199124726468885,0.07027649769584443,0.006561247460605062,0.0044064579139709015,0.0015399900645802285,0.24314456035767512,0.13793103448275862,0.0024645874356857018,0.013838120104438642,0.025397681566453858,0.1724137931034483,0.001190740791052566,0.007352941176470511,0.0008532423208191124,0.0,0.06427024772104817,0.00047047481001752833,0.02451708766716196,0.5304606240713224
3837500787,35,12,128,140,0,125,125,12,3,15,21.0,142.0,163.0,0.0,139.0,139.0,21.0,3.0,24.0,0.0,0.9765625,0.0,0.9788732394366197,2,0,11,38.0,44.0,42.0,40,129,894,0.0034031539088338206,0.0005032833245458467,0.09374999999992677,0.14788732394355783,0.009270516717325228,0.002193877551020408,0.0,0.00819672131147541,0.2662337662337662,0.0,0.003508849362228009,0.006090832855188242,0.0,0.0009502524764565807,0.007352941176470589,0.0008532423208191109,0.018704897896850814,0.0,0.0004930884878730016,0.029717682020802376,0.09583952451708767
115684356,3,0,23,23,0,22,22,0,1,1,0.0,27.0,27.0,0.0,26.0,26.0,0.0,1.0,1.0,0.0,0.9565217391304348,0.0,0.9629629629629629,0,1,6,0.0,19.0,24.0,1,53,80,0.0006470785601303743,0.0,0.0,0.0,0.08333333333333333,0.043478260869565216,0.0,0.0,0.0,0.07575757575757576,0.07575757575757576,0.15151515151515152,0.0,0.0007230305845468362,0.007352941176470589,0.0,0.003414250564446608,0.0,4.41242494740941e-5,0.0007429420505200594,0.03937592867756315
81155662,3,17,51,67,10,35,44,7,16,23,39.0,69.0,106.0,22.0,51.0,71.0,17.0,18.0,35.0,0.5882352941176471,0.6862745098039216,0.5641025641025641,0.7391304347826086,2,1,11,46.0,35.0,50.0,34,178,850,0.0016057134640272252,0.000886737286104587,0.3333333333326797,0.5652173913035287,0.05198135198135198,0.036923076923076927,0.0,0.22960932145305005,0.07117117117117117,0.0024367956137678953,0.05661634103019538,0.11102764423076923,0.27586206896551724,0.005781253030130945,0.007352941176470589,0.000853242320819115,0.006906387172787187,0.0,0.0004688201506622498,0.02526002971768202,0.13224368499257058
10126672,1,1,136,137,1,90,91,0,46,46,5.0,223.0,228.0,5.0,158.0,163.0,0.0,65.0,65.0,1.0,0.6617647058823529,1.0,0.7085201793721974,0,2,11,15.0,45.0,69.0,2,592,627,0.005344389589224944,0.00011982936298710636,0.007352941176465183,0.022421524663667078,0.025917698085263938,0.018807608290265863,0.0,0.46179401993355484,0.0,0.05034047500415213,0.055598555211558306,0.11042311661506708,0.0,0.0007546938973343011,0.007352941176470572,0.0008532423208191138,0.0,0.005192245813516128,0.0003458238052532125,0.0014858841010401188,0.4398216939078752
1017578055072604160,2,4,119,122,3,82,84,1,37,38,5.0,150.0,153.0,4.0,104.0,106.0,1.0,46.0,47.0,0.75,0.6890756302521008,0.8,0.6933333333333334,2,2,11,15.0,43.0,58.0,19,634,661,0.003546949144418348,7.189761779226382e-5,0.03361344537812301,0.033333333333311115,0.0259222333000997,0.01738006320022982,0.022813688212927757,0.5779467680608364,0.5,0.02255139755139755,0.03481309701286511,0.05467821361861097,0.20689655172413793,0.000730303471231135,0.00735294117647057,0.0008532423208191113,0.0,0.004837650365228874,0.0003645766112797025,0.01411589895988113,0.4710252600297177
54885400,2,3,189,192,3,143,146,0,46,46,10.0,258.0,268.0,10.0,189.0,199.0,0.0,69.0,69.0,1.0,0.7566137566137566,1.0,0.7325581395348837,2,2,11,16.0,47.0,59.0,5,342,385,0.0061831951301346885,0.00023965872597421273,0.015873015873007476,0.0387596899224656,0.014990355469826399,0.009750692520775624,0.004900113079532605,0.4779494911421033,0.5,0.011535131123206333,0.023643433573675675,0.04138039958935481,0.13793103448275862,0.0007812424752460864,0.007352941176470568,0.0008532423208191129,0.0,0.0024098590588459423,0.00021234795059407786,0.003714710252600297,0.2540861812778603
25930421,2,2,181,183,2,115,117,0,66,66,5.0,259.0,264.0,5.0,157.0,162.0,0.0,102.0,102.0,1.0,0.6353591160220995,1.0,0.6061776061776062,2,2,11,15.0,48.0,63.0,5,787,822,0.00620716100273211,0.00011982936298710636,0.011049723756899974,0.019305019305011852,0.01812276121668387,0.012636976893257226,0.016323633782824698,0.4528034066713982,1.0,0.027541827541827543,0.03371570137819045,0.06045875420875421,0.10344827586206896,0.0007457617301308243,0.007352941176470568,0.0008532423208191144,0.0,0.011459187021204187,0.0004533766633463169,0.003714710252600297,0.5846953937592868
18749026,45,5,155,159,1,107,107,4,48,52,5.0,218.0,222.0,1.0,146.0,146.0,4.0,72.0,76.0,0.2,0.6903225806451613,0.2,0.6697247706422018,1,1,11,15.0,46.0,66.0,8,607,668,0.005200594353640416,9.586349038968509e-5,0.03225806451610822,0.022935779816503243,0.013343545916310571,0.006977970708750862,0.002025658338960162,0.06347062795408508,0.16666666666666666,0.03273997771151471,0.03278664898829769,0.06587191089453533,0.06896551724137931,0.0009889151808394,0.007352941176470567,0.0008532423208191156,0.0,0.010991687269797379,0.00036843748310868576,0.005943536404160475,0.4509658246656761
92611744,13,8,83,91,7,57,64,1,26,27,31.0,109.0,140.0,24.0,70.0,94.0,7.0,39.0,46.0,0.875,0.6867469879518072,0.7741935483870968,0.6422018348623854,2,2,11,44.0,39.0,65.0,23,630,664,0.0026122801131189186,0.0007429420505200594,0.09638554216855857,0.2844036697245097,0.04851889683350358,0.037319214876033055,0.015766423357664233,0.45255474452554745,0.2488479262672811,0.041228462743343026,0.09733704292527821,0.17857142857142858,0.41379310344827586,0.0013920253986513293,0.0073529411764705725,0.0008532423208191126,0.0023010949488951327,0.0,0.000366231270634981,0.017087667161961365,0.46805349182763745
1601766740,36,1,1,2,1,1,2,0,0,0,1.0,2.0,3.0,1.0,2.0,3.0,0.0,0.0,0.0,1.0,1.0,1.0,1.0,0,0,2,1.0,3.0,7.0,2,2,5,4.7931745194842545e-5,2.3965872597421273e-5,0.9999999999,0.499999999975,0.5,0.25,0.0,1.0,0.0,0.0,0.5,1.0,0.0,0.0005840303536326014,0.007352941176470593,0.0008532423208191161,0.00048708474794567636,0.0,2.757765592130881e-6,0.0014858841010401188,0.0014858841010401188
4068016160,13,0,29,29,0,24,24,0,5,5,0.0,39.0,39.0,0.0,34.0,34.0,0.0,5.0,5.0,0.0,0.8275862068965517,0.0,0.8717948717948718,0,2,8,0.0,26.0,40.0,1,473,498,0.0009346690312994296,0.0,0.0,0.0,0.09885057471264368,0.06777645659928656,0.0,0.0,0.0,0.10531135531135531,0.10531135531135531,0.1987179487179487,0.0,0.0007230305845468362,0.007352941176470581,0.0,0.002649064975600024,0.0,0.0002746734529762358,0.0007429420505200594,0.3514115898959881
78489442,19,6,11,17,4,9,13,2,2,4,14.0,11.0,25.0,11.0,9.0,20.0,3.0,2.0,5.0,0.6666666666666666,0.8181818181818182,0.7857142857142857,0.8181818181818182,1,1,5,31.0,13.0,25.0,16,165,323,0.000263624598571634,0.0003355222163638978,0.5454545454495868,1.2727272727157024,0.10294117647058823,0.04296875,0.018433179723502304,0.12442396313364056,0.17142857142857143,0.00909090909090909,0.07178841309823678,0.12533333333333332,0.4827586206896552,0.0016699372876210902,0.00735294117647059,0.0008532423208191144,0.0016354581127270285,0.0,0.00017815165725165494,0.01188707280832095,0.1225854383358098
2216405453,1,8,196,203,7,107,113,1,89,90,55.0,309.0,355.0,52.0,160.0,203.0,3.0,149.0,152.0,0.875,0.5459183673469388,0.9454545454545454,0.517799352750809,1,2,11,47.0,49.0,71.0,17,657,728,0.007189761779226382,0.0011024301394813784,0.040816326530591425,0.17799352750803302,0.01726515935175607,0.012326427563674167,0.0018073377914332189,0.31031989878908367,0.14492753623188406,0.027895189003436426,0.048754709384256995,0.09576589595375723,0.034482758620689655,0.0011962212994707626,0.007352941176470567,0.000853242320819115,0.0,0.020375467446959283,0.0004015306702142563,0.01263001485884101,0.48811292719167904
269139570,4,0,1,1,0,1,1,0,0,0,0.0,1.0,1.0,0.0,1.0,1.0,0.0,0.0,0.0,0.0,1.0,0.0,1.0,0,0,1,0.0,1.0,1.0,1,2,2,2.3965872597421273e-5,0.0,0.0,0.0,0.5,0.0,0.0,0.0,0.0,0.0,0.0,0.0,0.0,0.0005546236778065908,0.007352941176470593,0.0,0.00016331667454894117,0.0,1.1031062368523526e-6,0.0007429420505200594,0.0014858841010401188
1487041979795980289,35,0,6,6,0,6,6,0,0,0,0.0,8.0,8.0,0.0,8.0,8.0,0.0,0.0,0.0,0.0,1.0,0.0,1.0,0,0,1,0.0,10.0,7.0,1,7,8,0.00019172698077937018,0.0,0.0,0.0,0.14285714285714285,0.0,0.0,0.0,0.0,0.0,0.0,0.0,0.0,0.0007230305845468362,0.007352941176470594,0.0,0.001107148692209181,0.0,4.41242494740941e-6,0.0007429420505200594,0.005200594353640416
102722975,2,6,41,46,6,36,41,0,5,5,7.0,43.0,49.0,7.0,38.0,44.0,0.0,5.0,5.0,1.0,0.8780487804878049,1.0,0.8837209302325582,2,2,11,22.0,31.0,44.0,11,71,290,0.0010065666490916933,0.00014379523558452764,0.1463414634142772,0.16279069767404,0.13054968287526428,0.10870740941049216,0.013513513513513514,1.0,0.5,0.07203907203907203,0.16856600189933524,0.30009920634920634,0.3448275862068966,0.0007794083155829432,0.007352941176470579,0.0008532423208191149,0.0004787757330139142,0.0,0.00015995040434359112,0.008172362555720654,0.05274888558692422
1478840722518282241,13,4,3,7,3,3,6,1,0,1,6.0,3.0,9.0,5.0,3.0,8.0,1.0,0.0,1.0,0.75,1.0,0.8333333333333334,1.0,2,0,4,27.0,5.0,15.0,20,4,484,7.189761779226382e-5,0.00014379523558452764,1.3333333332888888,1.9999999999333333,0.30357142857142855,0.20408163265306123,0.0,0.4,0.5555555555555556,0.0,0.2962962962962963,0.5185185185185185,0.0,0.0007962099534142531,0.007352941176470598,0.0008532423208191126,0.000622135894344289,0.0,0.0002669517093182693,0.014858841010401188,0.0029717682020802376
111344559,37,0,2,2,0,2,2,0,0,0,0.0,2.0,2.0,0.0,2.0,2.0,0.0,0.0,0.0,0.0,1.0,0.0,1.0,0,0,2,0.0,2.0,4.0,1,3,3,4.7931745194842545e-5,0.0,0.0,0.0,0.5,0.25,0.0,0.0,0.0,0.5,0.5,1.0,0.0,0.0004592976966967715,0.007352941176470593,0.0,0.00032627842199794976,0.0,1.6546593552785288e-6,0.0007429420505200594,0.002228826151560178
83795099,3,0,24,24,0,23,23,0,1,1,0.0,29.0,29.0,0.0,28.0,28.0,0.0,1.0,1.0,0.0,0.9583333333333334,0.0,0.9655172413793104,0,1,6,0.0,21.0,26.0,1,53,80,0.0006950103053252169,0.0,0.0,0.0,0.08,0.041666666666666664,0.0,0.0,0.0,0.08770614692653673,0.08770614692653673,0.17541229385307347,0.0,0.0007230305845468362,0.00735294117647059,0.0,0.003694808568167951,0.0,4.41242494740941e-5,0.0007429420505200594,0.03937592867756315
1528726698,36,1,2,3,1,2,3,0,0,0,1.0,2.0,3.0,1.0,2.0,3.0,0.0,0.0,0.0,1.0,1.0,1.0,1.0,0,0,2,1.0,3.0,5.0,2,3,5,4.7931745194842545e-5,2.3965872597421273e-5,0.499999999975,0.499999999975,0.4166666666666667,0.2222222222222222,0.0,1.0,0.0,0.0,0.3333333333333333,0.6666666666666666,0.0,0.0005840303536326014,0.007352941176470593,0.0008532423208191161,0.00048708474794567636,0.0,2.757765592130881e-6,0.0014858841010401188,0.002228826151560178
704224716626780160,37,1,1,2,1,1,2,0,0,0,1.0,1.0,2.0,1.0,1.0,2.0,0.0,0.0,0.0,1.0,1.0,1.0,1.0,0,0,2,1.0,1.0,4.0,2,2,3,2.3965872597421273e-5,2.3965872597421273e-5,0.9999999999,0.9999999999,0.5,0.25,0.0,1.0,0.0,0.0,0.5,1.0,0.0,0.0006692484087987213,0.007352941176470593,0.0008532423208191161,0.00032627842199794976,0.0,1.6546593552785288e-6,0.0014858841010401188,0.0014858841010401188
809841734058393600,36,0,4,4,0,4,4,0,0,0,0.0,5.0,5.0,0.0,5.0,5.0,0.0,0.0,0.0,0.0,1.0,0.0,1.0,0,0,2,0.0,5.0,7.0,1,5,5,0.00011982936298710636,0.0,0.0,0.0,0.35,0.1875,0.0,0.0,0.0,0.26666666666666666,0.26666666666666666,0.5333333333333333,0.0,0.0004917543238438599,0.007352941176470593,0.0,0.00081302888643775,0.0,2.757765592130881e-6,0.0007429420505200594,0.003714710252600297
2744294556,1,3,35,38,3,17,20,0,18,18,3.0,41.0,44.0,3.0,20.0,23.0,0.0,21.0,21.0,1.0,0.4857142857142857,1.0,0.4878048780487805,1,2,11,9.0,28.0,46.0,8,621,686,0.0009826007764942722,7.189761779226382e-5,0.08571428571404081,0.0731707317071386,0.10241820768136557,0.07742878013148284,0.0,0.5535714285714286,0.3333333333333333,0.10258249641319943,0.12746305418719212,0.23484848484848486,0.2413793103448276,0.0007484390677557366,0.0073529411764705725,0.000853242320819114,0.0,0.00315660218287217,0.0003783654392403569,0.005943536404160475,0.46136701337295694
1511704288401059840,5,7,15,21,7,14,20,0,1,1,111.0,98.0,178.0,111.0,97.0,177.0,0.0,1.0,1.0,1.0,0.9333333333333333,1.0,0.9897959183673469,1,1,5,54.0,37.0,77.0,8,29,40,0.0016057134640272252,0.0019172698077937018,0.46666666666355555,1.132653061223334,0.1568627450980392,0.09342560553633218,0.045298558682223745,0.38984214138641043,0.2875,0.1113662456946039,0.1939149560117302,0.32568027210884354,0.8275862068965517,0.0027474953489981307,0.007352941176470598,0.0008532423208191163,0.02509747825372255,0.0,2.206212473704705e-5,0.005943536404160475,0.021545319465081723
1176545268415619072,5,2,6,8,1,5,6,1,1,2,2.0,32.0,34.0,1.0,31.0,32.0,1.0,1.0,2.0,0.5,0.8333333333333334,0.5,0.96875,1,1,5,5.0,24.0,72.0,5,17,40,0.0007669079231174807,4.7931745194842545e-5,0.33333333332777776,0.062499999999804684,0.4166666666666667,0.34375,0.21052631578947367,0.5,0.0,0.44375,0.4117647058823529,0.6890756302521008,0.0,0.0006351336510183315,0.007352941176470596,0.0008532423208191162,0.003868745396486961,0.0,2.206212473704705e-5,0.003714710252600297,0.01263001485884101
951720519203635201,5,0,12,12,0,11,11,0,1,1,0.0,42.0,42.0,0.0,41.0,41.0,0.0,1.0,1.0,0.0,0.9166666666666666,0.0,0.9761904761904762,0,1,5,0.0,28.0,74.0,1,24,28,0.0010065666490916933,0.0,0.0,0.0,0.1987179487179487,0.13194444444444445,0.0,0.0,0.0,0.21645021645021645,0.21645021645021645,0.354978354978355,0.0,0.0005681143294432708,0.007352941176470598,0.0,0.005117906326260746,0.0,1.5443487315932935e-5,0.0007429420505200594,0.017830609212481426
1433419690638983168,38,0,1,1,0,1,1,0,0,0,0.0,1.0,1.0,0.0,1.0,1.0,0.0,0.0,0.0,0.0,1.0,0.0,1.0,0,0,1,0.0,1.0,1.0,1,2,2,2.3965872597421273e-5,0.0,0.0,0.0,0.5,0.0,0.0,0.0,0.0,0.0,0.0,0.0,0.0,0.0005546237003301351,0.007352941176470593,0.0,0.00016331667454894117,0.0,1.1031062368523526e-6,0.0007429420505200594,0.0014858841010401188
316937242,6,0,1,1,0,1,1,0,0,0,0.0,2.0,2.0,0.0,2.0,2.0,0.0,0.0,0.0,0.0,1.0,0.0,1.0,0,0,1,0.0,3.0,4.0,1,2,3,4.7931745194842545e-5,0.0,0.0,0.0,0.5,0.0,0.0,0.0,0.0,0.0,0.0,0.0,0.0,0.0005006516561897568,0.007352941176470594,0.0,0.00032627842199794976,0.0,1.6546593552785288e-6,0.0007429420505200594,0.0014858841010401188
754923996,19,2,11,13,1,9,10,1,2,3,5.0,16.0,21.0,2.0,13.0,15.0,3.0,3.0,6.0,0.5,0.8181818181818182,0.4,0.8125,0,1,4,15.0,15.0,25.0,4,19,181,0.00038345396155874036,0.00011982936298710636,0.18181818181652892,0.3124999999980469,0.12637362637362637,0.05917159763313609,0.0,0.40229885057471265,0.0,0.00625,0.07341269841269842,0.14682539682539683,0.0,0.0007692640485328567,0.00735294117647059,0.000853242320819116,0.0013988775942376797,0.0,9.98311144351379e-5,0.0029717682020802376,0.01411589895988113
1596428281,2,0,1,1,0,1,1,0,0,0,0.0,1.0,1.0,0.0,1.0,1.0,0.0,0.0,0.0,0.0,1.0,0.0,1.0,0,0,1,0.0,1.0,1.0,1,2,5,2.3965872597421273e-5,0.0,0.0,0.0,0.5,0.0,0.0,0.0,0.0,0.0,0.0,0.0,0.0,0.0007230305845468362,0.007352941176470584,0.0,2.956247907770493e-5,0.0,2.757765592130881e-6,0.0007429420505200594,0.0014858841010401188
1151142582585417730,7,0,2,2,0,2,2,0,0,0,0.0,2.0,2.0,0.0,2.0,2.0,0.0,0.0,0.0,0.0,1.0,0.0,1.0,0,0,1,0.0,3.0,2.0,1,3,3,4.7931745194842545e-5,0.0,0.0,0.0,0.3333333333333333,0.0,0.0,0.0,0.0,0.0,0.0,0.0,0.0,0.0006118575587875216,0.007352941176470593,0.0,0.0003265782843674958,0.0,1.6546593552785288e-6,0.0007429420505200594,0.002228826151560178
1324022303194292224,8,1,2,3,1,2,3,0,0,0,2.0,2.0,4.0,2.0,2.0,4.0,0.0,0.0,0.0,1.0,1.0,1.0,1.0,0,0,2,5.0,3.0,5.0,2,3,4,4.7931745194842545e-5,4.7931745194842545e-5,0.499999999975,0.99999999995,0.4166666666666667,0.2222222222222222,0.0,1.0,0.0,0.0,0.375,0.75,0.0,0.0007462474784499138,0.007352941176470593,0.0008532423208191161,0.0006517353077800658,0.0,2.206212473704705e-6,0.0014858841010401188,0.002228826151560178
1380265270137257987,8,0,3,3,0,3,3,0,0,0,0.0,4.0,4.0,0.0,4.0,4.0,0.0,0.0,0.0,0.0,1.0,0.0,1.0,0,0,2,0.0,4.0,5.0,1,4,4,9.586349038968509e-5,0.0,0.0,0.0,0.4166666666666667,0.2222222222222222,0.0,0.0,0.0,0.375,0.375,0.75,0.0,0.0005061176744878935,0.007352941176470593,0.0,0.0006517353077800658,0.0,2.206212473704705e-6,0.0007429420505200594,0.0029717682020802376
93471126,39,1,47,47,1,38,38,0,9,9,3.0,59.0,59.0,3.0,47.0,47.0,0.0,12.0,12.0,1.0,0.8085106382978723,1.0,0.7966101694915254,0,2,6,9.0,33.0,36.0,1,82,108,0.0013420888654555913,0.0,0.02127659574463558,0.05084745762703246,0.027752081406105456,0.006143667296786389,0.0,0.0,0.0,0.005952380952380952,0.005952380952380952,0.011111111111111112,0.0,0.0007230305845468362,0.007352941176470602,0.0,0.006329052021651238,0.0,5.9567736790027034e-5,0.0007429420505200594,0.06092124814264487
119407077,3,3,1,4,3,1,4,0,0,0,9.0,3.0,12.0,9.0,3.0,12.0,0.0,0.0,0.0,1.0,1.0,1.0,1.0,0,1,4,31.0,5.0,25.0,4,52,69,7.189761779226382e-5,0.00021569285337679145,2.9999999997,2.9999999999,0.4,0.25,0.0,1.0,0.0,0.0,0.25,0.5,0.0,0.0009501184080740382,0.00735294117647059,0.0008532423208191159,0.001626327091392099,0.0,3.805716517140616e-5,0.0029717682020802376,0.03863298662704309
1122760625283670016,1,0,90,90,0,54,54,0,36,36,0.0,114.0,114.0,0.0,68.0,68.0,0.0,46.0,46.0,0.0,0.6,0.0,0.5964912280701754,0,2,11,0.0,40.0,52.0,1,561,593,0.002732109476106025,0.0,0.0,0.0,0.03724053724053724,0.02654320987654321,0.0,0.0,0.0,0.05415927459097181,0.05415927459097181,0.10831854918194363,0.0,0.0007230305845468362,0.007352941176470572,0.0,0.0,0.006753856598803842,0.0003270709992267225,0.0007429420505200594,0.41679049034175336
1172106776646279168,1,10,2,12,4,2,6,6,0,6,18.0,2.0,20.0,6.0,2.0,8.0,12.0,0.0,12.0,0.4,1.0,0.3333333333333333,1.0,2,0,10,31.0,3.0,42.0,29,3,721,4.7931745194842545e-5,0.0004313857067535829,4.99999999975,8.99999999955,0.23076923076923078,0.16666666666666666,0.0,0.0,0.25308641975308643,0.5,0.19090909090909092,0.2863636363636364,0.0,0.0008287941857057172,0.007352941176470593,0.000853242320819111,0.0,0.001977116104304011,0.0003976697983852731,0.021545319465081723,0.002228826151560178
1266406010274471936,2,2,1,2,2,1,2,0,0,0,2.0,1.0,2.0,2.0,1.0,2.0,0.0,0.0,0.0,1.0,1.0,1.0,1.0,1,0,1,5.0,1.0,7.0,5,1,119,0.0,2.3965872597421273e-5,1.9999999998,1.9999999998,1.5,1.0,0.0,0.0,0.0,0.0,0.0,0.0,0.0,0.0007279575121318956,0.0,0.0008532423208191137,5.925098195153078e-5,0.0,6.563482109271498e-5,0.003714710252600297,0.0007429420505200594
1083407707028238342,3,4,2,6,2,2,4,2,0,2,5.0,3.0,8.0,3.0,3.0,6.0,2.0,0.0,2.0,0.5,1.0,0.6,1.0,2,1,4,15.0,5.0,17.0,21,51,283,7.189761779226382e-5,0.00011982936298710636,1.9999999999,1.6666666666111112,0.4666666666666667,0.32,0.0,1.0,0.3,0.5,0.4166666666666667,0.8125,0.9655172413793104,0.0011508814963161627,0.007352941176470589,0.0008532423208191152,0.0005644390844045111,0.0,0.0001560895325146079,0.015601783060921248,0.03789004457652303
201601822,19,0,29,29,0,25,25,0,4,4,0.0,40.0,40.0,0.0,36.0,36.0,0.0,4.0,4.0,0.0,0.8620689655172413,0.0,0.9,0,1,6,0.0,20.0,28.0,1,185,211,0.0009586349038968509,0.0,0.0,0.0,0.08045977011494253,0.04875148632580262,0.0,0.0,0.0,0.065625,0.065625,0.12053571428571429,0.0,0.0007230305845468362,0.007352941176470588,0.0,0.0036226637902406766,0.0,0.0001163777079879232,0.0007429420505200594,0.137444279346211
1204242402103267328,9,0,3,3,0,3,3,0,0,0,0.0,3.0,3.0,0.0,3.0,3.0,0.0,0.0,0.0,0.0,1.0,0.0,1.0,0,0,1,0.0,5.0,2.0,1,4,4,7.189761779226382e-5,0.0,0.0,0.0,0.25,0.0,0.0,0.0,0.0,0.0,0.0,0.0,0.0,0.0006483859056676331,0.007352941176470594,0.0,0.0004897847077885431,0.0,2.206212473704705e-6,0.0007429420505200594,0.0029717682020802376
706087110424420353,40,1,7,7,1,7,7,0,0,0,1.0,7.0,7.0,1.0,7.0,7.0,0.0,0.0,0.0,1.0,1.0,1.0,1.0,0,0,1,1.0,9.0,4.0,1,7,7,0.00014379523558452764,0.0,0.14285714285510204,0.14285714285510204,0.16666666666666666,0.0,0.0,0.0,0.0,0.0,0.0,0.0,0.0,0.0007050213093782168,0.0073529411764705925,0.0,0.0011420560977314365,0.0,3.860871828983234e-6,0.0007429420505200594,0.005200594353640416
1279630596633800706,10,2,2,3,2,2,3,0,0,0,2.0,2.0,3.0,2.0,2.0,3.0,0.0,0.0,0.0,1.0,1.0,1.0,1.0,1,1,1,3.0,2.0,5.0,2,2,2,2.3965872597421273e-5,2.3965872597421273e-5,0.99999999995,0.99999999995,1.5,0.0,0.0,0.0,0.0,0.0,0.0,0.0,1.0,0.0008032124859892875,0.007352941176470593,0.0008532423208191161,0.0004897847077885431,0.0,1.1031062368523526e-6,0.0014858841010401188,0.0014858841010401188
1445397158400774154,10,1,1,2,1,1,2,0,0,0,1.0,1.0,2.0,1.0,1.0,2.0,0.0,0.0,0.0,1.0,1.0,1.0,1.0,1,1,1,1.0,1.0,4.0,2,2,2,2.3965872597421273e-5,2.3965872597421273e-5,0.9999999999,0.9999999999,1.5,1.0,0.0,0.0,0.0,0.0,0.0,0.0,1.0,0.000803213216821957,0.007352941176470593,0.0008532423208191161,0.00032627842199794976,0.0,1.1031062368523526e-6,0.0014858841010401188,0.0014858841010401188
66369181,13,4,53,57,0,35,35,4,18,22,10.0,65.0,75.0,0.0,41.0,41.0,10.0,24.0,34.0,0.0,0.660377358490566,0.0,0.6307692307692307,0,2,11,25.0,34.0,51.0,5,631,833,0.0015577817188323828,0.00023965872597421273,0.07547169811306514,0.15384615384591716,0.07259528130671507,0.05632502308402586,0.0,0.21772151898734177,0.16666666666666666,0.08609467455621302,0.09095238095238095,0.1757142857142857,0.0,0.0007731147494240038,0.007352941176470574,0.0008532423208191152,0.0,0.001223402150182351,0.00045944374764900485,0.003714710252600297,0.4687964338781575
265814534,1,0,37,37,0,31,31,0,6,6,0.0,40.0,40.0,0.0,34.0,34.0,0.0,6.0,6.0,0.0,0.8378378378378378,0.0,0.85,0,2,10,0.0,28.0,38.0,1,203,230,0.0009586349038968509,0.0,0.0,0.0,0.05832147937411095,0.03287070854638422,0.0,0.0,0.0,0.06909722222222223,0.06909722222222223,0.13472222222222222,0.0,0.0007230305845468362,0.007352941176470571,0.0,0.0,0.00037810642783348003,0.00012685721723802054,0.0007429420505200594,0.15081723625557206
15448383,19,0,2,2,0,2,2,0,0,0,0.0,2.0,2.0,0.0,2.0,2.0,0.0,0.0,0.0,0.0,1.0,0.0,1.0,0,1,2,0.0,3.0,4.0,1,13,17,4.7931745194842545e-5,0.0,0.0,0.0,0.5,0.25,0.0,0.0,0.0,0.5,0.5,1.0,0.0,0.0007230305845468362,0.00735294117647059,0.0,0.00028789603870099656,0.0,9.376403013244997e-6,0.0007429420505200594,0.009658246656760773
2511882350,5,2,8,9,2,8,9,0,0,0,9.0,51.0,59.0,9.0,51.0,59.0,0.0,0.0,0.0,1.0,1.0,1.0,1.0,1,1,5,31.0,32.0,76.0,7,15,21,0.0011982936298710635,0.00019172698077937018,0.249999999996875,0.1764705882349481,0.44642857142857145,0.32653061224489793,0.26666666666666666,1.0,0.0,0.4483333333333333,0.48533333333333334,0.7672413793103449,0.6896551724137931,0.0008925468390265524,0.007352941176470596,0.0008532423208191161,0.007591031261486525,0.0,1.1582615486949701e-5,0.005200594353640416,0.011144130757800892
1432532274621272066,5,6,4,9,6,4,9,0,0,0,16.0,18.0,33.0,16.0,18.0,33.0,0.0,0.0,0.0,1.0,1.0,1.0,1.0,1,1,5,36.0,17.0,73.0,8,15,28,0.00040741983415616164,0.0003594880889613191,1.4999999999625,0.8888888888839507,0.5714285714285714,0.46938775510204084,0.19642857142857142,1.0,0.6166666666666667,0.38235294117647056,0.5679611650485437,0.9166666666666666,0.9310344827586207,0.0010472306116572504,0.007352941176470595,0.0008532423208191162,0.004153228860859559,0.0,1.5443487315932935e-5,0.005943536404160475,0.011144130757800892
3307687069,11,3,15,17,2,14,15,1,1,2,3.0,16.0,18.0,2.0,15.0,16.0,1.0,1.0,2.0,0.6666666666666666,0.9333333333333333,0.6666666666666666,0.9375,1,1,2,5.0,15.0,11.0,9,20,32,0.0003594880889613191,4.7931745194842545e-5,0.19999999999866666,0.18749999999882816,0.09166666666666666,0.022222222222222223,0.03571428571428571,0.07142857142857142,0.0,0.017948717948717947,0.025691699604743084,0.046218487394957986,0.4482758620689655,0.0008136294804994757,0.007352941176470594,0.0008532423208191162,0.0024329422114364174,0.0,1.764969978963764e-5,0.006686478454680535,0.014858841010401188
96750689,11,1,3,4,1,3,4,0,0,0,1.0,3.0,4.0,1.0,3.0,4.0,0.0,0.0,0.0,1.0,1.0,1.0,1.0,1,1,2,1.0,5.0,5.0,3,15,16,7.189761779226382e-5,2.3965872597421273e-5,0.3333333333222222,0.3333333333222222,0.5833333333333334,0.3333333333333333,0.0,1.0,0.0,0.3333333333333333,0.4,0.75,0.8620689655172413,0.0006217566528919125,0.007352941176470596,0.0008532423208191165,0.0006418310575315167,0.0,8.82484989481882e-6,0.002228826151560178,0.011144130757800892
3194592704,12,0,2,2,0,2,2,0,0,0,0.0,2.0,2.0,0.0,2.0,2.0,0.0,0.0,0.0,0.0,1.0,0.0,1.0,0,0,1,0.0,3.0,2.0,1,3,3,4.7931745194842545e-5,0.0,0.0,0.0,0.3333333333333333,0.0,0.0,0.0,0.0,0.0,0.0,0.0,0.0,0.0006118574965781142,0.007352941176470593,0.0,0.0003265782843674958,0.0,1.6546593552785288e-6,0.0007429420505200594,0.002228826151560178
1156734634257817600,13,8,29,36,7,22,28,1,7,8,10.0,35.0,43.0,8.0,28.0,34.0,2.0,7.0,9.0,0.875,0.7586206896551724,0.8,0.8,2,2,11,29.0,26.0,45.0,23,597,627,0.0007908737957149019,0.00019172698077937018,0.275862068964566,0.28571428571346935,0.15423387096774194,0.12174817898022892,0.05895691609977324,0.6145124716553289,0.40625,0.12570145903479238,0.2028985507246377,0.35772357723577236,0.6206896551724138,0.0010252941872499614,0.007352941176470585,0.0008532423208191121,0.0018347366192890124,0.0,0.0003458238052532125,0.017087667161961365,0.44353640416047546
1493823703607832577,13,3,4,7,3,3,6,0,1,1,6.0,4.0,10.0,6.0,3.0,9.0,0.0,1.0,1.0,1.0,0.75,1.0,0.75,2,1,5,27.0,7.0,25.0,11,29,105,9.586349038968509e-5,0.00014379523558452764,0.74999999998125,1.4999999999625,0.4523809523809524,0.3333333333333333,0.09090909090909091,0.8181818181818182,0.6666666666666666,0.25,0.45614035087719296,0.76,0.7931034482758621,0.0008406572735192556,0.007352941176470584,0.0008532423208191146,0.00047968767587863725,0.0,5.7913077434748507e-5,0.008172362555720654,0.021545319465081723
1155060346521968640,41,0,1,1,0,1,1,0,0,0,0.0,1.0,1.0,0.0,1.0,1.0,0.0,0.0,0.0,0.0,1.0,0.0,1.0,0,0,1,0.0,1.0,1.0,1,2,2,2.3965872597421273e-5,0.0,0.0,0.0,0.5,0.0,0.0,0.0,0.0,0.0,0.0,0.0,0.0,0.0005546239602208256,0.007352941176470593,0.0,0.00016331667454894117,0.0,1.1031062368523526e-6,0.0007429420505200594,0.0014858841010401188
1186921798299897857,39,1,2,2,1,2,2,0,0,0,1.0,2.0,2.0,1.0,2.0,2.0,0.0,0.0,0.0,1.0,1.0,1.0,1.0,0,0,1,1.0,3.0,5.0,1,2,3,2.3965872597421273e-5,0.0,0.499999999975,0.499999999975,1.0,0.0,0.0,0.0,0.0,0.0,0.0,0.0,0.0,0.0007230305845468362,0.007352941176470596,0.0,0.00031023578522926254,0.0,1.6546593552785288e-6,0.0007429420505200594,0.0014858841010401188
1504583473,19,2,1,3,1,1,2,1,0,1,2.0,1.0,3.0,1.0,1.0,2.0,1.0,0.0,1.0,0.5,1.0,0.5,1.0,1,0,3,5.0,1.0,7.0,23,2,481,2.3965872597421273e-5,4.7931745194842545e-5,1.9999999998,1.9999999998,0.5,0.3333333333333333,0.0,1.0,0.0,0.0,0.3333333333333333,0.6666666666666666,0.0,0.0008759850929124241,0.0073529411764705795,0.0008532423208191104,0.0001411617239275298,0.0,0.0002652970499629908,0.017087667161961365,0.0014858841010401188
925641636583010304,14,0,3,3,0,3,3,0,0,0,0.0,3.0,3.0,0.0,3.0,3.0,0.0,0.0,0.0,0.0,1.0,0.0,1.0,0,0,1,0.0,5.0,2.0,1,4,4,7.189761779226382e-5,0.0,0.0,0.0,0.25,0.0,0.0,0.0,0.0,0.0,0.0,0.0,0.0,0.0006483857967912956,0.007352941176470594,0.0,0.0004897847077885431,0.0,2.206212473704705e-6,0.0007429420505200594,0.0029717682020802376
1278547172,15,0,1,1,0,1,1,0,0,0,0.0,1.0,1.0,0.0,1.0,1.0,0.0,0.0,0.0,0.0,1.0,0.0,1.0,0,0,1,0.0,1.0,1.0,1,2,2,2.3965872597421273e-5,0.0,0.0,0.0,0.5,0.0,0.0,0.0,0.0,0.0,0.0,0.0,0.0,0.0005546236695720736,0.007352941176470593,0.0,0.00016331667454894117,0.0,1.1031062368523526e-6,0.0007429420505200594,0.0014858841010401188
731364674,2,0,2,2,0,2,2,0,0,0,0.0,2.0,2.0,0.0,2.0,2.0,0.0,0.0,0.0,0.0,1.0,0.0,1.0,0,0,2,0.0,2.0,4.0,1,3,5,4.7931745194842545e-5,0.0,0.0,0.0,0.5,0.25,0.0,0.0,0.0,0.5,0.5,1.0,0.0,0.0007230305845468362,0.007352941176470581,0.0,5.925098195153078e-5,0.0,2.757765592130881e-6,0.0007429420505200594,0.002228826151560178
18144581,3,0,1,1,0,1,1,0,0,0,0.0,2.0,2.0,0.0,2.0,2.0,0.0,0.0,0.0,0.0,1.0,0.0,1.0,0,1,1,0.0,3.0,4.0,1,52,66,4.7931745194842545e-5,0.0,0.0,0.0,1.0,1.0,0.0,0.0,0.0,0.0,0.0,0.0,0.0,0.0007230305845468362,0.00735294117647059,0.0,0.00026885477823723747,0.0,3.640250581612763e-5,0.0007429420505200594,0.03863298662704309
1077817320,16,0,1,1,0,1,1,0,0,0,0.0,1.0,1.0,0.0,1.0,1.0,0.0,0.0,0.0,0.0,1.0,0.0,1.0,0,0,1,0.0,1.0,1.0,1,2,2,2.3965872597421273e-5,0.0,0.0,0.0,0.5,0.0,0.0,0.0,0.0,0.0,0.0,0.0,0.0,0.0005546239263038361,0.007352941176470593,0.0,0.00016331667454894117,0.0,1.1031062368523526e-6,0.0007429420505200594,0.0014858841010401188
822328100,2,2,1,3,2,1,3,0,0,0,2.0,1.0,3.0,2.0,1.0,3.0,0.0,0.0,0.0,1.0,1.0,1.0,1.0,1,0,2,5.0,1.0,5.0,6,2,192,2.3965872597421273e-5,4.7931745194842545e-5,1.9999999998,1.9999999998,0.4166666666666667,0.2222222222222222,0.0,1.0,0.0,0.0,0.3333333333333333,0.6666666666666666,0.0,0.0010870157855676866,0.0073529411764705795,0.0008532423208191158,8.9065667778776e-5,0.0,0.00010589819873782585,0.004457652303120356,0.0014858841010401188
3252386060,1,0,25,25,0,18,18,0,7,7,0.0,27.0,27.0,0.0,20.0,20.0,0.0,7.0,7.0,0.0,0.72,0.0,0.7407407407407407,0,1,10,0.0,22.0,32.0,1,49,81,0.0006470785601303743,0.0,0.0,0.0,0.07538461538461538,0.0384,0.0,0.0,0.0,0.07407407407407407,0.07407407407407407,0.14814814814814814,0.0,0.0007230305845468362,0.007352941176470581,0.0,0.0,7.013831526825332e-5,4.467580259252028e-5,0.0007429420505200594,0.036404160475482915
227557590,13,0,32,32,0,23,23,0,9,9,0.0,35.0,35.0,0.0,26.0,26.0,0.0,9.0,9.0,0.0,0.71875,0.0,0.7428571428571429,0,2,11,0.0,27.0,37.0,1,598,628,0.0008388055409097445,0.0,0.0,0.0,0.11742424242424243,0.08984375,0.0,0.0,0.0,0.12764976958525345,0.12764976958525345,0.24055299539170508,0.0,0.0007230305845468362,0.007352941176470583,0.0,0.000985622078798265,0.0,0.0003463753583716387,0.0007429420505200594,0.4442793462109955
823349574739734528,13,0,1,1,0,1,1,0,0,0,0.0,1.0,1.0,0.0,1.0,1.0,0.0,0.0,0.0,0.0,1.0,0.0,1.0,0,0,1,0.0,1.0,1.0,1,2,16,2.3965872597421273e-5,0.0,0.0,0.0,0.5,0.0,0.0,0.0,0.0,0.0,0.0,0.0,0.0,0.0007230305845468362,0.007352941176470587,0.0,0.00014383427072683919,0.0,8.82484989481882e-6,0.0007429420505200594,0.0014858841010401188
1240256329022705667,17,1,1,1,1,1,1,0,0,0,1.0,1.0,1.0,1.0,1.0,1.0,0.0,0.0,0.0,1.0,1.0,1.0,1.0,0,0,0,1.0,1.0,4.0,1,1,1,0.0,0.0,0.9999999999,0.9999999999,0.0,0.0,0.0,0.0,0.0,0.0,0.0,0.0,0.0,0.0008032128514056222,0.0,0.0,0.00016331667454894117,0.0,5.515531184261763e-7,0.0007429420505200594,0.0007429420505200594
970153086982307840,5,0,3,3,0,3,3,0,0,0,0.0,5.0,5.0,0.0,5.0,5.0,0.0,0.0,0.0,0.0,1.0,0.0,1.0,0,1,3,0.0,8.0,14.0,1,16,21,0.00011982936298710636,0.0,0.0,0.0,0.5,0.3333333333333333,0.0,0.0,0.0,0.4,0.4,0.8,0.0,0.0005681143294432708,0.007352941176470595,0.0,0.000614480545346574,0.0,1.1582615486949701e-5,0.0007429420505200594,0.01188707280832095
1267345823236411392,5,5,5,9,5,5,9,0,0,0,7.0,27.0,33.0,7.0,27.0,33.0,0.0,0.0,0.0,1.0,1.0,1.0,1.0,1,1,5,27.0,21.0,73.0,8,15,28,0.0006231126875329531,0.00014379523558452764,0.99999999998,0.25925925925829907,0.5714285714285714,0.46938775510204084,0.16071428571428573,1.0,0.5,0.5128205128205128,0.5480769230769231,0.9166666666666666,0.5862068965517241,0.0007404356109377371,0.007352941176470595,0.0008532423208191161,0.004153228860859559,0.0,1.5443487315932935e-5,0.005943536404160475,0.011144130757800892
351750739,18,0,4,4,0,4,4,0,0,0,0.0,4.0,4.0,0.0,4.0,4.0,0.0,0.0,0.0,0.0,1.0,0.0,1.0,0,0,1,0.0,7.0,3.0,1,5,6,9.586349038968509e-5,0.0,0.0,0.0,0.2,0.0,0.0,0.0,0.0,0.0,0.0,0.0,0.0,0.0006095159728945392,0.007352941176470593,0.0,0.0006523355653709206,0.0,3.3093187105570577e-6,0.0007429420505200594,0.003714710252600297
746500488959496194,13,0,1,1,0,1,1,0,0,0,0.0,1.0,1.0,0.0,1.0,1.0,0.0,0.0,0.0,0.0,1.0,0.0,1.0,0,0,1,0.0,1.0,1.0,1,2,16,2.3965872597421273e-5,0.0,0.0,0.0,0.5,0.0,0.0,0.0,0.0,0.0,0.0,0.0,0.0,0.0007230305845468362,0.007352941176470587,0.0,0.00014383427072683919,0.0,8.82484989481882e-6,0.0007429420505200594,0.0014858841010401188
472122299,13,0,2,2,0,2,2,0,0,0,0.0,2.0,2.0,0.0,2.0,2.0,0.0,0.0,0.0,0.0,1.0,0.0,1.0,0,0,2,0.0,3.0,4.0,1,3,17,4.7931745194842545e-5,0.0,0.0,0.0,0.3333333333333333,0.0,0.0,0.0,0.0,0.0,0.0,0.0,0.0,0.0007230305845468362,0.007352941176470593,0.0,0.00028789603870099656,0.0,9.376403013244997e-6,0.0007429420505200594,0.002228826151560178
441540997,19,3,5,8,2,5,7,1,0,1,5.0,10.0,15.0,3.0,10.0,13.0,2.0,0.0,2.0,0.6666666666666666,1.0,0.6,1.0,1,1,4,15.0,13.0,17.0,7,16,185,0.00023965872597421273,0.00011982936298710636,0.599999999988,0.499999999995,0.2916666666666667,0.203125,0.09090909090909091,0.7090909090909091,0.2,0.05,0.24761904761904763,0.44761904761904764,0.0,0.0011291889972034682,0.007352941176470589,0.0008532423208191135,0.0015958138624840856,0.0,0.0001020373269088426,0.005200594353640416,0.01188707280832095
15872418,25,2,3,5,2,3,5,0,0,0,2.0,3.0,5.0,2.0,3.0,5.0,0.0,0.0,0.0,1.0,1.0,1.0,1.0,0,0,3,3.0,5.0,10.0,3,4,6,7.189761779226382e-5,4.7931745194842545e-5,0.6666666666444444,0.6666666666444444,0.36666666666666664,0.24,0.0,0.6666666666666666,0.5,0.0,0.25,0.5,0.0,0.0008113202759340382,0.007352941176470594,0.0008532423208191162,0.0008107769203761772,0.0,3.3093187105570577e-6,0.002228826151560178,0.0029717682020802376
1032125483519856640,11,1,3,3,1,3,3,0,0,0,1.0,3.0,3.0,1.0,3.0,3.0,0.0,0.0,0.0,1.0,1.0,1.0,1.0,0,0,1,1.0,5.0,5.0,1,3,4,4.7931745194842545e-5,0.0,0.3333333333222222,0.3333333333222222,0.5,0.0,0.0,0.0,0.0,0.0,0.0,0.0,0.0,0.0005681143294432708,0.007352941176470593,0.0,0.00048100983829924004,0.0,2.206212473704705e-6,0.0007429420505200594,0.002228826151560178
63689241,20,2,9,10,2,8,9,0,1,1,2.0,10.0,11.0,2.0,9.0,10.0,0.0,1.0,1.0,1.0,0.8888888888888888,1.0,0.9,1,1,3,5.0,11.0,13.0,2,9,18,0.00021569285337679145,2.3965872597421273e-5,0.22222222221975307,0.199999999998,0.2361111111111111,0.109375,0.0,1.0,0.0,0.16666666666666666,0.22727272727272727,0.4,0.5517241379310345,0.0006561697495419193,0.007352941176470593,0.0008532423208191159,0.0015204360285600016,0.0,9.927956131671174e-6,0.0014858841010401188,0.006686478454680535
1115213444578402304,20,1,8,9,1,7,8,0,1,1,2.0,8.0,10.0,2.0,7.0,9.0,0.0,1.0,1.0,1.0,0.875,1.0,0.875,1,1,3,5.0,10.0,12.0,2,9,18,0.00019172698077937018,4.7931745194842545e-5,0.1249999999984375,0.249999999996875,0.2361111111111111,0.125,0.0,1.0,0.0,0.125,0.22727272727272727,0.4,0.6551724137931034,0.000712317871469276,0.007352941176470593,0.0008532423208191159,0.0013591768684683148,0.0,9.927956131671174e-6,0.0014858841010401188,0.006686478454680535
954388280656633856,1,0,24,24,0,12,12,0,12,12,0.0,29.0,29.0,0.0,17.0,17.0,0.0,12.0,12.0,0.0,0.5,0.0,0.5862068965517241,0,2,9,0.0,23.0,38.0,1,491,518,0.0006950103053252169,0.0,0.0,0.0,0.11166666666666666,0.07465277777777778,0.0,0.0,0.0,0.14767616191904048,0.14767616191904048,0.29535232383808097,0.0,0.0007230305845468362,0.007352941176470575,0.0,0.0,0.0016863174238608836,0.0002857045153447593,0.0007429420505200594,0.36478454680534916
1237824952113303552,13,6,17,23,4,14,18,2,3,5,11.0,18.0,29.0,9.0,15.0,24.0,2.0,3.0,5.0,0.6666666666666666,0.8235294117647058,0.8181818181818182,0.8333333333333334,2,2,9,31.0,17.0,41.0,15,108,190,0.0004313857067535829,0.000263624598571634,0.35294117646851214,0.6111111111077161,0.15367965367965367,0.10884353741496598,0.006872852233676976,0.5429553264604811,0.15454545454545454,0.04861111111111111,0.16167192429022081,0.30517241379310345,0.5517241379310345,0.0009223837779428498,0.007352941176470583,0.0008532423208191145,0.0011840250448612588,0.0,0.00010479509250097349,0.011144130757800892,0.08023774145616643
1240414825596874752,19,4,8,11,4,8,11,0,0,0,8.0,13.0,19.0,8.0,13.0,19.0,0.0,0.0,0.0,1.0,1.0,1.0,1.0,1,1,4,29.0,14.0,29.0,5,9,32,0.000263624598571634,0.00014379523558452764,0.49999999999375,0.6153846153798816,0.34444444444444444,0.24691358024691357,0.0,1.0,0.3333333333333333,0.23484848484848486,0.3673469387755102,0.7132352941176471,0.7241379310344828,0.001167593463547578,0.007352941176470593,0.0008532423208191159,0.0027720069260500635,0.0,1.764969978963764e-5,0.003714710252600297,0.006686478454680535
1496277013908553730,19,4,8,12,4,8,12,0,0,0,13.0,10.0,23.0,13.0,10.0,23.0,0.0,0.0,0.0,1.0,1.0,1.0,1.0,1,1,4,30.0,13.0,28.0,6,9,38,0.00023965872597421273,0.00031155634376647654,0.49999999999375,1.299999999987,0.26515151515151514,0.19008264462809918,0.0,0.782608695652174,0.2692307692307692,0.1357142857142857,0.29959514170040485,0.5782608695652174,0.7586206896551724,0.0014892880007635972,0.007352941176470593,0.0008532423208191159,0.0033662093910782898,0.0,2.0959018500194697e-5,0.004457652303120356,0.006686478454680535
540532607,19,0,8,8,0,8,8,0,0,0,0.0,13.0,13.0,0.0,13.0,13.0,0.0,0.0,0.0,0.0,1.0,0.0,1.0,0,1,4,0.0,14.0,22.0,1,10,12,0.00031155634376647654,0.0,0.0,0.0,0.3194444444444444,0.234375,0.0,0.0,0.0,0.34065934065934067,0.34065934065934067,0.6153846153846154,0.0,0.0007230305845468362,0.007352941176470593,0.0,0.001887665057964949,0.0,6.618637421114115e-6,0.0007429420505200594,0.007429420505200594
829130191532220416,13,10,31,40,7,11,17,3,20,23,13.0,33.0,44.0,9.0,13.0,20.0,4.0,20.0,24.0,0.7,0.3548387096774194,0.6923076923076923,0.3939393939393939,2,2,11,31.0,25.0,47.0,24,466,540,0.0007429420505200594,0.000263624598571634,0.32258064516024976,0.39393939393820016,0.10585585585585586,0.0779320987654321,0.023255813953488372,0.3853820598006645,0.3352272727272727,0.041156840934371525,0.11925739458779107,0.19931972789115646,0.5172413793103449,0.0009121296770102329,0.0073529411764705725,0.0008532423208191127,0.0,0.0020493347798892225,0.00029783868395013516,0.017830609212481426,0.3462109955423477
44728980,42,0,3,3,0,3,3,0,0,0,0.0,3.0,3.0,0.0,3.0,3.0,0.0,0.0,0.0,0.0,1.0,0.0,1.0,0,0,1,0.0,5.0,2.0,1,4,4,7.189761779226382e-5,0.0,0.0,0.0,0.25,0.0,0.0,0.0,0.0,0.0,0.0,0.0,0.0,0.0006483858107123963,0.007352941176470594,0.0,0.0004897847077885431,0.0,2.206212473704705e-6,0.0007429420505200594,0.0029717682020802376
867527992620089344,35,0,2,2,0,2,2,0,0,0,0.0,2.0,2.0,0.0,2.0,2.0,0.0,0.0,0.0,0.0,1.0,0.0,1.0,0,0,2,0.0,3.0,4.0,1,3,6,4.7931745194842545e-5,0.0,0.0,0.0,0.3333333333333333,0.0,0.0,0.0,0.0,0.0,0.0,0.0,0.0,0.0007230305845468362,0.007352941176470593,0.0,0.0002754517503664733,0.0,3.3093187105570577e-6,0.0007429420505200594,0.002228826151560178
1379849189081837572,1,1,1,2,1,1,2,0,0,0,1.0,2.0,3.0,1.0,2.0,3.0,0.0,0.0,0.0,1.0,1.0,1.0,1.0,1,0,2,1.0,3.0,7.0,12,2,13,4.7931745194842545e-5,2.3965872597421273e-5,0.9999999999,0.499999999975,0.5,0.25,0.0,1.0,0.0,0.0,0.5,1.0,0.0,0.001136793182641724,0.007352941176470593,0.0008532423208191162,0.0004852847747170985,0.0,7.170190539540292e-6,0.008915304606240713,0.0014858841010401188
119593082,43,0,1,1,0,1,1,0,0,0,0.0,1.0,1.0,0.0,1.0,1.0,0.0,0.0,0.0,0.0,1.0,0.0,1.0,0,0,1,0.0,1.0,1.0,1,2,2,2.3965872597421273e-5,0.0,0.0,0.0,0.5,0.0,0.0,0.0,0.0,0.0,0.0,0.0,0.0,0.0005546239225684157,0.007352941176470593,0.0,0.00016331667454894117,0.0,1.1031062368523526e-6,0.0007429420505200594,0.0014858841010401188
993308622422556672,18,0,1,1,0,1,1,0,0,0,0.0,1.0,1.0,0.0,1.0,1.0,0.0,0.0,0.0,0.0,1.0,0.0,1.0,0,0,1,0.0,1.0,1.0,1,2,3,2.3965872597421273e-5,0.0,0.0,0.0,0.5,0.0,0.0,0.0,0.0,0.0,0.0,0.0,0.0,0.0006095159728945392,0.007352941176470593,0.0,0.00016271721596983202,0.0,1.6546593552785288e-6,0.0007429420505200594,0.0014858841010401188
125519902,1,0,1,1,0,1,1,0,0,0,0.0,1.0,1.0,0.0,1.0,1.0,0.0,0.0,0.0,0.0,1.0,0.0,1.0,0,0,1,0.0,1.0,1.0,1,2,13,2.3965872597421273e-5,0.0,0.0,0.0,0.5,0.0,0.0,0.0,0.0,0.0,0.0,0.0,0.0,0.0007230305845468362,0.007352941176470583,0.0,3.6755982027347756e-5,0.0,7.170190539540292e-6,0.0007429420505200594,0.0014858841010401188
883172101309386752,20,2,8,9,2,8,9,0,0,0,2.0,9.0,10.0,2.0,9.0,10.0,0.0,0.0,0.0,1.0,1.0,1.0,1.0,0,0,2,5.0,12.0,11.0,2,8,12,0.00019172698077937018,2.3965872597421273e-5,0.249999999996875,0.22222222221975307,0.125,0.0,0.0,0.0,0.0,0.0,0.0,0.0,0.0,0.0011299482507528666,0.007352941176470593,0.0008532423208191161,0.0016005811732664466,0.0,6.618637421114115e-6,0.0014858841010401188,0.005943536404160475
2635320355,44,0,5,5,0,5,5,0,0,0,0.0,5.0,5.0,0.0,5.0,5.0,0.0,0.0,0.0,0.0,1.0,0.0,1.0,0,0,1,0.0,8.0,2.0,1,6,6,0.00011982936298710636,0.0,0.0,0.0,0.16666666666666666,0.0,0.0,0.0,0.0,0.0,0.0,0.0,0.0,0.0006913663152395942,0.007352941176470593,0.0,0.0008160315078530878,0.0,3.3093187105570577e-6,0.0007429420505200594,0.004457652303120356
461853598,21,2,3,4,2,3,4,0,0,0,3.0,4.0,6.0,3.0,4.0,6.0,0.0,0.0,0.0,1.0,1.0,1.0,1.0,1,1,2,9.0,7.0,15.0,2,3,3,7.189761779226382e-5,4.7931745194842545e-5,0.6666666666444444,0.74999999998125,1.0,0.5,0.0,1.0,0.0,0.5,0.5,1.0,0.9655172413793104,0.0008032130445505874,0.007352941176470594,0.0008532423208191162,0.0009772692667845417,0.0,1.6546593552785288e-6,0.0014858841010401188,0.002228826151560178
3066238416,21,2,3,4,2,3,4,0,0,0,3.0,4.0,6.0,3.0,4.0,6.0,0.0,0.0,0.0,1.0,1.0,1.0,1.0,1,1,2,9.0,7.0,15.0,2,3,3,7.189761779226382e-5,4.7931745194842545e-5,0.6666666666444444,0.74999999998125,1.0,0.5,0.0,1.0,0.0,0.5,0.5,1.0,0.9655172413793104,0.000803212658260657,0.007352941176470594,0.0008532423208191162,0.0009772692667845417,0.0,1.6546593552785288e-6,0.0014858841010401188,0.002228826151560178
330826792,20,0,1,1,0,1,1,0,0,0,0.0,1.0,1.0,0.0,1.0,1.0,0.0,0.0,0.0,0.0,1.0,0.0,1.0,0,0,1,0.0,1.0,1.0,1,9,9,2.3965872597421273e-5,0.0,0.0,0.0,1.0,1.0,0.0,0.0,0.0,0.0,0.0,0.0,0.0,0.0005681143294432708,0.007352941176470593,0.0,0.00015897059985015005,0.0,4.963978065835587e-6,0.0007429420505200594,0.006686478454680535
55118669,22,0,1,1,0,1,1,0,0,0,0.0,1.0,1.0,0.0,1.0,1.0,0.0,0.0,0.0,0.0,1.0,0.0,1.0,0,0,1,0.0,1.0,1.0,1,2,2,2.3965872597421273e-5,0.0,0.0,0.0,0.5,0.0,0.0,0.0,0.0,0.0,0.0,0.0,0.0,0.000554623699508718,0.007352941176470593,0.0,0.00016331667454894117,0.0,1.1031062368523526e-6,0.0007429420505200594,0.0014858841010401188
2811559122,35,1,6,6,1,6,6,0,0,0,4.0,10.0,10.0,4.0,10.0,10.0,0.0,0.0,0.0,1.0,1.0,1.0,1.0,0,0,2,14.0,13.0,22.0,1,6,7,0.00014379523558452764,0.0,0.16666666666388888,0.399999999996,0.2,0.0,0.0,0.0,0.0,0.0,0.0,0.0,0.0,0.0007230305845468362,0.007352941176470596,0.0,0.0013861684007373531,0.0,3.860871828983234e-6,0.0007429420505200594,0.004457652303120356
74886399,19,0,1,1,0,1,1,0,0,0,0.0,1.0,1.0,0.0,1.0,1.0,0.0,0.0,0.0,0.0,1.0,0.0,1.0,0,0,1,0.0,1.0,1.0,1,2,4,2.3965872597421273e-5,0.0,0.0,0.0,0.5,0.0,0.0,0.0,0.0,0.0,0.0,0.0,0.0,0.0007230305845468362,0.007352941176470593,0.0,0.00014383427072683919,0.0,2.206212473704705e-6,0.0007429420505200594,0.0014858841010401188
710249838,20,1,3,3,1,2,2,0,1,1,1.0,3.0,3.0,1.0,2.0,2.0,0.0,1.0,1.0,1.0,0.6666666666666666,1.0,0.6666666666666666,0,0,2,1.0,5.0,7.0,1,3,13,4.7931745194842545e-5,0.0,0.3333333333222222,0.3333333333222222,0.5,0.0,0.0,0.0,0.0,0.0,0.0,0.0,0.0,0.0005681143294432708,0.007352941176470594,0.0,0.00023716029611775546,0.0,7.170190539540292e-6,0.0007429420505200594,0.002228826151560178
900079815574867968,23,0,1,1,0,1,1,0,0,0,0.0,1.0,1.0,0.0,1.0,1.0,0.0,0.0,0.0,0.0,1.0,0.0,1.0,0,0,1,0.0,1.0,1.0,1,2,2,2.3965872597421273e-5,0.0,0.0,0.0,1.0,1.0,0.0,0.0,0.0,0.0,0.0,0.0,0.0,0.0005546236987054369,0.007352941176470593,0.0,0.00016316680990419163,0.0,1.1031062368523526e-6,0.0007429420505200594,0.0014858841010401188
579411773,23,2,1,2,2,1,2,0,0,0,2.0,1.0,2.0,2.0,1.0,2.0,0.0,0.0,0.0,1.0,1.0,1.0,1.0,0,0,1,5.0,1.0,4.0,2,1,2,0.0,2.3965872597421273e-5,1.9999999998,1.9999999998,1.0,0.0,0.0,0.0,0.0,0.0,0.0,0.0,0.0,0.0010518020041058076,0.0,0.0008532423208191161,0.0003265782843674958,0.0,1.1031062368523526e-6,0.0014858841010401188,0.0007429420505200594
63411616,24,0,1,1,0,1,1,0,0,0,0.0,1.0,1.0,0.0,1.0,1.0,0.0,0.0,0.0,0.0,1.0,0.0,1.0,0,0,1,0.0,1.0,1.0,1,2,2,2.3965872597421273e-5,0.0,0.0,0.0,0.5,0.0,0.0,0.0,0.0,0.0,0.0,0.0,0.0,0.0005546239316742236,0.007352941176470593,0.0,0.00016331667454894117,0.0,1.1031062368523526e-6,0.0007429420505200594,0.0014858841010401188
122607866,25,1,5,5,1,5,5,0,0,0,2.0,6.0,6.0,2.0,6.0,6.0,0.0,0.0,0.0,1.0,1.0,1.0,1.0,0,0,3,5.0,7.0,11.0,1,6,6,9.586349038968509e-5,0.0,0.199999999996,0.33333333332777776,0.5,0.3125,0.0,0.0,0.0,0.4166666666666667,0.4166666666666667,0.8333333333333334,0.0,0.0004951698724513132,0.007352941176470594,0.0,0.0009736645198659133,0.0,3.3093187105570577e-6,0.0007429420505200594,0.004457652303120356
92174767,25,1,3,4,1,3,4,0,0,0,1.0,3.0,4.0,1.0,3.0,4.0,0.0,0.0,0.0,1.0,1.0,1.0,1.0,0,0,3,1.0,5.0,10.0,2,5,6,7.189761779226382e-5,2.3965872597421273e-5,0.3333333333222222,0.3333333333222222,0.5,0.375,0.0,1.0,0.0,0.3333333333333333,0.4166666666666667,0.8333333333333334,0.0,0.0006142884354133055,0.007352941176470594,0.0008532423208191161,0.0006481337622351591,0.0,3.3093187105570577e-6,0.0014858841010401188,0.003714710252600297
921099321172520960,26,0,2,2,0,2,2,0,0,0,0.0,2.0,2.0,0.0,2.0,2.0,0.0,0.0,0.0,0.0,1.0,0.0,1.0,0,1,2,0.0,2.0,4.0,1,3,3,4.7931745194842545e-5,0.0,0.0,0.0,0.8333333333333334,0.75,0.0,0.0,0.0,1.0,1.0,1.0,0.0,6.354385906953453e-5,0.007352941176470593,0.0,0.0003256786972589687,0.0,1.6546593552785288e-6,0.0007429420505200594,0.002228826151560178
1694120298,26,2,1,3,2,1,3,0,0,0,2.0,1.0,3.0,2.0,1.0,3.0,0.0,0.0,0.0,1.0,1.0,1.0,1.0,1,1,2,5.0,1.0,5.0,3,2,3,2.3965872597421273e-5,4.7931745194842545e-5,1.9999999998,1.9999999998,0.8333333333333334,0.5,0.0,1.0,0.5,0.0,0.5,1.0,1.0,0.0011730468455243895,0.007352941176470593,0.0008532423208191161,0.0004888847211742542,0.0,1.6546593552785288e-6,0.002228826151560178,0.0014858841010401188
491468208,26,3,2,4,3,2,4,0,0,0,3.0,2.0,4.0,3.0,2.0,4.0,0.0,0.0,0.0,1.0,1.0,1.0,1.0,1,1,2,8.0,2.0,6.0,3,2,3,2.3965872597421273e-5,4.7931745194842545e-5,1.499999999925,1.499999999925,0.8333333333333334,0.25,0.0,1.0,0.5,0.0,0.5,1.0,1.0,0.0011730478496229427,0.007352941176470593,0.0008532423208191161,0.0006523355653709206,0.0,1.6546593552785288e-6,0.002228826151560178,0.0014858841010401188
1070960078629425152,2,4,1,4,4,1,4,0,0,0,11.0,3.0,11.0,11.0,3.0,11.0,0.0,0.0,0.0,1.0,1.0,1.0,1.0,2,0,3,20.0,5.0,32.0,6,1,239,0.0,0.00019172698077937018,3.9999999996,3.6666666665444443,0.6666666666666666,0.4444444444444444,0.0,0.0,0.625,0.0,0.625,0.8125,0.0,0.0007837003043576706,0.0,0.0008532423208191136,0.0003321449084635608,0.0,0.00013182119530385613,0.004457652303120356,0.0007429420505200594
2785294014,2,5,40,45,5,35,40,0,5,5,10.0,40.0,50.0,10.0,35.0,45.0,0.0,5.0,5.0,1.0,0.875,1.0,0.875,2,2,11,23.0,29.0,43.0,11,71,290,0.0009586349038968509,0.00023965872597421273,0.1249999999996875,0.249999999999375,0.13054968287526428,0.10924824229313142,0.010101010101010102,1.0,0.5,0.05,0.1814038286235187,0.32666666666666666,0.3793103448275862,0.0008255811752385299,0.007352941176470582,0.0008532423208191144,0.0005140701344871768,0.0,0.00015995040434359112,0.008172362555720654,0.05274888558692422
2817062262,29,0,1,1,0,1,1,0,0,0,0.0,1.0,1.0,0.0,1.0,1.0,0.0,0.0,0.0,0.0,1.0,0.0,1.0,0,1,1,0.0,1.0,1.0,1,4,4,2.3965872597421273e-5,0.0,0.0,0.0,1.0,1.0,0.0,0.0,0.0,0.0,0.0,0.0,0.0,0.0007230305845468362,0.007352941176470593,0.0,0.00016129350184435065,0.0,2.206212473704705e-6,0.0007429420505200594,0.0029717682020802376
1734618349,29,4,3,6,4,3,6,0,0,0,5.0,4.0,8.0,5.0,4.0,8.0,0.0,0.0,0.0,1.0,1.0,1.0,1.0,2,2,2,12.0,6.0,18.0,4,6,7,7.189761779226382e-5,9.586349038968509e-5,1.3333333332888888,1.24999999996875,0.75,0.3333333333333333,0.5454545454545454,0.5454545454545454,0.375,1.0,0.5454545454545454,0.42857142857142855,1.0,0.007448345380039601,0.007352941176470593,0.000853242320819116,0.001297167527175458,0.0,3.860871828983234e-6,0.0029717682020802376,0.004457652303120356
1075939624076304384,13,3,2,4,2,2,3,1,0,1,5.0,3.0,7.0,3.0,3.0,5.0,2.0,0.0,2.0,0.6666666666666666,1.0,0.6,1.0,1,0,3,15.0,5.0,16.0,18,2,476,4.7931745194842545e-5,9.586349038968509e-5,1.499999999925,1.6666666666111112,0.6666666666666666,0.4444444444444444,0.0,1.0,0.5,0.0,0.5,1.0,0.0,0.0007558596741664729,0.0073529411764705795,0.0008532423208191097,0.00015433017180543906,0.0,0.0002625392843708599,0.01337295690936107,0.0014858841010401188
1172411775934849029,2,1,24,25,1,23,24,0,1,1,1.0,24.0,25.0,1.0,23.0,24.0,0.0,1.0,1.0,1.0,0.9583333333333334,1.0,0.9583333333333334,1,1,5,1.0,18.0,15.0,5,192,251,0.0005751809423381105,2.3965872597421273e-5,0.04166666666649306,0.04166666666649306,0.11384615384615385,0.0784,0.041666666666666664,1.0,0.0,0.03985507246376811,0.07833333333333334,0.15333333333333332,0.0,0.0007279575121318956,0.007352941176470587,0.0008532423208191137,0.0005405283629166813,0.0,0.00013843983272497024,0.003714710252600297,0.1426448736998514
633894947,6,0,1,1,0,1,1,0,0,0,0.0,1.0,1.0,0.0,1.0,1.0,0.0,0.0,0.0,0.0,1.0,0.0,1.0,0,0,1,0.0,1.0,1.0,1,2,3,2.3965872597421273e-5,0.0,0.0,0.0,0.5,0.0,0.0,0.0,0.0,0.0,0.0,0.0,0.0,0.0005006516561897568,0.007352941176470594,0.0,0.00016301694525933108,0.0,1.6546593552785288e-6,0.0007429420505200594,0.0014858841010401188
1338994562090602497,27,1,126,127,1,113,114,0,13,13,3.0,128.0,131.0,3.0,114.0,117.0,0.0,14.0,14.0,1.0,0.8968253968253969,1.0,0.890625,0,1,11,9.0,41.0,34.0,2,305,337,0.003067631692469923,7.189761779226382e-5,0.007936507936501637,0.02343749999998169,0.015809547244094488,0.00806001612003224,0.0,1.0,0.0,0.0003125,0.015630679752817157,0.031261359505634315,0.0,0.0007394379375367044,0.007352941176470587,0.0008532423208191159,0.014419099668438184,0.0,0.0001858734009096214,0.0014858841010401188,0.22659732540861813
2493948451,19,0,9,9,0,5,5,0,4,4,0.0,10.0,10.0,0.0,6.0,6.0,0.0,4.0,4.0,0.0,0.5555555555555556,0.0,0.6,0,1,6,0.0,13.0,20.0,1,166,189,0.00023965872597421273,0.0,0.0,0.0,0.2111111111111111,0.12345679012345678,0.0,0.0,0.0,0.125,0.125,0.2125,0.0,0.0007230305845468362,0.007352941176470584,0.0,0.0,0.0006245041950173058,0.00010424353938254732,0.0007429420505200594,0.12332838038632987
1350150750966603777,27,0,129,129,0,116,116,0,13,13,0.0,132.0,132.0,0.0,119.0,119.0,0.0,13.0,13.0,0.0,0.8992248062015504,0.0,0.9015151515151515,0,1,11,0.0,42.0,33.0,1,306,337,0.0031634951828596078,0.0,0.0,0.0,0.015563506261180679,0.007932215612042546,0.0,0.0,0.0,0.015299479166666666,0.015299479166666666,0.030598958333333332,0.0,0.0007230305845468362,0.007352941176470587,0.0,0.014803346900452485,0.0,0.0001858734009096214,0.0007429420505200594,0.22734026745913818
964885009,28,0,1,1,0,1,1,0,0,0,0.0,2.0,2.0,0.0,2.0,2.0,0.0,0.0,0.0,0.0,1.0,0.0,1.0,0,0,1,0.0,3.0,4.0,1,2,2,4.7931745194842545e-5,0.0,0.0,0.0,0.5,0.0,0.0,0.0,0.0,0.0,0.0,0.0,0.0,0.0005546239414862202,0.007352941176470593,0.0,0.0003265782843674958,0.0,1.1031062368523526e-6,0.0007429420505200594,0.0014858841010401188
16565260,2,0,41,41,0,36,36,0,5,5,0.0,42.0,42.0,0.0,37.0,37.0,0.0,5.0,5.0,0.0,0.8780487804878049,0.0,0.8809523809523809,0,2,11,0.0,30.0,35.0,1,72,97,0.0010065666490916933,0.0,0.0,0.0,0.09465737514518002,0.0725758477096966,0.0,0.0,0.0,0.08392857142857142,0.08392857142857142,0.1630952380952381,0.0,0.0007230305845468362,0.007352941176470579,0.0,0.0002354420110326494,0.0,5.35006524873391e-5,0.0007429420505200594,0.05349182763744428
82306946,29,3,6,8,3,5,7,0,1,1,3.0,7.0,9.0,3.0,6.0,8.0,0.0,1.0,1.0,1.0,0.8333333333333334,1.0,0.8571428571428571,2,2,2,9.0,7.0,19.0,4,56,71,0.00014379523558452764,4.7931745194842545e-5,0.49999999999166667,0.4285714285653061,0.4,0.16,0.29411764705882354,0.29411764705882354,1.0,0.125,0.23255813953488372,0.15625,0.8620689655172413,0.005727170505332864,0.0073529411764705925,0.0008532423208191161,0.0012239167235126303,0.0,3.9160271408258516e-5,0.0029717682020802376,0.041604754829123326
26980273,29,2,2,4,2,2,4,0,0,0,4.0,3.0,7.0,4.0,3.0,7.0,0.0,0.0,0.0,1.0,1.0,1.0,1.0,2,2,2,11.0,5.0,17.0,4,6,7,7.189761779226382e-5,9.586349038968509e-5,0.99999999995,1.3333333332888888,1.3333333333333333,1.0,1.0,1.0,1.0,1.0,1.0,1.0,1.0,0.007587115954981593,0.007352941176470593,0.000853242320819116,0.001134167208842518,0.0,3.860871828983234e-6,0.0029717682020802376,0.004457652303120356
2590721768,27,1,3,3,1,3,3,0,0,0,1.0,3.0,3.0,1.0,3.0,3.0,0.0,0.0,0.0,1.0,1.0,1.0,1.0,0,0,1,1.0,5.0,7.0,1,3,5,4.7931745194842545e-5,0.0,0.3333333333222222,0.3333333333222222,0.5,0.0,0.0,0.0,0.0,0.0,0.0,0.0,0.0,0.0007230305845468362,0.0073529411764705985,0.0,0.0003752614111209307,0.0,2.757765592130881e-6,0.0007429420505200594,0.002228826151560178
16479017,45,1,1,2,1,1,2,0,0,0,1.0,1.0,2.0,1.0,1.0,2.0,0.0,0.0,0.0,1.0,1.0,1.0,1.0,1,0,2,1.0,1.0,4.0,6,2,158,2.3965872597421273e-5,2.3965872597421273e-5,0.9999999999,0.9999999999,0.6666666666666666,0.5,0.0,1.0,0.0,0.0,0.5,1.0,0.0,0.0007275808196977475,0.007352941176470583,0.0008532423208191108,1.2772314677889085e-5,0.0,8.714539271133586e-5,0.004457652303120356,0.0014858841010401188
3072288740,32,2,1,2,2,1,2,0,0,0,2.0,1.0,2.0,2.0,1.0,2.0,0.0,0.0,0.0,1.0,1.0,1.0,1.0,0,0,1,5.0,1.0,4.0,2,1,2,0.0,2.3965872597421273e-5,1.9999999998,1.9999999998,1.0,0.0,0.0,0.0,0.0,0.0,0.0,0.0,0.0,0.0010518017375596017,0.0,0.0008532423208191161,0.0003265782843674958,0.0,1.1031062368523526e-6,0.0014858841010401188,0.0007429420505200594
2849014422,30,1,1,1,1,1,1,0,0,0,1.0,1.0,1.0,1.0,1.0,1.0,0.0,0.0,0.0,1.0,1.0,1.0,1.0,0,0,0,1.0,1.0,4.0,1,1,1,0.0,0.0,0.9999999999,0.9999999999,0.0,0.0,0.0,0.0,0.0,0.0,0.0,0.0,0.0,0.0008032128514056222,0.0,0.0,0.00016331667454894117,0.0,5.515531184261763e-7,0.0007429420505200594,0.0007429420505200594
846078295,31,3,1,3,3,1,3,0,0,0,3.0,1.0,3.0,3.0,1.0,3.0,0.0,0.0,0.0,1.0,1.0,1.0,1.0,0,0,1,9.0,1.0,4.0,3,1,3,0.0,4.7931745194842545e-5,2.9999999997,2.9999999997,0.5,0.0,0.0,0.0,0.0,0.0,0.0,0.0,0.0,0.0014083363879128239,0.0,0.0008532423208191161,0.0004897847077885431,0.0,1.6546593552785288e-6,0.002228826151560178,0.0007429420505200594
1067308099,32,0,1,1,0,1,1,0,0,0,0.0,1.0,1.0,0.0,1.0,1.0,0.0,0.0,0.0,0.0,1.0,0.0,1.0,0,0,1,0.0,1.0,1.0,1,2,2,2.3965872597421273e-5,0.0,0.0,0.0,1.0,1.0,0.0,0.0,0.0,0.0,0.0,0.0,0.0,0.0005546239652516427,0.007352941176470593,0.0,0.00016316680990419163,0.0,1.1031062368523526e-6,0.0007429420505200594,0.0014858841010401188
1500244448957149193,33,2,2,3,2,2,3,0,0,0,3.0,2.0,4.0,3.0,2.0,4.0,0.0,0.0,0.0,1.0,1.0,1.0,1.0,1,1,1,3.0,3.0,10.0,2,2,2,2.3965872597421273e-5,4.7931745194842545e-5,0.99999999995,1.499999999925,1.5,0.0,0.0,0.0,0.0,0.0,0.0,0.0,1.0,0.0008032132103512205,0.007352941176470593,0.0008532423208191161,0.0006529358229617199,0.0,1.1031062368523526e-6,0.0014858841010401188,0.0014858841010401188
1427397671409487886,33,1,1,2,1,1,2,0,0,0,1.0,2.0,3.0,1.0,2.0,3.0,0.0,0.0,0.0,1.0,1.0,1.0,1.0,1,1,1,1.0,3.0,7.0,2,2,2,4.7931745194842545e-5,2.3965872597421273e-5,0.9999999999,0.499999999975,1.5,1.0,0.0,0.0,0.0,0.0,0.0,0.0,0.896551724137931,0.0008032124924600239,0.007352941176470593,0.0008532423208191161,0.0004893347144813154,0.0,1.1031062368523526e-6,0.0014858841010401188,0.0014858841010401188
1320190957296492547,27,2,2,4,2,2,4,0,0,0,2.0,2.0,4.0,2.0,2.0,4.0,0.0,0.0,0.0,1.0,1.0,1.0,1.0,0,0,2,5.0,3.0,5.0,3,3,130,4.7931745194842545e-5,4.7931745194842545e-5,0.99999999995,0.99999999995,0.35,0.1875,0.0,0.5,0.5,0.0,0.25,0.5,0.0,0.0007342677159829512,0.0073529411764706,0.0008532423208191159,0.0005007705236881876,0.0,7.170190539540292e-5,0.002228826151560178,0.002228826151560178
1537715586,31,0,1,1,0,1,1,0,0,0,0.0,1.0,1.0,0.0,1.0,1.0,0.0,0.0,0.0,0.0,1.0,0.0,1.0,0,0,1,0.0,1.0,1.0,1,2,3,2.3965872597421273e-5,0.0,0.0,0.0,1.0,1.0,0.0,0.0,0.0,0.0,0.0,0.0,0.0,0.0005006510831520215,0.007352941176470593,0.0,0.00016301694525933108,0.0,1.6546593552785288e-6,0.0007429420505200594,0.0014858841010401188
338712174,3,0,1,1,0,1,1,0,0,0,0.0,1.0,1.0,0.0,1.0,1.0,0.0,0.0,0.0,0.0,1.0,0.0,1.0,0,1,1,0.0,1.0,1.0,1,52,66,2.3965872597421273e-5,0.0,0.0,0.0,1.0,1.0,0.0,0.0,0.0,0.0,0.0,0.0,0.0,0.0007230305845468362,0.00735294117647059,0.0,0.00013431786578288474,0.0,3.640250581612763e-5,0.0007429420505200594,0.03863298662704309
1443618306716471304,3,0,3,3,0,3,3,0,0,0,0.0,3.0,3.0,0.0,3.0,3.0,0.0,0.0,0.0,0.0,1.0,0.0,1.0,0,1,3,0.0,5.0,7.0,1,52,66,7.189761779226382e-5,0.0,0.0,0.0,0.6666666666666666,0.5555555555555556,0.0,0.0,0.0,0.6666666666666666,0.6666666666666666,1.0,0.0,0.0007230305845468362,0.007352941176470589,0.0,0.0004036109894708928,0.0,3.640250581612763e-5,0.0007429420505200594,0.03863298662704309
268016211,13,0,4,4,0,2,2,0,2,2,0.0,4.0,4.0,0.0,2.0,2.0,0.0,2.0,2.0,0.0,0.5,0.0,0.5,0,1,3,0.0,7.0,7.0,1,88,102,9.586349038968509e-5,0.0,0.0,0.0,0.2,0.0,0.0,0.0,0.0,0.0,0.0,0.0,0.0,0.0007230305845468362,0.007352941176470584,0.0,0.0,0.0002812478132934726,5.625841807946998e-5,0.0007429420505200594,0.06537890044576523
4749974413,2,2,2,4,2,2,4,0,0,0,2.0,2.0,4.0,2.0,2.0,4.0,0.0,0.0,0.0,1.0,1.0,1.0,1.0,2,0,2,5.0,3.0,5.0,5,3,239,4.7931745194842545e-5,4.7931745194842545e-5,0.99999999995,0.99999999995,0.45,0.3125,0.0,0.5,1.0,0.0,0.3333333333333333,0.5,0.0,0.0007308324923366712,0.0073529411764706,0.000853242320819113,0.00011900669592501689,0.0,0.00013182119530385613,0.003714710252600297,0.002228826151560178
1448368746041647108,19,0,2,2,0,2,2,0,0,0,0.0,2.0,2.0,0.0,2.0,2.0,0.0,0.0,0.0,0.0,1.0,0.0,1.0,0,1,2,0.0,3.0,4.0,1,7,9,4.7931745194842545e-5,0.0,0.0,0.0,0.5,0.25,0.0,0.0,0.0,0.5,0.5,1.0,0.0,0.0007230305845468362,0.007352941176470588,0.0,0.00028789603870099656,0.0,4.963978065835587e-6,0.0007429420505200594,0.005200594353640416
493480037,3,0,2,2,0,2,2,0,0,0,0.0,2.0,2.0,0.0,2.0,2.0,0.0,0.0,0.0,0.0,1.0,0.0,1.0,0,1,2,0.0,3.0,4.0,1,52,66,4.7931745194842545e-5,0.0,0.0,0.0,0.6666666666666666,0.5,0.0,0.0,0.0,0.5,0.5,1.0,0.0,0.0007230305845468362,0.007352941176470589,0.0,0.00026885477823723747,0.0,3.640250581612763e-5,0.0007429420505200594,0.03863298662704309
1410037232937803777,34,1,9,9,1,9,9,0,0,0,1.0,17.0,17.0,1.0,17.0,17.0,0.0,0.0,0.0,1.0,1.0,1.0,1.0,0,0,1,1.0,16.0,5.0,1,9,9,0.00038345396155874036,0.0,0.11111111110987654,0.05882352941141869,0.125,0.0,0.0,0.0,0.0,0.0,0.0,0.0,0.0,0.0007243012132618538,0.0073529411764705925,0.0,0.002768811491825396,0.0,4.963978065835587e-6,0.0007429420505200594,0.006686478454680535
18753424,31,0,1,1,0,1,1,0,0,0,0.0,1.0,1.0,0.0,1.0,1.0,0.0,0.0,0.0,0.0,1.0,0.0,1.0,0,0,1,0.0,1.0,1.0,1,2,3,2.3965872597421273e-5,0.0,0.0,0.0,1.0,1.0,0.0,0.0,0.0,0.0,0.0,0.0,0.0,0.0005006510831520215,0.007352941176470593,0.0,0.00016301694525933108,0.0,1.6546593552785288e-6,0.0007429420505200594,0.0014858841010401188
1448413205538148357,1,23,0,23,6,0,6,17,0,17,37.0,0.0,37.0,12.0,0.0,12.0,25.0,0.0,25.0,0.2608695652173913,0.0,0.32432432432432434,0.0,2,0,11,41.0,0.0,53.0,35,1,878,0.0,0.000886737286104587,0.0,0.0,0.18297101449275363,0.14744801512287334,0.0,0.0,0.16584766584766586,0.0,0.16584766584766586,0.269041769041769,0.0,0.001065818609671443,0.0,0.0008532423208191132,0.0,0.004339037571794435,0.0004842636379781828,0.02600297176820208,0.0007429420505200594
1162944823457792003,1,19,0,19,5,0,5,14,0,14,38.0,0.0,38.0,13.0,0.0,13.0,25.0,0.0,25.0,0.2631578947368421,0.0,0.34210526315789475,0.0,2,0,11,42.0,0.0,57.0,35,1,833,0.0,0.0009107031587020084,0.0,0.0,0.21052631578947367,0.16897506925207756,0.0,0.0,0.20248538011695907,0.0,0.20248538011695907,0.30994152046783624,0.0,0.0012581478249962964,0.0,0.0008532423208191119,0.0,0.003964261074732578,0.00045944374764900485,0.02600297176820208,0.0007429420505200594
389950297,13,23,0,23,6,0,6,17,0,17,61.0,0.0,61.0,17.0,0.0,17.0,44.0,0.0,44.0,0.2608695652173913,0.0,0.2786885245901639,0.0,2,0,11,52.0,0.0,65.0,31,1,906,0.0,0.0014619182284426977,0.0,0.0,0.14673913043478262,0.10964083175803403,0.0,0.0,0.1561102831594635,0.0,0.1561102831594635,0.2555886736214605,0.0,0.0014368871228849335,0.0,0.0008532423208191121,0.0,0.004958016184751668,0.0004997071252941157,0.023031203566121844,0.0007429420505200594
2188654916,13,11,0,11,3,0,3,8,0,8,12.0,0.0,12.0,3.0,0.0,3.0,9.0,0.0,9.0,0.2727272727272727,0.0,0.25,0.0,2,0,10,27.0,0.0,30.0,27,1,720,0.0,0.00028759047116905527,0.0,0.0,0.2803030303030303,0.21487603305785125,0.0,0.0,0.19583333333333333,0.0,0.19583333333333333,0.275,0.0,0.0010239686505333556,0.0,0.0008532423208191131,0.0,0.0013311878973650826,0.00039711824526684694,0.020059435364041606,0.0007429420505200594
1258464081041858567,2,10,0,10,3,0,3,7,0,7,14.0,0.0,14.0,4.0,0.0,4.0,10.0,0.0,10.0,0.3,0.0,0.2857142857142857,0.0,2,0,9,31.0,0.0,36.0,27,1,687,0.0,0.0003355222163638978,0.0,0.0,0.32727272727272727,0.26,0.0,0.0,0.2857142857142857,0.0,0.2857142857142857,0.4523809523809524,0.0,0.0008297227539164239,0.0,0.0008532423208191126,0.0,0.0014645362980578724,0.0003789169923587831,0.020059435364041606,0.0007429420505200594
1416453858566578185,2,16,0,16,7,0,7,9,0,9,29.0,0.0,29.0,15.0,0.0,15.0,14.0,0.0,14.0,0.4375,0.0,0.5172413793103449,0.0,2,0,11,36.0,0.0,50.0,32,1,726,0.0,0.0006950103053252169,0.0,0.0,0.25,0.203125,0.0,0.0,0.2413793103448276,0.0,0.2413793103448276,0.3724137931034483,0.0,0.0009339769540958044,0.0,0.0008532423208191125,0.0,0.002175677708886603,0.00040042756397740397,0.0237741456166419,0.0007429420505200594
3114693488,45,22,0,22,2,0,2,20,0,20,52.0,0.0,52.0,23.0,0.0,23.0,29.0,0.0,29.0,0.09090909090909091,0.0,0.4423076923076923,0.0,2,0,11,51.0,0.0,67.0,44,1,800,0.0,0.0012462253750659062,0.0,0.0,0.17588932806324112,0.1384297520661157,0.0,0.0,0.2554945054945055,0.0,0.2554945054945055,0.4249084249084249,0.0,0.0012913215205370373,0.0,0.0008532423208191103,0.0,0.005038021372659518,0.00044124249474094103,0.03268945022288262,0.0007429420505200594
785090532,13,4,0,4,3,0,3,1,0,1,4.0,0.0,4.0,3.0,0.0,3.0,1.0,0.0,1.0,0.75,0.0,0.75,0.0,2,0,4,14.0,0.0,11.0,20,1,484,0.0,9.586349038968509e-5,0.0,0.0,0.55,0.4375,0.0,0.0,0.5,0.0,0.5,0.8333333333333334,0.0,0.0007707073105648147,0.0,0.0008532423208191121,0.0001258557618513123,0.0,0.0002669517093182693,0.014858841010401188,0.0007429420505200594
1269979163726938114,45,21,0,21,2,0,2,19,0,19,59.0,0.0,59.0,21.0,0.0,21.0,38.0,0.0,38.0,0.09523809523809523,0.0,0.3559322033898305,0.0,2,0,11,50.0,0.0,68.0,35,1,732,0.0,0.001413986483247855,0.0,0.0,0.19696969696969696,0.15873015873015872,0.0,0.0,0.23135593220338982,0.0,0.23135593220338982,0.3694915254237288,0.0,0.0011128285937669518,0.0,0.0008532423208191109,0.0,0.00739140686705092,0.00040373688268796105,0.02600297176820208,0.0007429420505200594
2407961990,19,7,0,7,2,0,2,5,0,5,8.0,0.0,8.0,2.0,0.0,2.0,6.0,0.0,6.0,0.2857142857142857,0.0,0.25,0.0,2,0,6,25.0,0.0,21.0,18,1,369,0.0,0.00019172698077937018,0.0,0.0,0.21428571428571427,0.10204081632653061,0.0,0.0,0.10416666666666667,0.0,0.10416666666666667,0.20833333333333334,0.0,0.0008736642581123085,0.0,0.0008532423208191135,0.0,0.0008411040505422185,0.00020352310069925904,0.01337295690936107,0.0007429420505200594
1447182320616812544,13,14,0,14,4,0,4,10,0,10,18.0,0.0,18.0,5.0,0.0,5.0,13.0,0.0,13.0,0.2857142857142857,0.0,0.2777777777777778,0.0,2,0,11,33.0,0.0,40.0,28,1,697,0.0,0.0004313857067535829,0.0,0.0,0.24285714285714285,0.18877551020408162,0.0,0.0,0.1794871794871795,0.0,0.1794871794871795,0.2905982905982906,0.0,0.000970919325842422,0.0,0.0008532423208191136,0.0,0.0015667714663144539,0.00038443252354304484,0.020802377414561663,0.0007429420505200594
1945463636,1,9,0,9,5,0,5,4,0,4,10.0,0.0,10.0,5.0,0.0,5.0,5.0,0.0,5.0,0.5555555555555556,0.0,0.5,0.0,2,0,8,29.0,0.0,28.0,23,1,557,0.0,0.00023965872597421273,0.0,0.0,0.3,0.2222222222222222,0.0,0.0,0.24375,0.0,0.24375,0.45,0.0,0.0008244038869755948,0.0,0.0008532423208191123,0.0,0.0008159201778148439,0.0003072150869633802,0.017087667161961365,0.0007429420505200594
1235680780489306112,13,6,0,6,3,0,3,3,0,3,7.0,0.0,7.0,3.0,0.0,3.0,4.0,0.0,4.0,0.5,0.0,0.42857142857142855,0.0,2,0,6,28.0,0.0,17.0,22,1,537,0.0,0.0001677611081819489,0.0,0.0,0.42857142857142855,0.3333333333333333,0.0,0.0,0.37142857142857144,0.0,0.37142857142857144,0.6571428571428571,0.0,0.0007823957434753554,0.0,0.0008532423208191114,0.0,0.0003525491932739322,0.00029618402459485665,0.01634472511144131,0.0007429420505200594
183270050,13,4,0,4,3,0,3,1,0,1,4.0,0.0,4.0,3.0,0.0,3.0,1.0,0.0,1.0,0.75,0.0,0.75,0.0,2,0,4,14.0,0.0,11.0,20,1,484,0.0,9.586349038968509e-5,0.0,0.0,0.55,0.4375,0.0,0.0,0.5,0.0,0.5,0.8333333333333334,0.0,0.0007707073105648147,0.0,0.0008532423208191121,0.0001258557618513123,0.0,0.0002669517093182693,0.014858841010401188,0.0007429420505200594
1239764287083515907,13,11,0,11,7,0,7,4,0,4,12.0,0.0,12.0,8.0,0.0,8.0,4.0,0.0,4.0,0.6363636363636364,0.0,0.6666666666666666,0.0,2,0,9,29.0,0.0,31.0,26,1,614,0.0,0.00028759047116905527,0.0,0.0,0.3712121212121212,0.3140495867768595,0.0,0.0,0.325,0.0,0.325,0.5083333333333333,0.0,0.0009430086727884535,0.0,0.0008532423208191135,0.0002154521092668782,0.0,0.00033865361471367223,0.019316493313521546,0.0007429420505200594
1127803419278790656,13,5,0,5,4,0,4,1,0,1,7.0,0.0,7.0,5.0,0.0,5.0,2.0,0.0,2.0,0.8,0.0,0.7142857142857143,0.0,2,0,5,27.0,0.0,17.0,22,1,488,0.0,0.0001677611081819489,0.0,0.0,0.4666666666666667,0.36,0.0,0.0,0.4642857142857143,0.0,0.4642857142857143,0.7857142857142857,0.0,0.0007967089649419864,0.0,0.0008532423208191116,0.00015433017180543906,0.0,0.00026915792179197403,0.01634472511144131,0.0007429420505200594
4747292894,13,3,0,3,3,0,3,0,0,0,3.0,0.0,3.0,3.0,0.0,3.0,0.0,0.0,0.0,1.0,0.0,1.0,0.0,2,0,3,9.0,0.0,7.0,9,1,59,0.0,7.189761779226382e-5,0.0,0.0,0.6666666666666666,0.5555555555555556,0.0,0.0,0.6666666666666666,0.0,0.6666666666666666,1.0,0.0,0.0009789351376994103,0.0,0.0008532423208191148,0.0002953875991032473,0.0,3.25416339871444e-5,0.006686478454680535,0.0007429420505200594
1007994165026697217,13,3,0,3,2,0,2,1,0,1,6.0,0.0,6.0,4.0,0.0,4.0,2.0,0.0,2.0,0.6666666666666666,0.0,0.6666666666666666,0.0,1,0,3,22.0,0.0,15.0,19,1,476,0.0,0.00014379523558452764,0.0,0.0,0.6666666666666666,0.5555555555555556,0.0,0.0,0.5,0.0,0.5,1.0,0.0,0.0015105620300872532,0.0,0.0008532423208191113,5.521950022119304e-5,0.0,0.0002625392843708599,0.01411589895988113,0.0007429420505200594
1086288951344648192,13,5,0,5,3,0,3,2,0,2,6.0,0.0,6.0,3.0,0.0,3.0,3.0,0.0,3.0,0.6,0.0,0.5,0.0,2,0,5,25.0,0.0,15.0,21,1,574,0.0,0.00014379523558452764,0.0,0.0,0.43333333333333335,0.32,0.0,0.0,0.3958333333333333,0.0,0.3958333333333333,0.6666666666666666,0.0,0.0007749567620053628,0.0,0.0008532423208191109,0.0,0.00020172413824209867,0.00031659148997662516,0.015601783060921248,0.0007429420505200594
1323090359581200385,13,5,0,5,3,0,3,2,0,2,5.0,0.0,5.0,3.0,0.0,3.0,2.0,0.0,2.0,0.6,0.0,0.6,0.0,1,0,5,15.0,0.0,14.0,14,1,203,0.0,0.00011982936298710636,0.0,0.0,0.26666666666666666,0.12,0.0,0.0,0.15,0.0,0.15,0.3,0.0,0.0007867186010855935,0.0,0.0008532423208191147,0.0,1.3226624465123571e-5,0.00011196528304051379,0.010401188707280832,0.0007429420505200594
905865565604106242,13,4,0,4,3,0,3,1,0,1,4.0,0.0,4.0,3.0,0.0,3.0,1.0,0.0,1.0,0.75,0.0,0.75,0.0,2,0,4,14.0,0.0,11.0,20,1,484,0.0,9.586349038968509e-5,0.0,0.0,0.55,0.4375,0.0,0.0,0.5,0.0,0.5,0.8333333333333334,0.0,0.0007707073105648147,0.0,0.0008532423208191121,0.0001258557618513123,0.0,0.0002669517093182693,0.014858841010401188,0.0007429420505200594
558903816,13,4,0,4,3,0,3,1,0,1,4.0,0.0,4.0,3.0,0.0,3.0,1.0,0.0,1.0,0.75,0.0,0.75,0.0,2,0,4,14.0,0.0,11.0,20,1,484,0.0,9.586349038968509e-5,0.0,0.0,0.55,0.4375,0.0,0.0,0.5,0.0,0.5,0.8333333333333334,0.0,0.0007707073105648147,0.0,0.0008532423208191121,0.0001258557618513123,0.0,0.0002669517093182693,0.014858841010401188,0.0007429420505200594
1424541312636776457,13,4,0,4,3,0,3,1,0,1,4.0,0.0,4.0,3.0,0.0,3.0,1.0,0.0,1.0,0.75,0.0,0.75,0.0,2,0,4,14.0,0.0,11.0,20,1,484,0.0,9.586349038968509e-5,0.0,0.0,0.55,0.4375,0.0,0.0,0.5,0.0,0.5,0.8333333333333334,0.0,0.0007707073105648147,0.0,0.0008532423208191121,0.0001258557618513123,0.0,0.0002669517093182693,0.014858841010401188,0.0007429420505200594
141170580,13,4,0,4,3,0,3,1,0,1,4.0,0.0,4.0,3.0,0.0,3.0,1.0,0.0,1.0,0.75,0.0,0.75,0.0,2,0,4,14.0,0.0,11.0,20,1,484,0.0,9.586349038968509e-5,0.0,0.0,0.55,0.4375,0.0,0.0,0.5,0.0,0.5,0.8333333333333334,0.0,0.0007707073105648147,0.0,0.0008532423208191121,0.0001258557618513123,0.0,0.0002669517093182693,0.014858841010401188,0.0007429420505200594
76665879,13,4,0,4,3,0,3,1,0,1,4.0,0.0,4.0,3.0,0.0,3.0,1.0,0.0,1.0,0.75,0.0,0.75,0.0,2,0,4,14.0,0.0,11.0,20,1,484,0.0,9.586349038968509e-5,0.0,0.0,0.55,0.4375,0.0,0.0,0.5,0.0,0.5,0.8333333333333334,0.0,0.0007707073105648147,0.0,0.0008532423208191121,0.0001258557618513123,0.0,0.0002669517093182693,0.014858841010401188,0.0007429420505200594
68698703,13,4,0,4,3,0,3,1,0,1,4.0,0.0,4.0,3.0,0.0,3.0,1.0,0.0,1.0,0.75,0.0,0.75,0.0,2,0,4,14.0,0.0,11.0,20,1,484,0.0,9.586349038968509e-5,0.0,0.0,0.55,0.4375,0.0,0.0,0.5,0.0,0.5,0.8333333333333334,0.0,0.0007707073105648147,0.0,0.0008532423208191121,0.0001258557618513123,0.0,0.0002669517093182693,0.014858841010401188,0.0007429420505200594
881687970222194689,13,6,0,6,4,0,4,2,0,2,6.0,0.0,6.0,4.0,0.0,4.0,2.0,0.0,2.0,0.6666666666666666,0.0,0.6666666666666666,0.0,2,0,6,14.0,0.0,15.0,16,1,173,0.0,0.00014379523558452764,0.0,0.0,0.47619047619047616,0.3888888888888889,0.0,0.0,0.4,0.0,0.4,0.6666666666666666,0.0,0.0008624837021032273,0.0,0.0008532423208191144,0.00014492512926833623,0.0,9.54186894877285e-5,0.01188707280832095,0.0007429420505200594
2623031806,13,6,0,6,3,0,3,3,0,3,7.0,0.0,7.0,3.0,0.0,3.0,4.0,0.0,4.0,0.5,0.0,0.42857142857142855,0.0,1,0,6,25.0,0.0,17.0,15,1,241,0.0,0.0001677611081819489,0.0,0.0,0.2619047619047619,0.1388888888888889,0.0,0.0,0.14285714285714285,0.0,0.14285714285714285,0.2857142857142857,0.0,0.0008707892779075329,0.0,0.0008532423208191137,0.0,0.0006367370239617753,0.00013292430154070848,0.011144130757800892,0.0007429420505200594
385308260,13,3,0,3,3,0,3,0,0,0,3.0,0.0,3.0,3.0,0.0,3.0,0.0,0.0,0.0,1.0,0.0,1.0,0.0,1,0,3,9.0,0.0,7.0,10,1,93,0.0,7.189761779226382e-5,0.0,0.0,0.4166666666666667,0.2222222222222222,0.0,0.0,0.3333333333333333,0.0,0.3333333333333333,0.6666666666666666,0.0,0.0007714483661614356,0.0,0.0008532423208191146,0.0002953875991032473,0.0,5.1294440013634395e-5,0.007429420505200594,0.0007429420505200594
1124877633206931456,1,18,0,18,6,0,6,12,0,12,48.0,0.0,48.0,16.0,0.0,16.0,32.0,0.0,32.0,0.3333333333333333,0.0,0.3333333333333333,0.0,2,0,11,46.0,0.0,64.0,35,1,731,0.0,0.001150361884676221,0.0,0.0,0.2222222222222222,0.17901234567901234,0.0,0.0,0.2267156862745098,0.0,0.2267156862745098,0.3553921568627451,0.0,0.001039194216054922,0.0,0.0008532423208191114,0.0,0.005539855027135554,0.0004031853295695348,0.02600297176820208,0.0007429420505200594
1486097077,1,10,0,10,5,0,5,5,0,5,18.0,0.0,18.0,7.0,0.0,7.0,11.0,0.0,11.0,0.5,0.0,0.3888888888888889,0.0,2,0,10,35.0,0.0,42.0,25,1,709,0.0,0.0004313857067535829,0.0,0.0,0.3090909090909091,0.24,0.0,0.0,0.27469135802469136,0.0,0.27469135802469136,0.41358024691358025,0.0,0.0008362898894265862,0.0,0.0008532423208191114,0.0,0.0018438951842172369,0.000391051160964159,0.018573551263001486,0.0007429420505200594
971726979668918273,1,4,0,4,4,0,4,0,0,0,5.0,0.0,5.0,5.0,0.0,5.0,0.0,0.0,0.0,1.0,0.0,1.0,0.0,1,0,4,15.0,0.0,14.0,10,1,247,0.0,0.00011982936298710636,0.0,0.0,0.45,0.3125,0.0,0.0,0.3333333333333333,0.0,0.3333333333333333,0.6666666666666666,0.0,0.0007637093026798944,0.0,0.0008532423208191146,0.0001851056829491049,0.0,0.00013623362025126553,0.007429420505200594,0.0007429420505200594
147012730,1,8,0,8,4,0,4,4,0,4,15.0,0.0,15.0,7.0,0.0,7.0,8.0,0.0,8.0,0.5,0.0,0.4666666666666667,0.0,2,0,8,35.0,0.0,37.0,26,1,606,0.0,0.0003594880889613191,0.0,0.0,0.3472222222222222,0.265625,0.0,0.0,0.319047619047619,0.0,0.319047619047619,0.5333333333333333,0.0,0.0008194752180087125,0.0,0.0008532423208191116,0.0,0.0011949656975088763,0.0003342411897662628,0.019316493313521546,0.0007429420505200594
1331181553834070017,1,12,0,12,5,0,5,7,0,7,28.0,0.0,28.0,12.0,0.0,12.0,16.0,0.0,16.0,0.4166666666666667,0.0,0.42857142857142855,0.0,2,0,11,42.0,0.0,55.0,31,1,729,0.0,0.0006710444327277956,0.0,0.0,0.2692307692307692,0.20833333333333334,0.0,0.0,0.27435064935064934,0.0,0.27435064935064934,0.461038961038961,0.0,0.0008538032505745801,0.0,0.0008532423208191111,0.0,0.002625556568206122,0.0004020822233326825,0.023031203566121844,0.0007429420505200594
378280914,1,12,0,12,4,0,4,8,0,8,24.0,0.0,24.0,9.0,0.0,9.0,15.0,0.0,15.0,0.3333333333333333,0.0,0.375,0.0,2,0,11,35.0,0.0,48.0,33,1,791,0.0,0.0005751809423381105,0.0,0.0,0.26282051282051283,0.2013888888888889,0.0,0.0,0.2537878787878788,0.0,0.2537878787878788,0.4090909090909091,0.0,0.0008600846173855252,0.0,0.0008532423208191119,0.0,0.0024540867271168887,0.00043627851667510544,0.02451708766716196,0.0007429420505200594
205474999,1,8,0,8,3,0,3,5,0,5,9.0,0.0,9.0,3.0,0.0,3.0,6.0,0.0,6.0,0.375,0.0,0.3333333333333333,0.0,1,0,6,22.0,0.0,22.0,19,1,423,0.0,0.00021569285337679145,0.0,0.0,0.1527777777777778,0.046875,0.0,0.0,0.047619047619047616,0.0,0.047619047619047616,0.09523809523809523,0.0,0.0011143836499890574,0.0,0.0008532423208191157,0.0,0.0006438205434998179,0.00023330696909427257,0.01411589895988113,0.0007429420505200594
1415568543970627584,1,12,0,12,7,0,7,5,0,5,27.0,0.0,27.0,18.0,0.0,18.0,9.0,0.0,9.0,0.5833333333333334,0.0,0.6666666666666666,0.0,2,0,10,33.0,0.0,51.0,27,1,708,0.0,0.0006470785601303743,0.0,0.0,0.27564102564102566,0.2152777777777778,0.0,0.0,0.2138047138047138,0.0,0.2138047138047138,0.37373737373737376,0.0,0.0016355082113411843,0.0,0.0008532423208191139,0.0,0.0010297035029503965,0.0003904996078457328,0.020059435364041606,0.0007429420505200594
1347911851351404544,1,8,0,8,5,0,5,3,0,3,15.0,0.0,15.0,9.0,0.0,9.0,6.0,0.0,6.0,0.625,0.0,0.6,0.0,2,0,8,27.0,0.0,36.0,27,1,670,0.0,0.0003594880889613191,0.0,0.0,0.2916666666666667,0.203125,0.0,0.0,0.2,0.0,0.2,0.4,0.0,0.00082061367891589,0.0,0.0008532423208191127,0.0,0.0008445830811615318,0.0003695405893455381,0.020059435364041606,0.0007429420505200594
1086159045604577280,1,14,0,14,5,0,5,9,0,9,36.0,0.0,36.0,12.0,0.0,12.0,24.0,0.0,24.0,0.35714285714285715,0.0,0.3333333333333333,0.0,2,0,11,43.0,0.0,60.0,42,1,758,0.0,0.0008627714135071658,0.0,0.0,0.24761904761904763,0.19387755102040816,0.0,0.0,0.2553418803418803,0.0,0.2553418803418803,0.40384615384615385,0.0,0.0010158045408885233,0.0,0.000853242320819111,0.0,0.0040937084294786485,0.0004180772637670416,0.031203566121842496,0.0007429420505200594
531753891,1,4,0,4,4,0,4,0,0,0,5.0,0.0,5.0,5.0,0.0,5.0,0.0,0.0,0.0,1.0,0.0,1.0,0.0,1,0,4,15.0,0.0,14.0,10,1,247,0.0,0.00011982936298710636,0.0,0.0,0.45,0.3125,0.0,0.0,0.3333333333333333,0.0,0.3333333333333333,0.6666666666666666,0.0,0.0007705551292722188,0.0,0.0008532423208191146,0.0001851056829491049,0.0,0.00013623362025126553,0.007429420505200594,0.0007429420505200594
754661367651504128,1,8,0,8,5,0,5,3,0,3,14.0,0.0,14.0,11.0,0.0,11.0,3.0,0.0,3.0,0.625,0.0,0.7857142857142857,0.0,2,0,8,22.0,0.0,35.0,15,1,464,0.0,0.0003355222163638978,0.0,0.0,0.2916666666666667,0.203125,0.0,0.0,0.18877551020408162,0.0,0.18877551020408162,0.3163265306122449,0.0,0.0008426401498474768,0.0,0.0008532423208191144,0.0,0.00015469067093609734,0.0002559206469497458,0.011144130757800892,0.0007429420505200594
406250308,1,9,0,9,3,0,3,6,0,6,12.0,0.0,12.0,6.0,0.0,6.0,6.0,0.0,6.0,0.3333333333333333,0.0,0.5,0.0,2,0,9,23.0,0.0,31.0,15,1,377,0.0,0.00028759047116905527,0.0,0.0,0.34444444444444444,0.2716049382716049,0.0,0.0,0.24479166666666666,0.0,0.24479166666666666,0.40625,0.0,0.0008351660357283884,0.0,0.0008532423208191146,0.0,0.0009540939389491854,0.00020793552564666847,0.011144130757800892,0.0007429420505200594
1170689281142272001,13,8,0,8,2,0,2,6,0,6,9.0,0.0,9.0,2.0,0.0,2.0,7.0,0.0,7.0,0.25,0.0,0.2222222222222222,0.0,2,0,8,25.0,0.0,25.0,33,1,676,0.0,0.00021569285337679145,0.0,0.0,0.3194444444444444,0.234375,0.0,0.0,0.24603174603174602,0.0,0.24603174603174602,0.3968253968253968,0.0,0.0007829099126821089,0.0,0.0008532423208191121,0.0,0.0009376132041631902,0.0003728499080560952,0.02451708766716196,0.0007429420505200594
1263327376005451776,1,2,0,2,2,0,2,0,0,0,2.0,0.0,2.0,2.0,0.0,2.0,0.0,0.0,0.0,1.0,0.0,1.0,0.0,0,0,2,5.0,0.0,4.0,5,1,139,0.0,4.7931745194842545e-5,0.0,0.0,0.5,0.25,0.0,0.0,0.5,0.0,0.5,1.0,0.0,0.0007383008194709941,0.0,0.000853242320819115,7.364437568785354e-5,0.0,7.66658834612385e-5,0.003714710252600297,0.0007429420505200594
1287435194316677121,45,14,0,14,2,0,2,12,0,12,27.0,0.0,27.0,11.0,0.0,11.0,16.0,0.0,16.0,0.14285714285714285,0.0,0.4074074074074074,0.0,2,0,11,39.0,0.0,50.0,32,1,830,0.0,0.0006470785601303743,0.0,0.0,0.22857142857142856,0.17346938775510204,0.0,0.0,0.21937321937321938,0.0,0.21937321937321938,0.3475783475783476,0.0,0.0008717334441043667,0.0,0.0008532423208191111,0.0,0.003082697143905744,0.0004577890882937263,0.0237741456166419,0.0007429420505200594
1425636844205641733,2,9,0,9,6,0,6,3,0,3,10.0,0.0,10.0,7.0,0.0,7.0,3.0,0.0,3.0,0.6666666666666666,0.0,0.7,0.0,2,0,9,23.0,0.0,28.0,15,1,352,0.0,0.00023965872597421273,0.0,0.0,0.34444444444444444,0.2716049382716049,0.0,0.0,0.28125,0.0,0.28125,0.45,0.0,0.0008397969312248243,0.0,0.0008532423208191144,0.0,0.0012117562489243339,0.00019414669768601404,0.011144130757800892,0.0007429420505200594
1429468650826784779,1,3,0,3,2,0,2,1,0,1,3.0,0.0,3.0,2.0,0.0,2.0,1.0,0.0,1.0,0.6666666666666666,0.0,0.6666666666666666,0.0,1,0,3,9.0,0.0,7.0,9,1,289,0.0,7.189761779226382e-5,0.0,0.0,0.3333333333333333,0.1111111111111111,0.0,0.0,0.16666666666666666,0.0,0.16666666666666666,0.3333333333333333,0.0,0.0007413242547147449,0.0,0.0008532423208191157,0.0,0.00011514696393200019,0.00015939885122516495,0.006686478454680535,0.0007429420505200594
918912528461258753,1,2,0,2,2,0,2,0,0,0,2.0,0.0,2.0,2.0,0.0,2.0,0.0,0.0,0.0,1.0,0.0,1.0,0.0,0,0,2,5.0,0.0,4.0,5,1,139,0.0,4.7931745194842545e-5,0.0,0.0,0.5,0.25,0.0,0.0,0.5,0.0,0.5,1.0,0.0,0.0007383008194709941,0.0,0.000853242320819115,7.364437568785354e-5,0.0,7.66658834612385e-5,0.003714710252600297,0.0007429420505200594
1508751607823237125,45,14,0,14,2,0,2,12,0,12,30.0,0.0,30.0,15.0,0.0,15.0,15.0,0.0,15.0,0.14285714285714285,0.0,0.5,0.0,2,0,10,42.0,0.0,54.0,29,1,714,0.0,0.0007189761779226382,0.0,0.0,0.20476190476190476,0.14795918367346939,0.0,0.0,0.2153846153846154,0.0,0.2153846153846154,0.3487179487179487,0.0,0.0009985121509772169,0.0,0.0008532423208191107,0.0,0.0025430247536907813,0.00039380892655628986,0.021545319465081723,0.0007429420505200594
108408303,1,2,0,2,2,0,2,0,0,0,2.0,0.0,2.0,2.0,0.0,2.0,0.0,0.0,0.0,1.0,0.0,1.0,0.0,0,0,2,5.0,0.0,4.0,5,1,139,0.0,4.7931745194842545e-5,0.0,0.0,0.5,0.25,0.0,0.0,0.5,0.0,0.5,1.0,0.0,0.0007383008194709941,0.0,0.000853242320819115,7.364437568785354e-5,0.0,7.66658834612385e-5,0.003714710252600297,0.0007429420505200594
1292309934105751552,1,3,0,3,3,0,3,0,0,0,3.0,0.0,3.0,3.0,0.0,3.0,0.0,0.0,0.0,1.0,0.0,1.0,0.0,1,0,3,9.0,0.0,7.0,10,1,247,0.0,7.189761779226382e-5,0.0,0.0,0.5833333333333334,0.4444444444444444,0.0,0.0,0.5,0.0,0.5,1.0,0.0,0.0007422821185882693,0.0,0.0008532423208191142,0.00011066534652159898,0.0,0.00013623362025126553,0.007429420505200594,0.0007429420505200594
1394060181206614019,1,2,0,2,2,0,2,0,0,0,2.0,0.0,2.0,2.0,0.0,2.0,0.0,0.0,0.0,1.0,0.0,1.0,0.0,0,0,2,5.0,0.0,4.0,5,1,139,0.0,4.7931745194842545e-5,0.0,0.0,0.5,0.25,0.0,0.0,0.5,0.0,0.5,1.0,0.0,0.0007383008194709941,0.0,0.000853242320819115,7.364437568785354e-5,0.0,7.66658834612385e-5,0.003714710252600297,0.0007429420505200594
858042162860183552,1,9,0,9,4,0,4,5,0,5,12.0,0.0,12.0,4.0,0.0,4.0,8.0,0.0,8.0,0.4444444444444444,0.0,0.3333333333333333,0.0,2,0,9,25.0,0.0,31.0,26,1,704,0.0,0.00028759047116905527,0.0,0.0,0.3888888888888889,0.32098765432098764,0.0,0.0,0.3333333333333333,0.0,0.3333333333333333,0.4895833333333333,0.0,0.0008000555176628246,0.0,0.0008532423208191124,0.0,0.0013874366346399714,0.0003882933953720281,0.019316493313521546,0.0007429420505200594
71032085,1,5,0,5,4,0,4,1,0,1,9.0,0.0,9.0,7.0,0.0,7.0,2.0,0.0,2.0,0.8,0.0,0.7777777777777778,0.0,1,0,5,25.0,0.0,25.0,21,1,543,0.0,0.00021569285337679145,0.0,0.0,0.5,0.4,0.0,0.0,0.4027777777777778,0.0,0.4027777777777778,0.8055555555555556,0.0,0.0007706152576587403,0.0,0.0008532423208191121,0.0,0.0001407914953498457,0.00029949334330541373,0.015601783060921248,0.0007429420505200594
1497516918382628867,1,6,0,6,5,0,5,1,0,1,8.0,0.0,8.0,6.0,0.0,6.0,2.0,0.0,2.0,0.8333333333333334,0.0,0.75,0.0,1,0,6,27.0,0.0,22.0,21,1,543,0.0,0.00019172698077937018,0.0,0.0,0.40476190476190477,0.3055555555555556,0.0,0.0,0.3125,0.0,0.3125,0.625,0.0,0.0007820829313106639,0.0,0.0008532423208191118,0.0,0.0001783481494312955,0.00029949334330541373,0.015601783060921248,0.0007429420505200594
1463109054880837640,19,4,0,4,1,0,1,3,0,3,6.0,0.0,6.0,2.0,0.0,2.0,4.0,0.0,4.0,0.25,0.0,0.3333333333333333,0.0,0,0,4,19.0,0.0,15.0,7,1,148,0.0,0.00014379523558452764,0.0,0.0,0.35,0.1875,0.0,0.0,0.25,0.0,0.25,0.5,0.0,0.0008644285996716464,0.0,0.0008532423208191155,0.0,0.00011525498947073665,8.162986152707409e-5,0.005200594353640416,0.0007429420505200594
1028438369234309120,1,5,0,5,3,0,3,2,0,2,6.0,0.0,6.0,4.0,0.0,4.0,2.0,0.0,2.0,0.6,0.0,0.6666666666666666,0.0,2,0,5,21.0,0.0,15.0,32,1,572,0.0,0.00014379523558452764,0.0,0.0,0.4666666666666667,0.36,0.0,0.0,0.375,0.0,0.375,0.75,0.0,0.000835542267879111,0.0,0.0008532423208191133,0.0,0.00018896455406658408,0.0003154883837397728,0.0237741456166419,0.0007429420505200594
731886457799999488,1,7,0,7,4,0,4,3,0,3,10.0,0.0,10.0,5.0,0.0,5.0,5.0,0.0,5.0,0.5714285714285714,0.0,0.5,0.0,2,0,7,27.0,0.0,28.0,25,1,627,0.0,0.00023965872597421273,0.0,0.0,0.39285714285714285,0.30612244897959184,0.0,0.0,0.31666666666666665,0.0,0.31666666666666665,0.5666666666666667,0.0,0.0007890568140827224,0.0,0.0008532423208191114,0.0,0.0007943999593631457,0.0003458238052532125,0.018573551263001486,0.0007429420505200594
24702057,1,4,0,4,3,0,3,1,0,1,4.0,0.0,4.0,3.0,0.0,3.0,1.0,0.0,1.0,0.75,0.0,0.75,0.0,1,0,4,14.0,0.0,11.0,20,1,379,0.0,9.586349038968509e-5,0.0,0.0,0.45,0.3125,0.0,0.0,0.3333333333333333,0.0,0.3333333333333333,0.6666666666666666,0.0,0.0007489637910758367,0.0,0.0008532423208191146,0.0,2.4021055357204002e-5,0.0002090386318835208,0.014858841010401188,0.0007429420505200594
1246124670312681479,1,5,0,5,4,0,4,1,0,1,6.0,0.0,6.0,5.0,0.0,5.0,1.0,0.0,1.0,0.8,0.0,0.8333333333333334,0.0,1,0,5,21.0,0.0,15.0,20,1,212,0.0,0.00014379523558452764,0.0,0.0,0.36666666666666664,0.24,0.0,0.0,0.2708333333333333,0.0,0.2708333333333333,0.5416666666666666,0.0,0.00086090570521942,0.0,0.000853242320819115,4.882886639168138e-5,0.0,0.00011692926110634937,0.014858841010401188,0.0007429420505200594
308810129,1,3,0,3,3,0,3,0,0,0,3.0,0.0,3.0,3.0,0.0,3.0,0.0,0.0,0.0,1.0,0.0,1.0,0.0,0,0,3,9.0,0.0,7.0,5,1,139,0.0,7.189761779226382e-5,0.0,0.0,0.4166666666666667,0.2222222222222222,0.0,0.0,0.3333333333333333,0.0,0.3333333333333333,0.6666666666666666,0.0,0.0007650387280470756,0.0,0.0008532423208191149,0.00011066534652159898,0.0,7.66658834612385e-5,0.003714710252600297,0.0007429420505200594
1359329712980582401,1,3,0,3,3,0,3,0,0,0,3.0,0.0,3.0,3.0,0.0,3.0,0.0,0.0,0.0,1.0,0.0,1.0,0.0,0,0,3,9.0,0.0,7.0,5,1,139,0.0,7.189761779226382e-5,0.0,0.0,0.4166666666666667,0.2222222222222222,0.0,0.0,0.3333333333333333,0.0,0.3333333333333333,0.6666666666666666,0.0,0.0007650387280470756,0.0,0.0008532423208191149,0.00011066534652159898,0.0,7.66658834612385e-5,0.003714710252600297,0.0007429420505200594
1613910571,1,3,0,3,3,0,3,0,0,0,3.0,0.0,3.0,3.0,0.0,3.0,0.0,0.0,0.0,1.0,0.0,1.0,0.0,0,0,3,9.0,0.0,7.0,5,1,139,0.0,7.189761779226382e-5,0.0,0.0,0.4166666666666667,0.2222222222222222,0.0,0.0,0.3333333333333333,0.0,0.3333333333333333,0.6666666666666666,0.0,0.0007650387280470756,0.0,0.0008532423208191149,0.00011066534652159898,0.0,7.66658834612385e-5,0.003714710252600297,0.0007429420505200594
1493820130228195331,19,12,0,12,2,0,2,10,0,10,13.0,0.0,13.0,2.0,0.0,2.0,11.0,0.0,11.0,0.16666666666666666,0.0,0.15384615384615385,0.0,2,0,10,27.0,0.0,30.0,27,1,734,0.0,0.00031155634376647654,0.0,0.0,0.23717948717948717,0.1736111111111111,0.0,0.0,0.15734265734265734,0.0,0.15734265734265734,0.25874125874125875,0.0,0.0008868934157372994,0.0,0.0008532423208191132,0.0,0.0013162805083827833,0.0004048399889248134,0.020059435364041606,0.0007429420505200594
76615174,1,3,0,3,3,0,3,0,0,0,3.0,0.0,3.0,3.0,0.0,3.0,0.0,0.0,0.0,1.0,0.0,1.0,0.0,0,0,3,9.0,0.0,7.0,5,1,139,0.0,7.189761779226382e-5,0.0,0.0,0.4166666666666667,0.2222222222222222,0.0,0.0,0.3333333333333333,0.0,0.3333333333333333,0.6666666666666666,0.0,0.0007650387280470756,0.0,0.0008532423208191149,0.00011066534652159898,0.0,7.66658834612385e-5,0.003714710252600297,0.0007429420505200594
1511802440781291521,1,3,0,3,3,0,3,0,0,0,3.0,0.0,3.0,3.0,0.0,3.0,0.0,0.0,0.0,1.0,0.0,1.0,0.0,0,0,3,9.0,0.0,7.0,5,1,139,0.0,7.189761779226382e-5,0.0,0.0,0.4166666666666667,0.2222222222222222,0.0,0.0,0.3333333333333333,0.0,0.3333333333333333,0.6666666666666666,0.0,0.0007650387280470756,0.0,0.0008532423208191149,0.00011066534652159898,0.0,7.66658834612385e-5,0.003714710252600297,0.0007429420505200594
1123237556496228354,1,2,0,2,2,0,2,0,0,0,2.0,0.0,2.0,2.0,0.0,2.0,0.0,0.0,0.0,1.0,0.0,1.0,0.0,0,0,2,5.0,0.0,4.0,5,1,139,0.0,4.7931745194842545e-5,0.0,0.0,0.5,0.25,0.0,0.0,0.5,0.0,0.5,1.0,0.0,0.0007383008194709941,0.0,0.000853242320819115,7.364437568785354e-5,0.0,7.66658834612385e-5,0.003714710252600297,0.0007429420505200594
1241977585673752576,3,12,0,12,4,0,4,8,0,8,20.0,0.0,20.0,4.0,0.0,4.0,16.0,0.0,16.0,0.3333333333333333,0.0,0.2,0.0,2,0,9,38.0,0.0,40.0,39,1,718,0.0,0.00047931745194842545,0.0,0.0,0.26282051282051283,0.2013888888888889,0.0,0.0,0.22954545454545455,0.0,0.22954545454545455,0.38636363636363635,0.0,0.0009594534070046977,0.0,0.0008532423208191114,0.0,0.001775809529779404,0.00039601513902999454,0.02897473997028232,0.0007429420505200594
1178902181593964544,3,5,0,5,4,0,4,1,0,1,5.0,0.0,5.0,4.0,0.0,4.0,1.0,0.0,1.0,0.8,0.0,0.8,0.0,2,0,5,15.0,0.0,14.0,30,1,511,0.0,0.00011982936298710636,0.0,0.0,0.36666666666666664,0.24,0.0,0.0,0.2,0.0,0.2,0.4,0.0,0.000886256215770424,0.0,0.0008532423208191135,0.0003872150555063736,0.0,0.0002818436435157761,0.022288261515601784,0.0007429420505200594
939341267040796673,3,7,0,7,4,0,4,3,0,3,8.0,0.0,8.0,5.0,0.0,5.0,3.0,0.0,3.0,0.5714285714285714,0.0,0.625,0.0,2,0,6,27.0,0.0,22.0,31,1,661,0.0,0.00019172698077937018,0.0,0.0,0.32142857142857145,0.22448979591836735,0.0,0.0,0.25,0.0,0.25,0.4583333333333333,0.0,0.000978309850031032,0.0,0.0008532423208191138,0.00024306152153452665,0.0,0.0003645766112797025,0.023031203566121844,0.0007429420505200594
1247217504956682241,3,4,0,4,4,0,4,0,0,0,4.0,0.0,4.0,4.0,0.0,4.0,0.0,0.0,0.0,1.0,0.0,1.0,0.0,1,0,4,14.0,0.0,11.0,18,1,69,0.0,9.586349038968509e-5,0.0,0.0,0.4,0.25,0.0,0.0,0.25,0.0,0.25,0.5,0.0,0.0008848817445346515,0.0,0.0008532423208191156,0.0005385867519100418,0.0,3.805716517140616e-5,0.01337295690936107,0.0007429420505200594
880226143353401344,3,6,0,6,4,0,4,2,0,2,7.0,0.0,7.0,4.0,0.0,4.0,3.0,0.0,3.0,0.6666666666666666,0.0,0.5714285714285714,0.0,2,0,6,27.0,0.0,17.0,33,1,525,0.0,0.0001677611081819489,0.0,0.0,0.35714285714285715,0.25,0.0,0.0,0.2,0.0,0.2,0.4,0.0,0.0008921809221571078,0.0,0.0008532423208191118,8.443863741391944e-5,0.0,0.00028956538717374254,0.02451708766716196,0.0007429420505200594
1385789278513287181,3,4,0,4,4,0,4,0,0,0,4.0,0.0,4.0,4.0,0.0,4.0,0.0,0.0,0.0,1.0,0.0,1.0,0.0,1,0,4,14.0,0.0,11.0,18,1,69,0.0,9.586349038968509e-5,0.0,0.0,0.4,0.25,0.0,0.0,0.25,0.0,0.25,0.5,0.0,0.0008848817445346515,0.0,0.0008532423208191156,0.0005385867519100418,0.0,3.805716517140616e-5,0.01337295690936107,0.0007429420505200594
1362247381702610944,3,6,0,6,4,0,4,2,0,2,8.0,0.0,8.0,4.0,0.0,4.0,4.0,0.0,4.0,0.6666666666666666,0.0,0.5,0.0,2,0,6,22.0,0.0,22.0,20,1,312,0.0,0.00019172698077937018,0.0,0.0,0.3333333333333333,0.2222222222222222,0.0,0.0,0.25,0.0,0.25,0.4,0.0,0.0008968270304706798,0.0,0.0008532423208191157,0.0,2.036330329791003e-5,0.000172084572948967,0.014858841010401188,0.0007429420505200594
1278442604829564935,3,4,0,4,4,0,4,0,0,0,6.0,0.0,6.0,6.0,0.0,6.0,0.0,0.0,0.0,1.0,0.0,1.0,0.0,1,0,4,27.0,0.0,15.0,18,1,69,0.0,0.00014379523558452764,0.0,0.0,0.4,0.25,0.0,0.0,0.3333333333333333,0.0,0.3333333333333333,0.6666666666666666,0.0,0.0010571921821588143,0.0,0.0008532423208191153,0.0008091979417049755,0.0,3.805716517140616e-5,0.01337295690936107,0.0007429420505200594
4148621113,3,7,0,7,4,0,4,3,0,3,8.0,0.0,8.0,4.0,0.0,4.0,4.0,0.0,4.0,0.5714285714285714,0.0,0.5,0.0,2,0,6,28.0,0.0,22.0,32,1,595,0.0,0.00019172698077937018,0.0,0.0,0.32142857142857145,0.22448979591836735,0.0,0.0,0.1875,0.0,0.1875,0.3125,0.0,0.000896538913708531,0.0,0.0008532423208191123,0.0,4.024462523166683e-5,0.00032817410546357486,0.0237741456166419,0.0007429420505200594
1248352685537071104,3,4,0,4,4,0,4,0,0,0,4.0,0.0,4.0,4.0,0.0,4.0,0.0,0.0,0.0,1.0,0.0,1.0,0.0,1,0,4,14.0,0.0,11.0,18,1,69,0.0,9.586349038968509e-5,0.0,0.0,0.4,0.25,0.0,0.0,0.25,0.0,0.25,0.5,0.0,0.0008848817445346515,0.0,0.0008532423208191156,0.0005385867519100418,0.0,3.805716517140616e-5,0.01337295690936107,0.0007429420505200594
2409571994,3,4,0,4,4,0,4,0,0,0,4.0,0.0,4.0,4.0,0.0,4.0,0.0,0.0,0.0,1.0,0.0,1.0,0.0,1,0,4,14.0,0.0,11.0,18,1,69,0.0,9.586349038968509e-5,0.0,0.0,0.4,0.25,0.0,0.0,0.25,0.0,0.25,0.5,0.0,0.0008848817445346515,0.0,0.0008532423208191156,0.0005385867519100418,0.0,3.805716517140616e-5,0.01337295690936107,0.0007429420505200594
1176963689628483584,3,4,0,4,4,0,4,0,0,0,4.0,0.0,4.0,4.0,0.0,4.0,0.0,0.0,0.0,1.0,0.0,1.0,0.0,1,0,4,14.0,0.0,11.0,18,1,69,0.0,9.586349038968509e-5,0.0,0.0,0.4,0.25,0.0,0.0,0.25,0.0,0.25,0.5,0.0,0.0008848817445346515,0.0,0.0008532423208191156,0.0005385867519100418,0.0,3.805716517140616e-5,0.01337295690936107,0.0007429420505200594
1196961020457234434,3,4,0,4,4,0,4,0,0,0,4.0,0.0,4.0,4.0,0.0,4.0,0.0,0.0,0.0,1.0,0.0,1.0,0.0,1,0,4,14.0,0.0,11.0,18,1,69,0.0,9.586349038968509e-5,0.0,0.0,0.4,0.25,0.0,0.0,0.25,0.0,0.25,0.5,0.0,0.0008848817445346515,0.0,0.0008532423208191156,0.0005385867519100418,0.0,3.805716517140616e-5,0.01337295690936107,0.0007429420505200594
2188145495,3,4,0,4,4,0,4,0,0,0,4.0,0.0,4.0,4.0,0.0,4.0,0.0,0.0,0.0,1.0,0.0,1.0,0.0,1,0,4,14.0,0.0,11.0,18,1,69,0.0,9.586349038968509e-5,0.0,0.0,0.4,0.25,0.0,0.0,0.25,0.0,0.25,0.5,0.0,0.0008848817445346515,0.0,0.0008532423208191156,0.0005385867519100418,0.0,3.805716517140616e-5,0.01337295690936107,0.0007429420505200594
454324248,3,4,0,4,4,0,4,0,0,0,4.0,0.0,4.0,4.0,0.0,4.0,0.0,0.0,0.0,1.0,0.0,1.0,0.0,1,0,4,14.0,0.0,11.0,18,1,69,0.0,9.586349038968509e-5,0.0,0.0,0.4,0.25,0.0,0.0,0.25,0.0,0.25,0.5,0.0,0.0008848817445346515,0.0,0.0008532423208191156,0.0005385867519100418,0.0,3.805716517140616e-5,0.01337295690936107,0.0007429420505200594
2397845204,3,4,0,4,4,0,4,0,0,0,4.0,0.0,4.0,4.0,0.0,4.0,0.0,0.0,0.0,1.0,0.0,1.0,0.0,1,0,4,14.0,0.0,11.0,18,1,69,0.0,9.586349038968509e-5,0.0,0.0,0.4,0.25,0.0,0.0,0.25,0.0,0.25,0.5,0.0,0.0008848817445346515,0.0,0.0008532423208191156,0.0005385867519100418,0.0,3.805716517140616e-5,0.01337295690936107,0.0007429420505200594
42458347,3,4,0,4,4,0,4,0,0,0,4.0,0.0,4.0,4.0,0.0,4.0,0.0,0.0,0.0,1.0,0.0,1.0,0.0,1,0,4,14.0,0.0,11.0,18,1,69,0.0,9.586349038968509e-5,0.0,0.0,0.4,0.25,0.0,0.0,0.25,0.0,0.25,0.5,0.0,0.0008848817445346515,0.0,0.0008532423208191156,0.0005385867519100418,0.0,3.805716517140616e-5,0.01337295690936107,0.0007429420505200594
1498972248325214209,3,4,0,4,4,0,4,0,0,0,4.0,0.0,4.0,4.0,0.0,4.0,0.0,0.0,0.0,1.0,0.0,1.0,0.0,1,0,4,14.0,0.0,11.0,18,1,69,0.0,9.586349038968509e-5,0.0,0.0,0.4,0.25,0.0,0.0,0.25,0.0,0.25,0.5,0.0,0.0008848817445346515,0.0,0.0008532423208191156,0.0005385867519100418,0.0,3.805716517140616e-5,0.01337295690936107,0.0007429420505200594
312791677,3,4,0,4,4,0,4,0,0,0,4.0,0.0,4.0,4.0,0.0,4.0,0.0,0.0,0.0,1.0,0.0,1.0,0.0,1,0,4,14.0,0.0,11.0,18,1,69,0.0,9.586349038968509e-5,0.0,0.0,0.4,0.25,0.0,0.0,0.25,0.0,0.25,0.5,0.0,0.0008848817445346515,0.0,0.0008532423208191156,0.0005385867519100418,0.0,3.805716517140616e-5,0.01337295690936107,0.0007429420505200594
1328205567161114624,3,4,0,4,4,0,4,0,0,0,4.0,0.0,4.0,4.0,0.0,4.0,0.0,0.0,0.0,1.0,0.0,1.0,0.0,1,0,4,14.0,0.0,11.0,18,1,69,0.0,9.586349038968509e-5,0.0,0.0,0.4,0.25,0.0,0.0,0.25,0.0,0.25,0.5,0.0,0.0008848817445346515,0.0,0.0008532423208191156,0.0005385867519100418,0.0,3.805716517140616e-5,0.01337295690936107,0.0007429420505200594
1163719671117303808,2,10,0,10,7,0,7,3,0,3,24.0,0.0,24.0,17.0,0.0,17.0,7.0,0.0,7.0,0.7,0.0,0.7083333333333334,0.0,2,0,10,32.0,0.0,47.0,25,1,703,0.0,0.0005751809423381105,0.0,0.0,0.42727272727272725,0.37,0.0,0.0,0.4074074074074074,0.0,0.4074074074074074,0.5972222222222222,0.0,0.0008588892347462071,0.0,0.000853242320819112,0.0,0.0008794923342398397,0.0003877418422536019,0.018573551263001486,0.0007429420505200594
897099537751343104,2,9,0,9,6,0,6,3,0,3,11.0,0.0,11.0,7.0,0.0,7.0,4.0,0.0,4.0,0.6666666666666666,0.0,0.6363636363636364,0.0,2,0,9,27.0,0.0,30.0,29,1,671,0.0,0.000263624598571634,0.0,0.0,0.4111111111111111,0.345679012345679,0.0,0.0,0.3465909090909091,0.0,0.3465909090909091,0.5340909090909091,0.0,0.0008158535814630492,0.0,0.0008532423208191122,0.0,0.0005917432138032863,0.00037009214246396427,0.021545319465081723,0.0007429420505200594
1170784150468476929,2,10,0,10,6,0,6,4,0,4,19.0,0.0,19.0,12.0,0.0,12.0,7.0,0.0,7.0,0.6,0.0,0.631578947368421,0.0,2,0,10,29.0,0.0,43.0,25,1,691,0.0,0.0004553515793510042,0.0,0.0,0.38181818181818183,0.32,0.0,0.0,0.3128654970760234,0.0,0.3128654970760234,0.5146198830409356,0.0,0.0008317999962860167,0.0,0.0008532423208191124,0.0,0.0010209257641626834,0.0003811232048324878,0.018573551263001486,0.0007429420505200594
1331769324,45,8,0,8,2,0,2,6,0,6,12.0,0.0,12.0,6.0,0.0,6.0,6.0,0.0,6.0,0.25,0.0,0.5,0.0,2,0,8,29.0,0.0,31.0,30,1,645,0.0,0.00028759047116905527,0.0,0.0,0.3888888888888889,0.3125,0.0,0.0,0.34523809523809523,0.0,0.34523809523809523,0.5714285714285714,0.0,0.0007932347614867885,0.0,0.0008532423208191103,0.0,0.0011409120342356083,0.0003557517613848837,0.022288261515601784,0.0007429420505200594
143562564,2,6,0,6,6,0,6,0,0,0,8.0,0.0,8.0,8.0,0.0,8.0,0.0,0.0,0.0,1.0,0.0,1.0,0.0,2,0,6,22.0,0.0,22.0,12,1,272,0.0,0.00019172698077937018,0.0,0.0,0.5952380952380952,0.5277777777777778,0.0,0.0,0.55,0.0,0.55,0.85,0.0,0.0008009606780073111,0.0,0.0008532423208191151,0.00024003742631872882,0.0,0.00015002244821191995,0.008915304606240713,0.0007429420505200594
1358535923072385024,2,8,0,8,6,0,6,2,0,2,12.0,0.0,12.0,8.0,0.0,8.0,4.0,0.0,4.0,0.75,0.0,0.6666666666666666,0.0,2,0,8,27.0,0.0,31.0,25,1,658,0.0,0.00028759047116905527,0.0,0.0,0.4722222222222222,0.40625,0.0,0.0,0.35714285714285715,0.0,0.35714285714285715,0.5595238095238095,0.0,0.0008116722187134064,0.0,0.0008532423208191131,0.0,0.0005460518801049252,0.000362921951924424,0.018573551263001486,0.0007429420505200594
3660328812,45,5,0,5,2,0,2,3,0,3,9.0,0.0,9.0,6.0,0.0,6.0,3.0,0.0,3.0,0.4,0.0,0.6666666666666666,0.0,2,0,5,28.0,0.0,25.0,28,1,607,0.0,0.00021569285337679145,0.0,0.0,0.5333333333333333,0.44,0.0,0.0,0.4722222222222222,0.0,0.4722222222222222,0.7777777777777778,0.0,0.000750968752402169,0.0,0.0008532423208191082,0.0,0.0005693460694366492,0.000334792742884689,0.020802377414561663,0.0007429420505200594
2395685646,45,6,0,6,2,0,2,4,0,4,12.0,0.0,12.0,8.0,0.0,8.0,4.0,0.0,4.0,0.3333333333333333,0.0,0.6666666666666666,0.0,2,0,5,29.0,0.0,30.0,29,1,550,0.0,0.00028759047116905527,0.0,0.0,0.42857142857142855,0.3333333333333333,0.0,0.0,0.31666666666666665,0.0,0.31666666666666665,0.5,0.0,0.0009559017866402544,0.0,0.0008532423208191093,0.0,0.0007524854988988361,0.00030335421513439693,0.021545319465081723,0.0007429420505200594
87624170,45,4,0,4,2,0,2,2,0,2,5.0,0.0,5.0,3.0,0.0,3.0,2.0,0.0,2.0,0.5,0.0,0.6,0.0,2,0,4,15.0,0.0,14.0,27,1,610,0.0,0.00011982936298710636,0.0,0.0,0.55,0.4375,0.0,0.0,0.36666666666666664,0.0,0.36666666666666664,0.5333333333333333,0.0,0.0007430124946165517,0.0,0.0008532423208191103,0.0,0.000388854563527552,0.00033644740223996754,0.020059435364041606,0.0007429420505200594
2308345490,2,11,0,11,6,0,6,5,0,5,25.0,0.0,25.0,12.0,0.0,12.0,13.0,0.0,13.0,0.5454545454545454,0.0,0.48,0.0,2,0,11,36.0,0.0,48.0,31,1,704,0.0,0.0005991468149355318,0.0,0.0,0.3409090909090909,0.2809917355371901,0.0,0.0,0.32,0.0,0.32,0.496,0.0,0.0008821469636685327,0.0,0.0008532423208191108,0.0,0.0022029661736536754,0.0003882933953720281,0.023031203566121844,0.0007429420505200594
730178982872780800,2,8,0,8,6,0,6,2,0,2,10.0,0.0,10.0,6.0,0.0,6.0,4.0,0.0,4.0,0.75,0.0,0.6,0.0,2,0,8,27.0,0.0,28.0,25,1,658,0.0,0.00023965872597421273,0.0,0.0,0.4722222222222222,0.40625,0.0,0.0,0.37142857142857144,0.0,0.37142857142857144,0.5714285714285714,0.0,0.000803018520344402,0.0,0.0008532423208191114,0.0,0.0014069094882016575,0.000362921951924424,0.018573551263001486,0.0007429420505200594
3231463644,1,12,0,12,4,0,4,8,0,8,17.0,0.0,17.0,6.0,0.0,6.0,11.0,0.0,11.0,0.3333333333333333,0.0,0.35294117647058826,0.0,2,0,11,34.0,0.0,39.0,33,1,651,0.0,0.00040741983415616164,0.0,0.0,0.30128205128205127,0.24305555555555555,0.0,0.0,0.3048128342245989,0.0,0.3048128342245989,0.5026737967914439,0.0,0.000879729867267558,0.0,0.0008532423208191117,0.0,0.001697891833767451,0.00035906108009544073,0.02451708766716196,0.0007429420505200594
1393536165857406982,2,8,0,8,6,0,6,2,0,2,13.0,0.0,13.0,9.0,0.0,9.0,4.0,0.0,4.0,0.75,0.0,0.6923076923076923,0.0,2,0,8,27.0,0.0,32.0,23,1,681,0.0,0.00031155634376647654,0.0,0.0,0.4583333333333333,0.390625,0.0,0.0,0.4010989010989011,0.0,0.4010989010989011,0.6153846153846154,0.0,0.0008179740296819318,0.0,0.0008532423208191124,0.0,0.0005307294300849197,0.00037560767364822604,0.017087667161961365,0.0007429420505200594
4481687056,45,8,0,8,2,0,2,6,0,6,13.0,0.0,13.0,6.0,0.0,6.0,7.0,0.0,7.0,0.25,0.0,0.46153846153846156,0.0,2,0,8,29.0,0.0,32.0,31,1,781,0.0,0.00031155634376647654,0.0,0.0,0.3194444444444444,0.234375,0.0,0.0,0.25274725274725274,0.0,0.25274725274725274,0.4065934065934066,0.0,0.0007681042992868104,0.0,0.0008532423208191105,0.0,0.0012913977966042545,0.00043076298549084367,0.023031203566121844,0.0007429420505200594
923807628240723968,1,14,0,14,6,0,6,8,0,8,45.0,0.0,45.0,18.0,0.0,18.0,27.0,0.0,27.0,0.42857142857142855,0.0,0.4,0.0,2,0,11,49.0,0.0,68.0,32,1,734,0.0,0.0010784642668839573,0.0,0.0,0.2571428571428571,0.20408163265306123,0.0,0.0,0.3034188034188034,0.0,0.3034188034188034,0.4905982905982906,0.0,0.000995895020671847,0.0,0.0008532423208191104,0.0,0.004519455458997068,0.0004048399889248134,0.0237741456166419,0.0007429420505200594
2952411097,2,19,0,19,8,0,8,11,0,11,45.0,0.0,45.0,16.0,0.0,16.0,29.0,0.0,29.0,0.42105263157894735,0.0,0.35555555555555557,0.0,2,0,11,45.0,0.0,62.0,34,1,730,0.0,0.0010784642668839573,0.0,0.0,0.2236842105263158,0.18282548476454294,0.0,0.0,0.25617283950617287,0.0,0.25617283950617287,0.3987654320987654,0.0,0.0010688477833058726,0.0,0.0008532423208191112,0.0,0.005057513643128897,0.00040263377645110865,0.02526002971768202,0.0007429420505200594
20422178,2,8,0,8,4,0,4,4,0,4,12.0,0.0,12.0,6.0,0.0,6.0,6.0,0.0,6.0,0.5,0.0,0.5,0.0,2,0,8,28.0,0.0,31.0,29,1,663,0.0,0.00028759047116905527,0.0,0.0,0.4027777777777778,0.328125,0.0,0.0,0.35119047619047616,0.0,0.35119047619047616,0.5,0.0,0.0008343990936949075,0.0,0.0008532423208191116,0.0,0.0009537174413770666,0.00036567971751655484,0.021545319465081723,0.0007429420505200594
1457435843778465794,2,6,0,6,6,0,6,0,0,0,7.0,0.0,7.0,7.0,0.0,7.0,0.0,0.0,0.0,1.0,0.0,1.0,0.0,2,0,6,22.0,0.0,17.0,12,1,272,0.0,0.0001677611081819489,0.0,0.0,0.5952380952380952,0.5277777777777778,0.0,0.0,0.5571428571428572,0.0,0.5571428571428572,0.8571428571428571,0.0,0.0007979372427635601,0.0,0.0008532423208191149,0.00020958943106474948,0.0,0.00015002244821191995,0.008915304606240713,0.0007429420505200594
2888152751,2,8,0,8,6,0,6,2,0,2,9.0,0.0,9.0,7.0,0.0,7.0,2.0,0.0,2.0,0.75,0.0,0.7777777777777778,0.0,2,0,8,24.0,0.0,25.0,27,1,641,0.0,0.00021569285337679145,0.0,0.0,0.4583333333333333,0.390625,0.0,0.0,0.40476190476190477,0.0,0.40476190476190477,0.6031746031746031,0.0,0.0008104978111100014,0.0,0.000853242320819113,0.0,0.00019854440716504662,0.00035354554891117897,0.020059435364041606,0.0007429420505200594
1257299843950641153,45,3,0,3,2,0,2,1,0,1,3.0,0.0,3.0,2.0,0.0,2.0,1.0,0.0,1.0,0.6666666666666666,0.0,0.6666666666666666,0.0,2,0,3,9.0,0.0,7.0,26,1,514,0.0,7.189761779226382e-5,0.0,0.0,0.75,0.6666666666666666,0.0,0.0,0.5,0.0,0.5,0.6666666666666666,0.0,0.0007386145881370284,0.0,0.0008532423208191098,0.0,0.00019127083172354453,0.0002834983028710546,0.019316493313521546,0.0007429420505200594
4524190600,45,3,0,3,2,0,2,1,0,1,3.0,0.0,3.0,2.0,0.0,2.0,1.0,0.0,1.0,0.6666666666666666,0.0,0.6666666666666666,0.0,2,0,3,9.0,0.0,7.0,26,1,514,0.0,7.189761779226382e-5,0.0,0.0,0.75,0.6666666666666666,0.0,0.0,0.5,0.0,0.5,0.6666666666666666,0.0,0.0007386145881370284,0.0,0.0008532423208191098,0.0,0.00019127083172354453,0.0002834983028710546,0.019316493313521546,0.0007429420505200594
1433556140051157005,45,3,0,3,2,0,2,1,0,1,3.0,0.0,3.0,2.0,0.0,2.0,1.0,0.0,1.0,0.6666666666666666,0.0,0.6666666666666666,0.0,2,0,3,9.0,0.0,7.0,26,1,514,0.0,7.189761779226382e-5,0.0,0.0,0.75,0.6666666666666666,0.0,0.0,0.5,0.0,0.5,0.6666666666666666,0.0,0.0007386145881370284,0.0,0.0008532423208191098,0.0,0.0003785337155318147,0.0002834983028710546,0.019316493313521546,0.0007429420505200594
1444565812086411269,2,9,0,9,6,0,6,3,0,3,10.0,0.0,10.0,7.0,0.0,7.0,3.0,0.0,3.0,0.6666666666666666,0.0,0.7,0.0,2,0,9,24.0,0.0,28.0,18,1,445,0.0,0.00023965872597421273,0.0,0.0,0.37777777777777777,0.30864197530864196,0.0,0.0,0.30625,0.0,0.30625,0.5,0.0,0.0008116303002410984,0.0,0.0008532423208191146,0.0,0.0003568813459291498,0.00024544113769964845,0.01337295690936107,0.0007429420505200594
57730696,2,6,0,6,6,0,6,0,0,0,7.0,0.0,7.0,7.0,0.0,7.0,0.0,0.0,0.0,1.0,0.0,1.0,0.0,2,0,6,22.0,0.0,17.0,12,1,272,0.0,0.0001677611081819489,0.0,0.0,0.5952380952380952,0.5277777777777778,0.0,0.0,0.5571428571428572,0.0,0.5571428571428572,0.8571428571428571,0.0,0.0007979372427635601,0.0,0.0008532423208191149,0.00020958943106474948,0.0,0.00015002244821191995,0.008915304606240713,0.0007429420505200594
262425295,2,13,0,13,6,0,6,7,0,7,13.0,0.0,13.0,6.0,0.0,6.0,7.0,0.0,7.0,0.46153846153846156,0.0,0.46153846153846156,0.0,2,0,11,28.0,0.0,32.0,38,1,833,0.0,0.00031155634376647654,0.0,0.0,0.2857142857142857,0.23076923076923078,0.0,0.0,0.21794871794871795,0.0,0.21794871794871795,0.3717948717948718,0.0,0.0009073736864813164,0.0,0.0008532423208191139,0.0,0.0010214418861614893,0.00045944374764900485,0.02823179791976226,0.0007429420505200594
54549682,2,7,0,7,7,0,7,0,0,0,10.0,0.0,10.0,10.0,0.0,10.0,0.0,0.0,0.0,1.0,0.0,1.0,0.0,2,0,7,23.0,0.0,28.0,12,1,307,0.0,0.00023965872597421273,0.0,0.0,0.5714285714285714,0.5102040816326531,0.0,0.0,0.55,0.0,0.55,0.8,0.0,0.0008153984477569033,0.0,0.0008532423208191144,0.0003013150042917023,0.0,0.00016932680735683611,0.008915304606240713,0.0007429420505200594
1458746884491673601,2,8,0,8,6,0,6,2,0,2,13.0,0.0,13.0,7.0,0.0,7.0,6.0,0.0,6.0,0.75,0.0,0.5384615384615384,0.0,2,0,8,29.0,0.0,32.0,25,1,658,0.0,0.00031155634376647654,0.0,0.0,0.4722222222222222,0.40625,0.0,0.0,0.3516483516483517,0.0,0.3516483516483517,0.5494505494505495,0.0,0.0008112492709022251,0.0,0.0008532423208191112,0.0,0.0009852215534755793,0.000362921951924424,0.018573551263001486,0.0007429420505200594
2255124486,2,6,0,6,6,0,6,0,0,0,6.0,0.0,6.0,6.0,0.0,6.0,0.0,0.0,0.0,1.0,0.0,1.0,0.0,2,0,6,22.0,0.0,15.0,12,1,272,0.0,0.00014379523558452764,0.0,0.0,0.5952380952380952,0.5277777777777778,0.0,0.0,0.5666666666666667,0.0,0.5666666666666667,0.8666666666666667,0.0,0.0007949138075198095,0.0,0.0008532423208191144,0.00017926841768045598,0.0,0.00015002244821191995,0.008915304606240713,0.0007429420505200594
1226140092,2,4,0,4,4,0,4,0,0,0,4.0,0.0,4.0,4.0,0.0,4.0,0.0,0.0,0.0,1.0,0.0,1.0,0.0,2,0,4,14.0,0.0,11.0,12,1,307,0.0,9.586349038968509e-5,0.0,0.0,0.75,0.6875,0.0,0.0,0.75,0.0,0.75,1.0,0.0,0.0007435152247839302,0.0,0.0008532423208191143,0.00011900669592501689,0.0,0.00016932680735683611,0.008915304606240713,0.0007429420505200594
4155456705,2,7,0,7,7,0,7,0,0,0,9.0,0.0,9.0,9.0,0.0,9.0,0.0,0.0,0.0,1.0,0.0,1.0,0.0,2,0,7,22.0,0.0,25.0,12,1,307,0.0,0.00021569285337679145,0.0,0.0,0.5714285714285714,0.5102040816326531,0.0,0.0,0.5370370370370371,0.0,0.5370370370370371,0.7777777777777778,0.0,0.0008057391505533951,0.0,0.0008532423208191145,0.0002706125638539669,0.0,0.00016932680735683611,0.008915304606240713,0.0007429420505200594
1486413380,2,6,0,6,6,0,6,0,0,0,6.0,0.0,6.0,6.0,0.0,6.0,0.0,0.0,0.0,1.0,0.0,1.0,0.0,2,0,6,22.0,0.0,15.0,12,1,272,0.0,0.00014379523558452764,0.0,0.0,0.5952380952380952,0.5277777777777778,0.0,0.0,0.5666666666666667,0.0,0.5666666666666667,0.8666666666666667,0.0,0.0007949138075198095,0.0,0.0008532423208191144,0.00017926841768045598,0.0,0.00015002244821191995,0.008915304606240713,0.0007429420505200594
60974791,2,7,0,7,6,0,6,1,0,1,7.0,0.0,7.0,6.0,0.0,6.0,1.0,0.0,1.0,0.8571428571428571,0.0,0.8571428571428571,0.0,2,0,7,23.0,0.0,17.0,23,1,627,0.0,0.0001677611081819489,0.0,0.0,0.5357142857142857,0.46938775510204084,0.0,0.0,0.47619047619047616,0.0,0.47619047619047616,0.7142857142857143,0.0,0.0007962882787555819,0.0,0.0008532423208191132,0.0,2.4766653591357102e-5,0.0003458238052532125,0.017087667161961365,0.0007429420505200594
1360733505416749056,2,6,0,6,6,0,6,0,0,0,6.0,0.0,6.0,6.0,0.0,6.0,0.0,0.0,0.0,1.0,0.0,1.0,0.0,2,0,6,22.0,0.0,15.0,12,1,272,0.0,0.00014379523558452764,0.0,0.0,0.5952380952380952,0.5277777777777778,0.0,0.0,0.5666666666666667,0.0,0.5666666666666667,0.8666666666666667,0.0,0.0007949138075198095,0.0,0.0008532423208191144,0.00017926841768045598,0.0,0.00015002244821191995,0.008915304606240713,0.0007429420505200594
2947950695,27,4,0,4,2,0,2,2,0,2,4.0,0.0,4.0,2.0,0.0,2.0,2.0,0.0,2.0,0.5,0.0,0.5,0.0,2,0,4,13.0,0.0,11.0,13,1,314,0.0,9.586349038968509e-5,0.0,0.0,0.35,0.1875,0.0,0.0,0.16666666666666666,0.0,0.16666666666666666,0.3333333333333333,0.0,0.0007468019933912351,0.0,0.0008532423208191144,0.0,3.926897199313384e-5,0.00017318767918581934,0.009658246656760773,0.0007429420505200594
1215290525286199296,2,7,0,7,6,0,6,1,0,1,7.0,0.0,7.0,6.0,0.0,6.0,1.0,0.0,1.0,0.8571428571428571,0.0,0.8571428571428571,0.0,2,0,7,23.0,0.0,17.0,23,1,627,0.0,0.0001677611081819489,0.0,0.0,0.5357142857142857,0.46938775510204084,0.0,0.0,0.47619047619047616,0.0,0.47619047619047616,0.7142857142857143,0.0,0.0007962882787555819,0.0,0.0008532423208191132,0.0,2.4766653591357102e-5,0.0003458238052532125,0.017087667161961365,0.0007429420505200594
1482341826149470210,2,6,0,6,6,0,6,0,0,0,6.0,0.0,6.0,6.0,0.0,6.0,0.0,0.0,0.0,1.0,0.0,1.0,0.0,2,0,6,22.0,0.0,15.0,12,1,272,0.0,0.00014379523558452764,0.0,0.0,0.5952380952380952,0.5277777777777778,0.0,0.0,0.5666666666666667,0.0,0.5666666666666667,0.8666666666666667,0.0,0.0007949138075198095,0.0,0.0008532423208191144,0.00017926841768045598,0.0,0.00015002244821191995,0.008915304606240713,0.0007429420505200594
841108085687123969,2,2,0,2,1,0,1,1,0,1,2.0,0.0,2.0,1.0,0.0,1.0,1.0,0.0,1.0,0.5,0.0,0.5,0.0,1,0,2,5.0,0.0,4.0,12,1,181,0.0,4.7931745194842545e-5,0.0,0.0,0.6666666666666666,0.5,0.0,0.0,0.5,0.0,0.5,1.0,0.0,0.0007360689775531147,0.0,0.000853242320819115,0.0,0.0001520420038206849,9.98311144351379e-5,0.008915304606240713,0.0007429420505200594
814000958770413568,2,6,0,6,6,0,6,0,0,0,6.0,0.0,6.0,6.0,0.0,6.0,0.0,0.0,0.0,1.0,0.0,1.0,0.0,2,0,6,22.0,0.0,15.0,12,1,272,0.0,0.00014379523558452764,0.0,0.0,0.5952380952380952,0.5277777777777778,0.0,0.0,0.5666666666666667,0.0,0.5666666666666667,0.8666666666666667,0.0,0.0007949138075198095,0.0,0.0008532423208191144,0.00017926841768045598,0.0,0.00015002244821191995,0.008915304606240713,0.0007429420505200594
1053472456969728003,2,6,0,6,6,0,6,0,0,0,6.0,0.0,6.0,6.0,0.0,6.0,0.0,0.0,0.0,1.0,0.0,1.0,0.0,2,0,6,22.0,0.0,15.0,12,1,272,0.0,0.00014379523558452764,0.0,0.0,0.5952380952380952,0.5277777777777778,0.0,0.0,0.5666666666666667,0.0,0.5666666666666667,0.8666666666666667,0.0,0.0007949138075198095,0.0,0.0008532423208191144,0.00017926841768045598,0.0,0.00015002244821191995,0.008915304606240713,0.0007429420505200594
246930965,2,6,0,6,6,0,6,0,0,0,6.0,0.0,6.0,6.0,0.0,6.0,0.0,0.0,0.0,1.0,0.0,1.0,0.0,2,0,6,22.0,0.0,15.0,12,1,272,0.0,0.00014379523558452764,0.0,0.0,0.5952380952380952,0.5277777777777778,0.0,0.0,0.5666666666666667,0.0,0.5666666666666667,0.8666666666666667,0.0,0.0007949138075198095,0.0,0.0008532423208191144,0.00017926841768045598,0.0,0.00015002244821191995,0.008915304606240713,0.0007429420505200594
1423114617325301763,2,2,0,2,1,0,1,1,0,1,2.0,0.0,2.0,1.0,0.0,1.0,1.0,0.0,1.0,0.5,0.0,0.5,0.0,1,0,2,5.0,0.0,4.0,12,1,181,0.0,4.7931745194842545e-5,0.0,0.0,0.6666666666666666,0.5,0.0,0.0,0.5,0.0,0.5,1.0,0.0,0.0007360689775531147,0.0,0.000853242320819115,0.0,0.00015923870068884627,9.98311144351379e-5,0.008915304606240713,0.0007429420505200594
25702596,1,2,0,2,1,0,1,1,0,1,2.0,0.0,2.0,1.0,0.0,1.0,1.0,0.0,1.0,0.5,0.0,0.5,0.0,1,0,2,5.0,0.0,4.0,12,1,181,0.0,4.7931745194842545e-5,0.0,0.0,0.6666666666666666,0.5,0.0,0.0,0.5,0.0,0.5,1.0,0.0,0.0007360689775531147,0.0,0.000853242320819115,0.0,0.0001520420038206849,9.98311144351379e-5,0.008915304606240713,0.0007429420505200594
1469425596728070150,2,6,0,6,6,0,6,0,0,0,6.0,0.0,6.0,6.0,0.0,6.0,0.0,0.0,0.0,1.0,0.0,1.0,0.0,2,0,6,22.0,0.0,15.0,12,1,272,0.0,0.00014379523558452764,0.0,0.0,0.5952380952380952,0.5277777777777778,0.0,0.0,0.5666666666666667,0.0,0.5666666666666667,0.8666666666666667,0.0,0.0007949138075198095,0.0,0.0008532423208191144,0.00017926841768045598,0.0,0.00015002244821191995,0.008915304606240713,0.0007429420505200594
826672360254169089,2,2,0,2,2,0,2,0,0,0,2.0,0.0,2.0,2.0,0.0,2.0,0.0,0.0,0.0,1.0,0.0,1.0,0.0,2,0,2,5.0,0.0,4.0,11,1,196,0.0,4.7931745194842545e-5,0.0,0.0,0.6666666666666666,0.5,0.0,0.0,0.5,0.0,0.5,1.0,0.0,0.0007355648619551202,0.0,0.000853242320819113,5.925098195153078e-5,0.0,0.00010810441121153055,0.008172362555720654,0.0007429420505200594
260361975,2,6,0,6,6,0,6,0,0,0,6.0,0.0,6.0,6.0,0.0,6.0,0.0,0.0,0.0,1.0,0.0,1.0,0.0,2,0,6,22.0,0.0,15.0,12,1,272,0.0,0.00014379523558452764,0.0,0.0,0.5952380952380952,0.5277777777777778,0.0,0.0,0.5666666666666667,0.0,0.5666666666666667,0.8666666666666667,0.0,0.0007949138075198095,0.0,0.0008532423208191144,0.00017926841768045598,0.0,0.00015002244821191995,0.008915304606240713,0.0007429420505200594
1511649305710542849,2,2,0,2,2,0,2,0,0,0,2.0,0.0,2.0,2.0,0.0,2.0,0.0,0.0,0.0,1.0,0.0,1.0,0.0,2,0,2,5.0,0.0,4.0,11,1,196,0.0,4.7931745194842545e-5,0.0,0.0,0.6666666666666666,0.5,0.0,0.0,0.5,0.0,0.5,1.0,0.0,0.0007355648619551202,0.0,0.000853242320819113,5.925098195153078e-5,0.0,0.00010810441121153055,0.008172362555720654,0.0007429420505200594
1434459020987752463,2,4,0,4,3,0,3,1,0,1,4.0,0.0,4.0,3.0,0.0,3.0,1.0,0.0,1.0,0.75,0.0,0.75,0.0,2,0,4,14.0,0.0,11.0,22,1,597,0.0,9.586349038968509e-5,0.0,0.0,0.8,0.75,0.0,0.0,0.75,0.0,0.75,1.0,0.0,0.0007418662607759519,0.0,0.0008532423208191112,0.0,0.00011496008036682159,0.0003292772117004272,0.01634472511144131,0.0007429420505200594
1434998193297756165,2,6,0,6,6,0,6,0,0,0,6.0,0.0,6.0,6.0,0.0,6.0,0.0,0.0,0.0,1.0,0.0,1.0,0.0,2,0,6,22.0,0.0,15.0,12,1,272,0.0,0.00014379523558452764,0.0,0.0,0.5952380952380952,0.5277777777777778,0.0,0.0,0.5666666666666667,0.0,0.5666666666666667,0.8666666666666667,0.0,0.0007949138075198095,0.0,0.0008532423208191144,0.00017926841768045598,0.0,0.00015002244821191995,0.008915304606240713,0.0007429420505200594
1480611071316869120,2,6,0,6,6,0,6,0,0,0,6.0,0.0,6.0,6.0,0.0,6.0,0.0,0.0,0.0,1.0,0.0,1.0,0.0,2,0,6,22.0,0.0,15.0,12,1,272,0.0,0.00014379523558452764,0.0,0.0,0.5952380952380952,0.5277777777777778,0.0,0.0,0.5666666666666667,0.0,0.5666666666666667,0.8666666666666667,0.0,0.0007949138075198095,0.0,0.0008532423208191144,0.00017926841768045598,0.0,0.00015002244821191995,0.008915304606240713,0.0007429420505200594
229585768,2,6,0,6,6,0,6,0,0,0,6.0,0.0,6.0,6.0,0.0,6.0,0.0,0.0,0.0,1.0,0.0,1.0,0.0,2,0,6,22.0,0.0,15.0,12,1,272,0.0,0.00014379523558452764,0.0,0.0,0.5952380952380952,0.5277777777777778,0.0,0.0,0.5666666666666667,0.0,0.5666666666666667,0.8666666666666667,0.0,0.0007949138075198095,0.0,0.0008532423208191144,0.00017926841768045598,0.0,0.00015002244821191995,0.008915304606240713,0.0007429420505200594
828033366712688640,45,3,0,3,2,0,2,1,0,1,3.0,0.0,3.0,2.0,0.0,2.0,1.0,0.0,1.0,0.6666666666666666,0.0,0.6666666666666666,0.0,2,0,3,9.0,0.0,7.0,23,1,573,0.0,7.189761779226382e-5,0.0,0.0,0.5833333333333334,0.4444444444444444,0.0,0.0,0.3333333333333333,0.0,0.3333333333333333,0.6666666666666666,0.0,0.0007318302711382956,0.0,0.0008532423208191094,0.0,0.0003785337155318147,0.000316039936858199,0.017087667161961365,0.0007429420505200594
1441952749587894280,2,5,0,5,3,0,3,2,0,2,7.0,0.0,7.0,5.0,0.0,5.0,2.0,0.0,2.0,0.6,0.0,0.7142857142857143,0.0,2,0,5,18.0,0.0,17.0,24,1,653,0.0,0.0001677611081819489,0.0,0.0,0.6,0.52,0.0,0.0,0.5178571428571429,0.0,0.5178571428571429,0.6071428571428571,0.0,0.000745679049415632,0.0,0.0008532423208191124,0.0,0.0002590476059722846,0.00036016418633229313,0.017830609212481426,0.0007429420505200594
19805682,45,8,0,8,1,0,1,7,0,7,16.0,0.0,16.0,8.0,0.0,8.0,8.0,0.0,8.0,0.125,0.0,0.5,0.0,2,0,8,37.0,0.0,39.0,25,1,670,0.0,0.00038345396155874036,0.0,0.0,0.375,0.296875,0.0,0.0,0.4419642857142857,0.0,0.4419642857142857,0.7053571428571429,0.0,0.0008026910542827501,0.0,0.0008532423208191092,0.0,0.0014980818147489194,0.0003695405893455381,0.018573551263001486,0.0007429420505200594
302964768,45,4,0,4,2,0,2,2,0,2,6.0,0.0,6.0,4.0,0.0,4.0,2.0,0.0,2.0,0.5,0.0,0.6666666666666666,0.0,2,0,4,22.0,0.0,15.0,25,1,603,0.0,0.00014379523558452764,0.0,0.0,0.5,0.375,0.0,0.0,0.3333333333333333,0.0,0.3333333333333333,0.6666666666666666,0.0,0.0007385605127271156,0.0,0.0008532423208191084,0.0,0.00037866436065769893,0.0003325865304109843,0.018573551263001486,0.0007429420505200594
2363702751,45,8,0,8,2,0,2,6,0,6,23.0,0.0,23.0,11.0,0.0,11.0,12.0,0.0,12.0,0.25,0.0,0.4782608695652174,0.0,2,0,8,40.0,0.0,49.0,26,1,703,0.0,0.0005512150697406892,0.0,0.0,0.3055555555555556,0.21875,0.0,0.0,0.2577639751552795,0.0,0.2577639751552795,0.484472049689441,0.0,0.0008028581501906585,0.0,0.0008532423208191098,0.0,0.0023541908735387196,0.0003877418422536019,0.019316493313521546,0.0007429420505200594
132397046,2,5,0,5,3,0,3,2,0,2,6.0,0.0,6.0,4.0,0.0,4.0,2.0,0.0,2.0,0.6,0.0,0.6666666666666666,0.0,2,0,5,18.0,0.0,15.0,24,1,653,0.0,0.00014379523558452764,0.0,0.0,0.6,0.52,0.0,0.0,0.5416666666666666,0.0,0.5416666666666666,0.625,0.0,0.0007447075615521651,0.0,0.000853242320819112,0.0,0.00028910892939881805,0.00036016418633229313,0.017830609212481426,0.0007429420505200594
1461826921206059020,1,11,0,11,4,0,4,7,0,7,17.0,0.0,17.0,7.0,0.0,7.0,10.0,0.0,10.0,0.36363636363636365,0.0,0.4117647058823529,0.0,2,0,11,36.0,0.0,37.0,38,1,832,0.0,0.00040741983415616164,0.0,0.0,0.2727272727272727,0.2066115702479339,0.0,0.0,0.22941176470588234,0.0,0.22941176470588234,0.3941176470588235,0.0,0.0008846363972399142,0.0,0.0008532423208191121,0.0,0.0015404654250265049,0.0004588921945305787,0.02823179791976226,0.0007429420505200594
873411716,45,3,0,3,2,0,2,1,0,1,8.0,0.0,8.0,7.0,0.0,7.0,1.0,0.0,1.0,0.6666666666666666,0.0,0.875,0.0,2,0,3,22.0,0.0,22.0,23,1,573,0.0,0.00019172698077937018,0.0,0.0,0.5833333333333334,0.4444444444444444,0.0,0.0,0.375,0.0,0.375,0.75,0.0,0.0007450541551474356,0.0,0.0008532423208191081,0.0,0.0001575581344371857,0.000316039936858199,0.017087667161961365,0.0007429420505200594
1282738369991258113,45,3,0,3,1,0,1,2,0,2,6.0,0.0,6.0,4.0,0.0,4.0,2.0,0.0,2.0,0.3333333333333333,0.0,0.6666666666666666,0.0,2,0,3,25.0,0.0,15.0,21,1,554,0.0,0.00014379523558452764,0.0,0.0,0.75,0.6666666666666666,0.0,0.0,0.625,0.0,0.625,0.8333333333333334,0.0,0.0007374366961922609,0.0,0.0008532423208191076,0.0,0.00037866436065769893,0.0003055604276081017,0.015601783060921248,0.0007429420505200594
422577072,45,8,0,8,2,0,2,6,0,6,19.0,0.0,19.0,9.0,0.0,9.0,10.0,0.0,10.0,0.25,0.0,0.47368421052631576,0.0,2,0,8,37.0,0.0,45.0,25,1,676,0.0,0.0004553515793510042,0.0,0.0,0.3888888888888889,0.3125,0.0,0.0,0.39097744360902253,0.0,0.39097744360902253,0.6541353383458647,0.0,0.0007920107747478908,0.0,0.0008532423208191095,0.0,0.001962319199879159,0.0003728499080560952,0.018573551263001486,0.0007429420505200594
178978113,45,2,0,2,2,0,2,0,0,0,2.0,0.0,2.0,2.0,0.0,2.0,0.0,0.0,0.0,1.0,0.0,1.0,0.0,1,0,2,5.0,0.0,4.0,22,1,483,0.0,4.7931745194842545e-5,0.0,0.0,0.8333333333333334,0.75,0.0,0.0,0.5,0.0,0.5,1.0,0.0,0.00072895529093352,0.0,0.0008532423208191079,1.2772314677889085e-5,0.0,0.0002664001561998431,0.01634472511144131,0.0007429420505200594
982967013583740934,45,1,0,1,1,0,1,0,0,0,1.0,0.0,1.0,1.0,0.0,1.0,0.0,0.0,0.0,1.0,0.0,1.0,0.0,1,0,1,1.0,0.0,1.0,18,1,468,0.0,2.3965872597421273e-5,0.0,0.0,1.0,1.0,0.0,0.0,0.0,0.0,0.0,0.0,0.0,0.0007244050557826087,0.0,0.0008532423208191049,6.333459135920982e-6,0.0,0.0002581268594234505,0.01337295690936107,0.0007429420505200594
1489978528032559107,45,1,0,1,1,0,1,0,0,0,1.0,0.0,1.0,1.0,0.0,1.0,0.0,0.0,0.0,1.0,0.0,1.0,0.0,1,0,1,1.0,0.0,1.0,18,1,468,0.0,2.3965872597421273e-5,0.0,0.0,1.0,1.0,0.0,0.0,0.0,0.0,0.0,0.0,0.0,0.0007244050557826087,0.0,0.0008532423208191049,6.333459135920982e-6,0.0,0.0002581268594234505,0.01337295690936107,0.0007429420505200594
1287104039617024000,2,2,0,2,1,0,1,1,0,1,2.0,0.0,2.0,1.0,0.0,1.0,1.0,0.0,1.0,0.5,0.0,0.5,0.0,2,0,2,5.0,0.0,4.0,20,1,588,0.0,4.7931745194842545e-5,0.0,0.0,0.5,0.25,0.0,0.0,0.0,0.0,0.0,0.0,0.0,0.0007274284910263597,0.0,0.0008532423208191109,0.0,0.00017445671594135126,0.00032431323363459166,0.014858841010401188,0.0007429420505200594
1214215640912822272,45,5,0,5,2,0,2,3,0,3,11.0,0.0,11.0,6.0,0.0,6.0,5.0,0.0,5.0,0.4,0.0,0.5454545454545454,0.0,2,0,5,29.0,0.0,30.0,25,1,622,0.0,0.000263624598571634,0.0,0.0,0.43333333333333335,0.32,0.0,0.0,0.32954545454545453,0.0,0.32954545454545453,0.6590909090909091,0.0,0.0007544983970782044,0.0,0.000853242320819109,0.0,0.0009708670002748221,0.00034306603966108165,0.018573551263001486,0.0007429420505200594
1165575239461261312,13,7,0,7,2,0,2,5,0,5,8.0,0.0,8.0,2.0,0.0,2.0,6.0,0.0,6.0,0.2857142857142857,0.0,0.25,0.0,2,0,7,25.0,0.0,22.0,27,1,574,0.0,0.00019172698077937018,0.0,0.0,0.375,0.2857142857142857,0.0,0.0,0.2708333333333333,0.0,0.2708333333333333,0.4375,0.0,0.0008271405927685804,0.0,0.0008532423208191113,0.0,0.0010262062384938098,0.00031659148997662516,0.020059435364041606,0.0007429420505200594
1552087369,45,2,0,2,2,0,2,0,0,0,2.0,0.0,2.0,2.0,0.0,2.0,0.0,0.0,0.0,1.0,0.0,1.0,0.0,1,0,2,5.0,0.0,4.0,22,1,483,0.0,4.7931745194842545e-5,0.0,0.0,0.8333333333333334,0.75,0.0,0.0,0.5,0.0,0.5,1.0,0.0,0.00072895529093352,0.0,0.0008532423208191079,1.2772314677889085e-5,0.0,0.0002664001561998431,0.01634472511144131,0.0007429420505200594
129609017,45,5,0,5,2,0,2,3,0,3,9.0,0.0,9.0,5.0,0.0,5.0,4.0,0.0,4.0,0.4,0.0,0.5555555555555556,0.0,1,0,5,28.0,0.0,25.0,24,1,553,0.0,0.00021569285337679145,0.0,0.0,0.4666666666666667,0.36,0.0,0.0,0.375,0.0,0.375,0.75,0.0,0.0007693143135593373,0.0,0.0008532423208191095,0.0,0.0007695209649000168,0.0003050088744896755,0.017830609212481426,0.0007429420505200594
1021597353910796294,45,7,0,7,2,0,2,5,0,5,17.0,0.0,17.0,10.0,0.0,10.0,7.0,0.0,7.0,0.2857142857142857,0.0,0.5882352941176471,0.0,2,0,7,37.0,0.0,42.0,26,1,559,0.0,0.00040741983415616164,0.0,0.0,0.44642857142857145,0.3673469387755102,0.0,0.0,0.4215686274509804,0.0,0.4215686274509804,0.7254901960784313,0.0,0.0008147389919488516,0.0,0.0008532423208191092,0.0,0.0013060623572980212,0.00030831819320023253,0.019316493313521546,0.0007429420505200594
327945290,2,4,0,4,3,0,3,1,0,1,6.0,0.0,6.0,5.0,0.0,5.0,1.0,0.0,1.0,0.75,0.0,0.8333333333333334,0.0,2,0,4,18.0,0.0,15.0,20,1,639,0.0,0.00014379523558452764,0.0,0.0,0.75,0.6875,0.0,0.0,0.8333333333333334,0.0,0.8333333333333334,0.8888888888888888,0.0,0.0007450842539863131,0.0,0.0008532423208191126,0.0,5.495780530628824e-5,0.0003524424426743266,0.014858841010401188,0.0007429420505200594
1424568645573697537,45,1,0,1,1,0,1,0,0,0,2.0,0.0,2.0,2.0,0.0,2.0,0.0,0.0,0.0,1.0,0.0,1.0,0.0,1,0,1,5.0,0.0,4.0,18,1,468,0.0,4.7931745194842545e-5,0.0,0.0,1.0,1.0,0.0,0.0,0.0,0.0,0.0,0.0,0.0,0.0007257795270183813,0.0,0.0008532423208191049,1.2772314677889085e-5,0.0,0.0002581268594234505,0.01337295690936107,0.0007429420505200594
982518512630616065,45,7,0,7,2,0,2,5,0,5,14.0,0.0,14.0,6.0,0.0,6.0,8.0,0.0,8.0,0.2857142857142857,0.0,0.42857142857142855,0.0,2,0,7,28.0,0.0,36.0,26,1,700,0.0,0.0003355222163638978,0.0,0.0,0.3392857142857143,0.24489795918367346,0.0,0.0,0.25,0.0,0.25,0.4523809523809524,0.0,0.0007856613796073014,0.0,0.0008532423208191109,0.0,0.001863591298971623,0.0003860871828983234,0.019316493313521546,0.0007429420505200594
97338803,45,1,0,1,1,0,1,0,0,0,1.0,0.0,1.0,1.0,0.0,1.0,0.0,0.0,0.0,1.0,0.0,1.0,0.0,1,0,1,1.0,0.0,1.0,18,1,468,0.0,2.3965872597421273e-5,0.0,0.0,1.0,1.0,0.0,0.0,0.0,0.0,0.0,0.0,0.0,0.0007244050557826087,0.0,0.0008532423208191049,6.333459135920982e-6,0.0,0.0002581268594234505,0.01337295690936107,0.0007429420505200594
1389266294587994117,13,6,0,6,4,0,4,2,0,2,6.0,0.0,6.0,4.0,0.0,4.0,2.0,0.0,2.0,0.6666666666666666,0.0,0.6666666666666666,0.0,2,0,6,25.0,0.0,15.0,24,1,540,0.0,0.00014379523558452764,0.0,0.0,0.5476190476190477,0.4722222222222222,0.0,0.0,0.4666666666666667,0.0,0.4666666666666667,0.6666666666666666,0.0,0.0008056075026123461,0.0,0.0008532423208191127,6.68222793654416e-5,0.0,0.00029783868395013516,0.017830609212481426,0.0007429420505200594
85359060,45,2,0,2,1,0,1,1,0,1,3.0,0.0,3.0,2.0,0.0,2.0,1.0,0.0,1.0,0.5,0.0,0.6666666666666666,0.0,1,0,2,9.0,0.0,7.0,20,1,501,0.0,7.189761779226382e-5,0.0,0.0,0.8333333333333334,0.75,0.0,0.0,0.5,0.0,0.5,1.0,0.0,0.0007297608261356565,0.0,0.0008532423208191074,0.0,0.00018767088526638886,0.0002763281123315143,0.014858841010401188,0.0007429420505200594
1474870194002530307,2,3,0,3,2,0,2,1,0,1,3.0,0.0,3.0,2.0,0.0,2.0,1.0,0.0,1.0,0.6666666666666666,0.0,0.6666666666666666,0.0,2,0,3,9.0,0.0,7.0,20,1,623,0.0,7.189761779226382e-5,0.0,0.0,0.5833333333333334,0.4444444444444444,0.0,0.0,0.5,0.0,0.5,0.6666666666666666,0.0,0.000730303471231135,0.0,0.0008532423208191113,0.0,0.0001447715233188207,0.0003436175927795078,0.014858841010401188,0.0007429420505200594
3114773927,45,1,0,1,1,0,1,0,0,0,1.0,0.0,1.0,1.0,0.0,1.0,0.0,0.0,0.0,1.0,0.0,1.0,0.0,1,0,1,1.0,0.0,1.0,18,1,468,0.0,2.3965872597421273e-5,0.0,0.0,1.0,1.0,0.0,0.0,0.0,0.0,0.0,0.0,0.0,0.0007244050557826087,0.0,0.0008532423208191049,6.333459135920982e-6,0.0,0.0002581268594234505,0.01337295690936107,0.0007429420505200594
2668928108,2,4,0,4,3,0,3,1,0,1,5.0,0.0,5.0,4.0,0.0,4.0,1.0,0.0,1.0,0.75,0.0,0.8,0.0,2,0,4,15.0,0.0,14.0,20,1,639,0.0,0.00011982936298710636,0.0,0.0,0.75,0.6875,0.0,0.0,0.8,0.0,0.8,0.8666666666666667,0.0,0.0007401573264012538,0.0,0.0008532423208191123,0.0,8.502222759543265e-5,0.0003524424426743266,0.014858841010401188,0.0007429420505200594
34863914,45,1,0,1,1,0,1,0,0,0,1.0,0.0,1.0,1.0,0.0,1.0,0.0,0.0,0.0,1.0,0.0,1.0,0.0,1,0,1,1.0,0.0,1.0,18,1,468,0.0,2.3965872597421273e-5,0.0,0.0,1.0,1.0,0.0,0.0,0.0,0.0,0.0,0.0,0.0,0.0007244050557826087,0.0,0.0008532423208191049,6.333459135920982e-6,0.0,0.0002581268594234505,0.01337295690936107,0.0007429420505200594
1404615301,45,1,0,1,1,0,1,0,0,0,1.0,0.0,1.0,1.0,0.0,1.0,0.0,0.0,0.0,1.0,0.0,1.0,0.0,1,0,1,1.0,0.0,1.0,18,1,468,0.0,2.3965872597421273e-5,0.0,0.0,1.0,1.0,0.0,0.0,0.0,0.0,0.0,0.0,0.0,0.0007244050557826087,0.0,0.0008532423208191049,6.333459135920982e-6,0.0,0.0002581268594234505,0.01337295690936107,0.0007429420505200594
2367458396,45,4,0,4,2,0,2,2,0,2,7.0,0.0,7.0,5.0,0.0,5.0,2.0,0.0,2.0,0.5,0.0,0.7142857142857143,0.0,2,0,4,25.0,0.0,17.0,26,1,633,0.0,0.0001677611081819489,0.0,0.0,0.45,0.3125,0.0,0.0,0.23809523809523808,0.0,0.23809523809523808,0.47619047619047616,0.0,0.0007400834390018635,0.0,0.0008532423208191085,0.0,0.00037193384935857443,0.0003491331239637696,0.019316493313521546,0.0007429420505200594
96946717,45,1,0,1,1,0,1,0,0,0,2.0,0.0,2.0,2.0,0.0,2.0,0.0,0.0,0.0,1.0,0.0,1.0,0.0,1,0,1,5.0,0.0,4.0,18,1,468,0.0,4.7931745194842545e-5,0.0,0.0,1.0,1.0,0.0,0.0,0.0,0.0,0.0,0.0,0.0,0.0007257795270183813,0.0,0.0008532423208191049,1.2772314677889085e-5,0.0,0.0002581268594234505,0.01337295690936107,0.0007429420505200594
2725272744,45,7,0,7,2,0,2,5,0,5,12.0,0.0,12.0,7.0,0.0,7.0,5.0,0.0,5.0,0.2857142857142857,0.0,0.5833333333333334,0.0,2,0,7,31.0,0.0,31.0,29,1,601,0.0,0.00028759047116905527,0.0,0.0,0.4107142857142857,0.32653061224489793,0.0,0.0,0.4444444444444444,0.0,0.4444444444444444,0.6944444444444444,0.0,0.000775695719513609,0.0,0.0008532423208191092,0.0,0.0008986012017286882,0.00033148342417413195,0.021545319465081723,0.0007429420505200594
1497044033583345667,13,9,0,9,4,0,4,5,0,5,9.0,0.0,9.0,4.0,0.0,4.0,5.0,0.0,5.0,0.4444444444444444,0.0,0.4444444444444444,0.0,2,0,9,27.0,0.0,25.0,26,1,638,0.0,0.00021569285337679145,0.0,0.0,0.35555555555555557,0.2839506172839506,0.0,0.0,0.2777777777777778,0.0,0.2777777777777778,0.4722222222222222,0.0,0.000835809865033287,0.0,0.0008532423208191131,0.0,0.0003963026929271196,0.00035189088955590045,0.019316493313521546,0.0007429420505200594
3315682202,2,2,0,2,1,0,1,1,0,1,2.0,0.0,2.0,1.0,0.0,1.0,1.0,0.0,1.0,0.5,0.0,0.5,0.0,2,0,2,5.0,0.0,4.0,20,1,588,0.0,4.7931745194842545e-5,0.0,0.0,0.5,0.25,0.0,0.0,0.0,0.0,0.0,0.0,0.0,0.0007274284910263597,0.0,0.0008532423208191109,0.0,0.00017445671594135126,0.00032431323363459166,0.014858841010401188,0.0007429420505200594
106971476,2,2,0,2,1,0,1,1,0,1,2.0,0.0,2.0,1.0,0.0,1.0,1.0,0.0,1.0,0.5,0.0,0.5,0.0,2,0,2,5.0,0.0,4.0,20,1,588,0.0,4.7931745194842545e-5,0.0,0.0,0.5,0.25,0.0,0.0,0.0,0.0,0.0,0.0,0.0,0.0007274284910263597,0.0,0.0008532423208191109,0.0,0.00017445671594135126,0.00032431323363459166,0.014858841010401188,0.0007429420505200594
1020137438562283521,13,6,0,6,4,0,4,2,0,2,7.0,0.0,7.0,4.0,0.0,4.0,3.0,0.0,3.0,0.6666666666666666,0.0,0.5714285714285714,0.0,2,0,6,26.0,0.0,17.0,24,1,574,0.0,0.0001677611081819489,0.0,0.0,0.5,0.4166666666666667,0.0,0.0,0.4714285714285714,0.0,0.4714285714285714,0.7142857142857143,0.0,0.0008049300264678349,0.0,0.0008532423208191114,0.0,0.00010275342607812821,0.00031659148997662516,0.017830609212481426,0.0007429420505200594
1861388023,45,3,0,3,2,0,2,1,0,1,3.0,0.0,3.0,2.0,0.0,2.0,1.0,0.0,1.0,0.6666666666666666,0.0,0.6666666666666666,0.0,2,0,3,9.0,0.0,7.0,24,1,603,0.0,7.189761779226382e-5,0.0,0.0,0.5,0.3333333333333333,0.0,0.0,0.16666666666666666,0.0,0.16666666666666666,0.3333333333333333,0.0,0.0007319787261772709,0.0,0.0008532423208191109,0.0,0.00019127083172354453,0.0003325865304109843,0.017830609212481426,0.0007429420505200594
2708567180,13,4,0,4,2,0,2,2,0,2,4.0,0.0,4.0,2.0,0.0,2.0,2.0,0.0,2.0,0.5,0.0,0.5,0.0,2,0,4,14.0,0.0,11.0,23,1,539,0.0,9.586349038968509e-5,0.0,0.0,0.6,0.5,0.0,0.0,0.5,0.0,0.5,0.6666666666666666,0.0,0.0007539591665090673,0.0,0.0008532423208191117,0.0,0.00013084577069299996,0.000297287130831709,0.017087667161961365,0.0007429420505200594
1490402814501269504,45,1,0,1,1,0,1,0,0,0,1.0,0.0,1.0,1.0,0.0,1.0,0.0,0.0,0.0,1.0,0.0,1.0,0.0,1,0,1,1.0,0.0,1.0,18,1,468,0.0,2.3965872597421273e-5,0.0,0.0,1.0,1.0,0.0,0.0,0.0,0.0,0.0,0.0,0.0,0.0007244050557826087,0.0,0.0008532423208191049,6.333459135920982e-6,0.0,0.0002581268594234505,0.01337295690936107,0.0007429420505200594
1586496223,45,1,0,1,1,0,1,0,0,0,1.0,0.0,1.0,1.0,0.0,1.0,0.0,0.0,0.0,1.0,0.0,1.0,0.0,1,0,1,1.0,0.0,1.0,18,1,468,0.0,2.3965872597421273e-5,0.0,0.0,1.0,1.0,0.0,0.0,0.0,0.0,0.0,0.0,0.0,0.0007244050557826087,0.0,0.0008532423208191049,6.333459135920982e-6,0.0,0.0002581268594234505,0.01337295690936107,0.0007429420505200594
69141716,45,1,0,1,1,0,1,0,0,0,1.0,0.0,1.0,1.0,0.0,1.0,0.0,0.0,0.0,1.0,0.0,1.0,0.0,1,0,1,1.0,0.0,1.0,18,1,468,0.0,2.3965872597421273e-5,0.0,0.0,1.0,1.0,0.0,0.0,0.0,0.0,0.0,0.0,0.0,0.0007244050557826087,0.0,0.0008532423208191049,6.333459135920982e-6,0.0,0.0002581268594234505,0.01337295690936107,0.0007429420505200594
370237517,45,1,0,1,1,0,1,0,0,0,1.0,0.0,1.0,1.0,0.0,1.0,0.0,0.0,0.0,1.0,0.0,1.0,0.0,1,0,1,1.0,0.0,1.0,18,1,468,0.0,2.3965872597421273e-5,0.0,0.0,1.0,1.0,0.0,0.0,0.0,0.0,0.0,0.0,0.0,0.0007244050557826087,0.0,0.0008532423208191049,6.333459135920982e-6,0.0,0.0002581268594234505,0.01337295690936107,0.0007429420505200594
2323385174,45,1,0,1,1,0,1,0,0,0,1.0,0.0,1.0,1.0,0.0,1.0,0.0,0.0,0.0,1.0,0.0,1.0,0.0,1,0,1,1.0,0.0,1.0,18,1,468,0.0,2.3965872597421273e-5,0.0,0.0,1.0,1.0,0.0,0.0,0.0,0.0,0.0,0.0,0.0,0.0007244050557826087,0.0,0.0008532423208191049,6.333459135920982e-6,0.0,0.0002581268594234505,0.01337295690936107,0.0007429420505200594
1404118248728244227,45,1,0,1,1,0,1,0,0,0,1.0,0.0,1.0,1.0,0.0,1.0,0.0,0.0,0.0,1.0,0.0,1.0,0.0,1,0,1,1.0,0.0,1.0,18,1,468,0.0,2.3965872597421273e-5,0.0,0.0,1.0,1.0,0.0,0.0,0.0,0.0,0.0,0.0,0.0,0.0007244050557826087,0.0,0.0008532423208191049,6.333459135920982e-6,0.0,0.0002581268594234505,0.01337295690936107,0.0007429420505200594
47921816,45,2,0,2,2,0,2,0,0,0,2.0,0.0,2.0,2.0,0.0,2.0,0.0,0.0,0.0,1.0,0.0,1.0,0.0,1,0,2,5.0,0.0,4.0,22,1,483,0.0,4.7931745194842545e-5,0.0,0.0,0.8333333333333334,0.75,0.0,0.0,0.5,0.0,0.5,1.0,0.0,0.00072895529093352,0.0,0.0008532423208191079,1.2772314677889085e-5,0.0,0.0002664001561998431,0.01634472511144131,0.0007429420505200594
22239585,45,2,0,2,2,0,2,0,0,0,2.0,0.0,2.0,2.0,0.0,2.0,0.0,0.0,0.0,1.0,0.0,1.0,0.0,1,0,2,5.0,0.0,4.0,22,1,483,0.0,4.7931745194842545e-5,0.0,0.0,0.8333333333333334,0.75,0.0,0.0,0.5,0.0,0.5,1.0,0.0,0.00072895529093352,0.0,0.0008532423208191079,1.2772314677889085e-5,0.0,0.0002664001561998431,0.01634472511144131,0.0007429420505200594
142933969,13,3,0,3,2,0,2,1,0,1,3.0,0.0,3.0,2.0,0.0,2.0,1.0,0.0,1.0,0.6666666666666666,0.0,0.6666666666666666,0.0,2,0,3,9.0,0.0,7.0,22,1,484,0.0,7.189761779226382e-5,0.0,0.0,0.6666666666666666,0.5555555555555556,0.0,0.0,0.6666666666666666,0.0,0.6666666666666666,1.0,0.0,0.0007490322389240079,0.0,0.000853242320819111,2.7163419451581294e-5,0.0,0.0002669517093182693,0.01634472511144131,0.0007429420505200594
2616801380,45,3,0,3,1,0,1,2,0,2,6.0,0.0,6.0,3.0,0.0,3.0,3.0,0.0,3.0,0.3333333333333333,0.0,0.5,0.0,2,0,3,25.0,0.0,15.0,21,1,554,0.0,0.00014379523558452764,0.0,0.0,0.75,0.6666666666666666,0.0,0.0,0.5416666666666666,0.0,0.5416666666666666,0.75,0.0,0.0007400435240737634,0.0,0.0008532423208191088,0.0,0.0005858925312019481,0.0003055604276081017,0.015601783060921248,0.0007429420505200594
4900928924,45,2,0,2,1,0,1,1,0,1,3.0,0.0,3.0,2.0,0.0,2.0,1.0,0.0,1.0,0.5,0.0,0.6666666666666666,0.0,1,0,2,9.0,0.0,7.0,20,1,501,0.0,7.189761779226382e-5,0.0,0.0,0.8333333333333334,0.75,0.0,0.0,0.5,0.0,0.5,1.0,0.0,0.0007297608261356565,0.0,0.0008532423208191074,0.0,0.00018767088526638886,0.0002763281123315143,0.014858841010401188,0.0007429420505200594
130121423,45,3,0,3,2,0,2,1,0,1,5.0,0.0,5.0,4.0,0.0,4.0,1.0,0.0,1.0,0.6666666666666666,0.0,0.8,0.0,1,0,3,15.0,0.0,14.0,24,1,515,0.0,0.00011982936298710636,0.0,0.0,0.6666666666666666,0.5555555555555556,0.0,0.0,0.4,0.0,0.4,0.8,0.0,0.0007356855325223402,0.0,0.0008532423208191076,0.0,0.00017450034577337625,0.00028404985598948077,0.017830609212481426,0.0007429420505200594
298244970,45,9,0,9,2,0,2,7,0,7,20.0,0.0,20.0,10.0,0.0,10.0,10.0,0.0,10.0,0.2222222222222222,0.0,0.5,0.0,2,0,9,38.0,0.0,46.0,28,1,704,0.0,0.00047931745194842545,0.0,0.0,0.36666666666666664,0.2962962962962963,0.0,0.0,0.35625,0.0,0.35625,0.53125,0.0,0.0008238151748567244,0.0,0.0008532423208191097,0.0,0.001920620137020268,0.0003882933953720281,0.020802377414561663,0.0007429420505200594
18949781,13,6,0,6,4,0,4,2,0,2,8.0,0.0,8.0,4.0,0.0,4.0,4.0,0.0,4.0,0.6666666666666666,0.0,0.5,0.0,2,0,6,27.0,0.0,22.0,27,1,498,0.0,0.00019172698077937018,0.0,0.0,0.5238095238095238,0.4444444444444444,0.0,0.0,0.5,0.0,0.5,0.75,0.0,0.0008079797526497432,0.0,0.0008532423208191105,0.0,0.0002838941717282495,0.0002746734529762358,0.020059435364041606,0.0007429420505200594
70752796,1,6,0,6,3,0,3,3,0,3,8.0,0.0,8.0,4.0,0.0,4.0,4.0,0.0,4.0,0.5,0.0,0.5,0.0,2,0,6,27.0,0.0,22.0,35,1,591,0.0,0.00019172698077937018,0.0,0.0,0.47619047619047616,0.3888888888888889,0.0,0.0,0.3625,0.0,0.3625,0.725,0.0,0.0008365107010164051,0.0,0.0008532423208191114,0.0,0.000590081562644007,0.0003259678929898702,0.02600297176820208,0.0007429420505200594
1657851374,45,3,0,3,1,0,1,2,0,2,4.0,0.0,4.0,2.0,0.0,2.0,2.0,0.0,2.0,0.3333333333333333,0.0,0.5,0.0,2,0,3,14.0,0.0,11.0,21,1,590,0.0,9.586349038968509e-5,0.0,0.0,0.5833333333333334,0.4444444444444444,0.0,0.0,0.375,0.0,0.375,0.75,0.0,0.0007326358063404319,0.0,0.0008532423208191086,0.0,0.0003918077583031643,0.000325416339871444,0.015601783060921248,0.0007429420505200594
1263038801883967489,45,7,0,7,2,0,2,5,0,5,11.0,0.0,11.0,5.0,0.0,5.0,6.0,0.0,6.0,0.2857142857142857,0.0,0.45454545454545453,0.0,2,0,7,27.0,0.0,30.0,26,1,703,0.0,0.000263624598571634,0.0,0.0,0.35714285714285715,0.2653061224489796,0.0,0.0,0.2878787878787879,0.0,0.2878787878787879,0.5303030303030303,0.0,0.0007555451577716777,0.0,0.0008532423208191104,0.0,0.0011821475578557283,0.0003877418422536019,0.019316493313521546,0.0007429420505200594
164676451,45,5,0,5,2,0,2,3,0,3,7.0,0.0,7.0,4.0,0.0,4.0,3.0,0.0,3.0,0.4,0.0,0.5714285714285714,0.0,1,0,5,22.0,0.0,17.0,24,1,553,0.0,0.0001677611081819489,0.0,0.0,0.43333333333333335,0.32,0.0,0.0,0.25,0.0,0.25,0.5,0.0,0.0007602884805291042,0.0,0.0008532423208191106,0.0,0.0005755983996231229,0.0003050088744896755,0.017830609212481426,0.0007429420505200594
128249268,45,2,0,2,2,0,2,0,0,0,4.0,0.0,4.0,4.0,0.0,4.0,0.0,0.0,0.0,1.0,0.0,1.0,0.0,1,0,2,14.0,0.0,11.0,22,1,483,0.0,9.586349038968509e-5,0.0,0.0,0.8333333333333334,0.75,0.0,0.0,0.5,0.0,0.5,1.0,0.0,0.0007348799973202038,0.0,0.0008532423208191079,2.5966769347518515e-5,0.0,0.0002664001561998431,0.01634472511144131,0.0007429420505200594
49732748,45,7,0,7,2,0,2,5,0,5,13.0,0.0,13.0,8.0,0.0,8.0,5.0,0.0,5.0,0.2857142857142857,0.0,0.6153846153846154,0.0,2,0,7,31.0,0.0,32.0,29,1,529,0.0,0.00031155634376647654,0.0,0.0,0.4642857142857143,0.3877551020408163,0.0,0.0,0.4551282051282051,0.0,0.4551282051282051,0.7051282051282052,0.0,0.000820634700625247,0.0,0.0008532423208191095,0.0,0.0008259447174526202,0.0002917715996474472,0.021545319465081723,0.0007429420505200594
301576617,45,3,0,3,2,0,2,1,0,1,6.0,0.0,6.0,5.0,0.0,5.0,1.0,0.0,1.0,0.6666666666666666,0.0,0.8333333333333334,0.0,1,0,3,25.0,0.0,15.0,24,1,515,0.0,0.00014379523558452764,0.0,0.0,0.6666666666666666,0.5555555555555556,0.0,0.0,0.4166666666666667,0.0,0.4166666666666667,0.8333333333333334,0.0,0.0007370600037581126,0.0,0.0008532423208191071,0.0,0.00016775634430060693,0.00028404985598948077,0.017830609212481426,0.0007429420505200594
878433890838265856,1,2,0,2,1,0,1,1,0,1,2.0,0.0,2.0,1.0,0.0,1.0,1.0,0.0,1.0,0.5,0.0,0.5,0.0,1,0,2,5.0,0.0,4.0,20,1,501,0.0,4.7931745194842545e-5,0.0,0.0,0.8333333333333334,0.75,0.0,0.0,0.5,0.0,0.5,1.0,0.0,0.0007283863548998839,0.0,0.0008532423208191086,0.0,0.00016366167063908144,0.0002763281123315143,0.014858841010401188,0.0007429420505200594
1410989402633891844,45,2,0,2,2,0,2,0,0,0,2.0,0.0,2.0,2.0,0.0,2.0,0.0,0.0,0.0,1.0,0.0,1.0,0.0,1,0,2,5.0,0.0,4.0,22,1,483,0.0,4.7931745194842545e-5,0.0,0.0,0.8333333333333334,0.75,0.0,0.0,0.5,0.0,0.5,1.0,0.0,0.00072895529093352,0.0,0.0008532423208191079,1.2772314677889085e-5,0.0,0.0002664001561998431,0.01634472511144131,0.0007429420505200594
2210194536,1,5,0,5,3,0,3,2,0,2,7.0,0.0,7.0,4.0,0.0,4.0,3.0,0.0,3.0,0.6,0.0,0.5714285714285714,0.0,1,0,5,25.0,0.0,17.0,21,1,579,0.0,0.0001677611081819489,0.0,0.0,0.43333333333333335,0.32,0.0,0.0,0.2857142857142857,0.0,0.2857142857142857,0.5714285714285714,0.0,0.0007749066275717773,0.0,0.0008532423208191114,0.0,0.00037912750015223207,0.00031934925556875607,0.015601783060921248,0.0007429420505200594
1139775874134183937,1,4,0,4,3,0,3,1,0,1,5.0,0.0,5.0,4.0,0.0,4.0,1.0,0.0,1.0,0.75,0.0,0.8,0.0,1,0,4,15.0,0.0,14.0,20,1,542,0.0,0.00011982936298710636,0.0,0.0,0.6,0.5,0.0,0.0,0.5,0.0,0.5,1.0,0.0,0.00074443077581764,0.0,0.0008532423208191121,0.0,5.259391630951793e-5,0.00029894179018698756,0.014858841010401188,0.0007429420505200594
1194720234017558528,13,8,0,8,4,0,4,4,0,4,13.0,0.0,13.0,5.0,0.0,5.0,8.0,0.0,8.0,0.5,0.0,0.38461538461538464,0.0,2,0,8,35.0,0.0,32.0,29,1,552,0.0,0.00031155634376647654,0.0,0.0,0.3611111111111111,0.28125,0.0,0.0,0.33516483516483514,0.0,0.33516483516483514,0.5714285714285714,0.0,0.0008544284126434635,0.0,0.0008532423208191109,0.0,0.0008177641870894536,0.0003044573213712493,0.021545319465081723,0.0007429420505200594
892118401,1,6,0,6,4,0,4,2,0,2,8.0,0.0,8.0,4.0,0.0,4.0,4.0,0.0,4.0,0.6666666666666666,0.0,0.5,0.0,2,0,6,27.0,0.0,22.0,22,1,552,0.0,0.00019172698077937018,0.0,0.0,0.5,0.4166666666666667,0.0,0.0,0.475,0.0,0.475,0.8,0.0,0.0007718250384088999,0.0,0.0008532423208191107,0.0,0.0009528002486276499,0.0003044573213712493,0.01634472511144131,0.0007429420505200594
1096475470072184832,13,4,0,4,2,0,2,2,0,2,5.0,0.0,5.0,2.0,0.0,2.0,3.0,0.0,3.0,0.5,0.0,0.4,0.0,2,0,4,15.0,0.0,14.0,26,1,497,0.0,0.00011982936298710636,0.0,0.0,0.55,0.4375,0.0,0.0,0.4666666666666667,0.0,0.4666666666666667,0.7333333333333333,0.0,0.0007549569453106916,0.0,0.0008532423208191097,0.0,0.0003200194675803125,0.00027412189985780963,0.019316493313521546,0.0007429420505200594
2878932553,1,2,0,2,1,0,1,1,0,1,2.0,0.0,2.0,1.0,0.0,1.0,1.0,0.0,1.0,0.5,0.0,0.5,0.0,1,0,2,5.0,0.0,4.0,20,1,501,0.0,4.7931745194842545e-5,0.0,0.0,0.8333333333333334,0.75,0.0,0.0,0.5,0.0,0.5,1.0,0.0,0.0007283863548998839,0.0,0.0008532423208191086,0.0,0.00016366167063908144,0.0002763281123315143,0.014858841010401188,0.0007429420505200594
1347985862160654337,45,8,0,8,2,0,2,6,0,6,14.0,0.0,14.0,7.0,0.0,7.0,7.0,0.0,7.0,0.25,0.0,0.5,0.0,2,0,8,31.0,0.0,36.0,39,1,687,0.0,0.0003355222163638978,0.0,0.0,0.3888888888888889,0.3125,0.0,0.0,0.3877551020408163,0.0,0.3877551020408163,0.6020408163265306,0.0,0.0008847619315283823,0.0,0.0008532423208191098,0.0,0.001227652987376815,0.0003789169923587831,0.02897473997028232,0.0007429420505200594
1410210535883243520,45,2,0,2,2,0,2,0,0,0,2.0,0.0,2.0,2.0,0.0,2.0,0.0,0.0,0.0,1.0,0.0,1.0,0.0,1,0,2,5.0,0.0,4.0,22,1,483,0.0,4.7931745194842545e-5,0.0,0.0,0.8333333333333334,0.75,0.0,0.0,0.5,0.0,0.5,1.0,0.0,0.00072895529093352,0.0,0.0008532423208191079,1.2772314677889085e-5,0.0,0.0002664001561998431,0.01634472511144131,0.0007429420505200594
1199458907313360896,45,3,0,3,1,0,1,2,0,2,7.0,0.0,7.0,4.0,0.0,4.0,3.0,0.0,3.0,0.3333333333333333,0.0,0.5714285714285714,0.0,1,0,3,27.0,0.0,17.0,20,1,503,0.0,0.0001677611081819489,0.0,0.0,0.75,0.6666666666666666,0.0,0.0,0.6071428571428571,0.0,0.6071428571428571,1.0,0.0,0.0007547177289769652,0.0,0.0008532423208191083,0.0,0.0005755983996231229,0.00027743121856836666,0.014858841010401188,0.0007429420505200594
1418396786473934854,45,4,0,4,2,0,2,2,0,2,4.0,0.0,4.0,2.0,0.0,2.0,2.0,0.0,2.0,0.5,0.0,0.5,0.0,2,0,4,14.0,0.0,11.0,24,1,637,0.0,9.586349038968509e-5,0.0,0.0,0.5,0.375,0.0,0.0,0.3333333333333333,0.0,0.3333333333333333,0.5,0.0,0.0007348537063820464,0.0,0.0008532423208191112,0.0,0.0003953717877486218,0.0003513393364374743,0.017830609212481426,0.0007429420505200594
714010521817645056,45,1,0,1,1,0,1,0,0,0,1.0,0.0,1.0,1.0,0.0,1.0,0.0,0.0,0.0,1.0,0.0,1.0,0.0,1,0,1,1.0,0.0,1.0,18,1,468,0.0,2.3965872597421273e-5,0.0,0.0,1.0,1.0,0.0,0.0,0.0,0.0,0.0,0.0,0.0,0.0007244050557826087,0.0,0.0008532423208191049,6.333459135920982e-6,0.0,0.0002581268594234505,0.01337295690936107,0.0007429420505200594
602999744,1,5,0,5,4,0,4,1,0,1,6.0,0.0,6.0,5.0,0.0,5.0,1.0,0.0,1.0,0.8,0.0,0.8333333333333334,0.0,1,0,5,25.0,0.0,15.0,20,1,542,0.0,0.00014379523558452764,0.0,0.0,0.4666666666666667,0.36,0.0,0.0,0.375,0.0,0.375,0.75,0.0,0.0007601275006662771,0.0,0.0008532423208191123,0.0,1.5305589201708436e-5,0.00029894179018698756,0.014858841010401188,0.0007429420505200594
70560147,45,3,0,3,2,0,2,1,0,1,4.0,0.0,4.0,3.0,0.0,3.0,1.0,0.0,1.0,0.6666666666666666,0.0,0.75,0.0,1,0,3,14.0,0.0,11.0,24,1,515,0.0,9.586349038968509e-5,0.0,0.0,0.6666666666666666,0.5555555555555556,0.0,0.0,0.375,0.0,0.375,0.75,0.0,0.0007343110612865678,0.0,0.0008532423208191082,0.0,0.0001811384797549831,0.00028404985598948077,0.017830609212481426,0.0007429420505200594
1025513274,1,2,0,2,1,0,1,1,0,1,2.0,0.0,2.0,1.0,0.0,1.0,1.0,0.0,1.0,0.5,0.0,0.5,0.0,1,0,2,5.0,0.0,4.0,20,1,501,0.0,4.7931745194842545e-5,0.0,0.0,0.8333333333333334,0.75,0.0,0.0,0.5,0.0,0.5,1.0,0.0,0.0007283863548998839,0.0,0.0008532423208191086,0.0,0.00016366167063908144,0.0002763281123315143,0.014858841010401188,0.0007429420505200594
120154868,45,1,0,1,1,0,1,0,0,0,1.0,0.0,1.0,1.0,0.0,1.0,0.0,0.0,0.0,1.0,0.0,1.0,0.0,1,0,1,1.0,0.0,1.0,18,1,468,0.0,2.3965872597421273e-5,0.0,0.0,1.0,1.0,0.0,0.0,0.0,0.0,0.0,0.0,0.0,0.0007244050557826087,0.0,0.0008532423208191049,6.333459135920982e-6,0.0,0.0002581268594234505,0.01337295690936107,0.0007429420505200594
1295299885248389123,45,2,0,2,2,0,2,0,0,0,3.0,0.0,3.0,3.0,0.0,3.0,0.0,0.0,0.0,1.0,0.0,1.0,0.0,1,0,2,9.0,0.0,7.0,22,1,483,0.0,7.189761779226382e-5,0.0,0.0,0.8333333333333334,0.75,0.0,0.0,0.5,0.0,0.5,1.0,0.0,0.0007303297621692924,0.0,0.0008532423208191068,1.9316705171745774e-5,0.0,0.0002664001561998431,0.01634472511144131,0.0007429420505200594
1455562738357444625,27,5,0,5,2,0,2,3,0,3,5.0,0.0,5.0,2.0,0.0,2.0,3.0,0.0,3.0,0.4,0.0,0.4,0.0,2,0,5,14.0,0.0,14.0,34,1,659,0.0,0.00011982936298710636,0.0,0.0,0.36666666666666664,0.24,0.0,0.0,0.15,0.0,0.15,0.3,0.0,0.0008257787051480802,0.0,0.0008532423208191129,0.0,0.00013956650198126974,0.00036347350504285016,0.02526002971768202,0.0007429420505200594
1557995564,45,1,0,1,1,0,1,0,0,0,1.0,0.0,1.0,1.0,0.0,1.0,0.0,0.0,0.0,1.0,0.0,1.0,0.0,1,0,1,1.0,0.0,1.0,18,1,468,0.0,2.3965872597421273e-5,0.0,0.0,1.0,1.0,0.0,0.0,0.0,0.0,0.0,0.0,0.0,0.0007244050557826087,0.0,0.0008532423208191049,6.333459135920982e-6,0.0,0.0002581268594234505,0.01337295690936107,0.0007429420505200594
1449085848444493825,13,15,0,15,7,0,7,8,0,8,18.0,0.0,18.0,7.0,0.0,7.0,11.0,0.0,11.0,0.4666666666666667,0.0,0.3888888888888889,0.0,2,0,11,36.0,0.0,32.0,44,1,837,0.0,0.0004313857067535829,0.0,0.0,0.22083333333333333,0.1688888888888889,0.0,0.0,0.15873015873015872,0.0,0.15873015873015872,0.29365079365079366,0.0,0.002820765322115787,0.0,0.0008532423208191145,0.0,0.0007818636972344306,0.00046164996012270954,0.03268945022288262,0.0007429420505200594
894221184514088960,45,2,0,2,2,0,2,0,0,0,2.0,0.0,2.0,2.0,0.0,2.0,0.0,0.0,0.0,1.0,0.0,1.0,0.0,1,0,2,5.0,0.0,4.0,22,1,483,0.0,4.7931745194842545e-5,0.0,0.0,0.8333333333333334,0.75,0.0,0.0,0.5,0.0,0.5,1.0,0.0,0.00072895529093352,0.0,0.0008532423208191079,1.2772314677889085e-5,0.0,0.0002664001561998431,0.01634472511144131,0.0007429420505200594
537959237,1,5,0,5,3,0,3,2,0,2,5.0,0.0,5.0,3.0,0.0,3.0,2.0,0.0,2.0,0.6,0.0,0.6,0.0,2,0,5,15.0,0.0,14.0,32,1,578,0.0,0.00011982936298710636,0.0,0.0,0.5666666666666667,0.48,0.0,0.0,0.45,0.0,0.45,0.9,0.0,0.0008242533320722284,0.0,0.0008532423208191125,0.0,0.00022615001558234926,0.0003187977024503299,0.0237741456166419,0.0007429420505200594
373790032,2,4,0,4,2,0,2,2,0,2,4.0,0.0,4.0,2.0,0.0,2.0,2.0,0.0,2.0,0.5,0.0,0.5,0.0,2,0,4,14.0,0.0,11.0,22,1,654,0.0,9.586349038968509e-5,0.0,0.0,0.5,0.375,0.0,0.0,0.3333333333333333,0.0,0.3333333333333333,0.5,0.0,0.0007342847703484104,0.0,0.0008532423208191116,0.0,0.00033365780419220004,0.0003607157394507193,0.01634472511144131,0.0007429420505200594
2228161285,45,3,0,3,2,0,2,1,0,1,5.0,0.0,5.0,4.0,0.0,4.0,1.0,0.0,1.0,0.6666666666666666,0.0,0.8,0.0,1,0,3,15.0,0.0,14.0,24,1,515,0.0,0.00011982936298710636,0.0,0.0,0.6666666666666666,0.5555555555555556,0.0,0.0,0.4,0.0,0.4,0.8,0.0,0.0007356855325223402,0.0,0.0008532423208191076,0.0,0.00017450034577337625,0.00028404985598948077,0.017830609212481426,0.0007429420505200594
512339681,45,2,0,2,2,0,2,0,0,0,2.0,0.0,2.0,2.0,0.0,2.0,0.0,0.0,0.0,1.0,0.0,1.0,0.0,1,0,2,5.0,0.0,4.0,22,1,483,0.0,4.7931745194842545e-5,0.0,0.0,0.8333333333333334,0.75,0.0,0.0,0.5,0.0,0.5,1.0,0.0,0.00072895529093352,0.0,0.0008532423208191079,1.2772314677889085e-5,0.0,0.0002664001561998431,0.01634472511144131,0.0007429420505200594
1350896789583368194,1,3,0,3,2,0,2,1,0,1,3.0,0.0,3.0,2.0,0.0,2.0,1.0,0.0,1.0,0.6666666666666666,0.0,0.6666666666666666,0.0,1,0,3,9.0,0.0,7.0,20,1,503,0.0,7.189761779226382e-5,0.0,0.0,0.75,0.6666666666666666,0.0,0.0,0.6666666666666666,0.0,0.6666666666666666,1.0,0.0,0.0007466130161523725,0.0,0.0008532423208191103,0.0,0.0001267717910332089,0.00027743121856836666,0.014858841010401188,0.0007429420505200594
1390005001578233857,45,2,0,2,2,0,2,0,0,0,2.0,0.0,2.0,2.0,0.0,2.0,0.0,0.0,0.0,1.0,0.0,1.0,0.0,1,0,2,5.0,0.0,4.0,22,1,483,0.0,4.7931745194842545e-5,0.0,0.0,0.8333333333333334,0.75,0.0,0.0,0.5,0.0,0.5,1.0,0.0,0.00072895529093352,0.0,0.0008532423208191079,1.2772314677889085e-5,0.0,0.0002664001561998431,0.01634472511144131,0.0007429420505200594
3036306081,19,3,0,3,2,0,2,1,0,1,3.0,0.0,3.0,2.0,0.0,2.0,1.0,0.0,1.0,0.6666666666666666,0.0,0.6666666666666666,0.0,1,0,3,8.0,0.0,7.0,24,1,481,0.0,7.189761779226382e-5,0.0,0.0,0.5,0.3333333333333333,0.0,0.0,0.3333333333333333,0.0,0.3333333333333333,0.6666666666666666,0.0,0.001750628942229874,0.0,0.0008532423208191118,0.0001411617239275298,0.0,0.0002652970499629908,0.017830609212481426,0.0007429420505200594
1243953799468732416,1,3,0,3,2,0,2,1,0,1,3.0,0.0,3.0,2.0,0.0,2.0,1.0,0.0,1.0,0.6666666666666666,0.0,0.6666666666666666,0.0,1,0,3,9.0,0.0,7.0,20,1,503,0.0,7.189761779226382e-5,0.0,0.0,0.75,0.6666666666666666,0.0,0.0,0.6666666666666666,0.0,0.6666666666666666,1.0,0.0,0.0007466130161523725,0.0,0.0008532423208191103,0.0,0.0001267717910332089,0.00027743121856836666,0.014858841010401188,0.0007429420505200594
1498048308010536960,13,3,0,3,1,0,1,2,0,2,3.0,0.0,3.0,1.0,0.0,1.0,2.0,0.0,2.0,0.3333333333333333,0.0,0.3333333333333333,0.0,2,0,3,9.0,0.0,7.0,22,1,512,0.0,7.189761779226382e-5,0.0,0.0,0.75,0.6666666666666666,0.0,0.0,0.6666666666666666,0.0,0.6666666666666666,1.0,0.0,0.0007411376763246031,0.0,0.0008532423208191105,0.0,0.00022579848719939122,0.00028239519663420226,0.01634472511144131,0.0007429420505200594
1344205880905007110,45,4,0,4,2,0,2,2,0,2,5.0,0.0,5.0,3.0,0.0,3.0,2.0,0.0,2.0,0.5,0.0,0.6,0.0,1,0,4,14.0,0.0,14.0,24,1,517,0.0,0.00011982936298710636,0.0,0.0,0.6,0.5,0.0,0.0,0.43333333333333335,0.0,0.43333333333333335,0.7333333333333333,0.0,0.0007525377225390563,0.0,0.0008532423208191094,0.0,0.0005277679182205119,0.0002851529622263331,0.017830609212481426,0.0007429420505200594
1376533330141704192,1,3,0,3,2,0,2,1,0,1,3.0,0.0,3.0,2.0,0.0,2.0,1.0,0.0,1.0,0.6666666666666666,0.0,0.6666666666666666,0.0,1,0,3,9.0,0.0,7.0,20,1,503,0.0,7.189761779226382e-5,0.0,0.0,0.75,0.6666666666666666,0.0,0.0,0.6666666666666666,0.0,0.6666666666666666,1.0,0.0,0.0007466130161523725,0.0,0.0008532423208191103,0.0,0.0001267717910332089,0.00027743121856836666,0.014858841010401188,0.0007429420505200594
816785462681542656,45,1,0,1,1,0,1,0,0,0,1.0,0.0,1.0,1.0,0.0,1.0,0.0,0.0,0.0,1.0,0.0,1.0,0.0,1,0,1,1.0,0.0,1.0,18,1,468,0.0,2.3965872597421273e-5,0.0,0.0,1.0,1.0,0.0,0.0,0.0,0.0,0.0,0.0,0.0,0.0007244050557826087,0.0,0.0008532423208191049,6.333459135920982e-6,0.0,0.0002581268594234505,0.01337295690936107,0.0007429420505200594
1475343749849153538,1,3,0,3,2,0,2,1,0,1,3.0,0.0,3.0,2.0,0.0,2.0,1.0,0.0,1.0,0.6666666666666666,0.0,0.6666666666666666,0.0,1,0,3,9.0,0.0,7.0,20,1,503,0.0,7.189761779226382e-5,0.0,0.0,0.75,0.6666666666666666,0.0,0.0,0.6666666666666666,0.0,0.6666666666666666,1.0,0.0,0.0007466130161523725,0.0,0.0008532423208191103,0.0,0.0001267717910332089,0.00027743121856836666,0.014858841010401188,0.0007429420505200594
2591408232,1,3,0,3,2,0,2,1,0,1,3.0,0.0,3.0,2.0,0.0,2.0,1.0,0.0,1.0,0.6666666666666666,0.0,0.6666666666666666,0.0,1,0,3,9.0,0.0,7.0,20,1,503,0.0,7.189761779226382e-5,0.0,0.0,0.75,0.6666666666666666,0.0,0.0,0.6666666666666666,0.0,0.6666666666666666,1.0,0.0,0.0007466130161523725,0.0,0.0008532423208191103,0.0,0.0001267717910332089,0.00027743121856836666,0.014858841010401188,0.0007429420505200594
1272160780532629506,45,3,0,3,2,0,2,1,0,1,4.0,0.0,4.0,3.0,0.0,3.0,1.0,0.0,1.0,0.6666666666666666,0.0,0.75,0.0,1,0,3,14.0,0.0,11.0,24,1,515,0.0,9.586349038968509e-5,0.0,0.0,0.6666666666666666,0.5555555555555556,0.0,0.0,0.375,0.0,0.375,0.75,0.0,0.0007343110612865678,0.0,0.0008532423208191082,0.0,0.0001811384797549831,0.00028404985598948077,0.017830609212481426,0.0007429420505200594
761424823926923266,45,2,0,2,2,0,2,0,0,0,2.0,0.0,2.0,2.0,0.0,2.0,0.0,0.0,0.0,1.0,0.0,1.0,0.0,1,0,2,5.0,0.0,4.0,22,1,483,0.0,4.7931745194842545e-5,0.0,0.0,0.8333333333333334,0.75,0.0,0.0,0.5,0.0,0.5,1.0,0.0,0.00072895529093352,0.0,0.0008532423208191079,1.2772314677889085e-5,0.0,0.0002664001561998431,0.01634472511144131,0.0007429420505200594
1180151818027966465,1,2,0,2,1,0,1,1,0,1,2.0,0.0,2.0,1.0,0.0,1.0,1.0,0.0,1.0,0.5,0.0,0.5,0.0,1,0,2,5.0,0.0,4.0,20,1,501,0.0,4.7931745194842545e-5,0.0,0.0,0.8333333333333334,0.75,0.0,0.0,0.5,0.0,0.5,1.0,0.0,0.0007283863548998839,0.0,0.0008532423208191086,0.0,0.00016366167063908144,0.0002763281123315143,0.014858841010401188,0.0007429420505200594
2543309396,1,2,0,2,1,0,1,1,0,1,2.0,0.0,2.0,1.0,0.0,1.0,1.0,0.0,1.0,0.5,0.0,0.5,0.0,1,0,2,5.0,0.0,4.0,20,1,501,0.0,4.7931745194842545e-5,0.0,0.0,0.8333333333333334,0.75,0.0,0.0,0.5,0.0,0.5,1.0,0.0,0.0007283863548998839,0.0,0.0008532423208191086,0.0,0.00016366167063908144,0.0002763281123315143,0.014858841010401188,0.0007429420505200594
2502805669,1,2,0,2,1,0,1,1,0,1,2.0,0.0,2.0,1.0,0.0,1.0,1.0,0.0,1.0,0.5,0.0,0.5,0.0,1,0,2,5.0,0.0,4.0,20,1,501,0.0,4.7931745194842545e-5,0.0,0.0,0.8333333333333334,0.75,0.0,0.0,0.5,0.0,0.5,1.0,0.0,0.0007283863548998839,0.0,0.0008532423208191086,0.0,0.00016366167063908144,0.0002763281123315143,0.014858841010401188,0.0007429420505200594
773551993004646401,45,2,0,2,2,0,2,0,0,0,2.0,0.0,2.0,2.0,0.0,2.0,0.0,0.0,0.0,1.0,0.0,1.0,0.0,1,0,2,5.0,0.0,4.0,22,1,483,0.0,4.7931745194842545e-5,0.0,0.0,0.8333333333333334,0.75,0.0,0.0,0.5,0.0,0.5,1.0,0.0,0.00072895529093352,0.0,0.0008532423208191079,1.2772314677889085e-5,0.0,0.0002664001561998431,0.01634472511144131,0.0007429420505200594
1297519387222708225,45,2,0,2,2,0,2,0,0,0,2.0,0.0,2.0,2.0,0.0,2.0,0.0,0.0,0.0,1.0,0.0,1.0,0.0,1,0,2,5.0,0.0,4.0,22,1,483,0.0,4.7931745194842545e-5,0.0,0.0,0.8333333333333334,0.75,0.0,0.0,0.5,0.0,0.5,1.0,0.0,0.00072895529093352,0.0,0.0008532423208191079,1.2772314677889085e-5,0.0,0.0002664001561998431,0.01634472511144131,0.0007429420505200594
1081840114828017664,45,2,0,2,2,0,2,0,0,0,2.0,0.0,2.0,2.0,0.0,2.0,0.0,0.0,0.0,1.0,0.0,1.0,0.0,1,0,2,5.0,0.0,4.0,22,1,483,0.0,4.7931745194842545e-5,0.0,0.0,0.8333333333333334,0.75,0.0,0.0,0.5,0.0,0.5,1.0,0.0,0.00072895529093352,0.0,0.0008532423208191079,1.2772314677889085e-5,0.0,0.0002664001561998431,0.01634472511144131,0.0007429420505200594
514005773,45,2,0,2,2,0,2,0,0,0,2.0,0.0,2.0,2.0,0.0,2.0,0.0,0.0,0.0,1.0,0.0,1.0,0.0,1,0,2,5.0,0.0,4.0,22,1,483,0.0,4.7931745194842545e-5,0.0,0.0,0.8333333333333334,0.75,0.0,0.0,0.5,0.0,0.5,1.0,0.0,0.00072895529093352,0.0,0.0008532423208191079,1.2772314677889085e-5,0.0,0.0002664001561998431,0.01634472511144131,0.0007429420505200594
1506382414309904384,45,2,0,2,2,0,2,0,0,0,2.0,0.0,2.0,2.0,0.0,2.0,0.0,0.0,0.0,1.0,0.0,1.0,0.0,1,0,2,5.0,0.0,4.0,22,1,483,0.0,4.7931745194842545e-5,0.0,0.0,0.8333333333333334,0.75,0.0,0.0,0.5,0.0,0.5,1.0,0.0,0.00072895529093352,0.0,0.0008532423208191079,1.2772314677889085e-5,0.0,0.0002664001561998431,0.01634472511144131,0.0007429420505200594
870812067846012928,45,2,0,2,2,0,2,0,0,0,2.0,0.0,2.0,2.0,0.0,2.0,0.0,0.0,0.0,1.0,0.0,1.0,0.0,1,0,2,5.0,0.0,4.0,22,1,483,0.0,4.7931745194842545e-5,0.0,0.0,0.8333333333333334,0.75,0.0,0.0,0.5,0.0,0.5,1.0,0.0,0.00072895529093352,0.0,0.0008532423208191079,1.2772314677889085e-5,0.0,0.0002664001561998431,0.01634472511144131,0.0007429420505200594
506912325,45,4,0,4,2,0,2,2,0,2,9.0,0.0,9.0,6.0,0.0,6.0,3.0,0.0,3.0,0.5,0.0,0.6666666666666666,0.0,1,0,4,29.0,0.0,25.0,24,1,536,0.0,0.00021569285337679145,0.0,0.0,0.55,0.4375,0.0,0.0,0.4074074074074074,0.0,0.4074074074074074,0.8148148148148148,0.0,0.0007487484366686533,0.0,0.0008532423208191082,0.0,0.0005620517563558192,0.0002956324714764305,0.017830609212481426,0.0007429420505200594
876539157060833280,45,2,0,2,2,0,2,0,0,0,3.0,0.0,3.0,3.0,0.0,3.0,0.0,0.0,0.0,1.0,0.0,1.0,0.0,1,0,2,9.0,0.0,7.0,22,1,483,0.0,7.189761779226382e-5,0.0,0.0,0.8333333333333334,0.75,0.0,0.0,0.5,0.0,0.5,1.0,0.0,0.0007303297621692924,0.0,0.0008532423208191068,1.9316705171745774e-5,0.0,0.0002664001561998431,0.01634472511144131,0.0007429420505200594
1312049760317120513,45,7,0,7,2,0,2,5,0,5,15.0,0.0,15.0,10.0,0.0,10.0,5.0,0.0,5.0,0.2857142857142857,0.0,0.6666666666666666,0.0,2,0,7,35.0,0.0,37.0,27,1,658,0.0,0.0003594880889613191,0.0,0.0,0.4107142857142857,0.32653061224489793,0.0,0.0,0.4388888888888889,0.0,0.4388888888888889,0.6555555555555556,0.0,0.0007906211810086594,0.0,0.0008532423208191084,0.0,0.000911727778492355,0.000362921951924424,0.020059435364041606,0.0007429420505200594
2951501725,45,2,0,2,2,0,2,0,0,0,2.0,0.0,2.0,2.0,0.0,2.0,0.0,0.0,0.0,1.0,0.0,1.0,0.0,1,0,2,5.0,0.0,4.0,22,1,483,0.0,4.7931745194842545e-5,0.0,0.0,0.8333333333333334,0.75,0.0,0.0,0.5,0.0,0.5,1.0,0.0,0.00072895529093352,0.0,0.0008532423208191079,1.2772314677889085e-5,0.0,0.0002664001561998431,0.01634472511144131,0.0007429420505200594
1224953028379209728,13,5,0,5,4,0,4,1,0,1,5.0,0.0,5.0,4.0,0.0,4.0,1.0,0.0,1.0,0.8,0.0,0.8,0.0,2,0,5,15.0,0.0,14.0,23,1,485,0.0,0.00011982936298710636,0.0,0.0,0.6333333333333333,0.56,0.0,0.0,0.6,0.0,0.6,0.9,0.0,0.0008006805750272868,0.0,0.0008532423208191126,0.000224735704167367,0.0,0.00026750326243669547,0.017087667161961365,0.0007429420505200594
4861315633,45,3,0,3,2,0,2,1,0,1,4.0,0.0,4.0,3.0,0.0,3.0,1.0,0.0,1.0,0.6666666666666666,0.0,0.75,0.0,1,0,3,14.0,0.0,11.0,24,1,515,0.0,9.586349038968509e-5,0.0,0.0,0.6666666666666666,0.5555555555555556,0.0,0.0,0.375,0.0,0.375,0.75,0.0,0.0007343110612865678,0.0,0.0008532423208191082,0.0,0.0001811384797549831,0.00028404985598948077,0.017830609212481426,0.0007429420505200594
973747534593167360,45,4,0,4,2,0,2,2,0,2,5.0,0.0,5.0,3.0,0.0,3.0,2.0,0.0,2.0,0.5,0.0,0.6,0.0,1,0,4,15.0,0.0,14.0,24,1,536,0.0,0.00011982936298710636,0.0,0.0,0.55,0.4375,0.0,0.0,0.36666666666666664,0.0,0.36666666666666664,0.7333333333333333,0.0,0.0007406437238440606,0.0,0.0008532423208191094,0.0,0.00038164827213066355,0.0002956324714764305,0.017830609212481426,0.0007429420505200594
1305951967722831872,45,2,0,2,2,0,2,0,0,0,2.0,0.0,2.0,2.0,0.0,2.0,0.0,0.0,0.0,1.0,0.0,1.0,0.0,1,0,2,5.0,0.0,4.0,22,1,483,0.0,4.7931745194842545e-5,0.0,0.0,0.8333333333333334,0.75,0.0,0.0,0.5,0.0,0.5,1.0,0.0,0.00072895529093352,0.0,0.0008532423208191079,1.2772314677889085e-5,0.0,0.0002664001561998431,0.01634472511144131,0.0007429420505200594
3051148496,45,4,0,4,2,0,2,2,0,2,6.0,0.0,6.0,4.0,0.0,4.0,2.0,0.0,2.0,0.5,0.0,0.6666666666666666,0.0,1,0,4,25.0,0.0,15.0,24,1,536,0.0,0.00014379523558452764,0.0,0.0,0.55,0.4375,0.0,0.0,0.3888888888888889,0.0,0.3888888888888889,0.7777777777777778,0.0,0.0007420181950798331,0.0,0.0008532423208191087,0.0,0.0003750220642919633,0.0002956324714764305,0.017830609212481426,0.0007429420505200594
1513182555209707520,45,3,0,3,2,0,2,1,0,1,3.0,0.0,3.0,2.0,0.0,2.0,1.0,0.0,1.0,0.6666666666666666,0.0,0.6666666666666666,0.0,2,0,3,9.0,0.0,7.0,24,1,603,0.0,7.189761779226382e-5,0.0,0.0,0.5,0.3333333333333333,0.0,0.0,0.16666666666666666,0.0,0.16666666666666666,0.3333333333333333,0.0,0.0007319787261772709,0.0,0.0008532423208191109,0.0,0.00019127083172354453,0.0003325865304109843,0.017830609212481426,0.0007429420505200594
725475846,13,5,0,5,4,0,4,1,0,1,5.0,0.0,5.0,4.0,0.0,4.0,1.0,0.0,1.0,0.8,0.0,0.8,0.0,2,0,5,15.0,0.0,14.0,23,1,485,0.0,0.00011982936298710636,0.0,0.0,0.6333333333333333,0.56,0.0,0.0,0.6,0.0,0.6,0.9,0.0,0.0008006805750272868,0.0,0.0008532423208191126,0.000224735704167367,0.0,0.00026750326243669547,0.017087667161961365,0.0007429420505200594
156888374,13,5,0,5,4,0,4,1,0,1,5.0,0.0,5.0,4.0,0.0,4.0,1.0,0.0,1.0,0.8,0.0,0.8,0.0,2,0,5,15.0,0.0,14.0,23,1,485,0.0,0.00011982936298710636,0.0,0.0,0.6333333333333333,0.56,0.0,0.0,0.6,0.0,0.6,0.9,0.0,0.0008006805750272868,0.0,0.0008532423208191126,0.000224735704167367,0.0,0.00026750326243669547,0.017087667161961365,0.0007429420505200594
1510023002137800704,45,2,0,2,2,0,2,0,0,0,2.0,0.0,2.0,2.0,0.0,2.0,0.0,0.0,0.0,1.0,0.0,1.0,0.0,1,0,2,5.0,0.0,4.0,22,1,483,0.0,4.7931745194842545e-5,0.0,0.0,0.8333333333333334,0.75,0.0,0.0,0.5,0.0,0.5,1.0,0.0,0.00072895529093352,0.0,0.0008532423208191079,1.2772314677889085e-5,0.0,0.0002664001561998431,0.01634472511144131,0.0007429420505200594
140415438,45,2,0,2,2,0,2,0,0,0,2.0,0.0,2.0,2.0,0.0,2.0,0.0,0.0,0.0,1.0,0.0,1.0,0.0,1,0,2,5.0,0.0,4.0,22,1,483,0.0,4.7931745194842545e-5,0.0,0.0,0.8333333333333334,0.75,0.0,0.0,0.5,0.0,0.5,1.0,0.0,0.00072895529093352,0.0,0.0008532423208191079,1.2772314677889085e-5,0.0,0.0002664001561998431,0.01634472511144131,0.0007429420505200594
31579874,39,3,0,3,1,0,1,2,0,2,3.0,0.0,3.0,1.0,0.0,1.0,2.0,0.0,2.0,0.3333333333333333,0.0,0.3333333333333333,0.0,2,0,3,9.0,0.0,7.0,21,1,627,0.0,7.189761779226382e-5,0.0,0.0,0.4166666666666667,0.2222222222222222,0.0,0.0,0.0,0.0,0.0,0.0,0.0,0.000740319982661256,0.0,0.0008532423208191123,0.0,0.00011585012248782611,0.0003458238052532125,0.015601783060921248,0.0007429420505200594
1309505310206439430,27,4,0,4,2,0,2,2,0,2,4.0,0.0,4.0,2.0,0.0,2.0,2.0,0.0,2.0,0.5,0.0,0.5,0.0,2,0,4,13.0,0.0,11.0,22,1,702,0.0,9.586349038968509e-5,0.0,0.0,0.3,0.125,0.0,0.0,0.08333333333333333,0.0,0.08333333333333333,0.16666666666666666,0.0,0.0007386656224624746,0.0,0.0008532423208191134,0.0,5.093647891474262e-5,0.00038719028913517575,0.01634472511144131,0.0007429420505200594
50960481,1,3,0,3,2,0,2,1,0,1,5.0,0.0,5.0,3.0,0.0,3.0,2.0,0.0,2.0,0.6666666666666666,0.0,0.6,0.0,1,0,3,15.0,0.0,14.0,20,1,522,0.0,0.00011982936298710636,0.0,0.0,0.6666666666666666,0.5555555555555556,0.0,0.0,0.5,0.0,0.5,1.0,0.0,0.0007400747878104245,0.0,0.0008532423208191097,0.0,0.00029021845003274205,0.000287910727818464,0.014858841010401188,0.0007429420505200594
3197436926,13,10,0,10,4,0,4,6,0,6,15.0,0.0,15.0,6.0,0.0,6.0,9.0,0.0,9.0,0.4,0.0,0.4,0.0,2,0,9,31.0,0.0,37.0,30,1,618,0.0,0.0003594880889613191,0.0,0.0,0.33636363636363636,0.27,0.0,0.0,0.337037037037037,0.0,0.337037037037037,0.5333333333333333,0.0,0.0008711626444131986,0.0,0.0008532423208191116,0.0,0.0008763992794704745,0.0003408598271873769,0.022288261515601784,0.0007429420505200594
59872846,13,8,0,8,2,0,2,6,0,6,13.0,0.0,13.0,2.0,0.0,2.0,11.0,0.0,11.0,0.25,0.0,0.15384615384615385,0.0,2,0,8,31.0,0.0,32.0,27,1,647,0.0,0.00031155634376647654,0.0,0.0,0.2916666666666667,0.203125,0.0,0.0,0.22527472527472528,0.0,0.22527472527472528,0.45054945054945056,0.0,0.0008316412712093817,0.0,0.0008532423208191117,0.0,0.0010779039916105626,0.00035685486762173605,0.020059435364041606,0.0007429420505200594
49352079,13,5,0,5,4,0,4,1,0,1,5.0,0.0,5.0,4.0,0.0,4.0,1.0,0.0,1.0,0.8,0.0,0.8,0.0,2,0,5,15.0,0.0,14.0,23,1,485,0.0,0.00011982936298710636,0.0,0.0,0.6333333333333333,0.56,0.0,0.0,0.6,0.0,0.6,0.9,0.0,0.0008006805750272868,0.0,0.0008532423208191126,0.000224735704167367,0.0,0.00026750326243669547,0.017087667161961365,0.0007429420505200594
1348136616058114048,45,6,0,6,2,0,2,4,0,4,13.0,0.0,13.0,9.0,0.0,9.0,4.0,0.0,4.0,0.3333333333333333,0.0,0.6923076923076923,0.0,2,0,6,34.0,0.0,32.0,27,1,625,0.0,0.00031155634376647654,0.0,0.0,0.40476190476190477,0.3055555555555556,0.0,0.0,0.3923076923076923,0.0,0.3923076923076923,0.6615384615384615,0.0,0.0007843197821878275,0.0,0.0008532423208191084,0.0,0.0007145043550256247,0.00034472069901636017,0.020059435364041606,0.0007429420505200594
810851798504402944,1,3,0,3,2,0,2,1,0,1,3.0,0.0,3.0,2.0,0.0,2.0,1.0,0.0,1.0,0.6666666666666666,0.0,0.6666666666666666,0.0,1,0,3,9.0,0.0,7.0,20,1,522,0.0,7.189761779226382e-5,0.0,0.0,0.6666666666666666,0.5555555555555556,0.0,0.0,0.5,0.0,0.5,1.0,0.0,0.0007347190174573769,0.0,0.0008532423208191103,0.0,0.0001267717910332089,0.000287910727818464,0.014858841010401188,0.0007429420505200594
723351122048491523,45,2,0,2,2,0,2,0,0,0,3.0,0.0,3.0,3.0,0.0,3.0,0.0,0.0,0.0,1.0,0.0,1.0,0.0,1,0,2,9.0,0.0,7.0,22,1,483,0.0,7.189761779226382e-5,0.0,0.0,0.8333333333333334,0.75,0.0,0.0,0.5,0.0,0.5,1.0,0.0,0.0007303297621692924,0.0,0.0008532423208191068,1.9316705171745774e-5,0.0,0.0002664001561998431,0.01634472511144131,0.0007429420505200594
1140564308465635328,13,5,0,5,4,0,4,1,0,1,5.0,0.0,5.0,4.0,0.0,4.0,1.0,0.0,1.0,0.8,0.0,0.8,0.0,2,0,5,15.0,0.0,14.0,23,1,485,0.0,0.00011982936298710636,0.0,0.0,0.6333333333333333,0.56,0.0,0.0,0.6,0.0,0.6,0.9,0.0,0.0008006805750272868,0.0,0.0008532423208191126,0.000224735704167367,0.0,0.00026750326243669547,0.017087667161961365,0.0007429420505200594
1087550051574902787,13,4,0,4,2,0,2,2,0,2,4.0,0.0,4.0,2.0,0.0,2.0,2.0,0.0,2.0,0.5,0.0,0.5,0.0,2,0,4,14.0,0.0,11.0,24,1,489,0.0,9.586349038968509e-5,0.0,0.0,0.45,0.3125,0.0,0.0,0.25,0.0,0.25,0.5,0.0,0.0007986312335779846,0.0,0.0008532423208191114,0.0,0.00014243824541576577,0.0002697094749104002,0.017830609212481426,0.0007429420505200594
4434425412,45,2,0,2,2,0,2,0,0,0,2.0,0.0,2.0,2.0,0.0,2.0,0.0,0.0,0.0,1.0,0.0,1.0,0.0,1,0,2,5.0,0.0,4.0,22,1,483,0.0,4.7931745194842545e-5,0.0,0.0,0.8333333333333334,0.75,0.0,0.0,0.5,0.0,0.5,1.0,0.0,0.00072895529093352,0.0,0.0008532423208191079,1.2772314677889085e-5,0.0,0.0002664001561998431,0.01634472511144131,0.0007429420505200594
1233519965984174082,45,1,0,1,1,0,1,0,0,0,1.0,0.0,1.0,1.0,0.0,1.0,0.0,0.0,0.0,1.0,0.0,1.0,0.0,1,0,1,1.0,0.0,1.0,18,1,468,0.0,2.3965872597421273e-5,0.0,0.0,1.0,1.0,0.0,0.0,0.0,0.0,0.0,0.0,0.0,0.0007244050557826087,0.0,0.0008532423208191049,6.333459135920982e-6,0.0,0.0002581268594234505,0.01337295690936107,0.0007429420505200594
1369845164408246274,1,3,0,3,2,0,2,1,0,1,3.0,0.0,3.0,2.0,0.0,2.0,1.0,0.0,1.0,0.6666666666666666,0.0,0.6666666666666666,0.0,1,0,3,9.0,0.0,7.0,20,1,522,0.0,7.189761779226382e-5,0.0,0.0,0.6666666666666666,0.5555555555555556,0.0,0.0,0.5,0.0,0.5,1.0,0.0,0.0007347190174573769,0.0,0.0008532423208191103,0.0,0.0001267717910332089,0.000287910727818464,0.014858841010401188,0.0007429420505200594
890399937455902722,45,2,0,2,1,0,1,1,0,1,4.0,0.0,4.0,3.0,0.0,3.0,1.0,0.0,1.0,0.5,0.0,0.75,0.0,1,0,2,14.0,0.0,11.0,20,1,501,0.0,9.586349038968509e-5,0.0,0.0,0.8333333333333334,0.75,0.0,0.0,0.5,0.0,0.5,1.0,0.0,0.0007311352973714289,0.0,0.0008532423208191068,0.0,0.0001811384797549831,0.0002763281123315143,0.014858841010401188,0.0007429420505200594
114901297,45,7,0,7,2,0,2,5,0,5,14.0,0.0,14.0,7.0,0.0,7.0,7.0,0.0,7.0,0.2857142857142857,0.0,0.5,0.0,2,0,7,36.0,0.0,36.0,25,1,641,0.0,0.0003355222163638978,0.0,0.0,0.35714285714285715,0.2653061224489796,0.0,0.0,0.34523809523809523,0.0,0.34523809523809523,0.6904761904761905,0.0,0.0007852521979104259,0.0,0.0008532423208191095,0.0,0.0013619562089267068,0.00035354554891117897,0.018573551263001486,0.0007429420505200594
1404797569386045448,1,3,0,3,2,0,2,1,0,1,4.0,0.0,4.0,2.0,0.0,2.0,2.0,0.0,2.0,0.6666666666666666,0.0,0.5,0.0,1,0,3,14.0,0.0,11.0,20,1,522,0.0,9.586349038968509e-5,0.0,0.0,0.6666666666666666,0.5555555555555556,0.0,0.0,0.5,0.0,0.5,1.0,0.0,0.0007360934886931493,0.0,0.0008532423208191091,0.0,0.00038816869665880827,0.000287910727818464,0.014858841010401188,0.0007429420505200594
1375871651879997442,13,5,0,5,4,0,4,1,0,1,8.0,0.0,8.0,6.0,0.0,6.0,2.0,0.0,2.0,0.8,0.0,0.75,0.0,2,0,5,27.0,0.0,22.0,23,1,485,0.0,0.00019172698077937018,0.0,0.0,0.6333333333333333,0.56,0.0,0.0,0.609375,0.0,0.609375,0.90625,0.0,0.0008266822294044583,0.0,0.000853242320819112,0.0002536290042677303,0.0,0.00026750326243669547,0.017087667161961365,0.0007429420505200594
1450646610757636100,45,4,0,4,2,0,2,2,0,2,6.0,0.0,6.0,4.0,0.0,4.0,2.0,0.0,2.0,0.5,0.0,0.6666666666666666,0.0,2,0,4,22.0,0.0,15.0,25,1,568,0.0,0.00014379523558452764,0.0,0.0,0.6,0.5,0.0,0.0,0.4444444444444444,0.0,0.4444444444444444,0.6666666666666666,0.0,0.0007406124601073994,0.0,0.0008532423208191085,0.0,0.00037866436065769893,0.0003132821712660681,0.018573551263001486,0.0007429420505200594
1260901057565204480,1,3,0,3,2,0,2,1,0,1,3.0,0.0,3.0,2.0,0.0,2.0,1.0,0.0,1.0,0.6666666666666666,0.0,0.6666666666666666,0.0,1,0,3,9.0,0.0,7.0,20,1,522,0.0,7.189761779226382e-5,0.0,0.0,0.6666666666666666,0.5555555555555556,0.0,0.0,0.5,0.0,0.5,1.0,0.0,0.0007347190174573769,0.0,0.0008532423208191103,0.0,0.0001267717910332089,0.000287910727818464,0.014858841010401188,0.0007429420505200594
1273459368890191874,1,3,0,3,2,0,2,1,0,1,3.0,0.0,3.0,2.0,0.0,2.0,1.0,0.0,1.0,0.6666666666666666,0.0,0.6666666666666666,0.0,1,0,3,9.0,0.0,7.0,20,1,522,0.0,7.189761779226382e-5,0.0,0.0,0.6666666666666666,0.5555555555555556,0.0,0.0,0.5,0.0,0.5,1.0,0.0,0.0007347190174573769,0.0,0.0008532423208191103,0.0,0.0001267717910332089,0.000287910727818464,0.014858841010401188,0.0007429420505200594
1181304724466868224,1,3,0,3,2,0,2,1,0,1,3.0,0.0,3.0,2.0,0.0,2.0,1.0,0.0,1.0,0.6666666666666666,0.0,0.6666666666666666,0.0,1,0,3,9.0,0.0,7.0,20,1,522,0.0,7.189761779226382e-5,0.0,0.0,0.6666666666666666,0.5555555555555556,0.0,0.0,0.5,0.0,0.5,1.0,0.0,0.0007347190174573769,0.0,0.0008532423208191103,0.0,0.0001267717910332089,0.000287910727818464,0.014858841010401188,0.0007429420505200594
1512446661070622721,1,3,0,3,2,0,2,1,0,1,3.0,0.0,3.0,2.0,0.0,2.0,1.0,0.0,1.0,0.6666666666666666,0.0,0.6666666666666666,0.0,1,0,3,9.0,0.0,7.0,20,1,522,0.0,7.189761779226382e-5,0.0,0.0,0.6666666666666666,0.5555555555555556,0.0,0.0,0.5,0.0,0.5,1.0,0.0,0.0007347190174573769,0.0,0.0008532423208191103,0.0,0.0001267717910332089,0.000287910727818464,0.014858841010401188,0.0007429420505200594
2189425016,3,4,0,4,1,0,1,3,0,3,4.0,0.0,4.0,1.0,0.0,1.0,3.0,0.0,3.0,0.25,0.0,0.25,0.0,2,0,4,14.0,0.0,11.0,32,1,558,0.0,9.586349038968509e-5,0.0,0.0,0.6,0.5,0.0,0.0,0.4166666666666667,0.0,0.4166666666666667,0.8333333333333334,0.0,0.0008208742362694583,0.0,0.0008532423208191114,0.0,0.00026320256946932297,0.00030776664008180636,0.0237741456166419,0.0007429420505200594
1334806362245783552,1,3,0,3,2,0,2,1,0,1,3.0,0.0,3.0,2.0,0.0,2.0,1.0,0.0,1.0,0.6666666666666666,0.0,0.6666666666666666,0.0,1,0,3,9.0,0.0,7.0,20,1,522,0.0,7.189761779226382e-5,0.0,0.0,0.6666666666666666,0.5555555555555556,0.0,0.0,0.5,0.0,0.5,1.0,0.0,0.0007347190174573769,0.0,0.0008532423208191103,0.0,0.0001267717910332089,0.000287910727818464,0.014858841010401188,0.0007429420505200594
1642872914,1,3,0,3,2,0,2,1,0,1,3.0,0.0,3.0,2.0,0.0,2.0,1.0,0.0,1.0,0.6666666666666666,0.0,0.6666666666666666,0.0,1,0,3,9.0,0.0,7.0,20,1,522,0.0,7.189761779226382e-5,0.0,0.0,0.6666666666666666,0.5555555555555556,0.0,0.0,0.5,0.0,0.5,1.0,0.0,0.0007347190174573769,0.0,0.0008532423208191103,0.0,0.0001267717910332089,0.000287910727818464,0.014858841010401188,0.0007429420505200594
70926181,1,3,0,3,2,0,2,1,0,1,3.0,0.0,3.0,2.0,0.0,2.0,1.0,0.0,1.0,0.6666666666666666,0.0,0.6666666666666666,0.0,1,0,3,9.0,0.0,7.0,20,1,503,0.0,7.189761779226382e-5,0.0,0.0,0.75,0.6666666666666666,0.0,0.0,0.6666666666666666,0.0,0.6666666666666666,1.0,0.0,0.0007466130161523725,0.0,0.0008532423208191103,0.0,0.0001267717910332089,0.00027743121856836666,0.014858841010401188,0.0007429420505200594
1497649906688958472,1,3,0,3,2,0,2,1,0,1,3.0,0.0,3.0,2.0,0.0,2.0,1.0,0.0,1.0,0.6666666666666666,0.0,0.6666666666666666,0.0,1,0,3,9.0,0.0,7.0,20,1,522,0.0,7.189761779226382e-5,0.0,0.0,0.6666666666666666,0.5555555555555556,0.0,0.0,0.5,0.0,0.5,1.0,0.0,0.0007347190174573769,0.0,0.0008532423208191103,0.0,0.0001267717910332089,0.000287910727818464,0.014858841010401188,0.0007429420505200594
455795822,1,4,0,4,2,0,2,2,0,2,5.0,0.0,5.0,2.0,0.0,2.0,3.0,0.0,3.0,0.5,0.0,0.4,0.0,2,0,4,15.0,0.0,14.0,22,1,525,0.0,0.00011982936298710636,0.0,0.0,0.6,0.5,0.0,0.0,0.4666666666666667,0.0,0.4666666666666667,0.7333333333333333,0.0,0.0007654719755023668,0.0,0.00085324232081911,0.0,0.0005579817962126365,0.00028956538717374254,0.01634472511144131,0.0007429420505200594
1512372368882036742,45,4,0,4,2,0,2,2,0,2,6.0,0.0,6.0,4.0,0.0,4.0,2.0,0.0,2.0,0.5,0.0,0.6666666666666666,0.0,1,0,4,25.0,0.0,15.0,24,1,536,0.0,0.00014379523558452764,0.0,0.0,0.55,0.4375,0.0,0.0,0.3888888888888889,0.0,0.3888888888888889,0.7777777777777778,0.0,0.0007420181950798331,0.0,0.0008532423208191087,0.0,0.0003750220642919633,0.0002956324714764305,0.017830609212481426,0.0007429420505200594
3952728313,1,3,0,3,2,0,2,1,0,1,3.0,0.0,3.0,2.0,0.0,2.0,1.0,0.0,1.0,0.6666666666666666,0.0,0.6666666666666666,0.0,1,0,3,9.0,0.0,7.0,20,1,522,0.0,7.189761779226382e-5,0.0,0.0,0.6666666666666666,0.5555555555555556,0.0,0.0,0.5,0.0,0.5,1.0,0.0,0.0007347190174573769,0.0,0.0008532423208191103,0.0,0.0001267717910332089,0.000287910727818464,0.014858841010401188,0.0007429420505200594
827804009469661185,1,3,0,3,2,0,2,1,0,1,3.0,0.0,3.0,2.0,0.0,2.0,1.0,0.0,1.0,0.6666666666666666,0.0,0.6666666666666666,0.0,1,0,3,9.0,0.0,7.0,20,1,522,0.0,7.189761779226382e-5,0.0,0.0,0.6666666666666666,0.5555555555555556,0.0,0.0,0.5,0.0,0.5,1.0,0.0,0.0007347190174573769,0.0,0.0008532423208191103,0.0,0.0001267717910332089,0.000287910727818464,0.014858841010401188,0.0007429420505200594
2791953405,1,4,0,4,3,0,3,1,0,1,4.0,0.0,4.0,3.0,0.0,3.0,1.0,0.0,1.0,0.75,0.0,0.75,0.0,1,0,4,14.0,0.0,11.0,20,1,539,0.0,9.586349038968509e-5,0.0,0.0,0.55,0.4375,0.0,0.0,0.4166666666666667,0.0,0.4166666666666667,0.8333333333333334,0.0,0.0007566593655838333,0.0,0.0008532423208191119,0.0,8.974926155225216e-5,0.000297287130831709,0.014858841010401188,0.0007429420505200594
3421146772,13,5,0,5,4,0,4,1,0,1,5.0,0.0,5.0,4.0,0.0,4.0,1.0,0.0,1.0,0.8,0.0,0.8,0.0,2,0,5,15.0,0.0,14.0,23,1,485,0.0,0.00011982936298710636,0.0,0.0,0.6333333333333333,0.56,0.0,0.0,0.6,0.0,0.6,0.9,0.0,0.0008006805750272868,0.0,0.0008532423208191126,0.000224735704167367,0.0,0.00026750326243669547,0.017087667161961365,0.0007429420505200594
628819458,13,5,0,5,4,0,4,1,0,1,5.0,0.0,5.0,4.0,0.0,4.0,1.0,0.0,1.0,0.8,0.0,0.8,0.0,2,0,5,15.0,0.0,14.0,23,1,485,0.0,0.00011982936298710636,0.0,0.0,0.6333333333333333,0.56,0.0,0.0,0.6,0.0,0.6,0.9,0.0,0.0008006805750272868,0.0,0.0008532423208191126,0.000224735704167367,0.0,0.00026750326243669547,0.017087667161961365,0.0007429420505200594
121621270,45,2,0,2,2,0,2,0,0,0,2.0,0.0,2.0,2.0,0.0,2.0,0.0,0.0,0.0,1.0,0.0,1.0,0.0,1,0,2,5.0,0.0,4.0,22,1,483,0.0,4.7931745194842545e-5,0.0,0.0,0.8333333333333334,0.75,0.0,0.0,0.5,0.0,0.5,1.0,0.0,0.00072895529093352,0.0,0.0008532423208191079,1.2772314677889085e-5,0.0,0.0002664001561998431,0.01634472511144131,0.0007429420505200594
2881789926,2,5,0,5,3,0,3,2,0,2,6.0,0.0,6.0,4.0,0.0,4.0,2.0,0.0,2.0,0.6,0.0,0.6666666666666666,0.0,2,0,5,19.0,0.0,15.0,22,1,669,0.0,0.00014379523558452764,0.0,0.0,0.6,0.52,0.0,0.0,0.5416666666666666,0.0,0.5416666666666666,0.625,0.0,0.000744138625518529,0.0,0.0008532423208191123,0.0,0.00027390140333594104,0.00036898903622711193,0.01634472511144131,0.0007429420505200594
1352231142,1,5,0,5,3,0,3,2,0,2,5.0,0.0,5.0,3.0,0.0,3.0,2.0,0.0,2.0,0.6,0.0,0.6,0.0,2,0,5,15.0,0.0,14.0,22,1,542,0.0,0.00011982936298710636,0.0,0.0,0.4666666666666667,0.36,0.0,0.0,0.3,0.0,0.3,0.5,0.0,0.0007791920258007265,0.0,0.0008532423208191121,0.0,0.0002442032768422697,0.00029894179018698756,0.01634472511144131,0.0007429420505200594
1323467562366066689,13,5,0,5,4,0,4,1,0,1,5.0,0.0,5.0,4.0,0.0,4.0,1.0,0.0,1.0,0.8,0.0,0.8,0.0,2,0,5,15.0,0.0,14.0,23,1,485,0.0,0.00011982936298710636,0.0,0.0,0.6333333333333333,0.56,0.0,0.0,0.6,0.0,0.6,0.9,0.0,0.0008006805750272868,0.0,0.0008532423208191126,0.000224735704167367,0.0,0.00026750326243669547,0.017087667161961365,0.0007429420505200594
1458556085028388864,45,2,0,2,2,0,2,0,0,0,2.0,0.0,2.0,2.0,0.0,2.0,0.0,0.0,0.0,1.0,0.0,1.0,0.0,1,0,2,5.0,0.0,4.0,22,1,483,0.0,4.7931745194842545e-5,0.0,0.0,0.8333333333333334,0.75,0.0,0.0,0.5,0.0,0.5,1.0,0.0,0.00072895529093352,0.0,0.0008532423208191079,1.2772314677889085e-5,0.0,0.0002664001561998431,0.01634472511144131,0.0007429420505200594
841850514849517569,1,6,0,6,4,0,4,2,0,2,7.0,0.0,7.0,5.0,0.0,5.0,2.0,0.0,2.0,0.6666666666666666,0.0,0.7142857142857143,0.0,2,0,6,25.0,0.0,17.0,22,1,549,0.0,0.0001677611081819489,0.0,0.0,0.47619047619047616,0.3888888888888889,0.0,0.0,0.42857142857142855,0.0,0.42857142857142855,0.7142857142857143,0.0,0.0007847728207859922,0.0,0.0008532423208191125,0.0,0.00016971533084003676,0.00030280266201597076,0.01634472511144131,0.0007429420505200594
1137331911313899520,1,6,0,6,4,0,4,2,0,2,10.0,0.0,10.0,6.0,0.0,6.0,4.0,0.0,4.0,0.6666666666666666,0.0,0.6,0.0,1,0,6,28.0,0.0,28.0,24,1,555,0.0,0.00023965872597421273,0.0,0.0,0.4523809523809524,0.3611111111111111,0.0,0.0,0.38,0.0,0.38,0.68,0.0,0.0007833019761010043,0.0,0.0008532423208191108,0.0,0.0005794398965103253,0.00030611198072652784,0.017830609212481426,0.0007429420505200594
533315713,1,2,0,2,1,0,1,1,0,1,2.0,0.0,2.0,1.0,0.0,1.0,1.0,0.0,1.0,0.5,0.0,0.5,0.0,1,0,2,5.0,0.0,4.0,20,1,501,0.0,4.7931745194842545e-5,0.0,0.0,0.8333333333333334,0.75,0.0,0.0,0.5,0.0,0.5,1.0,0.0,0.0007283863548998839,0.0,0.0008532423208191086,0.0,0.00016366167063908144,0.0002763281123315143,0.014858841010401188,0.0007429420505200594
852503424,45,2,0,2,2,0,2,0,0,0,2.0,0.0,2.0,2.0,0.0,2.0,0.0,0.0,0.0,1.0,0.0,1.0,0.0,1,0,2,5.0,0.0,4.0,22,1,483,0.0,4.7931745194842545e-5,0.0,0.0,0.8333333333333334,0.75,0.0,0.0,0.5,0.0,0.5,1.0,0.0,0.00072895529093352,0.0,0.0008532423208191079,1.2772314677889085e-5,0.0,0.0002664001561998431,0.01634472511144131,0.0007429420505200594
1281554674428997632,45,2,0,2,2,0,2,0,0,0,2.0,0.0,2.0,2.0,0.0,2.0,0.0,0.0,0.0,1.0,0.0,1.0,0.0,1,0,2,5.0,0.0,4.0,22,1,483,0.0,4.7931745194842545e-5,0.0,0.0,0.8333333333333334,0.75,0.0,0.0,0.5,0.0,0.5,1.0,0.0,0.00072895529093352,0.0,0.0008532423208191079,1.2772314677889085e-5,0.0,0.0002664001561998431,0.01634472511144131,0.0007429420505200594
4823808118,13,3,0,3,2,0,2,1,0,1,3.0,0.0,3.0,2.0,0.0,2.0,1.0,0.0,1.0,0.6666666666666666,0.0,0.6666666666666666,0.0,2,0,3,9.0,0.0,7.0,22,1,484,0.0,7.189761779226382e-5,0.0,0.0,0.6666666666666666,0.5555555555555556,0.0,0.0,0.6666666666666666,0.0,0.6666666666666666,1.0,0.0,0.0007490322389240079,0.0,0.000853242320819111,2.7163419451581294e-5,0.0,0.0002669517093182693,0.01634472511144131,0.0007429420505200594
135656924,45,2,0,2,2,0,2,0,0,0,2.0,0.0,2.0,2.0,0.0,2.0,0.0,0.0,0.0,1.0,0.0,1.0,0.0,1,0,2,5.0,0.0,4.0,22,1,483,0.0,4.7931745194842545e-5,0.0,0.0,0.8333333333333334,0.75,0.0,0.0,0.5,0.0,0.5,1.0,0.0,0.00072895529093352,0.0,0.0008532423208191079,1.2772314677889085e-5,0.0,0.0002664001561998431,0.01634472511144131,0.0007429420505200594
721667688318152705,45,2,0,2,2,0,2,0,0,0,2.0,0.0,2.0,2.0,0.0,2.0,0.0,0.0,0.0,1.0,0.0,1.0,0.0,1,0,2,5.0,0.0,4.0,22,1,483,0.0,4.7931745194842545e-5,0.0,0.0,0.8333333333333334,0.75,0.0,0.0,0.5,0.0,0.5,1.0,0.0,0.00072895529093352,0.0,0.0008532423208191079,1.2772314677889085e-5,0.0,0.0002664001561998431,0.01634472511144131,0.0007429420505200594
896496644656685056,13,3,0,3,2,0,2,1,0,1,3.0,0.0,3.0,2.0,0.0,2.0,1.0,0.0,1.0,0.6666666666666666,0.0,0.6666666666666666,0.0,2,0,3,9.0,0.0,7.0,22,1,484,0.0,7.189761779226382e-5,0.0,0.0,0.6666666666666666,0.5555555555555556,0.0,0.0,0.6666666666666666,0.0,0.6666666666666666,1.0,0.0,0.0007490322389240079,0.0,0.000853242320819111,2.7163419451581294e-5,0.0,0.0002669517093182693,0.01634472511144131,0.0007429420505200594
248114547,45,3,0,3,2,0,2,1,0,1,4.0,0.0,4.0,3.0,0.0,3.0,1.0,0.0,1.0,0.6666666666666666,0.0,0.75,0.0,1,0,3,14.0,0.0,11.0,24,1,515,0.0,9.586349038968509e-5,0.0,0.0,0.6666666666666666,0.5555555555555556,0.0,0.0,0.375,0.0,0.375,0.75,0.0,0.0007343110612865678,0.0,0.0008532423208191082,0.0,0.0001811384797549831,0.00028404985598948077,0.017830609212481426,0.0007429420505200594
116056117,2,8,0,8,3,0,3,5,0,5,10.0,0.0,10.0,4.0,0.0,4.0,6.0,0.0,6.0,0.375,0.0,0.4,0.0,2,0,8,22.0,0.0,28.0,26,1,715,0.0,0.00023965872597421273,0.0,0.0,0.3611111111111111,0.28125,0.0,0.0,0.2857142857142857,0.0,0.2857142857142857,0.4,0.0,0.0007714905159968379,0.0,0.000853242320819112,0.0,0.001060555773691907,0.00039436047967471603,0.019316493313521546,0.0007429420505200594
1111434851079675904,45,1,0,1,1,0,1,0,0,0,1.0,0.0,1.0,1.0,0.0,1.0,0.0,0.0,0.0,1.0,0.0,1.0,0.0,1,0,1,1.0,0.0,1.0,18,1,468,0.0,2.3965872597421273e-5,0.0,0.0,1.0,1.0,0.0,0.0,0.0,0.0,0.0,0.0,0.0,0.0007244050557826087,0.0,0.0008532423208191049,6.333459135920982e-6,0.0,0.0002581268594234505,0.01337295690936107,0.0007429420505200594
1371855298441453569,13,3,0,3,2,0,2,1,0,1,3.0,0.0,3.0,2.0,0.0,2.0,1.0,0.0,1.0,0.6666666666666666,0.0,0.6666666666666666,0.0,2,0,3,9.0,0.0,7.0,22,1,484,0.0,7.189761779226382e-5,0.0,0.0,0.6666666666666666,0.5555555555555556,0.0,0.0,0.6666666666666666,0.0,0.6666666666666666,1.0,0.0,0.0007490322389240079,0.0,0.000853242320819111,2.7163419451581294e-5,0.0,0.0002669517093182693,0.01634472511144131,0.0007429420505200594
2315150910,45,2,0,2,2,0,2,0,0,0,2.0,0.0,2.0,2.0,0.0,2.0,0.0,0.0,0.0,1.0,0.0,1.0,0.0,1,0,2,5.0,0.0,4.0,22,1,483,0.0,4.7931745194842545e-5,0.0,0.0,0.8333333333333334,0.75,0.0,0.0,0.5,0.0,0.5,1.0,0.0,0.00072895529093352,0.0,0.0008532423208191079,1.2772314677889085e-5,0.0,0.0002664001561998431,0.01634472511144131,0.0007429420505200594
615811506,13,3,0,3,2,0,2,1,0,1,4.0,0.0,4.0,2.0,0.0,2.0,2.0,0.0,2.0,0.6666666666666666,0.0,0.5,0.0,2,0,3,14.0,0.0,11.0,22,1,484,0.0,9.586349038968509e-5,0.0,0.0,0.6666666666666666,0.5555555555555556,0.0,0.0,0.6875,0.0,0.6875,1.0,0.0,0.0007504067101597803,0.0,0.0008532423208191095,0.0,0.0003265672614005677,0.0002669517093182693,0.01634472511144131,0.0007429420505200594
756706553382789121,45,3,0,3,2,0,2,1,0,1,4.0,0.0,4.0,3.0,0.0,3.0,1.0,0.0,1.0,0.6666666666666666,0.0,0.75,0.0,1,0,3,14.0,0.0,11.0,24,1,515,0.0,9.586349038968509e-5,0.0,0.0,0.6666666666666666,0.5555555555555556,0.0,0.0,0.375,0.0,0.375,0.75,0.0,0.0007343110612865678,0.0,0.0008532423208191082,0.0,0.0001811384797549831,0.00028404985598948077,0.017830609212481426,0.0007429420505200594
1504285365229731840,45,3,0,3,2,0,2,1,0,1,5.0,0.0,5.0,4.0,0.0,4.0,1.0,0.0,1.0,0.6666666666666666,0.0,0.8,0.0,2,0,3,15.0,0.0,14.0,23,1,573,0.0,0.00011982936298710636,0.0,0.0,0.5833333333333334,0.4444444444444444,0.0,0.0,0.4,0.0,0.4,0.8,0.0,0.0007345792136098406,0.0,0.0008532423208191076,0.0,0.00017810349147184823,0.000316039936858199,0.017087667161961365,0.0007429420505200594
1418238731891318786,2,5,0,5,3,0,3,2,0,2,5.0,0.0,5.0,3.0,0.0,3.0,2.0,0.0,2.0,0.6,0.0,0.6,0.0,2,0,5,15.0,0.0,14.0,24,1,653,0.0,0.00011982936298710636,0.0,0.0,0.6,0.52,0.0,0.0,0.5,0.0,0.5,0.6,0.0,0.0007397806339671058,0.0,0.0008532423208191117,0.0,0.0003190436156202958,0.00036016418633229313,0.017830609212481426,0.0007429420505200594
818736782032261120,1,2,0,2,1,0,1,1,0,1,2.0,0.0,2.0,1.0,0.0,1.0,1.0,0.0,1.0,0.5,0.0,0.5,0.0,1,0,2,5.0,0.0,4.0,20,1,501,0.0,4.7931745194842545e-5,0.0,0.0,0.8333333333333334,0.75,0.0,0.0,0.5,0.0,0.5,1.0,0.0,0.0007283863548998839,0.0,0.0008532423208191086,0.0,0.00016366167063908144,0.0002763281123315143,0.014858841010401188,0.0007429420505200594
1435987785123606529,13,3,0,3,2,0,2,1,0,1,3.0,0.0,3.0,2.0,0.0,2.0,1.0,0.0,1.0,0.6666666666666666,0.0,0.6666666666666666,0.0,2,0,3,9.0,0.0,7.0,22,1,484,0.0,7.189761779226382e-5,0.0,0.0,0.6666666666666666,0.5555555555555556,0.0,0.0,0.6666666666666666,0.0,0.6666666666666666,1.0,0.0,0.0007490322389240079,0.0,0.000853242320819111,2.7163419451581294e-5,0.0,0.0002669517093182693,0.01634472511144131,0.0007429420505200594
100914532,1,4,0,4,3,0,3,1,0,1,4.0,0.0,4.0,3.0,0.0,3.0,1.0,0.0,1.0,0.75,0.0,0.75,0.0,1,0,4,14.0,0.0,11.0,20,1,539,0.0,9.586349038968509e-5,0.0,0.0,0.55,0.4375,0.0,0.0,0.4166666666666667,0.0,0.4166666666666667,0.8333333333333334,0.0,0.0007566593655838333,0.0,0.0008532423208191119,0.0,8.974926155225216e-5,0.000297287130831709,0.014858841010401188,0.0007429420505200594
788178359150796800,45,2,0,2,2,0,2,0,0,0,2.0,0.0,2.0,2.0,0.0,2.0,0.0,0.0,0.0,1.0,0.0,1.0,0.0,1,0,2,5.0,0.0,4.0,22,1,483,0.0,4.7931745194842545e-5,0.0,0.0,0.8333333333333334,0.75,0.0,0.0,0.5,0.0,0.5,1.0,0.0,0.00072895529093352,0.0,0.0008532423208191079,1.2772314677889085e-5,0.0,0.0002664001561998431,0.01634472511144131,0.0007429420505200594
1180315088537845761,45,2,0,2,2,0,2,0,0,0,2.0,0.0,2.0,2.0,0.0,2.0,0.0,0.0,0.0,1.0,0.0,1.0,0.0,1,0,2,5.0,0.0,4.0,22,1,483,0.0,4.7931745194842545e-5,0.0,0.0,0.8333333333333334,0.75,0.0,0.0,0.5,0.0,0.5,1.0,0.0,0.00072895529093352,0.0,0.0008532423208191079,1.2772314677889085e-5,0.0,0.0002664001561998431,0.01634472511144131,0.0007429420505200594
1125725860902899712,45,1,0,1,1,0,1,0,0,0,1.0,0.0,1.0,1.0,0.0,1.0,0.0,0.0,0.0,1.0,0.0,1.0,0.0,1,0,1,1.0,0.0,1.0,18,1,468,0.0,2.3965872597421273e-5,0.0,0.0,1.0,1.0,0.0,0.0,0.0,0.0,0.0,0.0,0.0,0.0007244050557826087,0.0,0.0008532423208191049,6.333459135920982e-6,0.0,0.0002581268594234505,0.01337295690936107,0.0007429420505200594
1799190817,45,2,0,2,2,0,2,0,0,0,2.0,0.0,2.0,2.0,0.0,2.0,0.0,0.0,0.0,1.0,0.0,1.0,0.0,1,0,2,5.0,0.0,4.0,22,1,483,0.0,4.7931745194842545e-5,0.0,0.0,0.8333333333333334,0.75,0.0,0.0,0.5,0.0,0.5,1.0,0.0,0.00072895529093352,0.0,0.0008532423208191079,1.2772314677889085e-5,0.0,0.0002664001561998431,0.01634472511144131,0.0007429420505200594
2612164220,45,1,0,1,1,0,1,0,0,0,1.0,0.0,1.0,1.0,0.0,1.0,0.0,0.0,0.0,1.0,0.0,1.0,0.0,1,0,1,1.0,0.0,1.0,18,1,468,0.0,2.3965872597421273e-5,0.0,0.0,1.0,1.0,0.0,0.0,0.0,0.0,0.0,0.0,0.0,0.0007244050557826087,0.0,0.0008532423208191049,6.333459135920982e-6,0.0,0.0002581268594234505,0.01337295690936107,0.0007429420505200594
1179834158929076224,13,3,0,3,2,0,2,1,0,1,3.0,0.0,3.0,2.0,0.0,2.0,1.0,0.0,1.0,0.6666666666666666,0.0,0.6666666666666666,0.0,2,0,3,9.0,0.0,7.0,20,1,474,0.0,7.189761779226382e-5,0.0,0.0,0.5,0.3333333333333333,0.0,0.0,0.3333333333333333,0.0,0.3333333333333333,0.6666666666666666,0.0,0.0007940809984270733,0.0,0.0008532423208191118,2.7163419451581294e-5,0.0,0.0002614361781340075,0.014858841010401188,0.0007429420505200594
1241726334772051970,13,3,0,3,2,0,2,1,0,1,3.0,0.0,3.0,2.0,0.0,2.0,1.0,0.0,1.0,0.6666666666666666,0.0,0.6666666666666666,0.0,2,0,3,9.0,0.0,7.0,22,1,484,0.0,7.189761779226382e-5,0.0,0.0,0.6666666666666666,0.5555555555555556,0.0,0.0,0.6666666666666666,0.0,0.6666666666666666,1.0,0.0,0.0007490322389240079,0.0,0.000853242320819111,2.7163419451581294e-5,0.0,0.0002669517093182693,0.01634472511144131,0.0007429420505200594
304132840,45,1,0,1,1,0,1,0,0,0,1.0,0.0,1.0,1.0,0.0,1.0,0.0,0.0,0.0,1.0,0.0,1.0,0.0,1,0,1,1.0,0.0,1.0,18,1,468,0.0,2.3965872597421273e-5,0.0,0.0,1.0,1.0,0.0,0.0,0.0,0.0,0.0,0.0,0.0,0.0007244050557826087,0.0,0.0008532423208191049,6.333459135920982e-6,0.0,0.0002581268594234505,0.01337295690936107,0.0007429420505200594
3243222877,45,1,0,1,1,0,1,0,0,0,1.0,0.0,1.0,1.0,0.0,1.0,0.0,0.0,0.0,1.0,0.0,1.0,0.0,1,0,1,1.0,0.0,1.0,18,1,468,0.0,2.3965872597421273e-5,0.0,0.0,1.0,1.0,0.0,0.0,0.0,0.0,0.0,0.0,0.0,0.0007244050557826087,0.0,0.0008532423208191049,6.333459135920982e-6,0.0,0.0002581268594234505,0.01337295690936107,0.0007429420505200594
1628968362,1,3,0,3,2,0,2,1,0,1,3.0,0.0,3.0,2.0,0.0,2.0,1.0,0.0,1.0,0.6666666666666666,0.0,0.6666666666666666,0.0,1,0,3,9.0,0.0,7.0,20,1,503,0.0,7.189761779226382e-5,0.0,0.0,0.75,0.6666666666666666,0.0,0.0,0.6666666666666666,0.0,0.6666666666666666,1.0,0.0,0.0007466130161523725,0.0,0.0008532423208191103,0.0,0.0001267717910332089,0.00027743121856836666,0.014858841010401188,0.0007429420505200594
1365586213,45,1,0,1,1,0,1,0,0,0,1.0,0.0,1.0,1.0,0.0,1.0,0.0,0.0,0.0,1.0,0.0,1.0,0.0,1,0,1,1.0,0.0,1.0,18,1,468,0.0,2.3965872597421273e-5,0.0,0.0,1.0,1.0,0.0,0.0,0.0,0.0,0.0,0.0,0.0,0.0007244050557826087,0.0,0.0008532423208191049,6.333459135920982e-6,0.0,0.0002581268594234505,0.01337295690936107,0.0007429420505200594
1226650868235276288,45,1,0,1,1,0,1,0,0,0,1.0,0.0,1.0,1.0,0.0,1.0,0.0,0.0,0.0,1.0,0.0,1.0,0.0,1,0,1,1.0,0.0,1.0,18,1,468,0.0,2.3965872597421273e-5,0.0,0.0,1.0,1.0,0.0,0.0,0.0,0.0,0.0,0.0,0.0,0.0007244050557826087,0.0,0.0008532423208191049,6.333459135920982e-6,0.0,0.0002581268594234505,0.01337295690936107,0.0007429420505200594
726915008676921345,45,1,0,1,1,0,1,0,0,0,1.0,0.0,1.0,1.0,0.0,1.0,0.0,0.0,0.0,1.0,0.0,1.0,0.0,1,0,1,1.0,0.0,1.0,18,1,468,0.0,2.3965872597421273e-5,0.0,0.0,1.0,1.0,0.0,0.0,0.0,0.0,0.0,0.0,0.0,0.0007244050557826087,0.0,0.0008532423208191049,6.333459135920982e-6,0.0,0.0002581268594234505,0.01337295690936107,0.0007429420505200594
755340339020460032,45,1,0,1,1,0,1,0,0,0,1.0,0.0,1.0,1.0,0.0,1.0,0.0,0.0,0.0,1.0,0.0,1.0,0.0,1,0,1,1.0,0.0,1.0,18,1,468,0.0,2.3965872597421273e-5,0.0,0.0,1.0,1.0,0.0,0.0,0.0,0.0,0.0,0.0,0.0,0.0007244050557826087,0.0,0.0008532423208191049,6.333459135920982e-6,0.0,0.0002581268594234505,0.01337295690936107,0.0007429420505200594
1434317911,45,1,0,1,1,0,1,0,0,0,1.0,0.0,1.0,1.0,0.0,1.0,0.0,0.0,0.0,1.0,0.0,1.0,0.0,1,0,1,1.0,0.0,1.0,18,1,468,0.0,2.3965872597421273e-5,0.0,0.0,1.0,1.0,0.0,0.0,0.0,0.0,0.0,0.0,0.0,0.0007244050557826087,0.0,0.0008532423208191049,6.333459135920982e-6,0.0,0.0002581268594234505,0.01337295690936107,0.0007429420505200594
1493459780081373185,45,1,0,1,1,0,1,0,0,0,1.0,0.0,1.0,1.0,0.0,1.0,0.0,0.0,0.0,1.0,0.0,1.0,0.0,1,0,1,1.0,0.0,1.0,18,1,468,0.0,2.3965872597421273e-5,0.0,0.0,1.0,1.0,0.0,0.0,0.0,0.0,0.0,0.0,0.0,0.0007244050557826087,0.0,0.0008532423208191049,6.333459135920982e-6,0.0,0.0002581268594234505,0.01337295690936107,0.0007429420505200594
2873161344,45,2,0,2,2,0,2,0,0,0,2.0,0.0,2.0,2.0,0.0,2.0,0.0,0.0,0.0,1.0,0.0,1.0,0.0,1,0,2,5.0,0.0,4.0,22,1,483,0.0,4.7931745194842545e-5,0.0,0.0,0.8333333333333334,0.75,0.0,0.0,0.5,0.0,0.5,1.0,0.0,0.00072895529093352,0.0,0.0008532423208191079,1.2772314677889085e-5,0.0,0.0002664001561998431,0.01634472511144131,0.0007429420505200594
932015019314659328,45,2,0,2,2,0,2,0,0,0,2.0,0.0,2.0,2.0,0.0,2.0,0.0,0.0,0.0,1.0,0.0,1.0,0.0,1,0,2,5.0,0.0,4.0,22,1,483,0.0,4.7931745194842545e-5,0.0,0.0,0.8333333333333334,0.75,0.0,0.0,0.5,0.0,0.5,1.0,0.0,0.00072895529093352,0.0,0.0008532423208191079,1.2772314677889085e-5,0.0,0.0002664001561998431,0.01634472511144131,0.0007429420505200594
294455311,45,2,0,2,2,0,2,0,0,0,2.0,0.0,2.0,2.0,0.0,2.0,0.0,0.0,0.0,1.0,0.0,1.0,0.0,1,0,2,5.0,0.0,4.0,22,1,483,0.0,4.7931745194842545e-5,0.0,0.0,0.8333333333333334,0.75,0.0,0.0,0.5,0.0,0.5,1.0,0.0,0.00072895529093352,0.0,0.0008532423208191079,1.2772314677889085e-5,0.0,0.0002664001561998431,0.01634472511144131,0.0007429420505200594
1437325146058997761,45,2,0,2,2,0,2,0,0,0,2.0,0.0,2.0,2.0,0.0,2.0,0.0,0.0,0.0,1.0,0.0,1.0,0.0,1,0,2,5.0,0.0,4.0,22,1,483,0.0,4.7931745194842545e-5,0.0,0.0,0.8333333333333334,0.75,0.0,0.0,0.5,0.0,0.5,1.0,0.0,0.00072895529093352,0.0,0.0008532423208191079,1.2772314677889085e-5,0.0,0.0002664001561998431,0.01634472511144131,0.0007429420505200594
87979936,1,5,0,5,3,0,3,2,0,2,5.0,0.0,5.0,3.0,0.0,3.0,2.0,0.0,2.0,0.6,0.0,0.6,0.0,1,0,5,15.0,0.0,14.0,24,1,553,0.0,0.00011982936298710636,0.0,0.0,0.43333333333333335,0.32,0.0,0.0,0.25,0.0,0.25,0.5,0.0,0.0007543637741424203,0.0,0.0008532423208191117,0.0,0.00029021845003274205,0.0003050088744896755,0.017830609212481426,0.0007429420505200594
549882072,45,2,0,2,2,0,2,0,0,0,2.0,0.0,2.0,2.0,0.0,2.0,0.0,0.0,0.0,1.0,0.0,1.0,0.0,1,0,2,5.0,0.0,4.0,22,1,483,0.0,4.7931745194842545e-5,0.0,0.0,0.8333333333333334,0.75,0.0,0.0,0.5,0.0,0.5,1.0,0.0,0.00072895529093352,0.0,0.0008532423208191079,1.2772314677889085e-5,0.0,0.0002664001561998431,0.01634472511144131,0.0007429420505200594
1135155874480185344,45,2,0,2,2,0,2,0,0,0,2.0,0.0,2.0,2.0,0.0,2.0,0.0,0.0,0.0,1.0,0.0,1.0,0.0,1,0,2,5.0,0.0,4.0,22,1,483,0.0,4.7931745194842545e-5,0.0,0.0,0.8333333333333334,0.75,0.0,0.0,0.5,0.0,0.5,1.0,0.0,0.00072895529093352,0.0,0.0008532423208191079,1.2772314677889085e-5,0.0,0.0002664001561998431,0.01634472511144131,0.0007429420505200594
785818380657831936,45,2,0,2,2,0,2,0,0,0,2.0,0.0,2.0,2.0,0.0,2.0,0.0,0.0,0.0,1.0,0.0,1.0,0.0,1,0,2,5.0,0.0,4.0,22,1,483,0.0,4.7931745194842545e-5,0.0,0.0,0.8333333333333334,0.75,0.0,0.0,0.5,0.0,0.5,1.0,0.0,0.00072895529093352,0.0,0.0008532423208191079,1.2772314677889085e-5,0.0,0.0002664001561998431,0.01634472511144131,0.0007429420505200594
1396957901206421508,45,2,0,2,2,0,2,0,0,0,2.0,0.0,2.0,2.0,0.0,2.0,0.0,0.0,0.0,1.0,0.0,1.0,0.0,1,0,2,5.0,0.0,4.0,22,1,483,0.0,4.7931745194842545e-5,0.0,0.0,0.8333333333333334,0.75,0.0,0.0,0.5,0.0,0.5,1.0,0.0,0.00072895529093352,0.0,0.0008532423208191079,1.2772314677889085e-5,0.0,0.0002664001561998431,0.01634472511144131,0.0007429420505200594
842882665258733568,45,2,0,2,2,0,2,0,0,0,2.0,0.0,2.0,2.0,0.0,2.0,0.0,0.0,0.0,1.0,0.0,1.0,0.0,1,0,2,5.0,0.0,4.0,22,1,483,0.0,4.7931745194842545e-5,0.0,0.0,0.8333333333333334,0.75,0.0,0.0,0.5,0.0,0.5,1.0,0.0,0.00072895529093352,0.0,0.0008532423208191079,1.2772314677889085e-5,0.0,0.0002664001561998431,0.01634472511144131,0.0007429420505200594
855944034,45,2,0,2,2,0,2,0,0,0,2.0,0.0,2.0,2.0,0.0,2.0,0.0,0.0,0.0,1.0,0.0,1.0,0.0,1,0,2,5.0,0.0,4.0,22,1,483,0.0,4.7931745194842545e-5,0.0,0.0,0.8333333333333334,0.75,0.0,0.0,0.5,0.0,0.5,1.0,0.0,0.00072895529093352,0.0,0.0008532423208191079,1.2772314677889085e-5,0.0,0.0002664001561998431,0.01634472511144131,0.0007429420505200594
1457942825233190913,45,2,0,2,2,0,2,0,0,0,2.0,0.0,2.0,2.0,0.0,2.0,0.0,0.0,0.0,1.0,0.0,1.0,0.0,1,0,2,5.0,0.0,4.0,22,1,483,0.0,4.7931745194842545e-5,0.0,0.0,0.8333333333333334,0.75,0.0,0.0,0.5,0.0,0.5,1.0,0.0,0.00072895529093352,0.0,0.0008532423208191079,1.2772314677889085e-5,0.0,0.0002664001561998431,0.01634472511144131,0.0007429420505200594
920170150011080705,45,2,0,2,2,0,2,0,0,0,2.0,0.0,2.0,2.0,0.0,2.0,0.0,0.0,0.0,1.0,0.0,1.0,0.0,1,0,2,5.0,0.0,4.0,22,1,483,0.0,4.7931745194842545e-5,0.0,0.0,0.8333333333333334,0.75,0.0,0.0,0.5,0.0,0.5,1.0,0.0,0.00072895529093352,0.0,0.0008532423208191079,1.2772314677889085e-5,0.0,0.0002664001561998431,0.01634472511144131,0.0007429420505200594
1073238673779449856,45,2,0,2,2,0,2,0,0,0,2.0,0.0,2.0,2.0,0.0,2.0,0.0,0.0,0.0,1.0,0.0,1.0,0.0,1,0,2,5.0,0.0,4.0,22,1,483,0.0,4.7931745194842545e-5,0.0,0.0,0.8333333333333334,0.75,0.0,0.0,0.5,0.0,0.5,1.0,0.0,0.00072895529093352,0.0,0.0008532423208191079,1.2772314677889085e-5,0.0,0.0002664001561998431,0.01634472511144131,0.0007429420505200594
2570067865,45,2,0,2,2,0,2,0,0,0,2.0,0.0,2.0,2.0,0.0,2.0,0.0,0.0,0.0,1.0,0.0,1.0,0.0,1,0,2,5.0,0.0,4.0,22,1,483,0.0,4.7931745194842545e-5,0.0,0.0,0.8333333333333334,0.75,0.0,0.0,0.5,0.0,0.5,1.0,0.0,0.00072895529093352,0.0,0.0008532423208191079,1.2772314677889085e-5,0.0,0.0002664001561998431,0.01634472511144131,0.0007429420505200594
15193667,45,2,0,2,2,0,2,0,0,0,2.0,0.0,2.0,2.0,0.0,2.0,0.0,0.0,0.0,1.0,0.0,1.0,0.0,1,0,2,5.0,0.0,4.0,22,1,483,0.0,4.7931745194842545e-5,0.0,0.0,0.8333333333333334,0.75,0.0,0.0,0.5,0.0,0.5,1.0,0.0,0.00072895529093352,0.0,0.0008532423208191079,1.2772314677889085e-5,0.0,0.0002664001561998431,0.01634472511144131,0.0007429420505200594
60780206,45,2,0,2,2,0,2,0,0,0,2.0,0.0,2.0,2.0,0.0,2.0,0.0,0.0,0.0,1.0,0.0,1.0,0.0,1,0,2,5.0,0.0,4.0,22,1,483,0.0,4.7931745194842545e-5,0.0,0.0,0.8333333333333334,0.75,0.0,0.0,0.5,0.0,0.5,1.0,0.0,0.00072895529093352,0.0,0.0008532423208191079,1.2772314677889085e-5,0.0,0.0002664001561998431,0.01634472511144131,0.0007429420505200594
922915933,45,2,0,2,2,0,2,0,0,0,2.0,0.0,2.0,2.0,0.0,2.0,0.0,0.0,0.0,1.0,0.0,1.0,0.0,1,0,2,5.0,0.0,4.0,22,1,483,0.0,4.7931745194842545e-5,0.0,0.0,0.8333333333333334,0.75,0.0,0.0,0.5,0.0,0.5,1.0,0.0,0.00072895529093352,0.0,0.0008532423208191079,1.2772314677889085e-5,0.0,0.0002664001561998431,0.01634472511144131,0.0007429420505200594
1092891589297532929,45,2,0,2,2,0,2,0,0,0,2.0,0.0,2.0,2.0,0.0,2.0,0.0,0.0,0.0,1.0,0.0,1.0,0.0,1,0,2,5.0,0.0,4.0,22,1,483,0.0,4.7931745194842545e-5,0.0,0.0,0.8333333333333334,0.75,0.0,0.0,0.5,0.0,0.5,1.0,0.0,0.00072895529093352,0.0,0.0008532423208191079,1.2772314677889085e-5,0.0,0.0002664001561998431,0.01634472511144131,0.0007429420505200594
1493032050764353536,13,3,0,3,2,0,2,1,0,1,3.0,0.0,3.0,2.0,0.0,2.0,1.0,0.0,1.0,0.6666666666666666,0.0,0.6666666666666666,0.0,2,0,3,9.0,0.0,7.0,22,1,484,0.0,7.189761779226382e-5,0.0,0.0,0.6666666666666666,0.5555555555555556,0.0,0.0,0.6666666666666666,0.0,0.6666666666666666,1.0,0.0,0.0007490322389240079,0.0,0.000853242320819111,2.7163419451581294e-5,0.0,0.0002669517093182693,0.01634472511144131,0.0007429420505200594
392580766,13,3,0,3,2,0,2,1,0,1,3.0,0.0,3.0,2.0,0.0,2.0,1.0,0.0,1.0,0.6666666666666666,0.0,0.6666666666666666,0.0,2,0,3,9.0,0.0,7.0,22,1,484,0.0,7.189761779226382e-5,0.0,0.0,0.6666666666666666,0.5555555555555556,0.0,0.0,0.6666666666666666,0.0,0.6666666666666666,1.0,0.0,0.0007490322389240079,0.0,0.000853242320819111,2.7163419451581294e-5,0.0,0.0002669517093182693,0.01634472511144131,0.0007429420505200594
860909024266436608,13,3,0,3,2,0,2,1,0,1,3.0,0.0,3.0,2.0,0.0,2.0,1.0,0.0,1.0,0.6666666666666666,0.0,0.6666666666666666,0.0,2,0,3,9.0,0.0,7.0,22,1,484,0.0,7.189761779226382e-5,0.0,0.0,0.6666666666666666,0.5555555555555556,0.0,0.0,0.6666666666666666,0.0,0.6666666666666666,1.0,0.0,0.0007490322389240079,0.0,0.000853242320819111,2.7163419451581294e-5,0.0,0.0002669517093182693,0.01634472511144131,0.0007429420505200594
1024650949049176064,13,3,0,3,2,0,2,1,0,1,3.0,0.0,3.0,2.0,0.0,2.0,1.0,0.0,1.0,0.6666666666666666,0.0,0.6666666666666666,0.0,2,0,3,9.0,0.0,7.0,22,1,484,0.0,7.189761779226382e-5,0.0,0.0,0.6666666666666666,0.5555555555555556,0.0,0.0,0.6666666666666666,0.0,0.6666666666666666,1.0,0.0,0.0007490322389240079,0.0,0.000853242320819111,2.7163419451581294e-5,0.0,0.0002669517093182693,0.01634472511144131,0.0007429420505200594
1135159747676524544,45,2,0,2,1,0,1,1,0,1,3.0,0.0,3.0,2.0,0.0,2.0,1.0,0.0,1.0,0.5,0.0,0.6666666666666666,0.0,1,0,2,9.0,0.0,7.0,20,1,501,0.0,7.189761779226382e-5,0.0,0.0,0.8333333333333334,0.75,0.0,0.0,0.5,0.0,0.5,1.0,0.0,0.0007297608261356565,0.0,0.0008532423208191074,0.0,0.00018767088526638886,0.0002763281123315143,0.014858841010401188,0.0007429420505200594
997837603587080192,45,2,0,2,1,0,1,1,0,1,3.0,0.0,3.0,2.0,0.0,2.0,1.0,0.0,1.0,0.5,0.0,0.6666666666666666,0.0,1,0,2,9.0,0.0,7.0,20,1,501,0.0,7.189761779226382e-5,0.0,0.0,0.8333333333333334,0.75,0.0,0.0,0.5,0.0,0.5,1.0,0.0,0.0007297608261356565,0.0,0.0008532423208191074,0.0,0.00018767088526638886,0.0002763281123315143,0.014858841010401188,0.0007429420505200594
1442912069045534720,45,2,0,2,1,0,1,1,0,1,3.0,0.0,3.0,2.0,0.0,2.0,1.0,0.0,1.0,0.5,0.0,0.6666666666666666,0.0,2,0,2,9.0,0.0,7.0,19,1,559,0.0,7.189761779226382e-5,0.0,0.0,0.6666666666666666,0.5,0.0,0.0,0.5,0.0,0.5,1.0,0.0,0.0007286545072231568,0.0,0.0008532423208191074,0.0,0.00019127083172354453,0.00030831819320023253,0.01411589895988113,0.0007429420505200594
1487072185114152964,2,4,0,4,3,0,3,1,0,1,4.0,0.0,4.0,3.0,0.0,3.0,1.0,0.0,1.0,0.75,0.0,0.75,0.0,2,0,4,9.0,0.0,11.0,20,1,606,0.0,9.586349038968509e-5,0.0,0.0,0.6,0.5,0.0,0.0,0.5,0.0,0.5,0.6666666666666666,0.0,0.0007626405400874055,0.0,0.0008532423208191127,0.0,0.00011496008036682159,0.0003342411897662628,0.014858841010401188,0.0007429420505200594
525629722,45,2,0,2,1,0,1,1,0,1,3.0,0.0,3.0,2.0,0.0,2.0,1.0,0.0,1.0,0.5,0.0,0.6666666666666666,0.0,2,0,2,9.0,0.0,7.0,19,1,559,0.0,7.189761779226382e-5,0.0,0.0,0.6666666666666666,0.5,0.0,0.0,0.5,0.0,0.5,1.0,0.0,0.0007286545072231568,0.0,0.0008532423208191074,0.0,0.00019127083172354453,0.00030831819320023253,0.01411589895988113,0.0007429420505200594
35709217,45,1,0,1,1,0,1,0,0,0,1.0,0.0,1.0,1.0,0.0,1.0,0.0,0.0,0.0,1.0,0.0,1.0,0.0,1,0,1,1.0,0.0,1.0,18,1,468,0.0,2.3965872597421273e-5,0.0,0.0,1.0,1.0,0.0,0.0,0.0,0.0,0.0,0.0,0.0,0.0007244050557826087,0.0,0.0008532423208191049,6.333459135920982e-6,0.0,0.0002581268594234505,0.01337295690936107,0.0007429420505200594
1433710841715589121,45,2,0,2,1,0,1,1,0,1,3.0,0.0,3.0,2.0,0.0,2.0,1.0,0.0,1.0,0.5,0.0,0.6666666666666666,0.0,1,0,2,9.0,0.0,7.0,20,1,501,0.0,7.189761779226382e-5,0.0,0.0,0.8333333333333334,0.75,0.0,0.0,0.5,0.0,0.5,1.0,0.0,0.0007297608261356565,0.0,0.0008532423208191074,0.0,0.00018767088526638886,0.0002763281123315143,0.014858841010401188,0.0007429420505200594
1287186958524002304,45,2,0,2,1,0,1,1,0,1,3.0,0.0,3.0,2.0,0.0,2.0,1.0,0.0,1.0,0.5,0.0,0.6666666666666666,0.0,1,0,2,9.0,0.0,7.0,20,1,501,0.0,7.189761779226382e-5,0.0,0.0,0.8333333333333334,0.75,0.0,0.0,0.5,0.0,0.5,1.0,0.0,0.0007297608261356565,0.0,0.0008532423208191074,0.0,0.00018767088526638886,0.0002763281123315143,0.014858841010401188,0.0007429420505200594
118237177,2,2,0,2,1,0,1,1,0,1,2.0,0.0,2.0,1.0,0.0,1.0,1.0,0.0,1.0,0.5,0.0,0.5,0.0,2,0,2,5.0,0.0,4.0,19,1,559,0.0,4.7931745194842545e-5,0.0,0.0,0.6666666666666666,0.5,0.0,0.0,0.5,0.0,0.5,1.0,0.0,0.0007272800359873844,0.0,0.0008532423208191086,0.0,0.00017445671594135126,0.00030831819320023253,0.01411589895988113,0.0007429420505200594
227705110,2,2,0,2,1,0,1,1,0,1,2.0,0.0,2.0,1.0,0.0,1.0,1.0,0.0,1.0,0.5,0.0,0.5,0.0,2,0,2,5.0,0.0,4.0,19,1,559,0.0,4.7931745194842545e-5,0.0,0.0,0.6666666666666666,0.5,0.0,0.0,0.5,0.0,0.5,1.0,0.0,0.0007272800359873844,0.0,0.0008532423208191086,0.0,0.00017445671594135126,0.00030831819320023253,0.01411589895988113,0.0007429420505200594
145596452,45,1,0,1,1,0,1,0,0,0,1.0,0.0,1.0,1.0,0.0,1.0,0.0,0.0,0.0,1.0,0.0,1.0,0.0,1,0,1,1.0,0.0,1.0,18,1,468,0.0,2.3965872597421273e-5,0.0,0.0,1.0,1.0,0.0,0.0,0.0,0.0,0.0,0.0,0.0,0.0007244050557826087,0.0,0.0008532423208191049,6.333459135920982e-6,0.0,0.0002581268594234505,0.01337295690936107,0.0007429420505200594
1372492949506887680,45,1,0,1,1,0,1,0,0,0,1.0,0.0,1.0,1.0,0.0,1.0,0.0,0.0,0.0,1.0,0.0,1.0,0.0,1,0,1,1.0,0.0,1.0,18,1,468,0.0,2.3965872597421273e-5,0.0,0.0,1.0,1.0,0.0,0.0,0.0,0.0,0.0,0.0,0.0,0.0007244050557826087,0.0,0.0008532423208191049,6.333459135920982e-6,0.0,0.0002581268594234505,0.01337295690936107,0.0007429420505200594
1849402009,45,1,0,1,1,0,1,0,0,0,1.0,0.0,1.0,1.0,0.0,1.0,0.0,0.0,0.0,1.0,0.0,1.0,0.0,1,0,1,1.0,0.0,1.0,18,1,468,0.0,2.3965872597421273e-5,0.0,0.0,1.0,1.0,0.0,0.0,0.0,0.0,0.0,0.0,0.0,0.0007244050557826087,0.0,0.0008532423208191049,6.333459135920982e-6,0.0,0.0002581268594234505,0.01337295690936107,0.0007429420505200594
1119097371827159040,45,1,0,1,1,0,1,0,0,0,1.0,0.0,1.0,1.0,0.0,1.0,0.0,0.0,0.0,1.0,0.0,1.0,0.0,1,0,1,1.0,0.0,1.0,18,1,468,0.0,2.3965872597421273e-5,0.0,0.0,1.0,1.0,0.0,0.0,0.0,0.0,0.0,0.0,0.0,0.0007244050557826087,0.0,0.0008532423208191049,6.333459135920982e-6,0.0,0.0002581268594234505,0.01337295690936107,0.0007429420505200594
1224408214156070913,1,2,0,2,1,0,1,1,0,1,2.0,0.0,2.0,1.0,0.0,1.0,1.0,0.0,1.0,0.5,0.0,0.5,0.0,1,0,2,5.0,0.0,4.0,20,1,501,0.0,4.7931745194842545e-5,0.0,0.0,0.8333333333333334,0.75,0.0,0.0,0.5,0.0,0.5,1.0,0.0,0.0007283863548998839,0.0,0.0008532423208191086,0.0,0.00016366167063908144,0.0002763281123315143,0.014858841010401188,0.0007429420505200594
1895179555,2,5,0,5,4,0,4,1,0,1,5.0,0.0,5.0,4.0,0.0,4.0,1.0,0.0,1.0,0.8,0.0,0.8,0.0,2,0,5,14.0,0.0,14.0,20,1,639,0.0,0.00011982936298710636,0.0,0.0,0.6,0.52,0.0,0.0,0.55,0.0,0.55,0.7,0.0,0.0007655155202921811,0.0,0.0008532423208191126,0.0,8.502222759543265e-5,0.0003524424426743266,0.014858841010401188,0.0007429420505200594
2506235305,45,1,0,1,1,0,1,0,0,0,1.0,0.0,1.0,1.0,0.0,1.0,0.0,0.0,0.0,1.0,0.0,1.0,0.0,1,0,1,1.0,0.0,1.0,18,1,468,0.0,2.3965872597421273e-5,0.0,0.0,1.0,1.0,0.0,0.0,0.0,0.0,0.0,0.0,0.0,0.0007244050557826087,0.0,0.0008532423208191049,6.333459135920982e-6,0.0,0.0002581268594234505,0.01337295690936107,0.0007429420505200594
1717666478,45,1,0,1,1,0,1,0,0,0,1.0,0.0,1.0,1.0,0.0,1.0,0.0,0.0,0.0,1.0,0.0,1.0,0.0,1,0,1,1.0,0.0,1.0,18,1,468,0.0,2.3965872597421273e-5,0.0,0.0,1.0,1.0,0.0,0.0,0.0,0.0,0.0,0.0,0.0,0.0007244050557826087,0.0,0.0008532423208191049,6.333459135920982e-6,0.0,0.0002581268594234505,0.01337295690936107,0.0007429420505200594
1377727969867747331,1,2,0,2,1,0,1,1,0,1,2.0,0.0,2.0,1.0,0.0,1.0,1.0,0.0,1.0,0.5,0.0,0.5,0.0,1,0,2,5.0,0.0,4.0,20,1,501,0.0,4.7931745194842545e-5,0.0,0.0,0.8333333333333334,0.75,0.0,0.0,0.5,0.0,0.5,1.0,0.0,0.0007283863548998839,0.0,0.0008532423208191086,0.0,0.00016366167063908144,0.0002763281123315143,0.014858841010401188,0.0007429420505200594
221022215,45,2,0,2,1,0,1,1,0,1,3.0,0.0,3.0,2.0,0.0,2.0,1.0,0.0,1.0,0.5,0.0,0.6666666666666666,0.0,1,0,2,9.0,0.0,7.0,20,1,501,0.0,7.189761779226382e-5,0.0,0.0,0.8333333333333334,0.75,0.0,0.0,0.5,0.0,0.5,1.0,0.0,0.0007297608261356565,0.0,0.0008532423208191074,0.0,0.00018767088526638886,0.0002763281123315143,0.014858841010401188,0.0007429420505200594
1480164071328858115,45,2,0,2,1,0,1,1,0,1,3.0,0.0,3.0,2.0,0.0,2.0,1.0,0.0,1.0,0.5,0.0,0.6666666666666666,0.0,1,0,2,9.0,0.0,7.0,20,1,501,0.0,7.189761779226382e-5,0.0,0.0,0.8333333333333334,0.75,0.0,0.0,0.5,0.0,0.5,1.0,0.0,0.0007297608261356565,0.0,0.0008532423208191074,0.0,0.00018767088526638886,0.0002763281123315143,0.014858841010401188,0.0007429420505200594
2325694279,1,2,0,2,1,0,1,1,0,1,2.0,0.0,2.0,1.0,0.0,1.0,1.0,0.0,1.0,0.5,0.0,0.5,0.0,1,0,2,5.0,0.0,4.0,20,1,501,0.0,4.7931745194842545e-5,0.0,0.0,0.8333333333333334,0.75,0.0,0.0,0.5,0.0,0.5,1.0,0.0,0.0007283863548998839,0.0,0.0008532423208191086,0.0,0.00016366167063908144,0.0002763281123315143,0.014858841010401188,0.0007429420505200594
1287784028934795265,45,1,0,1,1,0,1,0,0,0,1.0,0.0,1.0,1.0,0.0,1.0,0.0,0.0,0.0,1.0,0.0,1.0,0.0,1,0,1,1.0,0.0,1.0,18,1,468,0.0,2.3965872597421273e-5,0.0,0.0,1.0,1.0,0.0,0.0,0.0,0.0,0.0,0.0,0.0,0.0007244050557826087,0.0,0.0008532423208191049,6.333459135920982e-6,0.0,0.0002581268594234505,0.01337295690936107,0.0007429420505200594
1511125720503881736,45,1,0,1,1,0,1,0,0,0,1.0,0.0,1.0,1.0,0.0,1.0,0.0,0.0,0.0,1.0,0.0,1.0,0.0,1,0,1,1.0,0.0,1.0,18,1,468,0.0,2.3965872597421273e-5,0.0,0.0,1.0,1.0,0.0,0.0,0.0,0.0,0.0,0.0,0.0,0.0007244050557826087,0.0,0.0008532423208191049,6.333459135920982e-6,0.0,0.0002581268594234505,0.01337295690936107,0.0007429420505200594
453094013,45,1,0,1,1,0,1,0,0,0,1.0,0.0,1.0,1.0,0.0,1.0,0.0,0.0,0.0,1.0,0.0,1.0,0.0,1,0,1,1.0,0.0,1.0,18,1,468,0.0,2.3965872597421273e-5,0.0,0.0,1.0,1.0,0.0,0.0,0.0,0.0,0.0,0.0,0.0,0.0007244050557826087,0.0,0.0008532423208191049,6.333459135920982e-6,0.0,0.0002581268594234505,0.01337295690936107,0.0007429420505200594
1209804661038841859,45,1,0,1,1,0,1,0,0,0,1.0,0.0,1.0,1.0,0.0,1.0,0.0,0.0,0.0,1.0,0.0,1.0,0.0,1,0,1,1.0,0.0,1.0,18,1,468,0.0,2.3965872597421273e-5,0.0,0.0,1.0,1.0,0.0,0.0,0.0,0.0,0.0,0.0,0.0,0.0007244050557826087,0.0,0.0008532423208191049,6.333459135920982e-6,0.0,0.0002581268594234505,0.01337295690936107,0.0007429420505200594
845981933754499072,45,1,0,1,1,0,1,0,0,0,1.0,0.0,1.0,1.0,0.0,1.0,0.0,0.0,0.0,1.0,0.0,1.0,0.0,1,0,1,1.0,0.0,1.0,18,1,468,0.0,2.3965872597421273e-5,0.0,0.0,1.0,1.0,0.0,0.0,0.0,0.0,0.0,0.0,0.0,0.0007244050557826087,0.0,0.0008532423208191049,6.333459135920982e-6,0.0,0.0002581268594234505,0.01337295690936107,0.0007429420505200594
1044091703584448512,45,1,0,1,1,0,1,0,0,0,1.0,0.0,1.0,1.0,0.0,1.0,0.0,0.0,0.0,1.0,0.0,1.0,0.0,1,0,1,1.0,0.0,1.0,18,1,468,0.0,2.3965872597421273e-5,0.0,0.0,1.0,1.0,0.0,0.0,0.0,0.0,0.0,0.0,0.0,0.0007244050557826087,0.0,0.0008532423208191049,6.333459135920982e-6,0.0,0.0002581268594234505,0.01337295690936107,0.0007429420505200594
1309854699965706240,45,1,0,1,1,0,1,0,0,0,1.0,0.0,1.0,1.0,0.0,1.0,0.0,0.0,0.0,1.0,0.0,1.0,0.0,1,0,1,1.0,0.0,1.0,18,1,468,0.0,2.3965872597421273e-5,0.0,0.0,1.0,1.0,0.0,0.0,0.0,0.0,0.0,0.0,0.0,0.0007244050557826087,0.0,0.0008532423208191049,6.333459135920982e-6,0.0,0.0002581268594234505,0.01337295690936107,0.0007429420505200594
549217350,45,2,0,2,1,0,1,1,0,1,3.0,0.0,3.0,2.0,0.0,2.0,1.0,0.0,1.0,0.5,0.0,0.6666666666666666,0.0,1,0,2,9.0,0.0,7.0,20,1,501,0.0,7.189761779226382e-5,0.0,0.0,0.8333333333333334,0.75,0.0,0.0,0.5,0.0,0.5,1.0,0.0,0.0007297608261356565,0.0,0.0008532423208191074,0.0,0.00018767088526638886,0.0002763281123315143,0.014858841010401188,0.0007429420505200594
754527301077831680,45,1,0,1,1,0,1,0,0,0,1.0,0.0,1.0,1.0,0.0,1.0,0.0,0.0,0.0,1.0,0.0,1.0,0.0,1,0,1,1.0,0.0,1.0,18,1,468,0.0,2.3965872597421273e-5,0.0,0.0,1.0,1.0,0.0,0.0,0.0,0.0,0.0,0.0,0.0,0.0007244050557826087,0.0,0.0008532423208191049,6.333459135920982e-6,0.0,0.0002581268594234505,0.01337295690936107,0.0007429420505200594
1260756738615070721,45,1,0,1,1,0,1,0,0,0,1.0,0.0,1.0,1.0,0.0,1.0,0.0,0.0,0.0,1.0,0.0,1.0,0.0,1,0,1,1.0,0.0,1.0,18,1,468,0.0,2.3965872597421273e-5,0.0,0.0,1.0,1.0,0.0,0.0,0.0,0.0,0.0,0.0,0.0,0.0007244050557826087,0.0,0.0008532423208191049,6.333459135920982e-6,0.0,0.0002581268594234505,0.01337295690936107,0.0007429420505200594
1041603684637917185,45,1,0,1,1,0,1,0,0,0,1.0,0.0,1.0,1.0,0.0,1.0,0.0,0.0,0.0,1.0,0.0,1.0,0.0,1,0,1,1.0,0.0,1.0,18,1,468,0.0,2.3965872597421273e-5,0.0,0.0,1.0,1.0,0.0,0.0,0.0,0.0,0.0,0.0,0.0,0.0007244050557826087,0.0,0.0008532423208191049,6.333459135920982e-6,0.0,0.0002581268594234505,0.01337295690936107,0.0007429420505200594
730107217014341632,45,1,0,1,1,0,1,0,0,0,1.0,0.0,1.0,1.0,0.0,1.0,0.0,0.0,0.0,1.0,0.0,1.0,0.0,1,0,1,1.0,0.0,1.0,18,1,468,0.0,2.3965872597421273e-5,0.0,0.0,1.0,1.0,0.0,0.0,0.0,0.0,0.0,0.0,0.0,0.0007244050557826087,0.0,0.0008532423208191049,6.333459135920982e-6,0.0,0.0002581268594234505,0.01337295690936107,0.0007429420505200594
1320948354008838145,1,2,0,2,1,0,1,1,0,1,2.0,0.0,2.0,1.0,0.0,1.0,1.0,0.0,1.0,0.5,0.0,0.5,0.0,1,0,2,5.0,0.0,4.0,20,1,501,0.0,4.7931745194842545e-5,0.0,0.0,0.8333333333333334,0.75,0.0,0.0,0.5,0.0,0.5,1.0,0.0,0.0007283863548998839,0.0,0.0008532423208191086,0.0,0.00016366167063908144,0.0002763281123315143,0.014858841010401188,0.0007429420505200594
493675962,45,1,0,1,1,0,1,0,0,0,1.0,0.0,1.0,1.0,0.0,1.0,0.0,0.0,0.0,1.0,0.0,1.0,0.0,1,0,1,1.0,0.0,1.0,18,1,468,0.0,2.3965872597421273e-5,0.0,0.0,1.0,1.0,0.0,0.0,0.0,0.0,0.0,0.0,0.0,0.0007244050557826087,0.0,0.0008532423208191049,6.333459135920982e-6,0.0,0.0002581268594234505,0.01337295690936107,0.0007429420505200594
3804356595,45,1,0,1,1,0,1,0,0,0,1.0,0.0,1.0,1.0,0.0,1.0,0.0,0.0,0.0,1.0,0.0,1.0,0.0,1,0,1,1.0,0.0,1.0,18,1,468,0.0,2.3965872597421273e-5,0.0,0.0,1.0,1.0,0.0,0.0,0.0,0.0,0.0,0.0,0.0,0.0007244050557826087,0.0,0.0008532423208191049,6.333459135920982e-6,0.0,0.0002581268594234505,0.01337295690936107,0.0007429420505200594
1014153209433055233,45,1,0,1,1,0,1,0,0,0,1.0,0.0,1.0,1.0,0.0,1.0,0.0,0.0,0.0,1.0,0.0,1.0,0.0,1,0,1,1.0,0.0,1.0,18,1,468,0.0,2.3965872597421273e-5,0.0,0.0,1.0,1.0,0.0,0.0,0.0,0.0,0.0,0.0,0.0,0.0007244050557826087,0.0,0.0008532423208191049,6.333459135920982e-6,0.0,0.0002581268594234505,0.01337295690936107,0.0007429420505200594
781926224,45,1,0,1,1,0,1,0,0,0,1.0,0.0,1.0,1.0,0.0,1.0,0.0,0.0,0.0,1.0,0.0,1.0,0.0,1,0,1,1.0,0.0,1.0,18,1,468,0.0,2.3965872597421273e-5,0.0,0.0,1.0,1.0,0.0,0.0,0.0,0.0,0.0,0.0,0.0,0.0007244050557826087,0.0,0.0008532423208191049,6.333459135920982e-6,0.0,0.0002581268594234505,0.01337295690936107,0.0007429420505200594
1505994715044487173,45,1,0,1,1,0,1,0,0,0,1.0,0.0,1.0,1.0,0.0,1.0,0.0,0.0,0.0,1.0,0.0,1.0,0.0,1,0,1,1.0,0.0,1.0,18,1,468,0.0,2.3965872597421273e-5,0.0,0.0,1.0,1.0,0.0,0.0,0.0,0.0,0.0,0.0,0.0,0.0007244050557826087,0.0,0.0008532423208191049,6.333459135920982e-6,0.0,0.0002581268594234505,0.01337295690936107,0.0007429420505200594
1691235944,45,1,0,1,1,0,1,0,0,0,1.0,0.0,1.0,1.0,0.0,1.0,0.0,0.0,0.0,1.0,0.0,1.0,0.0,1,0,1,1.0,0.0,1.0,18,1,468,0.0,2.3965872597421273e-5,0.0,0.0,1.0,1.0,0.0,0.0,0.0,0.0,0.0,0.0,0.0,0.0007244050557826087,0.0,0.0008532423208191049,6.333459135920982e-6,0.0,0.0002581268594234505,0.01337295690936107,0.0007429420505200594
1484858918329360387,45,1,0,1,1,0,1,0,0,0,1.0,0.0,1.0,1.0,0.0,1.0,0.0,0.0,0.0,1.0,0.0,1.0,0.0,1,0,1,1.0,0.0,1.0,18,1,468,0.0,2.3965872597421273e-5,0.0,0.0,1.0,1.0,0.0,0.0,0.0,0.0,0.0,0.0,0.0,0.0007244050557826087,0.0,0.0008532423208191049,6.333459135920982e-6,0.0,0.0002581268594234505,0.01337295690936107,0.0007429420505200594
967490341,45,1,0,1,1,0,1,0,0,0,1.0,0.0,1.0,1.0,0.0,1.0,0.0,0.0,0.0,1.0,0.0,1.0,0.0,1,0,1,1.0,0.0,1.0,18,1,468,0.0,2.3965872597421273e-5,0.0,0.0,1.0,1.0,0.0,0.0,0.0,0.0,0.0,0.0,0.0,0.0007244050557826087,0.0,0.0008532423208191049,6.333459135920982e-6,0.0,0.0002581268594234505,0.01337295690936107,0.0007429420505200594
783095775781908480,45,1,0,1,1,0,1,0,0,0,1.0,0.0,1.0,1.0,0.0,1.0,0.0,0.0,0.0,1.0,0.0,1.0,0.0,1,0,1,1.0,0.0,1.0,18,1,468,0.0,2.3965872597421273e-5,0.0,0.0,1.0,1.0,0.0,0.0,0.0,0.0,0.0,0.0,0.0,0.0007244050557826087,0.0,0.0008532423208191049,6.333459135920982e-6,0.0,0.0002581268594234505,0.01337295690936107,0.0007429420505200594
726513218,45,1,0,1,1,0,1,0,0,0,1.0,0.0,1.0,1.0,0.0,1.0,0.0,0.0,0.0,1.0,0.0,1.0,0.0,1,0,1,1.0,0.0,1.0,18,1,468,0.0,2.3965872597421273e-5,0.0,0.0,1.0,1.0,0.0,0.0,0.0,0.0,0.0,0.0,0.0,0.0007244050557826087,0.0,0.0008532423208191049,6.333459135920982e-6,0.0,0.0002581268594234505,0.01337295690936107,0.0007429420505200594
1441266898931380229,45,1,0,1,1,0,1,0,0,0,1.0,0.0,1.0,1.0,0.0,1.0,0.0,0.0,0.0,1.0,0.0,1.0,0.0,1,0,1,1.0,0.0,1.0,18,1,468,0.0,2.3965872597421273e-5,0.0,0.0,1.0,1.0,0.0,0.0,0.0,0.0,0.0,0.0,0.0,0.0007244050557826087,0.0,0.0008532423208191049,6.333459135920982e-6,0.0,0.0002581268594234505,0.01337295690936107,0.0007429420505200594
1437049280657862658,1,2,0,2,1,0,1,1,0,1,2.0,0.0,2.0,1.0,0.0,1.0,1.0,0.0,1.0,0.5,0.0,0.5,0.0,1,0,2,5.0,0.0,4.0,20,1,501,0.0,4.7931745194842545e-5,0.0,0.0,0.8333333333333334,0.75,0.0,0.0,0.5,0.0,0.5,1.0,0.0,0.0007283863548998839,0.0,0.0008532423208191086,0.0,0.00016366167063908144,0.0002763281123315143,0.014858841010401188,0.0007429420505200594
1088494668357214208,45,1,0,1,1,0,1,0,0,0,1.0,0.0,1.0,1.0,0.0,1.0,0.0,0.0,0.0,1.0,0.0,1.0,0.0,1,0,1,1.0,0.0,1.0,18,1,468,0.0,2.3965872597421273e-5,0.0,0.0,1.0,1.0,0.0,0.0,0.0,0.0,0.0,0.0,0.0,0.0007244050557826087,0.0,0.0008532423208191049,6.333459135920982e-6,0.0,0.0002581268594234505,0.01337295690936107,0.0007429420505200594
1100416763613696001,1,2,0,2,1,0,1,1,0,1,2.0,0.0,2.0,1.0,0.0,1.0,1.0,0.0,1.0,0.5,0.0,0.5,0.0,1,0,2,5.0,0.0,4.0,20,1,501,0.0,4.7931745194842545e-5,0.0,0.0,0.8333333333333334,0.75,0.0,0.0,0.5,0.0,0.5,1.0,0.0,0.0007283863548998839,0.0,0.0008532423208191086,0.0,0.00016366167063908144,0.0002763281123315143,0.014858841010401188,0.0007429420505200594
104691861,1,2,0,2,1,0,1,1,0,1,2.0,0.0,2.0,1.0,0.0,1.0,1.0,0.0,1.0,0.5,0.0,0.5,0.0,1,0,2,5.0,0.0,4.0,20,1,501,0.0,4.7931745194842545e-5,0.0,0.0,0.8333333333333334,0.75,0.0,0.0,0.5,0.0,0.5,1.0,0.0,0.0007283863548998839,0.0,0.0008532423208191086,0.0,0.00016366167063908144,0.0002763281123315143,0.014858841010401188,0.0007429420505200594
784386616810885121,45,1,0,1,1,0,1,0,0,0,1.0,0.0,1.0,1.0,0.0,1.0,0.0,0.0,0.0,1.0,0.0,1.0,0.0,1,0,1,1.0,0.0,1.0,18,1,468,0.0,2.3965872597421273e-5,0.0,0.0,1.0,1.0,0.0,0.0,0.0,0.0,0.0,0.0,0.0,0.0007244050557826087,0.0,0.0008532423208191049,6.333459135920982e-6,0.0,0.0002581268594234505,0.01337295690936107,0.0007429420505200594
819910983028064256,45,1,0,1,1,0,1,0,0,0,1.0,0.0,1.0,1.0,0.0,1.0,0.0,0.0,0.0,1.0,0.0,1.0,0.0,1,0,1,1.0,0.0,1.0,18,1,468,0.0,2.3965872597421273e-5,0.0,0.0,1.0,1.0,0.0,0.0,0.0,0.0,0.0,0.0,0.0,0.0007244050557826087,0.0,0.0008532423208191049,6.333459135920982e-6,0.0,0.0002581268594234505,0.01337295690936107,0.0007429420505200594
1506817627070423043,1,2,0,2,1,0,1,1,0,1,2.0,0.0,2.0,1.0,0.0,1.0,1.0,0.0,1.0,0.5,0.0,0.5,0.0,1,0,2,5.0,0.0,4.0,20,1,501,0.0,4.7931745194842545e-5,0.0,0.0,0.8333333333333334,0.75,0.0,0.0,0.5,0.0,0.5,1.0,0.0,0.0007283863548998839,0.0,0.0008532423208191086,0.0,0.00016366167063908144,0.0002763281123315143,0.014858841010401188,0.0007429420505200594
3436260869,45,1,0,1,1,0,1,0,0,0,1.0,0.0,1.0,1.0,0.0,1.0,0.0,0.0,0.0,1.0,0.0,1.0,0.0,1,0,1,1.0,0.0,1.0,18,1,468,0.0,2.3965872597421273e-5,0.0,0.0,1.0,1.0,0.0,0.0,0.0,0.0,0.0,0.0,0.0,0.0007244050557826087,0.0,0.0008532423208191049,6.333459135920982e-6,0.0,0.0002581268594234505,0.01337295690936107,0.0007429420505200594
828123709495840770,45,1,0,1,1,0,1,0,0,0,1.0,0.0,1.0,1.0,0.0,1.0,0.0,0.0,0.0,1.0,0.0,1.0,0.0,1,0,1,1.0,0.0,1.0,18,1,468,0.0,2.3965872597421273e-5,0.0,0.0,1.0,1.0,0.0,0.0,0.0,0.0,0.0,0.0,0.0,0.0007244050557826087,0.0,0.0008532423208191049,6.333459135920982e-6,0.0,0.0002581268594234505,0.01337295690936107,0.0007429420505200594
2410659768,1,2,0,2,1,0,1,1,0,1,2.0,0.0,2.0,1.0,0.0,1.0,1.0,0.0,1.0,0.5,0.0,0.5,0.0,1,0,2,5.0,0.0,4.0,20,1,501,0.0,4.7931745194842545e-5,0.0,0.0,0.8333333333333334,0.75,0.0,0.0,0.5,0.0,0.5,1.0,0.0,0.0007283863548998839,0.0,0.0008532423208191086,0.0,0.00016366167063908144,0.0002763281123315143,0.014858841010401188,0.0007429420505200594
15691729,45,1,0,1,1,0,1,0,0,0,1.0,0.0,1.0,1.0,0.0,1.0,0.0,0.0,0.0,1.0,0.0,1.0,0.0,1,0,1,1.0,0.0,1.0,18,1,468,0.0,2.3965872597421273e-5,0.0,0.0,1.0,1.0,0.0,0.0,0.0,0.0,0.0,0.0,0.0,0.0007244050557826087,0.0,0.0008532423208191049,6.333459135920982e-6,0.0,0.0002581268594234505,0.01337295690936107,0.0007429420505200594
1075888255890001920,45,1,0,1,1,0,1,0,0,0,1.0,0.0,1.0,1.0,0.0,1.0,0.0,0.0,0.0,1.0,0.0,1.0,0.0,1,0,1,1.0,0.0,1.0,18,1,468,0.0,2.3965872597421273e-5,0.0,0.0,1.0,1.0,0.0,0.0,0.0,0.0,0.0,0.0,0.0,0.0007244050557826087,0.0,0.0008532423208191049,6.333459135920982e-6,0.0,0.0002581268594234505,0.01337295690936107,0.0007429420505200594
1421547837117108226,45,2,0,2,1,0,1,1,0,1,3.0,0.0,3.0,2.0,0.0,2.0,1.0,0.0,1.0,0.5,0.0,0.6666666666666666,0.0,2,0,2,9.0,0.0,7.0,19,1,559,0.0,7.189761779226382e-5,0.0,0.0,0.6666666666666666,0.5,0.0,0.0,0.5,0.0,0.5,1.0,0.0,0.0007286545072231568,0.0,0.0008532423208191074,0.0,0.00019127083172354453,0.00030831819320023253,0.01411589895988113,0.0007429420505200594
372449148,45,1,0,1,1,0,1,0,0,0,1.0,0.0,1.0,1.0,0.0,1.0,0.0,0.0,0.0,1.0,0.0,1.0,0.0,1,0,1,1.0,0.0,1.0,18,1,468,0.0,2.3965872597421273e-5,0.0,0.0,1.0,1.0,0.0,0.0,0.0,0.0,0.0,0.0,0.0,0.0007244050557826087,0.0,0.0008532423208191049,6.333459135920982e-6,0.0,0.0002581268594234505,0.01337295690936107,0.0007429420505200594
1492624686584373253,45,2,0,2,1,0,1,1,0,1,3.0,0.0,3.0,2.0,0.0,2.0,1.0,0.0,1.0,0.5,0.0,0.6666666666666666,0.0,1,0,2,9.0,0.0,7.0,20,1,501,0.0,7.189761779226382e-5,0.0,0.0,0.8333333333333334,0.75,0.0,0.0,0.5,0.0,0.5,1.0,0.0,0.0007297608261356565,0.0,0.0008532423208191074,0.0,0.00018767088526638886,0.0002763281123315143,0.014858841010401188,0.0007429420505200594
203757008,45,1,0,1,1,0,1,0,0,0,1.0,0.0,1.0,1.0,0.0,1.0,0.0,0.0,0.0,1.0,0.0,1.0,0.0,1,0,1,1.0,0.0,1.0,18,1,468,0.0,2.3965872597421273e-5,0.0,0.0,1.0,1.0,0.0,0.0,0.0,0.0,0.0,0.0,0.0,0.0007244050557826087,0.0,0.0008532423208191049,6.333459135920982e-6,0.0,0.0002581268594234505,0.01337295690936107,0.0007429420505200594
336333450,45,2,0,2,1,0,1,1,0,1,3.0,0.0,3.0,2.0,0.0,2.0,1.0,0.0,1.0,0.5,0.0,0.6666666666666666,0.0,2,0,2,9.0,0.0,7.0,19,1,523,0.0,7.189761779226382e-5,0.0,0.0,1.0,1.0,0.0,0.0,1.0,0.0,1.0,1.0,0.0,0.0007307064546034406,0.0,0.0008532423208191079,0.0,0.00019127083172354453,0.0002884622809368902,0.01411589895988113,0.0007429420505200594
937502158676742145,45,1,0,1,1,0,1,0,0,0,1.0,0.0,1.0,1.0,0.0,1.0,0.0,0.0,0.0,1.0,0.0,1.0,0.0,1,0,1,1.0,0.0,1.0,18,1,468,0.0,2.3965872597421273e-5,0.0,0.0,1.0,1.0,0.0,0.0,0.0,0.0,0.0,0.0,0.0,0.0007244050557826087,0.0,0.0008532423208191049,6.333459135920982e-6,0.0,0.0002581268594234505,0.01337295690936107,0.0007429420505200594
756070071630434305,2,4,0,4,3,0,3,1,0,1,4.0,0.0,4.0,3.0,0.0,3.0,1.0,0.0,1.0,0.75,0.0,0.75,0.0,2,0,4,14.0,0.0,11.0,20,1,639,0.0,9.586349038968509e-5,0.0,0.0,0.75,0.6875,0.0,0.0,0.75,0.0,0.75,0.8333333333333334,0.0,0.0007352303988161945,0.0,0.0008532423208191119,0.0,0.00011496008036682159,0.0003524424426743266,0.014858841010401188,0.0007429420505200594
1498015223424471041,2,2,0,2,1,0,1,1,0,1,2.0,0.0,2.0,1.0,0.0,1.0,1.0,0.0,1.0,0.5,0.0,0.5,0.0,2,0,2,5.0,0.0,4.0,19,1,559,0.0,4.7931745194842545e-5,0.0,0.0,0.6666666666666666,0.5,0.0,0.0,0.5,0.0,0.5,1.0,0.0,0.0007272800359873844,0.0,0.0008532423208191086,0.0,0.00017445671594135126,0.00030831819320023253,0.01411589895988113,0.0007429420505200594
273819343,13,3,0,3,1,0,1,2,0,2,4.0,0.0,4.0,1.0,0.0,1.0,3.0,0.0,3.0,0.3333333333333333,0.0,0.25,0.0,2,0,3,14.0,0.0,11.0,21,1,562,0.0,9.586349038968509e-5,0.0,0.0,0.6666666666666666,0.5555555555555556,0.0,0.0,0.5625,0.0,0.5625,0.75,0.0,0.0007580329940323744,0.0,0.0008532423208191091,0.0,0.000361007040674044,0.00030997285255551104,0.015601783060921248,0.0007429420505200594
3431122335,1,5,0,5,3,0,3,2,0,2,5.0,0.0,5.0,3.0,0.0,3.0,2.0,0.0,2.0,0.6,0.0,0.6,0.0,1,0,5,15.0,0.0,14.0,24,1,553,0.0,0.00011982936298710636,0.0,0.0,0.4666666666666667,0.36,0.0,0.0,0.3,0.0,0.3,0.6,0.0,0.0007612096007347446,0.0,0.0008532423208191117,0.0,0.00029021845003274205,0.0003050088744896755,0.017830609212481426,0.0007429420505200594
1018440351135092736,2,3,0,3,1,0,1,2,0,2,4.0,0.0,4.0,1.0,0.0,1.0,3.0,0.0,3.0,0.3333333333333333,0.0,0.25,0.0,2,0,3,14.0,0.0,11.0,21,1,554,0.0,9.586349038968509e-5,0.0,0.0,0.75,0.6666666666666666,0.0,0.0,0.5625,0.0,0.5625,0.75,0.0,0.0007346877537207157,0.0,0.000853242320819109,0.0,0.0003918077583031643,0.0003055604276081017,0.015601783060921248,0.0007429420505200594
1381515069071106049,45,2,0,2,1,0,1,1,0,1,3.0,0.0,3.0,2.0,0.0,2.0,1.0,0.0,1.0,0.5,0.0,0.6666666666666666,0.0,2,0,2,9.0,0.0,7.0,19,1,559,0.0,7.189761779226382e-5,0.0,0.0,0.6666666666666666,0.5,0.0,0.0,0.5,0.0,0.5,1.0,0.0,0.0007286545072231568,0.0,0.0008532423208191074,0.0,0.00019127083172354453,0.00030831819320023253,0.01411589895988113,0.0007429420505200594
1318166756,45,1,0,1,1,0,1,0,0,0,1.0,0.0,1.0,1.0,0.0,1.0,0.0,0.0,0.0,1.0,0.0,1.0,0.0,1,0,1,1.0,0.0,1.0,18,1,468,0.0,2.3965872597421273e-5,0.0,0.0,1.0,1.0,0.0,0.0,0.0,0.0,0.0,0.0,0.0,0.0007244050557826087,0.0,0.0008532423208191049,6.333459135920982e-6,0.0,0.0002581268594234505,0.01337295690936107,0.0007429420505200594
137521303,2,2,0,2,1,0,1,1,0,1,2.0,0.0,2.0,1.0,0.0,1.0,1.0,0.0,1.0,0.5,0.0,0.5,0.0,2,0,2,5.0,0.0,4.0,19,1,559,0.0,4.7931745194842545e-5,0.0,0.0,0.6666666666666666,0.5,0.0,0.0,0.5,0.0,0.5,1.0,0.0,0.0007272800359873844,0.0,0.0008532423208191086,0.0,0.00017445671594135126,0.00030831819320023253,0.01411589895988113,0.0007429420505200594
2570653935,45,1,0,1,1,0,1,0,0,0,1.0,0.0,1.0,1.0,0.0,1.0,0.0,0.0,0.0,1.0,0.0,1.0,0.0,1,0,1,1.0,0.0,1.0,18,1,468,0.0,2.3965872597421273e-5,0.0,0.0,1.0,1.0,0.0,0.0,0.0,0.0,0.0,0.0,0.0,0.0007244050557826087,0.0,0.0008532423208191049,6.333459135920982e-6,0.0,0.0002581268594234505,0.01337295690936107,0.0007429420505200594
866689532,45,1,0,1,1,0,1,0,0,0,1.0,0.0,1.0,1.0,0.0,1.0,0.0,0.0,0.0,1.0,0.0,1.0,0.0,1,0,1,1.0,0.0,1.0,18,1,468,0.0,2.3965872597421273e-5,0.0,0.0,1.0,1.0,0.0,0.0,0.0,0.0,0.0,0.0,0.0,0.0007244050557826087,0.0,0.0008532423208191049,6.333459135920982e-6,0.0,0.0002581268594234505,0.01337295690936107,0.0007429420505200594
614610446,45,1,0,1,1,0,1,0,0,0,1.0,0.0,1.0,1.0,0.0,1.0,0.0,0.0,0.0,1.0,0.0,1.0,0.0,1,0,1,1.0,0.0,1.0,18,1,468,0.0,2.3965872597421273e-5,0.0,0.0,1.0,1.0,0.0,0.0,0.0,0.0,0.0,0.0,0.0,0.0007244050557826087,0.0,0.0008532423208191049,6.333459135920982e-6,0.0,0.0002581268594234505,0.01337295690936107,0.0007429420505200594
1496678751043825667,45,1,0,1,1,0,1,0,0,0,1.0,0.0,1.0,1.0,0.0,1.0,0.0,0.0,0.0,1.0,0.0,1.0,0.0,1,0,1,1.0,0.0,1.0,18,1,468,0.0,2.3965872597421273e-5,0.0,0.0,1.0,1.0,0.0,0.0,0.0,0.0,0.0,0.0,0.0,0.0007244050557826087,0.0,0.0008532423208191049,6.333459135920982e-6,0.0,0.0002581268594234505,0.01337295690936107,0.0007429420505200594
1344427314,45,1,0,1,1,0,1,0,0,0,1.0,0.0,1.0,1.0,0.0,1.0,0.0,0.0,0.0,1.0,0.0,1.0,0.0,1,0,1,1.0,0.0,1.0,18,1,468,0.0,2.3965872597421273e-5,0.0,0.0,1.0,1.0,0.0,0.0,0.0,0.0,0.0,0.0,0.0,0.0007244050557826087,0.0,0.0008532423208191049,6.333459135920982e-6,0.0,0.0002581268594234505,0.01337295690936107,0.0007429420505200594
1065376343703965698,45,1,0,1,1,0,1,0,0,0,1.0,0.0,1.0,1.0,0.0,1.0,0.0,0.0,0.0,1.0,0.0,1.0,0.0,1,0,1,1.0,0.0,1.0,18,1,468,0.0,2.3965872597421273e-5,0.0,0.0,1.0,1.0,0.0,0.0,0.0,0.0,0.0,0.0,0.0,0.0007244050557826087,0.0,0.0008532423208191049,6.333459135920982e-6,0.0,0.0002581268594234505,0.01337295690936107,0.0007429420505200594
725805882815221760,45,1,0,1,1,0,1,0,0,0,1.0,0.0,1.0,1.0,0.0,1.0,0.0,0.0,0.0,1.0,0.0,1.0,0.0,1,0,1,1.0,0.0,1.0,18,1,468,0.0,2.3965872597421273e-5,0.0,0.0,1.0,1.0,0.0,0.0,0.0,0.0,0.0,0.0,0.0,0.0007244050557826087,0.0,0.0008532423208191049,6.333459135920982e-6,0.0,0.0002581268594234505,0.01337295690936107,0.0007429420505200594
1413466639136223242,1,2,0,2,1,0,1,1,0,1,2.0,0.0,2.0,1.0,0.0,1.0,1.0,0.0,1.0,0.5,0.0,0.5,0.0,1,0,2,5.0,0.0,4.0,20,1,501,0.0,4.7931745194842545e-5,0.0,0.0,0.8333333333333334,0.75,0.0,0.0,0.5,0.0,0.5,1.0,0.0,0.0007283863548998839,0.0,0.0008532423208191086,0.0,0.00016366167063908144,0.0002763281123315143,0.014858841010401188,0.0007429420505200594
39082190,45,1,0,1,1,0,1,0,0,0,1.0,0.0,1.0,1.0,0.0,1.0,0.0,0.0,0.0,1.0,0.0,1.0,0.0,1,0,1,1.0,0.0,1.0,18,1,468,0.0,2.3965872597421273e-5,0.0,0.0,1.0,1.0,0.0,0.0,0.0,0.0,0.0,0.0,0.0,0.0007244050557826087,0.0,0.0008532423208191049,6.333459135920982e-6,0.0,0.0002581268594234505,0.01337295690936107,0.0007429420505200594
3094912196,45,1,0,1,1,0,1,0,0,0,1.0,0.0,1.0,1.0,0.0,1.0,0.0,0.0,0.0,1.0,0.0,1.0,0.0,1,0,1,1.0,0.0,1.0,18,1,468,0.0,2.3965872597421273e-5,0.0,0.0,1.0,1.0,0.0,0.0,0.0,0.0,0.0,0.0,0.0,0.0007244050557826087,0.0,0.0008532423208191049,6.333459135920982e-6,0.0,0.0002581268594234505,0.01337295690936107,0.0007429420505200594
1069485829201035265,45,1,0,1,1,0,1,0,0,0,1.0,0.0,1.0,1.0,0.0,1.0,0.0,0.0,0.0,1.0,0.0,1.0,0.0,1,0,1,1.0,0.0,1.0,18,1,468,0.0,2.3965872597421273e-5,0.0,0.0,1.0,1.0,0.0,0.0,0.0,0.0,0.0,0.0,0.0,0.0007244050557826087,0.0,0.0008532423208191049,6.333459135920982e-6,0.0,0.0002581268594234505,0.01337295690936107,0.0007429420505200594
15653883,45,1,0,1,1,0,1,0,0,0,1.0,0.0,1.0,1.0,0.0,1.0,0.0,0.0,0.0,1.0,0.0,1.0,0.0,1,0,1,1.0,0.0,1.0,18,1,468,0.0,2.3965872597421273e-5,0.0,0.0,1.0,1.0,0.0,0.0,0.0,0.0,0.0,0.0,0.0,0.0007244050557826087,0.0,0.0008532423208191049,6.333459135920982e-6,0.0,0.0002581268594234505,0.01337295690936107,0.0007429420505200594
1190608978218086400,45,1,0,1,1,0,1,0,0,0,1.0,0.0,1.0,1.0,0.0,1.0,0.0,0.0,0.0,1.0,0.0,1.0,0.0,1,0,1,1.0,0.0,1.0,18,1,468,0.0,2.3965872597421273e-5,0.0,0.0,1.0,1.0,0.0,0.0,0.0,0.0,0.0,0.0,0.0,0.0007244050557826087,0.0,0.0008532423208191049,6.333459135920982e-6,0.0,0.0002581268594234505,0.01337295690936107,0.0007429420505200594
1095959053149208581,45,1,0,1,1,0,1,0,0,0,1.0,0.0,1.0,1.0,0.0,1.0,0.0,0.0,0.0,1.0,0.0,1.0,0.0,1,0,1,1.0,0.0,1.0,18,1,468,0.0,2.3965872597421273e-5,0.0,0.0,1.0,1.0,0.0,0.0,0.0,0.0,0.0,0.0,0.0,0.0007244050557826087,0.0,0.0008532423208191049,6.333459135920982e-6,0.0,0.0002581268594234505,0.01337295690936107,0.0007429420505200594
119883355,45,1,0,1,1,0,1,0,0,0,1.0,0.0,1.0,1.0,0.0,1.0,0.0,0.0,0.0,1.0,0.0,1.0,0.0,1,0,1,1.0,0.0,1.0,18,1,468,0.0,2.3965872597421273e-5,0.0,0.0,1.0,1.0,0.0,0.0,0.0,0.0,0.0,0.0,0.0,0.0007244050557826087,0.0,0.0008532423208191049,6.333459135920982e-6,0.0,0.0002581268594234505,0.01337295690936107,0.0007429420505200594
2765800196,45,1,0,1,1,0,1,0,0,0,1.0,0.0,1.0,1.0,0.0,1.0,0.0,0.0,0.0,1.0,0.0,1.0,0.0,1,0,1,1.0,0.0,1.0,18,1,468,0.0,2.3965872597421273e-5,0.0,0.0,1.0,1.0,0.0,0.0,0.0,0.0,0.0,0.0,0.0,0.0007244050557826087,0.0,0.0008532423208191049,6.333459135920982e-6,0.0,0.0002581268594234505,0.01337295690936107,0.0007429420505200594
1474784224158924808,45,1,0,1,1,0,1,0,0,0,1.0,0.0,1.0,1.0,0.0,1.0,0.0,0.0,0.0,1.0,0.0,1.0,0.0,1,0,1,1.0,0.0,1.0,18,1,468,0.0,2.3965872597421273e-5,0.0,0.0,1.0,1.0,0.0,0.0,0.0,0.0,0.0,0.0,0.0,0.0007244050557826087,0.0,0.0008532423208191049,6.333459135920982e-6,0.0,0.0002581268594234505,0.01337295690936107,0.0007429420505200594
1040002005039767553,45,1,0,1,1,0,1,0,0,0,1.0,0.0,1.0,1.0,0.0,1.0,0.0,0.0,0.0,1.0,0.0,1.0,0.0,1,0,1,1.0,0.0,1.0,18,1,468,0.0,2.3965872597421273e-5,0.0,0.0,1.0,1.0,0.0,0.0,0.0,0.0,0.0,0.0,0.0,0.0007244050557826087,0.0,0.0008532423208191049,6.333459135920982e-6,0.0,0.0002581268594234505,0.01337295690936107,0.0007429420505200594
398601686,45,1,0,1,1,0,1,0,0,0,2.0,0.0,2.0,2.0,0.0,2.0,0.0,0.0,0.0,1.0,0.0,1.0,0.0,1,0,1,5.0,0.0,4.0,18,1,468,0.0,4.7931745194842545e-5,0.0,0.0,1.0,1.0,0.0,0.0,0.0,0.0,0.0,0.0,0.0,0.0007257795270183813,0.0,0.0008532423208191049,1.2772314677889085e-5,0.0,0.0002581268594234505,0.01337295690936107,0.0007429420505200594
56630900,45,1,0,1,1,0,1,0,0,0,1.0,0.0,1.0,1.0,0.0,1.0,0.0,0.0,0.0,1.0,0.0,1.0,0.0,1,0,1,1.0,0.0,1.0,18,1,468,0.0,2.3965872597421273e-5,0.0,0.0,1.0,1.0,0.0,0.0,0.0,0.0,0.0,0.0,0.0,0.0007244050557826087,0.0,0.0008532423208191049,6.333459135920982e-6,0.0,0.0002581268594234505,0.01337295690936107,0.0007429420505200594
23604785,45,1,0,1,1,0,1,0,0,0,1.0,0.0,1.0,1.0,0.0,1.0,0.0,0.0,0.0,1.0,0.0,1.0,0.0,1,0,1,1.0,0.0,1.0,18,1,468,0.0,2.3965872597421273e-5,0.0,0.0,1.0,1.0,0.0,0.0,0.0,0.0,0.0,0.0,0.0,0.0007244050557826087,0.0,0.0008532423208191049,6.333459135920982e-6,0.0,0.0002581268594234505,0.01337295690936107,0.0007429420505200594
900770636,45,1,0,1,1,0,1,0,0,0,1.0,0.0,1.0,1.0,0.0,1.0,0.0,0.0,0.0,1.0,0.0,1.0,0.0,1,0,1,1.0,0.0,1.0,18,1,468,0.0,2.3965872597421273e-5,0.0,0.0,1.0,1.0,0.0,0.0,0.0,0.0,0.0,0.0,0.0,0.0007244050557826087,0.0,0.0008532423208191049,6.333459135920982e-6,0.0,0.0002581268594234505,0.01337295690936107,0.0007429420505200594
122870515,45,1,0,1,1,0,1,0,0,0,1.0,0.0,1.0,1.0,0.0,1.0,0.0,0.0,0.0,1.0,0.0,1.0,0.0,1,0,1,1.0,0.0,1.0,18,1,468,0.0,2.3965872597421273e-5,0.0,0.0,1.0,1.0,0.0,0.0,0.0,0.0,0.0,0.0,0.0,0.0007244050557826087,0.0,0.0008532423208191049,6.333459135920982e-6,0.0,0.0002581268594234505,0.01337295690936107,0.0007429420505200594
46647130,45,1,0,1,1,0,1,0,0,0,1.0,0.0,1.0,1.0,0.0,1.0,0.0,0.0,0.0,1.0,0.0,1.0,0.0,1,0,1,1.0,0.0,1.0,18,1,468,0.0,2.3965872597421273e-5,0.0,0.0,1.0,1.0,0.0,0.0,0.0,0.0,0.0,0.0,0.0,0.0007244050557826087,0.0,0.0008532423208191049,6.333459135920982e-6,0.0,0.0002581268594234505,0.01337295690936107,0.0007429420505200594
2221531154,45,1,0,1,1,0,1,0,0,0,1.0,0.0,1.0,1.0,0.0,1.0,0.0,0.0,0.0,1.0,0.0,1.0,0.0,1,0,1,1.0,0.0,1.0,18,1,468,0.0,2.3965872597421273e-5,0.0,0.0,1.0,1.0,0.0,0.0,0.0,0.0,0.0,0.0,0.0,0.0007244050557826087,0.0,0.0008532423208191049,6.333459135920982e-6,0.0,0.0002581268594234505,0.01337295690936107,0.0007429420505200594
1098976621778821124,45,1,0,1,1,0,1,0,0,0,1.0,0.0,1.0,1.0,0.0,1.0,0.0,0.0,0.0,1.0,0.0,1.0,0.0,1,0,1,1.0,0.0,1.0,18,1,468,0.0,2.3965872597421273e-5,0.0,0.0,1.0,1.0,0.0,0.0,0.0,0.0,0.0,0.0,0.0,0.0007244050557826087,0.0,0.0008532423208191049,6.333459135920982e-6,0.0,0.0002581268594234505,0.01337295690936107,0.0007429420505200594
712258403167559681,45,1,0,1,1,0,1,0,0,0,1.0,0.0,1.0,1.0,0.0,1.0,0.0,0.0,0.0,1.0,0.0,1.0,0.0,1,0,1,1.0,0.0,1.0,18,1,468,0.0,2.3965872597421273e-5,0.0,0.0,1.0,1.0,0.0,0.0,0.0,0.0,0.0,0.0,0.0,0.0007244050557826087,0.0,0.0008532423208191049,6.333459135920982e-6,0.0,0.0002581268594234505,0.01337295690936107,0.0007429420505200594
343982309,45,1,0,1,1,0,1,0,0,0,1.0,0.0,1.0,1.0,0.0,1.0,0.0,0.0,0.0,1.0,0.0,1.0,0.0,1,0,1,1.0,0.0,1.0,18,1,468,0.0,2.3965872597421273e-5,0.0,0.0,1.0,1.0,0.0,0.0,0.0,0.0,0.0,0.0,0.0,0.0007244050557826087,0.0,0.0008532423208191049,6.333459135920982e-6,0.0,0.0002581268594234505,0.01337295690936107,0.0007429420505200594
2864049126,45,1,0,1,1,0,1,0,0,0,1.0,0.0,1.0,1.0,0.0,1.0,0.0,0.0,0.0,1.0,0.0,1.0,0.0,1,0,1,1.0,0.0,1.0,18,1,468,0.0,2.3965872597421273e-5,0.0,0.0,1.0,1.0,0.0,0.0,0.0,0.0,0.0,0.0,0.0,0.0007244050557826087,0.0,0.0008532423208191049,6.333459135920982e-6,0.0,0.0002581268594234505,0.01337295690936107,0.0007429420505200594
826733395,45,1,0,1,1,0,1,0,0,0,1.0,0.0,1.0,1.0,0.0,1.0,0.0,0.0,0.0,1.0,0.0,1.0,0.0,1,0,1,1.0,0.0,1.0,18,1,468,0.0,2.3965872597421273e-5,0.0,0.0,1.0,1.0,0.0,0.0,0.0,0.0,0.0,0.0,0.0,0.0007244050557826087,0.0,0.0008532423208191049,6.333459135920982e-6,0.0,0.0002581268594234505,0.01337295690936107,0.0007429420505200594
3287712416,45,1,0,1,1,0,1,0,0,0,1.0,0.0,1.0,1.0,0.0,1.0,0.0,0.0,0.0,1.0,0.0,1.0,0.0,1,0,1,1.0,0.0,1.0,18,1,468,0.0,2.3965872597421273e-5,0.0,0.0,1.0,1.0,0.0,0.0,0.0,0.0,0.0,0.0,0.0,0.0007244050557826087,0.0,0.0008532423208191049,6.333459135920982e-6,0.0,0.0002581268594234505,0.01337295690936107,0.0007429420505200594
1511201152880492545,45,1,0,1,1,0,1,0,0,0,1.0,0.0,1.0,1.0,0.0,1.0,0.0,0.0,0.0,1.0,0.0,1.0,0.0,1,0,1,1.0,0.0,1.0,18,1,468,0.0,2.3965872597421273e-5,0.0,0.0,1.0,1.0,0.0,0.0,0.0,0.0,0.0,0.0,0.0,0.0007244050557826087,0.0,0.0008532423208191049,6.333459135920982e-6,0.0,0.0002581268594234505,0.01337295690936107,0.0007429420505200594
609194623,45,1,0,1,1,0,1,0,0,0,1.0,0.0,1.0,1.0,0.0,1.0,0.0,0.0,0.0,1.0,0.0,1.0,0.0,1,0,1,1.0,0.0,1.0,18,1,468,0.0,2.3965872597421273e-5,0.0,0.0,1.0,1.0,0.0,0.0,0.0,0.0,0.0,0.0,0.0,0.0007244050557826087,0.0,0.0008532423208191049,6.333459135920982e-6,0.0,0.0002581268594234505,0.01337295690936107,0.0007429420505200594
884012150263472128,45,1,0,1,1,0,1,0,0,0,1.0,0.0,1.0,1.0,0.0,1.0,0.0,0.0,0.0,1.0,0.0,1.0,0.0,1,0,1,1.0,0.0,1.0,18,1,468,0.0,2.3965872597421273e-5,0.0,0.0,1.0,1.0,0.0,0.0,0.0,0.0,0.0,0.0,0.0,0.0007244050557826087,0.0,0.0008532423208191049,6.333459135920982e-6,0.0,0.0002581268594234505,0.01337295690936107,0.0007429420505200594
3179827738,45,1,0,1,1,0,1,0,0,0,1.0,0.0,1.0,1.0,0.0,1.0,0.0,0.0,0.0,1.0,0.0,1.0,0.0,1,0,1,1.0,0.0,1.0,18,1,468,0.0,2.3965872597421273e-5,0.0,0.0,1.0,1.0,0.0,0.0,0.0,0.0,0.0,0.0,0.0,0.0007244050557826087,0.0,0.0008532423208191049,6.333459135920982e-6,0.0,0.0002581268594234505,0.01337295690936107,0.0007429420505200594
167383220,45,1,0,1,1,0,1,0,0,0,1.0,0.0,1.0,1.0,0.0,1.0,0.0,0.0,0.0,1.0,0.0,1.0,0.0,1,0,1,1.0,0.0,1.0,18,1,468,0.0,2.3965872597421273e-5,0.0,0.0,1.0,1.0,0.0,0.0,0.0,0.0,0.0,0.0,0.0,0.0007244050557826087,0.0,0.0008532423208191049,6.333459135920982e-6,0.0,0.0002581268594234505,0.01337295690936107,0.0007429420505200594
1034834942,45,1,0,1,1,0,1,0,0,0,1.0,0.0,1.0,1.0,0.0,1.0,0.0,0.0,0.0,1.0,0.0,1.0,0.0,1,0,1,1.0,0.0,1.0,18,1,468,0.0,2.3965872597421273e-5,0.0,0.0,1.0,1.0,0.0,0.0,0.0,0.0,0.0,0.0,0.0,0.0007244050557826087,0.0,0.0008532423208191049,6.333459135920982e-6,0.0,0.0002581268594234505,0.01337295690936107,0.0007429420505200594
28380483,45,1,0,1,1,0,1,0,0,0,1.0,0.0,1.0,1.0,0.0,1.0,0.0,0.0,0.0,1.0,0.0,1.0,0.0,1,0,1,1.0,0.0,1.0,18,1,468,0.0,2.3965872597421273e-5,0.0,0.0,1.0,1.0,0.0,0.0,0.0,0.0,0.0,0.0,0.0,0.0007244050557826087,0.0,0.0008532423208191049,6.333459135920982e-6,0.0,0.0002581268594234505,0.01337295690936107,0.0007429420505200594
1383468554377261070,45,1,0,1,1,0,1,0,0,0,1.0,0.0,1.0,1.0,0.0,1.0,0.0,0.0,0.0,1.0,0.0,1.0,0.0,1,0,1,1.0,0.0,1.0,18,1,468,0.0,2.3965872597421273e-5,0.0,0.0,1.0,1.0,0.0,0.0,0.0,0.0,0.0,0.0,0.0,0.0007244050557826087,0.0,0.0008532423208191049,6.333459135920982e-6,0.0,0.0002581268594234505,0.01337295690936107,0.0007429420505200594
1493449712158052354,45,1,0,1,1,0,1,0,0,0,1.0,0.0,1.0,1.0,0.0,1.0,0.0,0.0,0.0,1.0,0.0,1.0,0.0,1,0,1,1.0,0.0,1.0,18,1,468,0.0,2.3965872597421273e-5,0.0,0.0,1.0,1.0,0.0,0.0,0.0,0.0,0.0,0.0,0.0,0.0007244050557826087,0.0,0.0008532423208191049,6.333459135920982e-6,0.0,0.0002581268594234505,0.01337295690936107,0.0007429420505200594
1413216955121680385,45,1,0,1,1,0,1,0,0,0,1.0,0.0,1.0,1.0,0.0,1.0,0.0,0.0,0.0,1.0,0.0,1.0,0.0,1,0,1,1.0,0.0,1.0,18,1,468,0.0,2.3965872597421273e-5,0.0,0.0,1.0,1.0,0.0,0.0,0.0,0.0,0.0,0.0,0.0,0.0007244050557826087,0.0,0.0008532423208191049,6.333459135920982e-6,0.0,0.0002581268594234505,0.01337295690936107,0.0007429420505200594
572304001,1,2,0,2,1,0,1,1,0,1,2.0,0.0,2.0,1.0,0.0,1.0,1.0,0.0,1.0,0.5,0.0,0.5,0.0,1,0,2,5.0,0.0,4.0,20,1,501,0.0,4.7931745194842545e-5,0.0,0.0,0.8333333333333334,0.75,0.0,0.0,0.5,0.0,0.5,1.0,0.0,0.0007283863548998839,0.0,0.0008532423208191086,0.0,0.00016366167063908144,0.0002763281123315143,0.014858841010401188,0.0007429420505200594
1313146068767584259,1,2,0,2,1,0,1,1,0,1,2.0,0.0,2.0,1.0,0.0,1.0,1.0,0.0,1.0,0.5,0.0,0.5,0.0,1,0,2,5.0,0.0,4.0,20,1,501,0.0,4.7931745194842545e-5,0.0,0.0,0.8333333333333334,0.75,0.0,0.0,0.5,0.0,0.5,1.0,0.0,0.0007283863548998839,0.0,0.0008532423208191086,0.0,0.00016366167063908144,0.0002763281123315143,0.014858841010401188,0.0007429420505200594
1503788953270468609,1,2,0,2,1,0,1,1,0,1,2.0,0.0,2.0,1.0,0.0,1.0,1.0,0.0,1.0,0.5,0.0,0.5,0.0,1,0,2,5.0,0.0,4.0,20,1,501,0.0,4.7931745194842545e-5,0.0,0.0,0.8333333333333334,0.75,0.0,0.0,0.5,0.0,0.5,1.0,0.0,0.0007283863548998839,0.0,0.0008532423208191086,0.0,0.00016366167063908144,0.0002763281123315143,0.014858841010401188,0.0007429420505200594
1491528200912084998,1,2,0,2,1,0,1,1,0,1,2.0,0.0,2.0,1.0,0.0,1.0,1.0,0.0,1.0,0.5,0.0,0.5,0.0,1,0,2,5.0,0.0,4.0,20,1,501,0.0,4.7931745194842545e-5,0.0,0.0,0.8333333333333334,0.75,0.0,0.0,0.5,0.0,0.5,1.0,0.0,0.0007283863548998839,0.0,0.0008532423208191086,0.0,0.00016366167063908144,0.0002763281123315143,0.014858841010401188,0.0007429420505200594
970342982678298624,1,2,0,2,1,0,1,1,0,1,2.0,0.0,2.0,1.0,0.0,1.0,1.0,0.0,1.0,0.5,0.0,0.5,0.0,1,0,2,5.0,0.0,4.0,20,1,501,0.0,4.7931745194842545e-5,0.0,0.0,0.8333333333333334,0.75,0.0,0.0,0.5,0.0,0.5,1.0,0.0,0.0007283863548998839,0.0,0.0008532423208191086,0.0,0.00016366167063908144,0.0002763281123315143,0.014858841010401188,0.0007429420505200594
744166663,2,2,0,2,1,0,1,1,0,1,2.0,0.0,2.0,1.0,0.0,1.0,1.0,0.0,1.0,0.5,0.0,0.5,0.0,2,0,2,5.0,0.0,4.0,19,1,523,0.0,4.7931745194842545e-5,0.0,0.0,1.0,1.0,0.0,0.0,1.0,0.0,1.0,1.0,0.0,0.0007293319833676681,0.0,0.0008532423208191093,0.0,0.00017445671594135126,0.0002884622809368902,0.01411589895988113,0.0007429420505200594
1010171727412772864,2,2,0,2,1,0,1,1,0,1,2.0,0.0,2.0,1.0,0.0,1.0,1.0,0.0,1.0,0.5,0.0,0.5,0.0,2,0,2,5.0,0.0,4.0,19,1,523,0.0,4.7931745194842545e-5,0.0,0.0,1.0,1.0,0.0,0.0,1.0,0.0,1.0,1.0,0.0,0.0007293319833676681,0.0,0.0008532423208191093,0.0,0.00017445671594135126,0.0002884622809368902,0.01411589895988113,0.0007429420505200594
1387641838765490176,45,1,0,1,1,0,1,0,0,0,1.0,0.0,1.0,1.0,0.0,1.0,0.0,0.0,0.0,1.0,0.0,1.0,0.0,1,0,1,1.0,0.0,1.0,18,1,468,0.0,2.3965872597421273e-5,0.0,0.0,1.0,1.0,0.0,0.0,0.0,0.0,0.0,0.0,0.0,0.0007244050557826087,0.0,0.0008532423208191049,6.333459135920982e-6,0.0,0.0002581268594234505,0.01337295690936107,0.0007429420505200594
95790678,45,1,0,1,1,0,1,0,0,0,1.0,0.0,1.0,1.0,0.0,1.0,0.0,0.0,0.0,1.0,0.0,1.0,0.0,1,0,1,1.0,0.0,1.0,18,1,468,0.0,2.3965872597421273e-5,0.0,0.0,1.0,1.0,0.0,0.0,0.0,0.0,0.0,0.0,0.0,0.0007244050557826087,0.0,0.0008532423208191049,6.333459135920982e-6,0.0,0.0002581268594234505,0.01337295690936107,0.0007429420505200594
1066275282653536256,45,1,0,1,1,0,1,0,0,0,1.0,0.0,1.0,1.0,0.0,1.0,0.0,0.0,0.0,1.0,0.0,1.0,0.0,1,0,1,1.0,0.0,1.0,18,1,468,0.0,2.3965872597421273e-5,0.0,0.0,1.0,1.0,0.0,0.0,0.0,0.0,0.0,0.0,0.0,0.0007244050557826087,0.0,0.0008532423208191049,6.333459135920982e-6,0.0,0.0002581268594234505,0.01337295690936107,0.0007429420505200594
877449874555387905,2,4,0,4,3,0,3,1,0,1,5.0,0.0,5.0,4.0,0.0,4.0,1.0,0.0,1.0,0.75,0.0,0.8,0.0,2,0,4,15.0,0.0,14.0,20,1,639,0.0,0.00011982936298710636,0.0,0.0,0.75,0.6875,0.0,0.0,0.8,0.0,0.8,0.8666666666666667,0.0,0.0007401573264012538,0.0,0.0008532423208191123,0.0,8.502222759543265e-5,0.0003524424426743266,0.014858841010401188,0.0007429420505200594
455829895,45,1,0,1,1,0,1,0,0,0,1.0,0.0,1.0,1.0,0.0,1.0,0.0,0.0,0.0,1.0,0.0,1.0,0.0,1,0,1,1.0,0.0,1.0,18,1,468,0.0,2.3965872597421273e-5,0.0,0.0,1.0,1.0,0.0,0.0,0.0,0.0,0.0,0.0,0.0,0.0007244050557826087,0.0,0.0008532423208191049,6.333459135920982e-6,0.0,0.0002581268594234505,0.01337295690936107,0.0007429420505200594
384182626,2,2,0,2,1,0,1,1,0,1,2.0,0.0,2.0,1.0,0.0,1.0,1.0,0.0,1.0,0.5,0.0,0.5,0.0,2,0,2,5.0,0.0,4.0,19,1,523,0.0,4.7931745194842545e-5,0.0,0.0,1.0,1.0,0.0,0.0,1.0,0.0,1.0,1.0,0.0,0.0007293319833676681,0.0,0.0008532423208191093,0.0,0.00017445671594135126,0.0002884622809368902,0.01411589895988113,0.0007429420505200594
1080819766242279425,2,4,0,4,3,0,3,1,0,1,5.0,0.0,5.0,4.0,0.0,4.0,1.0,0.0,1.0,0.75,0.0,0.8,0.0,2,0,4,15.0,0.0,14.0,20,1,639,0.0,0.00011982936298710636,0.0,0.0,0.75,0.6875,0.0,0.0,0.8,0.0,0.8,0.8666666666666667,0.0,0.0007401573264012538,0.0,0.0008532423208191123,0.0,8.502222759543265e-5,0.0003524424426743266,0.014858841010401188,0.0007429420505200594
1497899853145329666,2,2,0,2,1,0,1,1,0,1,2.0,0.0,2.0,1.0,0.0,1.0,1.0,0.0,1.0,0.5,0.0,0.5,0.0,2,0,2,5.0,0.0,4.0,19,1,523,0.0,4.7931745194842545e-5,0.0,0.0,1.0,1.0,0.0,0.0,1.0,0.0,1.0,1.0,0.0,0.0007293319833676681,0.0,0.0008532423208191093,0.0,0.00017445671594135126,0.0002884622809368902,0.01411589895988113,0.0007429420505200594
3155702215,2,2,0,2,1,0,1,1,0,1,2.0,0.0,2.0,1.0,0.0,1.0,1.0,0.0,1.0,0.5,0.0,0.5,0.0,2,0,2,5.0,0.0,4.0,19,1,523,0.0,4.7931745194842545e-5,0.0,0.0,1.0,1.0,0.0,0.0,1.0,0.0,1.0,1.0,0.0,0.0007293319833676681,0.0,0.0008532423208191093,0.0,0.00017445671594135126,0.0002884622809368902,0.01411589895988113,0.0007429420505200594
1445493827544834053,2,2,0,2,1,0,1,1,0,1,2.0,0.0,2.0,1.0,0.0,1.0,1.0,0.0,1.0,0.5,0.0,0.5,0.0,2,0,2,5.0,0.0,4.0,19,1,523,0.0,4.7931745194842545e-5,0.0,0.0,1.0,1.0,0.0,0.0,1.0,0.0,1.0,1.0,0.0,0.0007293319833676681,0.0,0.0008532423208191093,0.0,0.00017445671594135126,0.0002884622809368902,0.01411589895988113,0.0007429420505200594
1015748022800564224,2,2,0,2,1,0,1,1,0,1,2.0,0.0,2.0,1.0,0.0,1.0,1.0,0.0,1.0,0.5,0.0,0.5,0.0,2,0,2,5.0,0.0,4.0,19,1,523,0.0,4.7931745194842545e-5,0.0,0.0,1.0,1.0,0.0,0.0,1.0,0.0,1.0,1.0,0.0,0.0007293319833676681,0.0,0.0008532423208191093,0.0,0.00017445671594135126,0.0002884622809368902,0.01411589895988113,0.0007429420505200594
1233647779832094720,45,1,0,1,1,0,1,0,0,0,1.0,0.0,1.0,1.0,0.0,1.0,0.0,0.0,0.0,1.0,0.0,1.0,0.0,1,0,1,1.0,0.0,1.0,18,1,468,0.0,2.3965872597421273e-5,0.0,0.0,1.0,1.0,0.0,0.0,0.0,0.0,0.0,0.0,0.0,0.0007244050557826087,0.0,0.0008532423208191049,6.333459135920982e-6,0.0,0.0002581268594234505,0.01337295690936107,0.0007429420505200594
364695725,45,1,0,1,1,0,1,0,0,0,1.0,0.0,1.0,1.0,0.0,1.0,0.0,0.0,0.0,1.0,0.0,1.0,0.0,1,0,1,1.0,0.0,1.0,18,1,468,0.0,2.3965872597421273e-5,0.0,0.0,1.0,1.0,0.0,0.0,0.0,0.0,0.0,0.0,0.0,0.0007244050557826087,0.0,0.0008532423208191049,6.333459135920982e-6,0.0,0.0002581268594234505,0.01337295690936107,0.0007429420505200594
1354064101761277952,45,1,0,1,1,0,1,0,0,0,2.0,0.0,2.0,2.0,0.0,2.0,0.0,0.0,0.0,1.0,0.0,1.0,0.0,1,0,1,5.0,0.0,4.0,18,1,468,0.0,4.7931745194842545e-5,0.0,0.0,1.0,1.0,0.0,0.0,0.0,0.0,0.0,0.0,0.0,0.0007257795270183813,0.0,0.0008532423208191049,1.2772314677889085e-5,0.0,0.0002581268594234505,0.01337295690936107,0.0007429420505200594
107729108,45,1,0,1,1,0,1,0,0,0,1.0,0.0,1.0,1.0,0.0,1.0,0.0,0.0,0.0,1.0,0.0,1.0,0.0,1,0,1,1.0,0.0,1.0,18,1,468,0.0,2.3965872597421273e-5,0.0,0.0,1.0,1.0,0.0,0.0,0.0,0.0,0.0,0.0,0.0,0.0007244050557826087,0.0,0.0008532423208191049,6.333459135920982e-6,0.0,0.0002581268594234505,0.01337295690936107,0.0007429420505200594
70668446,45,1,0,1,1,0,1,0,0,0,1.0,0.0,1.0,1.0,0.0,1.0,0.0,0.0,0.0,1.0,0.0,1.0,0.0,1,0,1,1.0,0.0,1.0,18,1,468,0.0,2.3965872597421273e-5,0.0,0.0,1.0,1.0,0.0,0.0,0.0,0.0,0.0,0.0,0.0,0.0007244050557826087,0.0,0.0008532423208191049,6.333459135920982e-6,0.0,0.0002581268594234505,0.01337295690936107,0.0007429420505200594
210226021,45,1,0,1,1,0,1,0,0,0,1.0,0.0,1.0,1.0,0.0,1.0,0.0,0.0,0.0,1.0,0.0,1.0,0.0,1,0,1,1.0,0.0,1.0,18,1,468,0.0,2.3965872597421273e-5,0.0,0.0,1.0,1.0,0.0,0.0,0.0,0.0,0.0,0.0,0.0,0.0007244050557826087,0.0,0.0008532423208191049,6.333459135920982e-6,0.0,0.0002581268594234505,0.01337295690936107,0.0007429420505200594
227172435,45,1,0,1,1,0,1,0,0,0,1.0,0.0,1.0,1.0,0.0,1.0,0.0,0.0,0.0,1.0,0.0,1.0,0.0,1,0,1,1.0,0.0,1.0,18,1,468,0.0,2.3965872597421273e-5,0.0,0.0,1.0,1.0,0.0,0.0,0.0,0.0,0.0,0.0,0.0,0.0007244050557826087,0.0,0.0008532423208191049,6.333459135920982e-6,0.0,0.0002581268594234505,0.01337295690936107,0.0007429420505200594
1266724225445920768,45,1,0,1,1,0,1,0,0,0,1.0,0.0,1.0,1.0,0.0,1.0,0.0,0.0,0.0,1.0,0.0,1.0,0.0,1,0,1,1.0,0.0,1.0,18,1,468,0.0,2.3965872597421273e-5,0.0,0.0,1.0,1.0,0.0,0.0,0.0,0.0,0.0,0.0,0.0,0.0007244050557826087,0.0,0.0008532423208191049,6.333459135920982e-6,0.0,0.0002581268594234505,0.01337295690936107,0.0007429420505200594
817301751309148160,45,1,0,1,1,0,1,0,0,0,1.0,0.0,1.0,1.0,0.0,1.0,0.0,0.0,0.0,1.0,0.0,1.0,0.0,1,0,1,1.0,0.0,1.0,18,1,468,0.0,2.3965872597421273e-5,0.0,0.0,1.0,1.0,0.0,0.0,0.0,0.0,0.0,0.0,0.0,0.0007244050557826087,0.0,0.0008532423208191049,6.333459135920982e-6,0.0,0.0002581268594234505,0.01337295690936107,0.0007429420505200594
1376184615455629313,45,1,0,1,1,0,1,0,0,0,1.0,0.0,1.0,1.0,0.0,1.0,0.0,0.0,0.0,1.0,0.0,1.0,0.0,1,0,1,1.0,0.0,1.0,18,1,468,0.0,2.3965872597421273e-5,0.0,0.0,1.0,1.0,0.0,0.0,0.0,0.0,0.0,0.0,0.0,0.0007244050557826087,0.0,0.0008532423208191049,6.333459135920982e-6,0.0,0.0002581268594234505,0.01337295690936107,0.0007429420505200594
1221266273176379392,45,1,0,1,1,0,1,0,0,0,1.0,0.0,1.0,1.0,0.0,1.0,0.0,0.0,0.0,1.0,0.0,1.0,0.0,1,0,1,1.0,0.0,1.0,18,1,468,0.0,2.3965872597421273e-5,0.0,0.0,1.0,1.0,0.0,0.0,0.0,0.0,0.0,0.0,0.0,0.0007244050557826087,0.0,0.0008532423208191049,6.333459135920982e-6,0.0,0.0002581268594234505,0.01337295690936107,0.0007429420505200594
3262310945,45,1,0,1,1,0,1,0,0,0,1.0,0.0,1.0,1.0,0.0,1.0,0.0,0.0,0.0,1.0,0.0,1.0,0.0,1,0,1,1.0,0.0,1.0,18,1,468,0.0,2.3965872597421273e-5,0.0,0.0,1.0,1.0,0.0,0.0,0.0,0.0,0.0,0.0,0.0,0.0007244050557826087,0.0,0.0008532423208191049,6.333459135920982e-6,0.0,0.0002581268594234505,0.01337295690936107,0.0007429420505200594
274206539,45,1,0,1,1,0,1,0,0,0,1.0,0.0,1.0,1.0,0.0,1.0,0.0,0.0,0.0,1.0,0.0,1.0,0.0,1,0,1,1.0,0.0,1.0,18,1,468,0.0,2.3965872597421273e-5,0.0,0.0,1.0,1.0,0.0,0.0,0.0,0.0,0.0,0.0,0.0,0.0007244050557826087,0.0,0.0008532423208191049,6.333459135920982e-6,0.0,0.0002581268594234505,0.01337295690936107,0.0007429420505200594
1461109160922304523,45,1,0,1,1,0,1,0,0,0,1.0,0.0,1.0,1.0,0.0,1.0,0.0,0.0,0.0,1.0,0.0,1.0,0.0,1,0,1,1.0,0.0,1.0,18,1,468,0.0,2.3965872597421273e-5,0.0,0.0,1.0,1.0,0.0,0.0,0.0,0.0,0.0,0.0,0.0,0.0007244050557826087,0.0,0.0008532423208191049,6.333459135920982e-6,0.0,0.0002581268594234505,0.01337295690936107,0.0007429420505200594
1498643920678490117,45,1,0,1,1,0,1,0,0,0,1.0,0.0,1.0,1.0,0.0,1.0,0.0,0.0,0.0,1.0,0.0,1.0,0.0,1,0,1,1.0,0.0,1.0,18,1,468,0.0,2.3965872597421273e-5,0.0,0.0,1.0,1.0,0.0,0.0,0.0,0.0,0.0,0.0,0.0,0.0007244050557826087,0.0,0.0008532423208191049,6.333459135920982e-6,0.0,0.0002581268594234505,0.01337295690936107,0.0007429420505200594
1437118501844574224,45,1,0,1,1,0,1,0,0,0,1.0,0.0,1.0,1.0,0.0,1.0,0.0,0.0,0.0,1.0,0.0,1.0,0.0,1,0,1,1.0,0.0,1.0,18,1,468,0.0,2.3965872597421273e-5,0.0,0.0,1.0,1.0,0.0,0.0,0.0,0.0,0.0,0.0,0.0,0.0007244050557826087,0.0,0.0008532423208191049,6.333459135920982e-6,0.0,0.0002581268594234505,0.01337295690936107,0.0007429420505200594
1267161222887157760,45,1,0,1,1,0,1,0,0,0,1.0,0.0,1.0,1.0,0.0,1.0,0.0,0.0,0.0,1.0,0.0,1.0,0.0,1,0,1,1.0,0.0,1.0,18,1,468,0.0,2.3965872597421273e-5,0.0,0.0,1.0,1.0,0.0,0.0,0.0,0.0,0.0,0.0,0.0,0.0007244050557826087,0.0,0.0008532423208191049,6.333459135920982e-6,0.0,0.0002581268594234505,0.01337295690936107,0.0007429420505200594
4645237240,45,1,0,1,1,0,1,0,0,0,1.0,0.0,1.0,1.0,0.0,1.0,0.0,0.0,0.0,1.0,0.0,1.0,0.0,1,0,1,1.0,0.0,1.0,18,1,468,0.0,2.3965872597421273e-5,0.0,0.0,1.0,1.0,0.0,0.0,0.0,0.0,0.0,0.0,0.0,0.0007244050557826087,0.0,0.0008532423208191049,6.333459135920982e-6,0.0,0.0002581268594234505,0.01337295690936107,0.0007429420505200594
968302342989893634,45,1,0,1,1,0,1,0,0,0,1.0,0.0,1.0,1.0,0.0,1.0,0.0,0.0,0.0,1.0,0.0,1.0,0.0,1,0,1,1.0,0.0,1.0,18,1,468,0.0,2.3965872597421273e-5,0.0,0.0,1.0,1.0,0.0,0.0,0.0,0.0,0.0,0.0,0.0,0.0007244050557826087,0.0,0.0008532423208191049,6.333459135920982e-6,0.0,0.0002581268594234505,0.01337295690936107,0.0007429420505200594
1475140461392285698,13,2,0,2,1,0,1,1,0,1,2.0,0.0,2.0,1.0,0.0,1.0,1.0,0.0,1.0,0.5,0.0,0.5,0.0,2,0,2,5.0,0.0,4.0,20,1,471,0.0,4.7931745194842545e-5,0.0,0.0,1.0,1.0,0.0,0.0,1.0,0.0,1.0,1.0,0.0,0.0007537835425918263,0.0,0.0008532423208191094,0.0,7.134154362697931e-5,0.000259781518778729,0.014858841010401188,0.0007429420505200594
1210229651135778818,13,2,0,2,1,0,1,1,0,1,2.0,0.0,2.0,1.0,0.0,1.0,1.0,0.0,1.0,0.5,0.0,0.5,0.0,2,0,2,5.0,0.0,4.0,20,1,471,0.0,4.7931745194842545e-5,0.0,0.0,1.0,1.0,0.0,0.0,1.0,0.0,1.0,1.0,0.0,0.0007537835425918263,0.0,0.0008532423208191094,0.0,7.134154362697931e-5,0.000259781518778729,0.014858841010401188,0.0007429420505200594
1410428882474344454,13,2,0,2,1,0,1,1,0,1,2.0,0.0,2.0,1.0,0.0,1.0,1.0,0.0,1.0,0.5,0.0,0.5,0.0,2,0,2,5.0,0.0,4.0,20,1,471,0.0,4.7931745194842545e-5,0.0,0.0,1.0,1.0,0.0,0.0,1.0,0.0,1.0,1.0,0.0,0.0007537835425918263,0.0,0.0008532423208191094,0.0,7.134154362697931e-5,0.000259781518778729,0.014858841010401188,0.0007429420505200594
1424059864527949825,13,2,0,2,1,0,1,1,0,1,2.0,0.0,2.0,1.0,0.0,1.0,1.0,0.0,1.0,0.5,0.0,0.5,0.0,2,0,2,5.0,0.0,4.0,20,1,471,0.0,4.7931745194842545e-5,0.0,0.0,1.0,1.0,0.0,0.0,1.0,0.0,1.0,1.0,0.0,0.0007537835425918263,0.0,0.0008532423208191094,0.0,7.134154362697931e-5,0.000259781518778729,0.014858841010401188,0.0007429420505200594
1461527223941304324,35,1,0,1,1,0,1,0,0,0,2.0,0.0,2.0,2.0,0.0,2.0,0.0,0.0,0.0,1.0,0.0,1.0,0.0,1,0,1,5.0,0.0,4.0,14,1,141,0.0,4.7931745194842545e-5,0.0,0.0,0.5,0.0,0.0,0.0,0.0,0.0,0.0,0.0,0.0,0.0007363939295219712,0.0,0.0008532423208191161,0.0002754517503664733,0.0,7.776898969809086e-5,0.010401188707280832,0.0007429420505200594
1448853288573550597,35,2,0,2,2,0,2,0,0,0,4.0,0.0,4.0,4.0,0.0,4.0,0.0,0.0,0.0,1.0,0.0,1.0,0.0,1,0,1,14.0,0.0,9.0,15,1,147,0.0,9.586349038968509e-5,0.0,0.0,0.3333333333333333,0.0,0.0,0.0,0.0,0.0,0.0,0.0,0.0,0.0010004335813672285,0.0,0.0008532423208191161,0.0005517924189081258,0.0,8.107830840864792e-5,0.011144130757800892,0.0007429420505200594
1021928947,35,1,0,1,1,0,1,0,0,0,2.0,0.0,2.0,2.0,0.0,2.0,0.0,0.0,0.0,1.0,0.0,1.0,0.0,1,0,1,5.0,0.0,4.0,14,1,141,0.0,4.7931745194842545e-5,0.0,0.0,0.5,0.0,0.0,0.0,0.0,0.0,0.0,0.0,0.0,0.0007363939295219712,0.0,0.0008532423208191161,0.0002754517503664733,0.0,7.776898969809086e-5,0.010401188707280832,0.0007429420505200594
1403526062194139136,35,2,0,2,2,0,2,0,0,0,3.0,0.0,3.0,3.0,0.0,3.0,0.0,0.0,0.0,1.0,0.0,1.0,0.0,1,0,2,9.0,0.0,7.0,15,1,145,0.0,7.189761779226382e-5,0.0,0.0,0.5,0.25,0.0,0.0,0.0,0.0,0.0,0.0,0.0,0.0008567145181143376,0.0,0.0008532423208191161,0.00041351084222795986,0.0,7.997520217179556e-5,0.011144130757800892,0.0007429420505200594
236393259,35,1,0,1,1,0,1,0,0,0,2.0,0.0,2.0,2.0,0.0,2.0,0.0,0.0,0.0,1.0,0.0,1.0,0.0,1,0,1,5.0,0.0,4.0,14,1,141,0.0,4.7931745194842545e-5,0.0,0.0,0.5,0.0,0.0,0.0,0.0,0.0,0.0,0.0,0.0,0.0007363939295219712,0.0,0.0008532423208191161,0.0002754517503664733,0.0,7.776898969809086e-5,0.010401188707280832,0.0007429420505200594
814982462,35,1,0,1,1,0,1,0,0,0,2.0,0.0,2.0,2.0,0.0,2.0,0.0,0.0,0.0,1.0,0.0,1.0,0.0,1,0,1,5.0,0.0,4.0,14,1,141,0.0,4.7931745194842545e-5,0.0,0.0,0.5,0.0,0.0,0.0,0.0,0.0,0.0,0.0,0.0,0.0007363939295219712,0.0,0.0008532423208191161,0.0002754517503664733,0.0,7.776898969809086e-5,0.010401188707280832,0.0007429420505200594
71322728,35,1,0,1,1,0,1,0,0,0,1.0,0.0,1.0,1.0,0.0,1.0,0.0,0.0,0.0,1.0,0.0,1.0,0.0,1,0,1,1.0,0.0,1.0,14,1,141,0.0,2.3965872597421273e-5,0.0,0.0,0.5,0.0,0.0,0.0,0.0,0.0,0.0,0.0,0.0,0.0007297122570344037,0.0,0.0008532423208191161,0.0001376148879682071,0.0,7.776898969809086e-5,0.010401188707280832,0.0007429420505200594
3319511816,35,1,0,1,1,0,1,0,0,0,1.0,0.0,1.0,1.0,0.0,1.0,0.0,0.0,0.0,1.0,0.0,1.0,0.0,1,0,1,1.0,0.0,1.0,14,1,141,0.0,2.3965872597421273e-5,0.0,0.0,0.5,0.0,0.0,0.0,0.0,0.0,0.0,0.0,0.0,0.0007297122570344037,0.0,0.0008532423208191161,0.0001376148879682071,0.0,7.776898969809086e-5,0.010401188707280832,0.0007429420505200594
392459500,35,1,0,1,1,0,1,0,0,0,1.0,0.0,1.0,1.0,0.0,1.0,0.0,0.0,0.0,1.0,0.0,1.0,0.0,1,0,1,1.0,0.0,1.0,14,1,141,0.0,2.3965872597421273e-5,0.0,0.0,0.5,0.0,0.0,0.0,0.0,0.0,0.0,0.0,0.0,0.0007297122570344037,0.0,0.0008532423208191161,0.0001376148879682071,0.0,7.776898969809086e-5,0.010401188707280832,0.0007429420505200594
49972972,35,1,0,1,1,0,1,0,0,0,1.0,0.0,1.0,1.0,0.0,1.0,0.0,0.0,0.0,1.0,0.0,1.0,0.0,1,0,1,1.0,0.0,1.0,14,1,141,0.0,2.3965872597421273e-5,0.0,0.0,0.5,0.0,0.0,0.0,0.0,0.0,0.0,0.0,0.0,0.0007297122570344037,0.0,0.0008532423208191161,0.0001376148879682071,0.0,7.776898969809086e-5,0.010401188707280832,0.0007429420505200594
3179101598,35,1,0,1,1,0,1,0,0,0,2.0,0.0,2.0,2.0,0.0,2.0,0.0,0.0,0.0,1.0,0.0,1.0,0.0,1,0,1,5.0,0.0,4.0,14,1,141,0.0,4.7931745194842545e-5,0.0,0.0,0.5,0.0,0.0,0.0,0.0,0.0,0.0,0.0,0.0,0.0007363939295219712,0.0,0.0008532423208191161,0.0002754517503664733,0.0,7.776898969809086e-5,0.010401188707280832,0.0007429420505200594
1197186453677019136,35,1,0,1,1,0,1,0,0,0,1.0,0.0,1.0,1.0,0.0,1.0,0.0,0.0,0.0,1.0,0.0,1.0,0.0,1,0,1,1.0,0.0,1.0,14,1,141,0.0,2.3965872597421273e-5,0.0,0.0,0.5,0.0,0.0,0.0,0.0,0.0,0.0,0.0,0.0,0.0007297122570344037,0.0,0.0008532423208191161,0.0001376148879682071,0.0,7.776898969809086e-5,0.010401188707280832,0.0007429420505200594
1303300617805332482,35,1,0,1,1,0,1,0,0,0,1.0,0.0,1.0,1.0,0.0,1.0,0.0,0.0,0.0,1.0,0.0,1.0,0.0,1,0,1,1.0,0.0,1.0,14,1,141,0.0,2.3965872597421273e-5,0.0,0.0,0.5,0.0,0.0,0.0,0.0,0.0,0.0,0.0,0.0,0.0007297122570344037,0.0,0.0008532423208191161,0.0001376148879682071,0.0,7.776898969809086e-5,0.010401188707280832,0.0007429420505200594
144048904,35,1,0,1,1,0,1,0,0,0,2.0,0.0,2.0,2.0,0.0,2.0,0.0,0.0,0.0,1.0,0.0,1.0,0.0,1,0,1,5.0,0.0,4.0,14,1,141,0.0,4.7931745194842545e-5,0.0,0.0,0.5,0.0,0.0,0.0,0.0,0.0,0.0,0.0,0.0,0.0007363939295219712,0.0,0.0008532423208191161,0.0002754517503664733,0.0,7.776898969809086e-5,0.010401188707280832,0.0007429420505200594
956309804938444800,35,1,0,1,1,0,1,0,0,0,1.0,0.0,1.0,1.0,0.0,1.0,0.0,0.0,0.0,1.0,0.0,1.0,0.0,1,0,1,1.0,0.0,1.0,14,1,141,0.0,2.3965872597421273e-5,0.0,0.0,0.5,0.0,0.0,0.0,0.0,0.0,0.0,0.0,0.0,0.0007297122570344037,0.0,0.0008532423208191161,0.0001376148879682071,0.0,7.776898969809086e-5,0.010401188707280832,0.0007429420505200594
1310143698080989184,35,1,0,1,1,0,1,0,0,0,1.0,0.0,1.0,1.0,0.0,1.0,0.0,0.0,0.0,1.0,0.0,1.0,0.0,1,0,1,1.0,0.0,1.0,14,1,141,0.0,2.3965872597421273e-5,0.0,0.0,0.5,0.0,0.0,0.0,0.0,0.0,0.0,0.0,0.0,0.0007297122570344037,0.0,0.0008532423208191161,0.0001376148879682071,0.0,7.776898969809086e-5,0.010401188707280832,0.0007429420505200594
1273623984576307203,35,1,0,1,1,0,1,0,0,0,1.0,0.0,1.0,1.0,0.0,1.0,0.0,0.0,0.0,1.0,0.0,1.0,0.0,1,0,1,1.0,0.0,1.0,14,1,141,0.0,2.3965872597421273e-5,0.0,0.0,0.5,0.0,0.0,0.0,0.0,0.0,0.0,0.0,0.0,0.0007297122570344037,0.0,0.0008532423208191161,0.0001376148879682071,0.0,7.776898969809086e-5,0.010401188707280832,0.0007429420505200594
820242091733200896,35,1,0,1,1,0,1,0,0,0,1.0,0.0,1.0,1.0,0.0,1.0,0.0,0.0,0.0,1.0,0.0,1.0,0.0,1,0,1,1.0,0.0,1.0,14,1,141,0.0,2.3965872597421273e-5,0.0,0.0,0.5,0.0,0.0,0.0,0.0,0.0,0.0,0.0,0.0,0.0007297122570344037,0.0,0.0008532423208191161,0.0001376148879682071,0.0,7.776898969809086e-5,0.010401188707280832,0.0007429420505200594
43505446,35,1,0,1,1,0,1,0,0,0,1.0,0.0,1.0,1.0,0.0,1.0,0.0,0.0,0.0,1.0,0.0,1.0,0.0,1,0,1,1.0,0.0,1.0,14,1,141,0.0,2.3965872597421273e-5,0.0,0.0,0.5,0.0,0.0,0.0,0.0,0.0,0.0,0.0,0.0,0.0007297122570344037,0.0,0.0008532423208191161,0.0001376148879682071,0.0,7.776898969809086e-5,0.010401188707280832,0.0007429420505200594
1499340884307234816,35,1,0,1,1,0,1,0,0,0,1.0,0.0,1.0,1.0,0.0,1.0,0.0,0.0,0.0,1.0,0.0,1.0,0.0,1,0,1,1.0,0.0,1.0,14,1,141,0.0,2.3965872597421273e-5,0.0,0.0,0.5,0.0,0.0,0.0,0.0,0.0,0.0,0.0,0.0,0.0007297122570344037,0.0,0.0008532423208191161,0.0001376148879682071,0.0,7.776898969809086e-5,0.010401188707280832,0.0007429420505200594
4768761692,35,1,0,1,1,0,1,0,0,0,1.0,0.0,1.0,1.0,0.0,1.0,0.0,0.0,0.0,1.0,0.0,1.0,0.0,1,0,1,1.0,0.0,1.0,14,1,141,0.0,2.3965872597421273e-5,0.0,0.0,0.5,0.0,0.0,0.0,0.0,0.0,0.0,0.0,0.0,0.0007297122570344037,0.0,0.0008532423208191161,0.0001376148879682071,0.0,7.776898969809086e-5,0.010401188707280832,0.0007429420505200594
1439459798307704832,35,1,0,1,1,0,1,0,0,0,1.0,0.0,1.0,1.0,0.0,1.0,0.0,0.0,0.0,1.0,0.0,1.0,0.0,1,0,1,1.0,0.0,1.0,14,1,141,0.0,2.3965872597421273e-5,0.0,0.0,0.5,0.0,0.0,0.0,0.0,0.0,0.0,0.0,0.0,0.0007297122570344037,0.0,0.0008532423208191161,0.0001376148879682071,0.0,7.776898969809086e-5,0.010401188707280832,0.0007429420505200594
1105092959584706560,35,1,0,1,1,0,1,0,0,0,1.0,0.0,1.0,1.0,0.0,1.0,0.0,0.0,0.0,1.0,0.0,1.0,0.0,1,0,1,1.0,0.0,1.0,14,1,141,0.0,2.3965872597421273e-5,0.0,0.0,0.5,0.0,0.0,0.0,0.0,0.0,0.0,0.0,0.0,0.0007297122570344037,0.0,0.0008532423208191161,0.0001376148879682071,0.0,7.776898969809086e-5,0.010401188707280832,0.0007429420505200594
1043769358604894208,35,1,0,1,1,0,1,0,0,0,1.0,0.0,1.0,1.0,0.0,1.0,0.0,0.0,0.0,1.0,0.0,1.0,0.0,1,0,1,1.0,0.0,1.0,14,1,141,0.0,2.3965872597421273e-5,0.0,0.0,0.5,0.0,0.0,0.0,0.0,0.0,0.0,0.0,0.0,0.0007297122570344037,0.0,0.0008532423208191161,0.0001376148879682071,0.0,7.776898969809086e-5,0.010401188707280832,0.0007429420505200594
1309488436055736323,35,1,0,1,1,0,1,0,0,0,2.0,0.0,2.0,2.0,0.0,2.0,0.0,0.0,0.0,1.0,0.0,1.0,0.0,1,0,1,5.0,0.0,4.0,14,1,141,0.0,4.7931745194842545e-5,0.0,0.0,0.5,0.0,0.0,0.0,0.0,0.0,0.0,0.0,0.0,0.0007363939295219712,0.0,0.0008532423208191161,0.0002754517503664733,0.0,7.776898969809086e-5,0.010401188707280832,0.0007429420505200594
1383534278416297993,35,1,0,1,1,0,1,0,0,0,1.0,0.0,1.0,1.0,0.0,1.0,0.0,0.0,0.0,1.0,0.0,1.0,0.0,1,0,1,1.0,0.0,1.0,14,1,141,0.0,2.3965872597421273e-5,0.0,0.0,0.5,0.0,0.0,0.0,0.0,0.0,0.0,0.0,0.0,0.0007297122570344037,0.0,0.0008532423208191161,0.0001376148879682071,0.0,7.776898969809086e-5,0.010401188707280832,0.0007429420505200594
4897657179,35,1,0,1,1,0,1,0,0,0,1.0,0.0,1.0,1.0,0.0,1.0,0.0,0.0,0.0,1.0,0.0,1.0,0.0,1,0,1,1.0,0.0,1.0,14,1,141,0.0,2.3965872597421273e-5,0.0,0.0,0.5,0.0,0.0,0.0,0.0,0.0,0.0,0.0,0.0,0.0007297122570344037,0.0,0.0008532423208191161,0.0001376148879682071,0.0,7.776898969809086e-5,0.010401188707280832,0.0007429420505200594
1375834973148573700,35,1,0,1,1,0,1,0,0,0,1.0,0.0,1.0,1.0,0.0,1.0,0.0,0.0,0.0,1.0,0.0,1.0,0.0,1,0,1,1.0,0.0,1.0,14,1,141,0.0,2.3965872597421273e-5,0.0,0.0,0.5,0.0,0.0,0.0,0.0,0.0,0.0,0.0,0.0,0.0007297122570344037,0.0,0.0008532423208191161,0.0001376148879682071,0.0,7.776898969809086e-5,0.010401188707280832,0.0007429420505200594
1398418200,35,4,0,4,2,0,2,2,0,2,4.0,0.0,4.0,2.0,0.0,2.0,2.0,0.0,2.0,0.5,0.0,0.5,0.0,2,0,3,14.0,0.0,7.0,18,1,396,0.0,9.586349038968509e-5,0.0,0.0,0.35,0.1875,0.0,0.0,0.25,0.0,0.25,0.3333333333333333,0.0,0.00109657243826003,0.0,0.0008532423208191153,0.0,1.0025505782218502e-6,0.0002184150348967658,0.01337295690936107,0.0007429420505200594
1438398329872732161,35,1,0,1,1,0,1,0,0,0,1.0,0.0,1.0,1.0,0.0,1.0,0.0,0.0,0.0,1.0,0.0,1.0,0.0,1,0,1,1.0,0.0,1.0,14,1,141,0.0,2.3965872597421273e-5,0.0,0.0,0.5,0.0,0.0,0.0,0.0,0.0,0.0,0.0,0.0,0.0007297122570344037,0.0,0.0008532423208191161,0.0001376148879682071,0.0,7.776898969809086e-5,0.010401188707280832,0.0007429420505200594
1261421961097342976,35,1,0,1,1,0,1,0,0,0,1.0,0.0,1.0,1.0,0.0,1.0,0.0,0.0,0.0,1.0,0.0,1.0,0.0,1,0,1,1.0,0.0,1.0,14,1,141,0.0,2.3965872597421273e-5,0.0,0.0,0.5,0.0,0.0,0.0,0.0,0.0,0.0,0.0,0.0,0.0007297122570344037,0.0,0.0008532423208191161,0.0001376148879682071,0.0,7.776898969809086e-5,0.010401188707280832,0.0007429420505200594
1310620478893993984,35,1,0,1,1,0,1,0,0,0,1.0,0.0,1.0,1.0,0.0,1.0,0.0,0.0,0.0,1.0,0.0,1.0,0.0,1,0,1,1.0,0.0,1.0,14,1,141,0.0,2.3965872597421273e-5,0.0,0.0,0.5,0.0,0.0,0.0,0.0,0.0,0.0,0.0,0.0,0.0007297122570344037,0.0,0.0008532423208191161,0.0001376148879682071,0.0,7.776898969809086e-5,0.010401188707280832,0.0007429420505200594
1386592115363237893,35,1,0,1,1,0,1,0,0,0,1.0,0.0,1.0,1.0,0.0,1.0,0.0,0.0,0.0,1.0,0.0,1.0,0.0,1,0,1,1.0,0.0,1.0,14,1,141,0.0,2.3965872597421273e-5,0.0,0.0,0.5,0.0,0.0,0.0,0.0,0.0,0.0,0.0,0.0,0.0007297122570344037,0.0,0.0008532423208191161,0.0001376148879682071,0.0,7.776898969809086e-5,0.010401188707280832,0.0007429420505200594
79030985,35,1,0,1,1,0,1,0,0,0,1.0,0.0,1.0,1.0,0.0,1.0,0.0,0.0,0.0,1.0,0.0,1.0,0.0,1,0,1,1.0,0.0,1.0,14,1,141,0.0,2.3965872597421273e-5,0.0,0.0,0.5,0.0,0.0,0.0,0.0,0.0,0.0,0.0,0.0,0.0007297122570344037,0.0,0.0008532423208191161,0.0001376148879682071,0.0,7.776898969809086e-5,0.010401188707280832,0.0007429420505200594
1250280653523836935,35,1,0,1,1,0,1,0,0,0,1.0,0.0,1.0,1.0,0.0,1.0,0.0,0.0,0.0,1.0,0.0,1.0,0.0,1,0,1,1.0,0.0,1.0,14,1,141,0.0,2.3965872597421273e-5,0.0,0.0,0.5,0.0,0.0,0.0,0.0,0.0,0.0,0.0,0.0,0.0007297122570344037,0.0,0.0008532423208191161,0.0001376148879682071,0.0,7.776898969809086e-5,0.010401188707280832,0.0007429420505200594
630902579,35,1,0,1,1,0,1,0,0,0,1.0,0.0,1.0,1.0,0.0,1.0,0.0,0.0,0.0,1.0,0.0,1.0,0.0,1,0,1,1.0,0.0,1.0,14,1,141,0.0,2.3965872597421273e-5,0.0,0.0,0.5,0.0,0.0,0.0,0.0,0.0,0.0,0.0,0.0,0.0007297122570344037,0.0,0.0008532423208191161,0.0001376148879682071,0.0,7.776898969809086e-5,0.010401188707280832,0.0007429420505200594
35977816,35,1,0,1,1,0,1,0,0,0,1.0,0.0,1.0,1.0,0.0,1.0,0.0,0.0,0.0,1.0,0.0,1.0,0.0,1,0,1,1.0,0.0,1.0,14,1,141,0.0,2.3965872597421273e-5,0.0,0.0,0.5,0.0,0.0,0.0,0.0,0.0,0.0,0.0,0.0,0.0007297122570344037,0.0,0.0008532423208191161,0.0001376148879682071,0.0,7.776898969809086e-5,0.010401188707280832,0.0007429420505200594
3304835060,35,1,0,1,1,0,1,0,0,0,1.0,0.0,1.0,1.0,0.0,1.0,0.0,0.0,0.0,1.0,0.0,1.0,0.0,1,0,1,1.0,0.0,1.0,14,1,141,0.0,2.3965872597421273e-5,0.0,0.0,0.5,0.0,0.0,0.0,0.0,0.0,0.0,0.0,0.0,0.0007297122570344037,0.0,0.0008532423208191161,0.0001376148879682071,0.0,7.776898969809086e-5,0.010401188707280832,0.0007429420505200594
29411037,35,1,0,1,1,0,1,0,0,0,2.0,0.0,2.0,2.0,0.0,2.0,0.0,0.0,0.0,1.0,0.0,1.0,0.0,1,0,1,5.0,0.0,4.0,14,1,141,0.0,4.7931745194842545e-5,0.0,0.0,0.5,0.0,0.0,0.0,0.0,0.0,0.0,0.0,0.0,0.0007363939295219712,0.0,0.0008532423208191161,0.0002754517503664733,0.0,7.776898969809086e-5,0.010401188707280832,0.0007429420505200594
300670467,35,1,0,1,1,0,1,0,0,0,1.0,0.0,1.0,1.0,0.0,1.0,0.0,0.0,0.0,1.0,0.0,1.0,0.0,1,0,1,1.0,0.0,1.0,14,1,141,0.0,2.3965872597421273e-5,0.0,0.0,0.5,0.0,0.0,0.0,0.0,0.0,0.0,0.0,0.0,0.0007297122570344037,0.0,0.0008532423208191161,0.0001376148879682071,0.0,7.776898969809086e-5,0.010401188707280832,0.0007429420505200594
1493051445880373254,35,1,0,1,1,0,1,0,0,0,1.0,0.0,1.0,1.0,0.0,1.0,0.0,0.0,0.0,1.0,0.0,1.0,0.0,1,0,1,1.0,0.0,1.0,14,1,141,0.0,2.3965872597421273e-5,0.0,0.0,0.5,0.0,0.0,0.0,0.0,0.0,0.0,0.0,0.0,0.0007297122570344037,0.0,0.0008532423208191161,0.0001376148879682071,0.0,7.776898969809086e-5,0.010401188707280832,0.0007429420505200594
969469599434522624,35,1,0,1,1,0,1,0,0,0,1.0,0.0,1.0,1.0,0.0,1.0,0.0,0.0,0.0,1.0,0.0,1.0,0.0,1,0,1,1.0,0.0,1.0,14,1,141,0.0,2.3965872597421273e-5,0.0,0.0,0.5,0.0,0.0,0.0,0.0,0.0,0.0,0.0,0.0,0.0007297122570344037,0.0,0.0008532423208191161,0.0001376148879682071,0.0,7.776898969809086e-5,0.010401188707280832,0.0007429420505200594
2926472354,35,1,0,1,1,0,1,0,0,0,1.0,0.0,1.0,1.0,0.0,1.0,0.0,0.0,0.0,1.0,0.0,1.0,0.0,1,0,1,1.0,0.0,1.0,14,1,141,0.0,2.3965872597421273e-5,0.0,0.0,0.5,0.0,0.0,0.0,0.0,0.0,0.0,0.0,0.0,0.0007297122570344037,0.0,0.0008532423208191161,0.0001376148879682071,0.0,7.776898969809086e-5,0.010401188707280832,0.0007429420505200594
1427214287693484034,35,1,0,1,1,0,1,0,0,0,1.0,0.0,1.0,1.0,0.0,1.0,0.0,0.0,0.0,1.0,0.0,1.0,0.0,1,0,1,1.0,0.0,1.0,14,1,141,0.0,2.3965872597421273e-5,0.0,0.0,0.5,0.0,0.0,0.0,0.0,0.0,0.0,0.0,0.0,0.0007297122570344037,0.0,0.0008532423208191161,0.0001376148879682071,0.0,7.776898969809086e-5,0.010401188707280832,0.0007429420505200594
1375036927489941504,35,1,0,1,1,0,1,0,0,0,1.0,0.0,1.0,1.0,0.0,1.0,0.0,0.0,0.0,1.0,0.0,1.0,0.0,1,0,1,1.0,0.0,1.0,14,1,141,0.0,2.3965872597421273e-5,0.0,0.0,0.5,0.0,0.0,0.0,0.0,0.0,0.0,0.0,0.0,0.0007297122570344037,0.0,0.0008532423208191161,0.0001376148879682071,0.0,7.776898969809086e-5,0.010401188707280832,0.0007429420505200594
903474876089999361,35,1,0,1,1,0,1,0,0,0,1.0,0.0,1.0,1.0,0.0,1.0,0.0,0.0,0.0,1.0,0.0,1.0,0.0,1,0,1,1.0,0.0,1.0,14,1,141,0.0,2.3965872597421273e-5,0.0,0.0,0.5,0.0,0.0,0.0,0.0,0.0,0.0,0.0,0.0,0.0007297122570344037,0.0,0.0008532423208191161,0.0001376148879682071,0.0,7.776898969809086e-5,0.010401188707280832,0.0007429420505200594
165727849,35,1,0,1,1,0,1,0,0,0,1.0,0.0,1.0,1.0,0.0,1.0,0.0,0.0,0.0,1.0,0.0,1.0,0.0,1,0,1,1.0,0.0,1.0,14,1,141,0.0,2.3965872597421273e-5,0.0,0.0,0.5,0.0,0.0,0.0,0.0,0.0,0.0,0.0,0.0,0.0007297122570344037,0.0,0.0008532423208191161,0.0001376148879682071,0.0,7.776898969809086e-5,0.010401188707280832,0.0007429420505200594
55657219,35,1,0,1,1,0,1,0,0,0,1.0,0.0,1.0,1.0,0.0,1.0,0.0,0.0,0.0,1.0,0.0,1.0,0.0,1,0,1,1.0,0.0,1.0,14,1,141,0.0,2.3965872597421273e-5,0.0,0.0,0.5,0.0,0.0,0.0,0.0,0.0,0.0,0.0,0.0,0.0007297122570344037,0.0,0.0008532423208191161,0.0001376148879682071,0.0,7.776898969809086e-5,0.010401188707280832,0.0007429420505200594
934969971808935936,35,1,0,1,1,0,1,0,0,0,1.0,0.0,1.0,1.0,0.0,1.0,0.0,0.0,0.0,1.0,0.0,1.0,0.0,1,0,1,1.0,0.0,1.0,14,1,141,0.0,2.3965872597421273e-5,0.0,0.0,0.5,0.0,0.0,0.0,0.0,0.0,0.0,0.0,0.0,0.0007297122570344037,0.0,0.0008532423208191161,0.0001376148879682071,0.0,7.776898969809086e-5,0.010401188707280832,0.0007429420505200594
492774653,35,1,0,1,1,0,1,0,0,0,1.0,0.0,1.0,1.0,0.0,1.0,0.0,0.0,0.0,1.0,0.0,1.0,0.0,1,0,1,1.0,0.0,1.0,14,1,141,0.0,2.3965872597421273e-5,0.0,0.0,0.5,0.0,0.0,0.0,0.0,0.0,0.0,0.0,0.0,0.0007297122570344037,0.0,0.0008532423208191161,0.0001376148879682071,0.0,7.776898969809086e-5,0.010401188707280832,0.0007429420505200594
1330136412121862150,35,1,0,1,1,0,1,0,0,0,1.0,0.0,1.0,1.0,0.0,1.0,0.0,0.0,0.0,1.0,0.0,1.0,0.0,1,0,1,1.0,0.0,1.0,14,1,141,0.0,2.3965872597421273e-5,0.0,0.0,0.5,0.0,0.0,0.0,0.0,0.0,0.0,0.0,0.0,0.0007297122570344037,0.0,0.0008532423208191161,0.0001376148879682071,0.0,7.776898969809086e-5,0.010401188707280832,0.0007429420505200594
59119716,35,1,0,1,1,0,1,0,0,0,1.0,0.0,1.0,1.0,0.0,1.0,0.0,0.0,0.0,1.0,0.0,1.0,0.0,1,0,1,1.0,0.0,1.0,14,1,141,0.0,2.3965872597421273e-5,0.0,0.0,0.5,0.0,0.0,0.0,0.0,0.0,0.0,0.0,0.0,0.0007297122570344037,0.0,0.0008532423208191161,0.0001376148879682071,0.0,7.776898969809086e-5,0.010401188707280832,0.0007429420505200594
1501633019001843712,35,2,0,2,2,0,2,0,0,0,3.0,0.0,3.0,3.0,0.0,3.0,0.0,0.0,0.0,1.0,0.0,1.0,0.0,1,0,2,9.0,0.0,7.0,15,1,145,0.0,7.189761779226382e-5,0.0,0.0,0.5,0.25,0.0,0.0,0.0,0.0,0.0,0.0,0.0,0.0009703534342191369,0.0,0.0008532423208191162,0.00041351084222795986,0.0,7.997520217179556e-5,0.011144130757800892,0.0007429420505200594
1074099097026519041,35,1,0,1,1,0,1,0,0,0,1.0,0.0,1.0,1.0,0.0,1.0,0.0,0.0,0.0,1.0,0.0,1.0,0.0,1,0,1,1.0,0.0,1.0,14,1,141,0.0,2.3965872597421273e-5,0.0,0.0,0.5,0.0,0.0,0.0,0.0,0.0,0.0,0.0,0.0,0.0007297122570344037,0.0,0.0008532423208191161,0.0001376148879682071,0.0,7.776898969809086e-5,0.010401188707280832,0.0007429420505200594
738429646887211008,35,1,0,1,1,0,1,0,0,0,2.0,0.0,2.0,2.0,0.0,2.0,0.0,0.0,0.0,1.0,0.0,1.0,0.0,1,0,1,5.0,0.0,4.0,14,1,141,0.0,4.7931745194842545e-5,0.0,0.0,0.5,0.0,0.0,0.0,0.0,0.0,0.0,0.0,0.0,0.0007363939295219712,0.0,0.0008532423208191161,0.0002754517503664733,0.0,7.776898969809086e-5,0.010401188707280832,0.0007429420505200594
1257976454752559106,35,1,0,1,1,0,1,0,0,0,1.0,0.0,1.0,1.0,0.0,1.0,0.0,0.0,0.0,1.0,0.0,1.0,0.0,1,0,1,1.0,0.0,1.0,14,1,141,0.0,2.3965872597421273e-5,0.0,0.0,0.5,0.0,0.0,0.0,0.0,0.0,0.0,0.0,0.0,0.0007297122570344037,0.0,0.0008532423208191161,0.0001376148879682071,0.0,7.776898969809086e-5,0.010401188707280832,0.0007429420505200594
1304708750457012227,35,1,0,1,1,0,1,0,0,0,1.0,0.0,1.0,1.0,0.0,1.0,0.0,0.0,0.0,1.0,0.0,1.0,0.0,1,0,1,1.0,0.0,1.0,14,1,141,0.0,2.3965872597421273e-5,0.0,0.0,0.5,0.0,0.0,0.0,0.0,0.0,0.0,0.0,0.0,0.0007297122570344037,0.0,0.0008532423208191161,0.0001376148879682071,0.0,7.776898969809086e-5,0.010401188707280832,0.0007429420505200594
1202181788803596288,35,1,0,1,1,0,1,0,0,0,1.0,0.0,1.0,1.0,0.0,1.0,0.0,0.0,0.0,1.0,0.0,1.0,0.0,1,0,1,1.0,0.0,1.0,14,1,141,0.0,2.3965872597421273e-5,0.0,0.0,0.5,0.0,0.0,0.0,0.0,0.0,0.0,0.0,0.0,0.0007297122570344037,0.0,0.0008532423208191161,0.0001376148879682071,0.0,7.776898969809086e-5,0.010401188707280832,0.0007429420505200594
173146521,35,1,0,1,1,0,1,0,0,0,1.0,0.0,1.0,1.0,0.0,1.0,0.0,0.0,0.0,1.0,0.0,1.0,0.0,1,0,1,1.0,0.0,1.0,14,1,141,0.0,2.3965872597421273e-5,0.0,0.0,0.5,0.0,0.0,0.0,0.0,0.0,0.0,0.0,0.0,0.0007297122570344037,0.0,0.0008532423208191161,0.0001376148879682071,0.0,7.776898969809086e-5,0.010401188707280832,0.0007429420505200594
2181642090,35,1,0,1,1,0,1,0,0,0,1.0,0.0,1.0,1.0,0.0,1.0,0.0,0.0,0.0,1.0,0.0,1.0,0.0,1,0,1,1.0,0.0,1.0,14,1,141,0.0,2.3965872597421273e-5,0.0,0.0,0.5,0.0,0.0,0.0,0.0,0.0,0.0,0.0,0.0,0.0007297122570344037,0.0,0.0008532423208191161,0.0001376148879682071,0.0,7.776898969809086e-5,0.010401188707280832,0.0007429420505200594
779910552,35,1,0,1,1,0,1,0,0,0,1.0,0.0,1.0,1.0,0.0,1.0,0.0,0.0,0.0,1.0,0.0,1.0,0.0,1,0,1,1.0,0.0,1.0,14,1,141,0.0,2.3965872597421273e-5,0.0,0.0,0.5,0.0,0.0,0.0,0.0,0.0,0.0,0.0,0.0,0.0007297122570344037,0.0,0.0008532423208191161,0.0001376148879682071,0.0,7.776898969809086e-5,0.010401188707280832,0.0007429420505200594
881137693748477952,35,2,0,2,2,0,2,0,0,0,3.0,0.0,3.0,3.0,0.0,3.0,0.0,0.0,0.0,1.0,0.0,1.0,0.0,1,0,2,9.0,0.0,5.0,15,1,142,0.0,7.189761779226382e-5,0.0,0.0,0.3333333333333333,0.0,0.0,0.0,0.0,0.0,0.0,0.0,0.0,0.0010973556952990709,0.0,0.0008532423208191161,0.00041351084222795986,0.0,7.832054281651703e-5,0.011144130757800892,0.0007429420505200594
1373800754,35,2,0,2,1,0,1,1,0,1,3.0,0.0,3.0,2.0,0.0,2.0,1.0,0.0,1.0,0.5,0.0,0.6666666666666666,0.0,2,0,2,9.0,0.0,7.0,16,1,316,0.0,7.189761779226382e-5,0.0,0.0,0.5,0.25,0.0,0.0,0.5,0.0,0.5,1.0,0.0,0.0007392689097267467,0.0,0.0008532423208191148,0.0001372242824899672,0.0,0.0001742907854226717,0.01188707280832095,0.0007429420505200594
18758897,35,1,0,1,1,0,1,0,0,0,1.0,0.0,1.0,1.0,0.0,1.0,0.0,0.0,0.0,1.0,0.0,1.0,0.0,1,0,1,1.0,0.0,1.0,14,1,141,0.0,2.3965872597421273e-5,0.0,0.0,0.5,0.0,0.0,0.0,0.0,0.0,0.0,0.0,0.0,0.0007297122570344037,0.0,0.0008532423208191161,0.0001376148879682071,0.0,7.776898969809086e-5,0.010401188707280832,0.0007429420505200594
25007208,35,1,0,1,1,0,1,0,0,0,1.0,0.0,1.0,1.0,0.0,1.0,0.0,0.0,0.0,1.0,0.0,1.0,0.0,1,0,1,1.0,0.0,1.0,14,1,141,0.0,2.3965872597421273e-5,0.0,0.0,0.5,0.0,0.0,0.0,0.0,0.0,0.0,0.0,0.0,0.0007297122570344037,0.0,0.0008532423208191161,0.0001376148879682071,0.0,7.776898969809086e-5,0.010401188707280832,0.0007429420505200594
58175014,35,1,0,1,1,0,1,0,0,0,1.0,0.0,1.0,1.0,0.0,1.0,0.0,0.0,0.0,1.0,0.0,1.0,0.0,1,0,1,1.0,0.0,1.0,14,1,141,0.0,2.3965872597421273e-5,0.0,0.0,0.5,0.0,0.0,0.0,0.0,0.0,0.0,0.0,0.0,0.0007297122570344037,0.0,0.0008532423208191161,0.0001376148879682071,0.0,7.776898969809086e-5,0.010401188707280832,0.0007429420505200594
783410619508596737,35,1,0,1,1,0,1,0,0,0,1.0,0.0,1.0,1.0,0.0,1.0,0.0,0.0,0.0,1.0,0.0,1.0,0.0,1,0,1,1.0,0.0,1.0,14,1,141,0.0,2.3965872597421273e-5,0.0,0.0,0.5,0.0,0.0,0.0,0.0,0.0,0.0,0.0,0.0,0.0007297122570344037,0.0,0.0008532423208191161,0.0001376148879682071,0.0,7.776898969809086e-5,0.010401188707280832,0.0007429420505200594
67715492,35,1,0,1,1,0,1,0,0,0,2.0,0.0,2.0,2.0,0.0,2.0,0.0,0.0,0.0,1.0,0.0,1.0,0.0,1,0,1,5.0,0.0,4.0,14,1,141,0.0,4.7931745194842545e-5,0.0,0.0,0.5,0.0,0.0,0.0,0.0,0.0,0.0,0.0,0.0,0.0007363939295219712,0.0,0.0008532423208191161,0.0002754517503664733,0.0,7.776898969809086e-5,0.010401188707280832,0.0007429420505200594
1370658055143137285,35,1,0,1,1,0,1,0,0,0,1.0,0.0,1.0,1.0,0.0,1.0,0.0,0.0,0.0,1.0,0.0,1.0,0.0,1,0,1,1.0,0.0,1.0,14,1,141,0.0,2.3965872597421273e-5,0.0,0.0,0.5,0.0,0.0,0.0,0.0,0.0,0.0,0.0,0.0,0.0007297122570344037,0.0,0.0008532423208191161,0.0001376148879682071,0.0,7.776898969809086e-5,0.010401188707280832,0.0007429420505200594
1491966167048921090,35,1,0,1,1,0,1,0,0,0,1.0,0.0,1.0,1.0,0.0,1.0,0.0,0.0,0.0,1.0,0.0,1.0,0.0,1,0,1,1.0,0.0,1.0,14,1,141,0.0,2.3965872597421273e-5,0.0,0.0,0.5,0.0,0.0,0.0,0.0,0.0,0.0,0.0,0.0,0.0007297122570344037,0.0,0.0008532423208191161,0.0001376148879682071,0.0,7.776898969809086e-5,0.010401188707280832,0.0007429420505200594
267681470,35,1,0,1,1,0,1,0,0,0,1.0,0.0,1.0,1.0,0.0,1.0,0.0,0.0,0.0,1.0,0.0,1.0,0.0,1,0,1,1.0,0.0,1.0,14,1,141,0.0,2.3965872597421273e-5,0.0,0.0,0.5,0.0,0.0,0.0,0.0,0.0,0.0,0.0,0.0,0.0007297122570344037,0.0,0.0008532423208191161,0.0001376148879682071,0.0,7.776898969809086e-5,0.010401188707280832,0.0007429420505200594
1448970426772717579,35,1,0,1,1,0,1,0,0,0,1.0,0.0,1.0,1.0,0.0,1.0,0.0,0.0,0.0,1.0,0.0,1.0,0.0,1,0,1,1.0,0.0,1.0,14,1,141,0.0,2.3965872597421273e-5,0.0,0.0,0.5,0.0,0.0,0.0,0.0,0.0,0.0,0.0,0.0,0.0007297122570344037,0.0,0.0008532423208191161,0.0001376148879682071,0.0,7.776898969809086e-5,0.010401188707280832,0.0007429420505200594
1422115642086281217,35,1,0,1,1,0,1,0,0,0,1.0,0.0,1.0,1.0,0.0,1.0,0.0,0.0,0.0,1.0,0.0,1.0,0.0,1,0,1,1.0,0.0,1.0,14,1,141,0.0,2.3965872597421273e-5,0.0,0.0,0.5,0.0,0.0,0.0,0.0,0.0,0.0,0.0,0.0,0.0007297122570344037,0.0,0.0008532423208191161,0.0001376148879682071,0.0,7.776898969809086e-5,0.010401188707280832,0.0007429420505200594
1495910235198095360,35,1,0,1,1,0,1,0,0,0,1.0,0.0,1.0,1.0,0.0,1.0,0.0,0.0,0.0,1.0,0.0,1.0,0.0,1,0,1,1.0,0.0,1.0,14,1,141,0.0,2.3965872597421273e-5,0.0,0.0,0.5,0.0,0.0,0.0,0.0,0.0,0.0,0.0,0.0,0.0007297122570344037,0.0,0.0008532423208191161,0.0001376148879682071,0.0,7.776898969809086e-5,0.010401188707280832,0.0007429420505200594
237236420,35,1,0,1,1,0,1,0,0,0,1.0,0.0,1.0,1.0,0.0,1.0,0.0,0.0,0.0,1.0,0.0,1.0,0.0,1,0,1,1.0,0.0,1.0,14,1,141,0.0,2.3965872597421273e-5,0.0,0.0,0.5,0.0,0.0,0.0,0.0,0.0,0.0,0.0,0.0,0.0007297122570344037,0.0,0.0008532423208191161,0.0001376148879682071,0.0,7.776898969809086e-5,0.010401188707280832,0.0007429420505200594
28928078,35,1,0,1,1,0,1,0,0,0,1.0,0.0,1.0,1.0,0.0,1.0,0.0,0.0,0.0,1.0,0.0,1.0,0.0,1,0,1,1.0,0.0,1.0,14,1,141,0.0,2.3965872597421273e-5,0.0,0.0,0.5,0.0,0.0,0.0,0.0,0.0,0.0,0.0,0.0,0.0007297122570344037,0.0,0.0008532423208191161,0.0001376148879682071,0.0,7.776898969809086e-5,0.010401188707280832,0.0007429420505200594
1466086210473193472,35,1,0,1,1,0,1,0,0,0,1.0,0.0,1.0,1.0,0.0,1.0,0.0,0.0,0.0,1.0,0.0,1.0,0.0,1,0,1,1.0,0.0,1.0,14,1,141,0.0,2.3965872597421273e-5,0.0,0.0,0.5,0.0,0.0,0.0,0.0,0.0,0.0,0.0,0.0,0.0007297122570344037,0.0,0.0008532423208191161,0.0001376148879682071,0.0,7.776898969809086e-5,0.010401188707280832,0.0007429420505200594
1436876710205530119,35,1,0,1,1,0,1,0,0,0,1.0,0.0,1.0,1.0,0.0,1.0,0.0,0.0,0.0,1.0,0.0,1.0,0.0,1,0,1,1.0,0.0,1.0,14,1,141,0.0,2.3965872597421273e-5,0.0,0.0,0.5,0.0,0.0,0.0,0.0,0.0,0.0,0.0,0.0,0.0007297122570344037,0.0,0.0008532423208191161,0.0001376148879682071,0.0,7.776898969809086e-5,0.010401188707280832,0.0007429420505200594
1191200994463375361,35,1,0,1,1,0,1,0,0,0,1.0,0.0,1.0,1.0,0.0,1.0,0.0,0.0,0.0,1.0,0.0,1.0,0.0,1,0,1,1.0,0.0,1.0,14,1,141,0.0,2.3965872597421273e-5,0.0,0.0,0.5,0.0,0.0,0.0,0.0,0.0,0.0,0.0,0.0,0.0007297122570344037,0.0,0.0008532423208191161,0.0001376148879682071,0.0,7.776898969809086e-5,0.010401188707280832,0.0007429420505200594
907239479965925378,35,1,0,1,1,0,1,0,0,0,1.0,0.0,1.0,1.0,0.0,1.0,0.0,0.0,0.0,1.0,0.0,1.0,0.0,1,0,1,1.0,0.0,1.0,14,1,141,0.0,2.3965872597421273e-5,0.0,0.0,0.5,0.0,0.0,0.0,0.0,0.0,0.0,0.0,0.0,0.0007297122570344037,0.0,0.0008532423208191161,0.0001376148879682071,0.0,7.776898969809086e-5,0.010401188707280832,0.0007429420505200594
895918759658926082,35,1,0,1,1,0,1,0,0,0,1.0,0.0,1.0,1.0,0.0,1.0,0.0,0.0,0.0,1.0,0.0,1.0,0.0,1,0,1,1.0,0.0,1.0,14,1,141,0.0,2.3965872597421273e-5,0.0,0.0,0.5,0.0,0.0,0.0,0.0,0.0,0.0,0.0,0.0,0.0007297122570344037,0.0,0.0008532423208191161,0.0001376148879682071,0.0,7.776898969809086e-5,0.010401188707280832,0.0007429420505200594
1433232115328372737,35,1,0,1,1,0,1,0,0,0,1.0,0.0,1.0,1.0,0.0,1.0,0.0,0.0,0.0,1.0,0.0,1.0,0.0,1,0,1,1.0,0.0,1.0,14,1,141,0.0,2.3965872597421273e-5,0.0,0.0,0.5,0.0,0.0,0.0,0.0,0.0,0.0,0.0,0.0,0.0007297122570344037,0.0,0.0008532423208191161,0.0001376148879682071,0.0,7.776898969809086e-5,0.010401188707280832,0.0007429420505200594
1425412041326485507,35,1,0,1,1,0,1,0,0,0,1.0,0.0,1.0,1.0,0.0,1.0,0.0,0.0,0.0,1.0,0.0,1.0,0.0,1,0,1,1.0,0.0,1.0,14,1,141,0.0,2.3965872597421273e-5,0.0,0.0,0.5,0.0,0.0,0.0,0.0,0.0,0.0,0.0,0.0,0.0007297122570344037,0.0,0.0008532423208191161,0.0001376148879682071,0.0,7.776898969809086e-5,0.010401188707280832,0.0007429420505200594
1449892605660073985,35,1,0,1,1,0,1,0,0,0,1.0,0.0,1.0,1.0,0.0,1.0,0.0,0.0,0.0,1.0,0.0,1.0,0.0,1,0,1,1.0,0.0,1.0,14,1,141,0.0,2.3965872597421273e-5,0.0,0.0,0.5,0.0,0.0,0.0,0.0,0.0,0.0,0.0,0.0,0.0007297122570344037,0.0,0.0008532423208191161,0.0001376148879682071,0.0,7.776898969809086e-5,0.010401188707280832,0.0007429420505200594
20987478,35,1,0,1,1,0,1,0,0,0,1.0,0.0,1.0,1.0,0.0,1.0,0.0,0.0,0.0,1.0,0.0,1.0,0.0,1,0,1,1.0,0.0,1.0,14,1,141,0.0,2.3965872597421273e-5,0.0,0.0,0.5,0.0,0.0,0.0,0.0,0.0,0.0,0.0,0.0,0.0007297122570344037,0.0,0.0008532423208191161,0.0001376148879682071,0.0,7.776898969809086e-5,0.010401188707280832,0.0007429420505200594
1411688250847031297,35,1,0,1,1,0,1,0,0,0,1.0,0.0,1.0,1.0,0.0,1.0,0.0,0.0,0.0,1.0,0.0,1.0,0.0,1,0,1,1.0,0.0,1.0,14,1,141,0.0,2.3965872597421273e-5,0.0,0.0,0.5,0.0,0.0,0.0,0.0,0.0,0.0,0.0,0.0,0.0007297122570344037,0.0,0.0008532423208191161,0.0001376148879682071,0.0,7.776898969809086e-5,0.010401188707280832,0.0007429420505200594
1452429693114740737,35,1,0,1,1,0,1,0,0,0,1.0,0.0,1.0,1.0,0.0,1.0,0.0,0.0,0.0,1.0,0.0,1.0,0.0,1,0,1,1.0,0.0,1.0,14,1,141,0.0,2.3965872597421273e-5,0.0,0.0,0.5,0.0,0.0,0.0,0.0,0.0,0.0,0.0,0.0,0.0007297122570344037,0.0,0.0008532423208191161,0.0001376148879682071,0.0,7.776898969809086e-5,0.010401188707280832,0.0007429420505200594
1467131954860486659,35,1,0,1,1,0,1,0,0,0,1.0,0.0,1.0,1.0,0.0,1.0,0.0,0.0,0.0,1.0,0.0,1.0,0.0,1,0,1,1.0,0.0,1.0,14,1,141,0.0,2.3965872597421273e-5,0.0,0.0,0.5,0.0,0.0,0.0,0.0,0.0,0.0,0.0,0.0,0.0007297122570344037,0.0,0.0008532423208191161,0.0001376148879682071,0.0,7.776898969809086e-5,0.010401188707280832,0.0007429420505200594
1371086795346042882,35,1,0,1,1,0,1,0,0,0,1.0,0.0,1.0,1.0,0.0,1.0,0.0,0.0,0.0,1.0,0.0,1.0,0.0,1,0,1,1.0,0.0,1.0,14,1,141,0.0,2.3965872597421273e-5,0.0,0.0,0.5,0.0,0.0,0.0,0.0,0.0,0.0,0.0,0.0,0.0007297122570344037,0.0,0.0008532423208191161,0.0001376148879682071,0.0,7.776898969809086e-5,0.010401188707280832,0.0007429420505200594
1284153127185158144,35,1,0,1,1,0,1,0,0,0,1.0,0.0,1.0,1.0,0.0,1.0,0.0,0.0,0.0,1.0,0.0,1.0,0.0,1,0,1,1.0,0.0,1.0,14,1,141,0.0,2.3965872597421273e-5,0.0,0.0,0.5,0.0,0.0,0.0,0.0,0.0,0.0,0.0,0.0,0.0007297122570344037,0.0,0.0008532423208191161,0.0001376148879682071,0.0,7.776898969809086e-5,0.010401188707280832,0.0007429420505200594
361105538,35,1,0,1,1,0,1,0,0,0,1.0,0.0,1.0,1.0,0.0,1.0,0.0,0.0,0.0,1.0,0.0,1.0,0.0,1,0,1,1.0,0.0,1.0,14,1,141,0.0,2.3965872597421273e-5,0.0,0.0,0.5,0.0,0.0,0.0,0.0,0.0,0.0,0.0,0.0,0.0007297122570344037,0.0,0.0008532423208191161,0.0001376148879682071,0.0,7.776898969809086e-5,0.010401188707280832,0.0007429420505200594
1038781809511682048,35,1,0,1,1,0,1,0,0,0,1.0,0.0,1.0,1.0,0.0,1.0,0.0,0.0,0.0,1.0,0.0,1.0,0.0,1,0,1,1.0,0.0,1.0,14,1,141,0.0,2.3965872597421273e-5,0.0,0.0,0.5,0.0,0.0,0.0,0.0,0.0,0.0,0.0,0.0,0.0007297122570344037,0.0,0.0008532423208191161,0.0001376148879682071,0.0,7.776898969809086e-5,0.010401188707280832,0.0007429420505200594
80819884,35,1,0,1,1,0,1,0,0,0,1.0,0.0,1.0,1.0,0.0,1.0,0.0,0.0,0.0,1.0,0.0,1.0,0.0,1,0,1,1.0,0.0,1.0,14,1,141,0.0,2.3965872597421273e-5,0.0,0.0,0.5,0.0,0.0,0.0,0.0,0.0,0.0,0.0,0.0,0.0007297122570344037,0.0,0.0008532423208191161,0.0001376148879682071,0.0,7.776898969809086e-5,0.010401188707280832,0.0007429420505200594
1400730703273218050,35,1,0,1,1,0,1,0,0,0,1.0,0.0,1.0,1.0,0.0,1.0,0.0,0.0,0.0,1.0,0.0,1.0,0.0,1,0,1,1.0,0.0,1.0,14,1,141,0.0,2.3965872597421273e-5,0.0,0.0,0.5,0.0,0.0,0.0,0.0,0.0,0.0,0.0,0.0,0.0007297122570344037,0.0,0.0008532423208191161,0.0001376148879682071,0.0,7.776898969809086e-5,0.010401188707280832,0.0007429420505200594
1451769650799276035,35,1,0,1,1,0,1,0,0,0,1.0,0.0,1.0,1.0,0.0,1.0,0.0,0.0,0.0,1.0,0.0,1.0,0.0,1,0,1,1.0,0.0,1.0,14,1,141,0.0,2.3965872597421273e-5,0.0,0.0,0.5,0.0,0.0,0.0,0.0,0.0,0.0,0.0,0.0,0.0007297122570344037,0.0,0.0008532423208191161,0.0001376148879682071,0.0,7.776898969809086e-5,0.010401188707280832,0.0007429420505200594
1434467923922280448,35,1,0,1,1,0,1,0,0,0,2.0,0.0,2.0,2.0,0.0,2.0,0.0,0.0,0.0,1.0,0.0,1.0,0.0,1,0,1,5.0,0.0,4.0,14,1,141,0.0,4.7931745194842545e-5,0.0,0.0,0.5,0.0,0.0,0.0,0.0,0.0,0.0,0.0,0.0,0.0007363939295219712,0.0,0.0008532423208191161,0.0002754517503664733,0.0,7.776898969809086e-5,0.010401188707280832,0.0007429420505200594
249258205,35,1,0,1,1,0,1,0,0,0,1.0,0.0,1.0,1.0,0.0,1.0,0.0,0.0,0.0,1.0,0.0,1.0,0.0,1,0,1,1.0,0.0,1.0,14,1,141,0.0,2.3965872597421273e-5,0.0,0.0,0.5,0.0,0.0,0.0,0.0,0.0,0.0,0.0,0.0,0.0007297122570344037,0.0,0.0008532423208191161,0.0001376148879682071,0.0,7.776898969809086e-5,0.010401188707280832,0.0007429420505200594
1064099587898642432,35,1,0,1,1,0,1,0,0,0,1.0,0.0,1.0,1.0,0.0,1.0,0.0,0.0,0.0,1.0,0.0,1.0,0.0,1,0,1,1.0,0.0,1.0,14,1,141,0.0,2.3965872597421273e-5,0.0,0.0,0.5,0.0,0.0,0.0,0.0,0.0,0.0,0.0,0.0,0.0007297122570344037,0.0,0.0008532423208191161,0.0001376148879682071,0.0,7.776898969809086e-5,0.010401188707280832,0.0007429420505200594
1445793878548762626,35,1,0,1,1,0,1,0,0,0,1.0,0.0,1.0,1.0,0.0,1.0,0.0,0.0,0.0,1.0,0.0,1.0,0.0,1,0,1,1.0,0.0,1.0,14,1,141,0.0,2.3965872597421273e-5,0.0,0.0,0.5,0.0,0.0,0.0,0.0,0.0,0.0,0.0,0.0,0.0007297122570344037,0.0,0.0008532423208191161,0.0001376148879682071,0.0,7.776898969809086e-5,0.010401188707280832,0.0007429420505200594
1476035914702852097,35,1,0,1,1,0,1,0,0,0,1.0,0.0,1.0,1.0,0.0,1.0,0.0,0.0,0.0,1.0,0.0,1.0,0.0,1,0,1,1.0,0.0,1.0,14,1,141,0.0,2.3965872597421273e-5,0.0,0.0,0.5,0.0,0.0,0.0,0.0,0.0,0.0,0.0,0.0,0.0007297122570344037,0.0,0.0008532423208191161,0.0001376148879682071,0.0,7.776898969809086e-5,0.010401188707280832,0.0007429420505200594
1488439079175745538,35,1,0,1,1,0,1,0,0,0,1.0,0.0,1.0,1.0,0.0,1.0,0.0,0.0,0.0,1.0,0.0,1.0,0.0,1,0,1,1.0,0.0,1.0,14,1,141,0.0,2.3965872597421273e-5,0.0,0.0,0.5,0.0,0.0,0.0,0.0,0.0,0.0,0.0,0.0,0.0007297122570344037,0.0,0.0008532423208191161,0.0001376148879682071,0.0,7.776898969809086e-5,0.010401188707280832,0.0007429420505200594
83362769,35,1,0,1,1,0,1,0,0,0,1.0,0.0,1.0,1.0,0.0,1.0,0.0,0.0,0.0,1.0,0.0,1.0,0.0,1,0,1,1.0,0.0,1.0,14,1,141,0.0,2.3965872597421273e-5,0.0,0.0,0.5,0.0,0.0,0.0,0.0,0.0,0.0,0.0,0.0,0.0007297122570344037,0.0,0.0008532423208191161,0.0001376148879682071,0.0,7.776898969809086e-5,0.010401188707280832,0.0007429420505200594
330306864,35,1,0,1,1,0,1,0,0,0,1.0,0.0,1.0,1.0,0.0,1.0,0.0,0.0,0.0,1.0,0.0,1.0,0.0,1,0,1,1.0,0.0,1.0,14,1,141,0.0,2.3965872597421273e-5,0.0,0.0,0.5,0.0,0.0,0.0,0.0,0.0,0.0,0.0,0.0,0.0007297122570344037,0.0,0.0008532423208191161,0.0001376148879682071,0.0,7.776898969809086e-5,0.010401188707280832,0.0007429420505200594
1599858283,35,1,0,1,1,0,1,0,0,0,1.0,0.0,1.0,1.0,0.0,1.0,0.0,0.0,0.0,1.0,0.0,1.0,0.0,1,0,1,1.0,0.0,1.0,14,1,141,0.0,2.3965872597421273e-5,0.0,0.0,0.5,0.0,0.0,0.0,0.0,0.0,0.0,0.0,0.0,0.0007297122570344037,0.0,0.0008532423208191161,0.0001376148879682071,0.0,7.776898969809086e-5,0.010401188707280832,0.0007429420505200594
765898838863413248,35,1,0,1,1,0,1,0,0,0,1.0,0.0,1.0,1.0,0.0,1.0,0.0,0.0,0.0,1.0,0.0,1.0,0.0,1,0,1,1.0,0.0,1.0,14,1,141,0.0,2.3965872597421273e-5,0.0,0.0,0.5,0.0,0.0,0.0,0.0,0.0,0.0,0.0,0.0,0.0007297122570344037,0.0,0.0008532423208191161,0.0001376148879682071,0.0,7.776898969809086e-5,0.010401188707280832,0.0007429420505200594
1472105501605638145,35,1,0,1,1,0,1,0,0,0,1.0,0.0,1.0,1.0,0.0,1.0,0.0,0.0,0.0,1.0,0.0,1.0,0.0,1,0,1,1.0,0.0,1.0,14,1,141,0.0,2.3965872597421273e-5,0.0,0.0,0.5,0.0,0.0,0.0,0.0,0.0,0.0,0.0,0.0,0.0007297122570344037,0.0,0.0008532423208191161,0.0001376148879682071,0.0,7.776898969809086e-5,0.010401188707280832,0.0007429420505200594
28693649,35,1,0,1,1,0,1,0,0,0,1.0,0.0,1.0,1.0,0.0,1.0,0.0,0.0,0.0,1.0,0.0,1.0,0.0,1,0,1,1.0,0.0,1.0,14,1,141,0.0,2.3965872597421273e-5,0.0,0.0,0.5,0.0,0.0,0.0,0.0,0.0,0.0,0.0,0.0,0.0007297122570344037,0.0,0.0008532423208191161,0.0001376148879682071,0.0,7.776898969809086e-5,0.010401188707280832,0.0007429420505200594
1458848633806200847,35,1,0,1,1,0,1,0,0,0,1.0,0.0,1.0,1.0,0.0,1.0,0.0,0.0,0.0,1.0,0.0,1.0,0.0,1,0,1,1.0,0.0,1.0,14,1,141,0.0,2.3965872597421273e-5,0.0,0.0,0.5,0.0,0.0,0.0,0.0,0.0,0.0,0.0,0.0,0.0007297122570344037,0.0,0.0008532423208191161,0.0001376148879682071,0.0,7.776898969809086e-5,0.010401188707280832,0.0007429420505200594
994294748,35,1,0,1,1,0,1,0,0,0,1.0,0.0,1.0,1.0,0.0,1.0,0.0,0.0,0.0,1.0,0.0,1.0,0.0,1,0,1,1.0,0.0,1.0,14,1,141,0.0,2.3965872597421273e-5,0.0,0.0,0.5,0.0,0.0,0.0,0.0,0.0,0.0,0.0,0.0,0.0007297122570344037,0.0,0.0008532423208191161,0.0001376148879682071,0.0,7.776898969809086e-5,0.010401188707280832,0.0007429420505200594
1298077816567685120,35,1,0,1,1,0,1,0,0,0,1.0,0.0,1.0,1.0,0.0,1.0,0.0,0.0,0.0,1.0,0.0,1.0,0.0,1,0,1,1.0,0.0,1.0,14,1,141,0.0,2.3965872597421273e-5,0.0,0.0,0.5,0.0,0.0,0.0,0.0,0.0,0.0,0.0,0.0,0.0007297122570344037,0.0,0.0008532423208191161,0.0001376148879682071,0.0,7.776898969809086e-5,0.010401188707280832,0.0007429420505200594
186618398,35,1,0,1,1,0,1,0,0,0,1.0,0.0,1.0,1.0,0.0,1.0,0.0,0.0,0.0,1.0,0.0,1.0,0.0,1,0,1,1.0,0.0,1.0,14,1,141,0.0,2.3965872597421273e-5,0.0,0.0,0.5,0.0,0.0,0.0,0.0,0.0,0.0,0.0,0.0,0.0007297122570344037,0.0,0.0008532423208191161,0.0001376148879682071,0.0,7.776898969809086e-5,0.010401188707280832,0.0007429420505200594
29614894,35,1,0,1,1,0,1,0,0,0,1.0,0.0,1.0,1.0,0.0,1.0,0.0,0.0,0.0,1.0,0.0,1.0,0.0,1,0,1,1.0,0.0,1.0,14,1,141,0.0,2.3965872597421273e-5,0.0,0.0,0.5,0.0,0.0,0.0,0.0,0.0,0.0,0.0,0.0,0.0007297122570344037,0.0,0.0008532423208191161,0.0001376148879682071,0.0,7.776898969809086e-5,0.010401188707280832,0.0007429420505200594
39255818,35,1,0,1,1,0,1,0,0,0,1.0,0.0,1.0,1.0,0.0,1.0,0.0,0.0,0.0,1.0,0.0,1.0,0.0,1,0,1,1.0,0.0,1.0,14,1,141,0.0,2.3965872597421273e-5,0.0,0.0,0.5,0.0,0.0,0.0,0.0,0.0,0.0,0.0,0.0,0.0007297122570344037,0.0,0.0008532423208191161,0.0001376148879682071,0.0,7.776898969809086e-5,0.010401188707280832,0.0007429420505200594
1375824331876364291,35,1,0,1,1,0,1,0,0,0,1.0,0.0,1.0,1.0,0.0,1.0,0.0,0.0,0.0,1.0,0.0,1.0,0.0,1,0,1,1.0,0.0,1.0,14,1,141,0.0,2.3965872597421273e-5,0.0,0.0,0.5,0.0,0.0,0.0,0.0,0.0,0.0,0.0,0.0,0.0007297122570344037,0.0,0.0008532423208191161,0.0001376148879682071,0.0,7.776898969809086e-5,0.010401188707280832,0.0007429420505200594
1392722780987088898,35,1,0,1,1,0,1,0,0,0,1.0,0.0,1.0,1.0,0.0,1.0,0.0,0.0,0.0,1.0,0.0,1.0,0.0,1,0,1,1.0,0.0,1.0,14,1,141,0.0,2.3965872597421273e-5,0.0,0.0,0.5,0.0,0.0,0.0,0.0,0.0,0.0,0.0,0.0,0.0007297122570344037,0.0,0.0008532423208191161,0.0001376148879682071,0.0,7.776898969809086e-5,0.010401188707280832,0.0007429420505200594
915528910049222657,35,1,0,1,1,0,1,0,0,0,1.0,0.0,1.0,1.0,0.0,1.0,0.0,0.0,0.0,1.0,0.0,1.0,0.0,1,0,1,1.0,0.0,1.0,14,1,141,0.0,2.3965872597421273e-5,0.0,0.0,0.5,0.0,0.0,0.0,0.0,0.0,0.0,0.0,0.0,0.0007297122570344037,0.0,0.0008532423208191161,0.0001376148879682071,0.0,7.776898969809086e-5,0.010401188707280832,0.0007429420505200594
1965607242,35,1,0,1,1,0,1,0,0,0,1.0,0.0,1.0,1.0,0.0,1.0,0.0,0.0,0.0,1.0,0.0,1.0,0.0,1,0,1,1.0,0.0,1.0,14,1,141,0.0,2.3965872597421273e-5,0.0,0.0,0.5,0.0,0.0,0.0,0.0,0.0,0.0,0.0,0.0,0.0007297122570344037,0.0,0.0008532423208191161,0.0001376148879682071,0.0,7.776898969809086e-5,0.010401188707280832,0.0007429420505200594
948014053955272704,35,1,0,1,1,0,1,0,0,0,1.0,0.0,1.0,1.0,0.0,1.0,0.0,0.0,0.0,1.0,0.0,1.0,0.0,1,0,1,1.0,0.0,1.0,14,1,141,0.0,2.3965872597421273e-5,0.0,0.0,0.5,0.0,0.0,0.0,0.0,0.0,0.0,0.0,0.0,0.0007297122570344037,0.0,0.0008532423208191161,0.0001376148879682071,0.0,7.776898969809086e-5,0.010401188707280832,0.0007429420505200594
1107831770001477632,35,1,0,1,1,0,1,0,0,0,1.0,0.0,1.0,1.0,0.0,1.0,0.0,0.0,0.0,1.0,0.0,1.0,0.0,1,0,1,1.0,0.0,1.0,14,1,141,0.0,2.3965872597421273e-5,0.0,0.0,0.5,0.0,0.0,0.0,0.0,0.0,0.0,0.0,0.0,0.0007297122570344037,0.0,0.0008532423208191161,0.0001376148879682071,0.0,7.776898969809086e-5,0.010401188707280832,0.0007429420505200594
1237074032903598081,35,1,0,1,1,0,1,0,0,0,1.0,0.0,1.0,1.0,0.0,1.0,0.0,0.0,0.0,1.0,0.0,1.0,0.0,1,0,1,1.0,0.0,1.0,14,1,141,0.0,2.3965872597421273e-5,0.0,0.0,0.5,0.0,0.0,0.0,0.0,0.0,0.0,0.0,0.0,0.0007297122570344037,0.0,0.0008532423208191161,0.0001376148879682071,0.0,7.776898969809086e-5,0.010401188707280832,0.0007429420505200594
1450637710348021770,35,1,0,1,1,0,1,0,0,0,1.0,0.0,1.0,1.0,0.0,1.0,0.0,0.0,0.0,1.0,0.0,1.0,0.0,1,0,1,1.0,0.0,1.0,14,1,141,0.0,2.3965872597421273e-5,0.0,0.0,0.5,0.0,0.0,0.0,0.0,0.0,0.0,0.0,0.0,0.0007297122570344037,0.0,0.0008532423208191161,0.0001376148879682071,0.0,7.776898969809086e-5,0.010401188707280832,0.0007429420505200594
1450010787586535424,35,1,0,1,1,0,1,0,0,0,1.0,0.0,1.0,1.0,0.0,1.0,0.0,0.0,0.0,1.0,0.0,1.0,0.0,1,0,1,1.0,0.0,1.0,14,1,141,0.0,2.3965872597421273e-5,0.0,0.0,0.5,0.0,0.0,0.0,0.0,0.0,0.0,0.0,0.0,0.0007297122570344037,0.0,0.0008532423208191161,0.0001376148879682071,0.0,7.776898969809086e-5,0.010401188707280832,0.0007429420505200594
297418612,35,1,0,1,1,0,1,0,0,0,1.0,0.0,1.0,1.0,0.0,1.0,0.0,0.0,0.0,1.0,0.0,1.0,0.0,1,0,1,1.0,0.0,1.0,14,1,141,0.0,2.3965872597421273e-5,0.0,0.0,0.5,0.0,0.0,0.0,0.0,0.0,0.0,0.0,0.0,0.0007297122570344037,0.0,0.0008532423208191161,0.0001376148879682071,0.0,7.776898969809086e-5,0.010401188707280832,0.0007429420505200594
815541743286259712,35,1,0,1,1,0,1,0,0,0,1.0,0.0,1.0,1.0,0.0,1.0,0.0,0.0,0.0,1.0,0.0,1.0,0.0,1,0,1,1.0,0.0,1.0,14,1,141,0.0,2.3965872597421273e-5,0.0,0.0,0.5,0.0,0.0,0.0,0.0,0.0,0.0,0.0,0.0,0.0007297122570344037,0.0,0.0008532423208191161,0.0001376148879682071,0.0,7.776898969809086e-5,0.010401188707280832,0.0007429420505200594
156989767,27,4,0,4,2,0,2,2,0,2,4.0,0.0,4.0,2.0,0.0,2.0,2.0,0.0,2.0,0.5,0.0,0.5,0.0,2,0,4,13.0,0.0,11.0,16,1,431,0.0,9.586349038968509e-5,0.0,0.0,0.4,0.25,0.0,0.0,0.3333333333333333,0.0,0.3333333333333333,0.6666666666666666,0.0,0.0007438243686752943,0.0,0.000853242320819115,1.4791727280361044e-5,0.0,0.00023771939404168197,0.01188707280832095,0.0007429420505200594
123157853,35,1,0,1,1,0,1,0,0,0,1.0,0.0,1.0,1.0,0.0,1.0,0.0,0.0,0.0,1.0,0.0,1.0,0.0,1,0,1,1.0,0.0,1.0,14,1,141,0.0,2.3965872597421273e-5,0.0,0.0,0.5,0.0,0.0,0.0,0.0,0.0,0.0,0.0,0.0,0.0007297122570344037,0.0,0.0008532423208191161,0.0001376148879682071,0.0,7.776898969809086e-5,0.010401188707280832,0.0007429420505200594
1280223775481626631,3,1,0,1,1,0,1,0,0,0,1.0,0.0,1.0,1.0,0.0,1.0,0.0,0.0,0.0,1.0,0.0,1.0,0.0,1,0,1,1.0,0.0,1.0,18,1,66,0.0,2.3965872597421273e-5,0.0,0.0,1.0,1.0,0.0,0.0,0.0,0.0,0.0,0.0,0.0,0.0008091858033589176,0.0,0.0008532423208191149,0.00013431786578288474,0.0,3.640250581612763e-5,0.01337295690936107,0.0007429420505200594
1469825634788683778,3,1,0,1,1,0,1,0,0,0,1.0,0.0,1.0,1.0,0.0,1.0,0.0,0.0,0.0,1.0,0.0,1.0,0.0,1,0,1,1.0,0.0,1.0,18,1,66,0.0,2.3965872597421273e-5,0.0,0.0,1.0,1.0,0.0,0.0,0.0,0.0,0.0,0.0,0.0,0.0008091858033589176,0.0,0.0008532423208191149,0.00013431786578288474,0.0,3.640250581612763e-5,0.01337295690936107,0.0007429420505200594
3293974612,3,2,0,2,1,0,1,1,0,1,2.0,0.0,2.0,1.0,0.0,1.0,1.0,0.0,1.0,0.5,0.0,0.5,0.0,2,0,2,5.0,0.0,4.0,20,1,243,0.0,4.7931745194842545e-5,0.0,0.0,0.6666666666666666,0.5,0.0,0.0,0.5,0.0,0.5,1.0,0.0,0.0008122092386026685,0.0,0.0008532423208191159,0.0,5.634201908577552e-6,0.00013402740777756085,0.014858841010401188,0.0007429420505200594
612397643,1,6,0,6,3,0,3,3,0,3,7.0,0.0,7.0,3.0,0.0,3.0,4.0,0.0,4.0,0.5,0.0,0.42857142857142855,0.0,1,0,6,25.0,0.0,17.0,26,1,403,0.0,0.0001677611081819489,0.0,0.0,0.2857142857142857,0.16666666666666666,0.0,0.0,0.12857142857142856,0.0,0.12857142857142856,0.2571428571428571,0.0,0.0009319866368160141,0.0,0.0008532423208191148,0.0,0.00032439310861787085,0.00022227590672574903,0.019316493313521546,0.0007429420505200594
4884200431,3,1,0,1,1,0,1,0,0,0,1.0,0.0,1.0,1.0,0.0,1.0,0.0,0.0,0.0,1.0,0.0,1.0,0.0,1,0,1,1.0,0.0,1.0,18,1,66,0.0,2.3965872597421273e-5,0.0,0.0,1.0,1.0,0.0,0.0,0.0,0.0,0.0,0.0,0.0,0.0008091858033589176,0.0,0.0008532423208191149,0.00013431786578288474,0.0,3.640250581612763e-5,0.01337295690936107,0.0007429420505200594
361538330,3,1,0,1,1,0,1,0,0,0,1.0,0.0,1.0,1.0,0.0,1.0,0.0,0.0,0.0,1.0,0.0,1.0,0.0,1,0,1,1.0,0.0,1.0,18,1,66,0.0,2.3965872597421273e-5,0.0,0.0,1.0,1.0,0.0,0.0,0.0,0.0,0.0,0.0,0.0,0.0008091858033589176,0.0,0.0008532423208191149,0.00013431786578288474,0.0,3.640250581612763e-5,0.01337295690936107,0.0007429420505200594
891863518894592001,3,1,0,1,1,0,1,0,0,0,1.0,0.0,1.0,1.0,0.0,1.0,0.0,0.0,0.0,1.0,0.0,1.0,0.0,1,0,1,1.0,0.0,1.0,18,1,66,0.0,2.3965872597421273e-5,0.0,0.0,1.0,1.0,0.0,0.0,0.0,0.0,0.0,0.0,0.0,0.0008091858033589176,0.0,0.0008532423208191149,0.00013431786578288474,0.0,3.640250581612763e-5,0.01337295690936107,0.0007429420505200594
882784867,3,1,0,1,1,0,1,0,0,0,1.0,0.0,1.0,1.0,0.0,1.0,0.0,0.0,0.0,1.0,0.0,1.0,0.0,1,0,1,1.0,0.0,1.0,18,1,66,0.0,2.3965872597421273e-5,0.0,0.0,1.0,1.0,0.0,0.0,0.0,0.0,0.0,0.0,0.0,0.0008091858033589176,0.0,0.0008532423208191149,0.00013431786578288474,0.0,3.640250581612763e-5,0.01337295690936107,0.0007429420505200594
1097248394333036544,1,3,0,3,2,0,2,1,0,1,3.0,0.0,3.0,2.0,0.0,2.0,1.0,0.0,1.0,0.6666666666666666,0.0,0.6666666666666666,0.0,1,0,3,9.0,0.0,7.0,18,1,211,0.0,7.189761779226382e-5,0.0,0.0,0.5833333333333334,0.4444444444444444,0.0,0.0,0.5,0.0,0.5,1.0,0.0,0.0008188975617191807,0.0,0.0008532423208191149,0.0,0.0001383872872872116,0.0001163777079879232,0.01337295690936107,0.0007429420505200594
1262752289959231489,1,3,0,3,2,0,2,1,0,1,3.0,0.0,3.0,2.0,0.0,2.0,1.0,0.0,1.0,0.6666666666666666,0.0,0.6666666666666666,0.0,1,0,3,9.0,0.0,7.0,18,1,211,0.0,7.189761779226382e-5,0.0,0.0,0.5833333333333334,0.4444444444444444,0.0,0.0,0.5,0.0,0.5,1.0,0.0,0.0008188975617191807,0.0,0.0008532423208191149,0.0,0.0001383872872872116,0.0001163777079879232,0.01337295690936107,0.0007429420505200594
1603795177,1,3,0,3,2,0,2,1,0,1,3.0,0.0,3.0,2.0,0.0,2.0,1.0,0.0,1.0,0.6666666666666666,0.0,0.6666666666666666,0.0,1,0,3,9.0,0.0,7.0,18,1,211,0.0,7.189761779226382e-5,0.0,0.0,0.5833333333333334,0.4444444444444444,0.0,0.0,0.5,0.0,0.5,1.0,0.0,0.0008188975617191807,0.0,0.0008532423208191149,0.0,0.0001383872872872116,0.0001163777079879232,0.01337295690936107,0.0007429420505200594
4703767346,3,3,0,3,1,0,1,2,0,2,3.0,0.0,3.0,1.0,0.0,1.0,2.0,0.0,2.0,0.3333333333333333,0.0,0.3333333333333333,0.0,1,0,3,9.0,0.0,7.0,18,1,211,0.0,7.189761779226382e-5,0.0,0.0,0.5833333333333334,0.4444444444444444,0.0,0.0,0.5,0.0,0.5,1.0,0.0,0.0008188975617191807,0.0,0.0008532423208191149,0.0,0.0001383872872872116,0.0001163777079879232,0.01337295690936107,0.0007429420505200594
1512000700552826881,3,1,0,1,1,0,1,0,0,0,1.0,0.0,1.0,1.0,0.0,1.0,0.0,0.0,0.0,1.0,0.0,1.0,0.0,1,0,1,1.0,0.0,1.0,18,1,66,0.0,2.3965872597421273e-5,0.0,0.0,1.0,1.0,0.0,0.0,0.0,0.0,0.0,0.0,0.0,0.0008091858033589176,0.0,0.0008532423208191149,0.00013431786578288474,0.0,3.640250581612763e-5,0.01337295690936107,0.0007429420505200594
1219296463622111232,3,1,0,1,1,0,1,0,0,0,1.0,0.0,1.0,1.0,0.0,1.0,0.0,0.0,0.0,1.0,0.0,1.0,0.0,1,0,1,1.0,0.0,1.0,18,1,66,0.0,2.3965872597421273e-5,0.0,0.0,1.0,1.0,0.0,0.0,0.0,0.0,0.0,0.0,0.0,0.0008091858033589176,0.0,0.0008532423208191149,0.00013431786578288474,0.0,3.640250581612763e-5,0.01337295690936107,0.0007429420505200594
1487030690973728769,3,1,0,1,1,0,1,0,0,0,1.0,0.0,1.0,1.0,0.0,1.0,0.0,0.0,0.0,1.0,0.0,1.0,0.0,1,0,1,1.0,0.0,1.0,18,1,66,0.0,2.3965872597421273e-5,0.0,0.0,1.0,1.0,0.0,0.0,0.0,0.0,0.0,0.0,0.0,0.0008091858033589176,0.0,0.0008532423208191149,0.00013431786578288474,0.0,3.640250581612763e-5,0.01337295690936107,0.0007429420505200594
579561567,3,10,0,10,5,0,5,5,0,5,23.0,0.0,23.0,16.0,0.0,16.0,7.0,0.0,7.0,0.5,0.0,0.6956521739130435,0.0,2,0,6,41.0,0.0,45.0,22,1,438,0.0,0.0005512150697406892,0.0,0.0,0.2636363636363636,0.19,0.0,0.0,0.3719806763285024,0.0,0.3719806763285024,0.6618357487922706,0.0,0.002799962740505182,0.0,0.0008532423208191152,0.0012449225779448403,0.0,0.0002415802658706652,0.01634472511144131,0.0007429420505200594
1396430820424830979,1,4,0,4,3,0,3,1,0,1,4.0,0.0,4.0,3.0,0.0,3.0,1.0,0.0,1.0,0.75,0.0,0.75,0.0,1,0,4,14.0,0.0,11.0,13,1,323,0.0,9.586349038968509e-5,0.0,0.0,0.4,0.25,0.0,0.0,0.16666666666666666,0.0,0.16666666666666666,0.3333333333333333,0.0,0.0007533659953407958,0.0,0.0008532423208191139,0.0,7.811927073009262e-5,0.00017815165725165494,0.009658246656760773,0.0007429420505200594
1473804356696825858,1,2,0,2,2,0,2,0,0,0,2.0,0.0,2.0,2.0,0.0,2.0,0.0,0.0,0.0,1.0,0.0,1.0,0.0,0,0,2,5.0,0.0,4.0,3,1,167,0.0,4.7931745194842545e-5,0.0,0.0,0.5,0.25,0.0,0.0,0.5,0.0,0.5,1.0,0.0,0.0007327423429070994,0.0,0.000853242320819115,7.364437568785354e-5,0.0,9.210937077717144e-5,0.002228826151560178,0.0007429420505200594
799969685227728897,1,2,0,2,2,0,2,0,0,0,2.0,0.0,2.0,2.0,0.0,2.0,0.0,0.0,0.0,1.0,0.0,1.0,0.0,0,0,2,5.0,0.0,4.0,3,1,167,0.0,4.7931745194842545e-5,0.0,0.0,0.5,0.25,0.0,0.0,0.5,0.0,0.5,1.0,0.0,0.0007327423429070994,0.0,0.000853242320819115,7.364437568785354e-5,0.0,9.210937077717144e-5,0.002228826151560178,0.0007429420505200594
601555458,1,3,0,3,3,0,3,0,0,0,4.0,0.0,4.0,4.0,0.0,4.0,0.0,0.0,0.0,1.0,0.0,1.0,0.0,1,0,3,14.0,0.0,11.0,9,1,249,0.0,9.586349038968509e-5,0.0,0.0,0.5833333333333334,0.4444444444444444,0.0,0.0,0.5,0.0,0.5,1.0,0.0,0.0007407049411416497,0.0,0.0008532423208191138,0.0001478190602844931,0.0,0.0001373367264881179,0.006686478454680535,0.0007429420505200594
1182749956307767296,1,2,0,2,2,0,2,0,0,0,2.0,0.0,2.0,2.0,0.0,2.0,0.0,0.0,0.0,1.0,0.0,1.0,0.0,0,0,2,5.0,0.0,4.0,3,1,167,0.0,4.7931745194842545e-5,0.0,0.0,0.5,0.25,0.0,0.0,0.5,0.0,0.5,1.0,0.0,0.0007327423429070994,0.0,0.000853242320819115,7.364437568785354e-5,0.0,9.210937077717144e-5,0.002228826151560178,0.0007429420505200594
1210694865706606592,1,2,0,2,2,0,2,0,0,0,2.0,0.0,2.0,2.0,0.0,2.0,0.0,0.0,0.0,1.0,0.0,1.0,0.0,0,0,2,5.0,0.0,4.0,3,1,167,0.0,4.7931745194842545e-5,0.0,0.0,0.5,0.25,0.0,0.0,0.5,0.0,0.5,1.0,0.0,0.0007327423429070994,0.0,0.000853242320819115,7.364437568785354e-5,0.0,9.210937077717144e-5,0.002228826151560178,0.0007429420505200594
1495554767598206979,1,2,0,2,2,0,2,0,0,0,2.0,0.0,2.0,2.0,0.0,2.0,0.0,0.0,0.0,1.0,0.0,1.0,0.0,0,0,2,5.0,0.0,4.0,3,1,167,0.0,4.7931745194842545e-5,0.0,0.0,0.5,0.25,0.0,0.0,0.5,0.0,0.5,1.0,0.0,0.0007327423429070994,0.0,0.000853242320819115,7.364437568785354e-5,0.0,9.210937077717144e-5,0.002228826151560178,0.0007429420505200594
1418655951649972229,1,2,0,2,2,0,2,0,0,0,2.0,0.0,2.0,2.0,0.0,2.0,0.0,0.0,0.0,1.0,0.0,1.0,0.0,0,0,2,5.0,0.0,4.0,3,1,167,0.0,4.7931745194842545e-5,0.0,0.0,0.5,0.25,0.0,0.0,0.5,0.0,0.5,1.0,0.0,0.0007327423429070994,0.0,0.000853242320819115,7.364437568785354e-5,0.0,9.210937077717144e-5,0.002228826151560178,0.0007429420505200594
148642047,1,3,0,3,3,0,3,0,0,0,3.0,0.0,3.0,3.0,0.0,3.0,0.0,0.0,0.0,1.0,0.0,1.0,0.0,1,0,3,9.0,0.0,7.0,9,1,246,0.0,7.189761779226382e-5,0.0,0.0,0.5,0.3333333333333333,0.0,0.0,0.3333333333333333,0.0,0.3333333333333333,0.6666666666666666,0.0,0.0007484390677557366,0.0,0.000853242320819114,0.00011066534652159898,0.0,0.00013568206713283936,0.006686478454680535,0.0007429420505200594
122362854,1,3,0,3,3,0,3,0,0,0,3.0,0.0,3.0,3.0,0.0,3.0,0.0,0.0,0.0,1.0,0.0,1.0,0.0,1,0,3,9.0,0.0,7.0,9,1,246,0.0,7.189761779226382e-5,0.0,0.0,0.5,0.3333333333333333,0.0,0.0,0.3333333333333333,0.0,0.3333333333333333,0.6666666666666666,0.0,0.0007484390677557366,0.0,0.000853242320819114,0.00011066534652159898,0.0,0.00013568206713283936,0.006686478454680535,0.0007429420505200594
1114042348403478528,1,3,0,3,3,0,3,0,0,0,3.0,0.0,3.0,3.0,0.0,3.0,0.0,0.0,0.0,1.0,0.0,1.0,0.0,1,0,3,9.0,0.0,7.0,9,1,246,0.0,7.189761779226382e-5,0.0,0.0,0.5,0.3333333333333333,0.0,0.0,0.3333333333333333,0.0,0.3333333333333333,0.6666666666666666,0.0,0.0007484390677557366,0.0,0.000853242320819114,0.00011066534652159898,0.0,0.00013568206713283936,0.006686478454680535,0.0007429420505200594
1449943323720884233,1,2,0,2,2,0,2,0,0,0,2.0,0.0,2.0,2.0,0.0,2.0,0.0,0.0,0.0,1.0,0.0,1.0,0.0,0,0,2,5.0,0.0,4.0,3,1,167,0.0,4.7931745194842545e-5,0.0,0.0,0.5,0.25,0.0,0.0,0.5,0.0,0.5,1.0,0.0,0.0007327423429070994,0.0,0.000853242320819115,7.364437568785354e-5,0.0,9.210937077717144e-5,0.002228826151560178,0.0007429420505200594
186991797,1,3,0,3,3,0,3,0,0,0,3.0,0.0,3.0,3.0,0.0,3.0,0.0,0.0,0.0,1.0,0.0,1.0,0.0,1,0,3,9.0,0.0,7.0,9,1,246,0.0,7.189761779226382e-5,0.0,0.0,0.5,0.3333333333333333,0.0,0.0,0.3333333333333333,0.0,0.3333333333333333,0.6666666666666666,0.0,0.0007552848943480608,0.0,0.0008532423208191142,0.00011066534652159898,0.0,0.00013568206713283936,0.006686478454680535,0.0007429420505200594
1586727434,1,2,0,2,2,0,2,0,0,0,2.0,0.0,2.0,2.0,0.0,2.0,0.0,0.0,0.0,1.0,0.0,1.0,0.0,0,0,2,5.0,0.0,4.0,3,1,167,0.0,4.7931745194842545e-5,0.0,0.0,0.5,0.25,0.0,0.0,0.5,0.0,0.5,1.0,0.0,0.0007327423429070994,0.0,0.000853242320819115,7.364437568785354e-5,0.0,9.210937077717144e-5,0.002228826151560178,0.0007429420505200594
4512963912,1,3,0,3,3,0,3,0,0,0,3.0,0.0,3.0,3.0,0.0,3.0,0.0,0.0,0.0,1.0,0.0,1.0,0.0,1,0,3,9.0,0.0,7.0,9,1,246,0.0,7.189761779226382e-5,0.0,0.0,0.5,0.3333333333333333,0.0,0.0,0.3333333333333333,0.0,0.3333333333333333,0.6666666666666666,0.0,0.0007484390677557366,0.0,0.000853242320819114,0.00011066534652159898,0.0,0.00013568206713283936,0.006686478454680535,0.0007429420505200594
1113593675110436865,1,3,0,3,3,0,3,0,0,0,3.0,0.0,3.0,3.0,0.0,3.0,0.0,0.0,0.0,1.0,0.0,1.0,0.0,1,0,3,9.0,0.0,7.0,9,1,246,0.0,7.189761779226382e-5,0.0,0.0,0.5,0.3333333333333333,0.0,0.0,0.3333333333333333,0.0,0.3333333333333333,0.6666666666666666,0.0,0.0007484390677557366,0.0,0.000853242320819114,0.00011066534652159898,0.0,0.00013568206713283936,0.006686478454680535,0.0007429420505200594
835379979772833793,1,2,0,2,2,0,2,0,0,0,2.0,0.0,2.0,2.0,0.0,2.0,0.0,0.0,0.0,1.0,0.0,1.0,0.0,0,0,2,5.0,0.0,4.0,3,1,167,0.0,4.7931745194842545e-5,0.0,0.0,0.5,0.25,0.0,0.0,0.5,0.0,0.5,1.0,0.0,0.0007327423429070994,0.0,0.000853242320819115,7.364437568785354e-5,0.0,9.210937077717144e-5,0.002228826151560178,0.0007429420505200594
1512394385375256585,1,2,0,2,2,0,2,0,0,0,2.0,0.0,2.0,2.0,0.0,2.0,0.0,0.0,0.0,1.0,0.0,1.0,0.0,0,0,2,5.0,0.0,4.0,3,1,167,0.0,4.7931745194842545e-5,0.0,0.0,0.5,0.25,0.0,0.0,0.5,0.0,0.5,1.0,0.0,0.0007327423429070994,0.0,0.000853242320819115,7.364437568785354e-5,0.0,9.210937077717144e-5,0.002228826151560178,0.0007429420505200594
1501345049342201864,1,3,0,3,3,0,3,0,0,0,3.0,0.0,3.0,3.0,0.0,3.0,0.0,0.0,0.0,1.0,0.0,1.0,0.0,1,0,3,9.0,0.0,7.0,9,1,246,0.0,7.189761779226382e-5,0.0,0.0,0.5,0.3333333333333333,0.0,0.0,0.3333333333333333,0.0,0.3333333333333333,0.6666666666666666,0.0,0.0007484390677557366,0.0,0.000853242320819114,0.00011066534652159898,0.0,0.00013568206713283936,0.006686478454680535,0.0007429420505200594
1678411796,1,3,0,3,3,0,3,0,0,0,3.0,0.0,3.0,3.0,0.0,3.0,0.0,0.0,0.0,1.0,0.0,1.0,0.0,1,0,3,9.0,0.0,7.0,9,1,246,0.0,7.189761779226382e-5,0.0,0.0,0.5,0.3333333333333333,0.0,0.0,0.3333333333333333,0.0,0.3333333333333333,0.6666666666666666,0.0,0.0007552848943480608,0.0,0.0008532423208191142,0.00011066534652159898,0.0,0.00013568206713283936,0.006686478454680535,0.0007429420505200594
4717416690,1,3,0,3,3,0,3,0,0,0,3.0,0.0,3.0,3.0,0.0,3.0,0.0,0.0,0.0,1.0,0.0,1.0,0.0,1,0,3,9.0,0.0,7.0,9,1,246,0.0,7.189761779226382e-5,0.0,0.0,0.5,0.3333333333333333,0.0,0.0,0.3333333333333333,0.0,0.3333333333333333,0.6666666666666666,0.0,0.0007484390677557366,0.0,0.000853242320819114,0.00011066534652159898,0.0,0.00013568206713283936,0.006686478454680535,0.0007429420505200594
1350593874155036672,1,3,0,3,3,0,3,0,0,0,3.0,0.0,3.0,3.0,0.0,3.0,0.0,0.0,0.0,1.0,0.0,1.0,0.0,1,0,3,9.0,0.0,7.0,9,1,246,0.0,7.189761779226382e-5,0.0,0.0,0.5,0.3333333333333333,0.0,0.0,0.3333333333333333,0.0,0.3333333333333333,0.6666666666666666,0.0,0.0007484390677557366,0.0,0.000853242320819114,0.00011066534652159898,0.0,0.00013568206713283936,0.006686478454680535,0.0007429420505200594
4511470272,1,3,0,3,3,0,3,0,0,0,3.0,0.0,3.0,3.0,0.0,3.0,0.0,0.0,0.0,1.0,0.0,1.0,0.0,1,0,3,9.0,0.0,7.0,9,1,246,0.0,7.189761779226382e-5,0.0,0.0,0.5,0.3333333333333333,0.0,0.0,0.3333333333333333,0.0,0.3333333333333333,0.6666666666666666,0.0,0.0007484390677557366,0.0,0.000853242320819114,0.00011066534652159898,0.0,0.00013568206713283936,0.006686478454680535,0.0007429420505200594
122111552,1,3,0,3,3,0,3,0,0,0,3.0,0.0,3.0,3.0,0.0,3.0,0.0,0.0,0.0,1.0,0.0,1.0,0.0,1,0,3,9.0,0.0,7.0,9,1,246,0.0,7.189761779226382e-5,0.0,0.0,0.5,0.3333333333333333,0.0,0.0,0.3333333333333333,0.0,0.3333333333333333,0.6666666666666666,0.0,0.0007484390677557366,0.0,0.000853242320819114,0.00011066534652159898,0.0,0.00013568206713283936,0.006686478454680535,0.0007429420505200594
749959927687294976,1,3,0,3,3,0,3,0,0,0,3.0,0.0,3.0,3.0,0.0,3.0,0.0,0.0,0.0,1.0,0.0,1.0,0.0,1,0,3,9.0,0.0,7.0,9,1,246,0.0,7.189761779226382e-5,0.0,0.0,0.5,0.3333333333333333,0.0,0.0,0.3333333333333333,0.0,0.3333333333333333,0.6666666666666666,0.0,0.0007484390677557366,0.0,0.000853242320819114,0.00011066534652159898,0.0,0.00013568206713283936,0.006686478454680535,0.0007429420505200594
1335521326514126848,1,3,0,3,3,0,3,0,0,0,3.0,0.0,3.0,3.0,0.0,3.0,0.0,0.0,0.0,1.0,0.0,1.0,0.0,1,0,3,9.0,0.0,7.0,9,1,246,0.0,7.189761779226382e-5,0.0,0.0,0.5,0.3333333333333333,0.0,0.0,0.3333333333333333,0.0,0.3333333333333333,0.6666666666666666,0.0,0.0007484390677557366,0.0,0.000853242320819114,0.00011066534652159898,0.0,0.00013568206713283936,0.006686478454680535,0.0007429420505200594
1034833974525407232,1,2,0,2,2,0,2,0,0,0,2.0,0.0,2.0,2.0,0.0,2.0,0.0,0.0,0.0,1.0,0.0,1.0,0.0,0,0,2,5.0,0.0,4.0,3,1,167,0.0,4.7931745194842545e-5,0.0,0.0,0.5,0.25,0.0,0.0,0.5,0.0,0.5,1.0,0.0,0.0007327423429070994,0.0,0.000853242320819115,7.364437568785354e-5,0.0,9.210937077717144e-5,0.002228826151560178,0.0007429420505200594
1060298590801682432,1,3,0,3,3,0,3,0,0,0,3.0,0.0,3.0,3.0,0.0,3.0,0.0,0.0,0.0,1.0,0.0,1.0,0.0,1,0,3,9.0,0.0,7.0,9,1,246,0.0,7.189761779226382e-5,0.0,0.0,0.5,0.3333333333333333,0.0,0.0,0.3333333333333333,0.0,0.3333333333333333,0.6666666666666666,0.0,0.0007484390677557366,0.0,0.000853242320819114,0.00011066534652159898,0.0,0.00013568206713283936,0.006686478454680535,0.0007429420505200594
1275927619226095616,1,1,0,1,1,0,1,0,0,0,1.0,0.0,1.0,1.0,0.0,1.0,0.0,0.0,0.0,1.0,0.0,1.0,0.0,0,0,1,1.0,0.0,1.0,3,1,138,0.0,2.3965872597421273e-5,0.0,0.0,0.5,0.0,0.0,0.0,0.0,0.0,0.0,0.0,0.0,0.0007264096803496063,0.0,0.0008532423208191162,3.6755982027347756e-5,0.0,7.611433034281232e-5,0.002228826151560178,0.0007429420505200594
492377731,1,3,0,3,3,0,3,0,0,0,3.0,0.0,3.0,3.0,0.0,3.0,0.0,0.0,0.0,1.0,0.0,1.0,0.0,1,0,3,9.0,0.0,7.0,9,1,249,0.0,7.189761779226382e-5,0.0,0.0,0.5833333333333334,0.4444444444444444,0.0,0.0,0.5,0.0,0.5,1.0,0.0,0.0007367236420243745,0.0,0.000853242320819114,0.00011066534652159898,0.0,0.0001373367264881179,0.006686478454680535,0.0007429420505200594
1530737568,2,3,0,3,3,0,3,0,0,0,4.0,0.0,4.0,4.0,0.0,4.0,0.0,0.0,0.0,1.0,0.0,1.0,0.0,2,0,3,14.0,0.0,11.0,6,1,297,0.0,9.586349038968509e-5,0.0,0.0,0.8333333333333334,0.7777777777777778,0.0,0.0,1.0,0.0,1.0,1.0,0.0,0.0007387828551654814,0.0,0.0008532423208191142,0.00011900669592501689,0.0,0.00016381127617257435,0.004457652303120356,0.0007429420505200594
935243065911996416,2,4,0,4,4,0,4,0,0,0,9.0,0.0,9.0,9.0,0.0,9.0,0.0,0.0,0.0,1.0,0.0,1.0,0.0,2,0,4,17.0,0.0,22.0,6,1,297,0.0,0.00021569285337679145,0.0,0.0,0.65,0.5625,0.0,0.0,0.7407407407407407,0.0,0.7407407407407407,0.8888888888888888,0.0,0.000781013262577496,0.0,0.000853242320819115,0.0002706125638539669,0.0,0.00016381127617257435,0.004457652303120356,0.0007429420505200594
929584030453874688,2,1,0,1,1,0,1,0,0,0,1.0,0.0,1.0,1.0,0.0,1.0,0.0,0.0,0.0,1.0,0.0,1.0,0.0,1,0,1,1.0,0.0,1.0,5,1,119,0.0,2.3965872597421273e-5,0.0,0.0,1.0,1.0,0.0,0.0,0.0,0.0,0.0,0.0,0.0,0.0007279575121318956,0.0,0.0008532423208191137,2.956247907770493e-5,0.0,6.563482109271498e-5,0.003714710252600297,0.0007429420505200594
1308366948988641280,2,1,0,1,1,0,1,0,0,0,1.0,0.0,1.0,1.0,0.0,1.0,0.0,0.0,0.0,1.0,0.0,1.0,0.0,1,0,1,1.0,0.0,1.0,5,1,119,0.0,2.3965872597421273e-5,0.0,0.0,1.0,1.0,0.0,0.0,0.0,0.0,0.0,0.0,0.0,0.0007279575121318956,0.0,0.0008532423208191137,2.956247907770493e-5,0.0,6.563482109271498e-5,0.003714710252600297,0.0007429420505200594
1038791386588487681,2,3,0,3,3,0,3,0,0,0,5.0,0.0,5.0,5.0,0.0,5.0,0.0,0.0,0.0,1.0,0.0,1.0,0.0,2,0,3,14.0,0.0,14.0,6,1,236,0.0,0.00011982936298710636,0.0,0.0,0.6666666666666666,0.5555555555555556,0.0,0.0,0.7,0.0,0.7,1.0,0.0,0.0007673129393391347,0.0,0.000853242320819116,0.0001490742259647182,0.0,0.0001301665359485776,0.004457652303120356,0.0007429420505200594
2834794711,2,4,0,4,4,0,4,0,0,0,4.0,0.0,4.0,4.0,0.0,4.0,0.0,0.0,0.0,1.0,0.0,1.0,0.0,2,0,3,14.0,0.0,7.0,7,1,298,0.0,9.586349038968509e-5,0.0,0.0,0.55,0.4375,0.0,0.0,0.5,0.0,0.5,0.5,0.0,0.001455779459134621,0.0,0.0008532423208191145,0.00011900669592501689,0.0,0.00016436282929100052,0.005200594353640416,0.0007429420505200594
1503664429061505026,2,1,0,1,1,0,1,0,0,0,1.0,0.0,1.0,1.0,0.0,1.0,0.0,0.0,0.0,1.0,0.0,1.0,0.0,1,0,1,1.0,0.0,1.0,5,1,119,0.0,2.3965872597421273e-5,0.0,0.0,1.0,1.0,0.0,0.0,0.0,0.0,0.0,0.0,0.0,0.0007279575121318956,0.0,0.0008532423208191137,2.956247907770493e-5,0.0,6.563482109271498e-5,0.003714710252600297,0.0007429420505200594
1500812862507397120,2,3,0,3,3,0,3,0,0,0,4.0,0.0,4.0,4.0,0.0,4.0,0.0,0.0,0.0,1.0,0.0,1.0,0.0,2,0,3,9.0,0.0,11.0,6,1,236,0.0,9.586349038968509e-5,0.0,0.0,0.6666666666666666,0.5555555555555556,0.0,0.0,0.6875,0.0,0.6875,1.0,0.0,0.000764289504095384,0.0,0.0008532423208191158,0.00011900669592501689,0.0,0.0001301665359485776,0.004457652303120356,0.0007429420505200594
181302590,2,1,0,1,1,0,1,0,0,0,1.0,0.0,1.0,1.0,0.0,1.0,0.0,0.0,0.0,1.0,0.0,1.0,0.0,1,0,1,1.0,0.0,1.0,5,1,119,0.0,2.3965872597421273e-5,0.0,0.0,1.0,1.0,0.0,0.0,0.0,0.0,0.0,0.0,0.0,0.0007279575121318956,0.0,0.0008532423208191137,2.956247907770493e-5,0.0,6.563482109271498e-5,0.003714710252600297,0.0007429420505200594
373213146,2,1,0,1,1,0,1,0,0,0,1.0,0.0,1.0,1.0,0.0,1.0,0.0,0.0,0.0,1.0,0.0,1.0,0.0,1,0,1,1.0,0.0,1.0,5,1,119,0.0,2.3965872597421273e-5,0.0,0.0,1.0,1.0,0.0,0.0,0.0,0.0,0.0,0.0,0.0,0.0007279575121318956,0.0,0.0008532423208191137,2.956247907770493e-5,0.0,6.563482109271498e-5,0.003714710252600297,0.0007429420505200594
1236968484065529857,2,1,0,1,1,0,1,0,0,0,1.0,0.0,1.0,1.0,0.0,1.0,0.0,0.0,0.0,1.0,0.0,1.0,0.0,1,0,1,1.0,0.0,1.0,5,1,119,0.0,2.3965872597421273e-5,0.0,0.0,1.0,1.0,0.0,0.0,0.0,0.0,0.0,0.0,0.0,0.0007279575121318956,0.0,0.0008532423208191137,2.956247907770493e-5,0.0,6.563482109271498e-5,0.003714710252600297,0.0007429420505200594
854837803,2,1,0,1,1,0,1,0,0,0,1.0,0.0,1.0,1.0,0.0,1.0,0.0,0.0,0.0,1.0,0.0,1.0,0.0,1,0,1,1.0,0.0,1.0,5,1,119,0.0,2.3965872597421273e-5,0.0,0.0,1.0,1.0,0.0,0.0,0.0,0.0,0.0,0.0,0.0,0.0007279575121318956,0.0,0.0008532423208191137,2.956247907770493e-5,0.0,6.563482109271498e-5,0.003714710252600297,0.0007429420505200594
178359191,2,1,0,1,1,0,1,0,0,0,1.0,0.0,1.0,1.0,0.0,1.0,0.0,0.0,0.0,1.0,0.0,1.0,0.0,1,0,1,1.0,0.0,1.0,5,1,119,0.0,2.3965872597421273e-5,0.0,0.0,1.0,1.0,0.0,0.0,0.0,0.0,0.0,0.0,0.0,0.0007279575121318956,0.0,0.0008532423208191137,2.956247907770493e-5,0.0,6.563482109271498e-5,0.003714710252600297,0.0007429420505200594
1180675299651907584,2,1,0,1,1,0,1,0,0,0,1.0,0.0,1.0,1.0,0.0,1.0,0.0,0.0,0.0,1.0,0.0,1.0,0.0,1,0,1,1.0,0.0,1.0,5,1,119,0.0,2.3965872597421273e-5,0.0,0.0,1.0,1.0,0.0,0.0,0.0,0.0,0.0,0.0,0.0,0.0007279575121318956,0.0,0.0008532423208191137,2.956247907770493e-5,0.0,6.563482109271498e-5,0.003714710252600297,0.0007429420505200594
747855184731115520,2,1,0,1,1,0,1,0,0,0,1.0,0.0,1.0,1.0,0.0,1.0,0.0,0.0,0.0,1.0,0.0,1.0,0.0,1,0,1,1.0,0.0,1.0,5,1,119,0.0,2.3965872597421273e-5,0.0,0.0,1.0,1.0,0.0,0.0,0.0,0.0,0.0,0.0,0.0,0.0007279575121318956,0.0,0.0008532423208191137,2.956247907770493e-5,0.0,6.563482109271498e-5,0.003714710252600297,0.0007429420505200594
1243603398,2,1,0,1,1,0,1,0,0,0,1.0,0.0,1.0,1.0,0.0,1.0,0.0,0.0,0.0,1.0,0.0,1.0,0.0,1,0,1,1.0,0.0,1.0,5,1,119,0.0,2.3965872597421273e-5,0.0,0.0,1.0,1.0,0.0,0.0,0.0,0.0,0.0,0.0,0.0,0.0007279575121318956,0.0,0.0008532423208191137,2.956247907770493e-5,0.0,6.563482109271498e-5,0.003714710252600297,0.0007429420505200594
1028670025,2,1,0,1,1,0,1,0,0,0,1.0,0.0,1.0,1.0,0.0,1.0,0.0,0.0,0.0,1.0,0.0,1.0,0.0,1,0,1,1.0,0.0,1.0,5,1,119,0.0,2.3965872597421273e-5,0.0,0.0,1.0,1.0,0.0,0.0,0.0,0.0,0.0,0.0,0.0,0.0007279575121318956,0.0,0.0008532423208191137,2.956247907770493e-5,0.0,6.563482109271498e-5,0.003714710252600297,0.0007429420505200594
183627591,2,3,0,3,3,0,3,0,0,0,4.0,0.0,4.0,4.0,0.0,4.0,0.0,0.0,0.0,1.0,0.0,1.0,0.0,2,0,3,14.0,0.0,11.0,6,1,297,0.0,9.586349038968509e-5,0.0,0.0,0.8333333333333334,0.7777777777777778,0.0,0.0,1.0,0.0,1.0,1.0,0.0,0.0007367309077851976,0.0,0.0008532423208191138,0.00011900669592501689,0.0,0.00016381127617257435,0.004457652303120356,0.0007429420505200594
1060767751,2,3,0,3,3,0,3,0,0,0,3.0,0.0,3.0,3.0,0.0,3.0,0.0,0.0,0.0,1.0,0.0,1.0,0.0,2,0,3,5.0,0.0,7.0,6,1,236,0.0,7.189761779226382e-5,0.0,0.0,0.6666666666666666,0.5555555555555556,0.0,0.0,0.6666666666666666,0.0,0.6666666666666666,1.0,0.0,0.0007612660688516331,0.0,0.0008532423208191155,8.9065667778776e-5,0.0,0.0001301665359485776,0.004457652303120356,0.0007429420505200594
342954124,2,3,0,3,3,0,3,0,0,0,3.0,0.0,3.0,3.0,0.0,3.0,0.0,0.0,0.0,1.0,0.0,1.0,0.0,2,0,3,5.0,0.0,7.0,6,1,236,0.0,7.189761779226382e-5,0.0,0.0,0.6666666666666666,0.5555555555555556,0.0,0.0,0.6666666666666666,0.0,0.6666666666666666,1.0,0.0,0.0007612660688516331,0.0,0.0008532423208191155,8.9065667778776e-5,0.0,0.0001301665359485776,0.004457652303120356,0.0007429420505200594
41228046,2,3,0,3,3,0,3,0,0,0,3.0,0.0,3.0,3.0,0.0,3.0,0.0,0.0,0.0,1.0,0.0,1.0,0.0,2,0,3,9.0,0.0,7.0,6,1,297,0.0,7.189761779226382e-5,0.0,0.0,0.8333333333333334,0.7777777777777778,0.0,0.0,1.0,0.0,1.0,1.0,0.0,0.0007338559275804218,0.0,0.0008532423208191144,8.9065667778776e-5,0.0,0.00016381127617257435,0.004457652303120356,0.0007429420505200594
1378062217761918978,2,3,0,3,3,0,3,0,0,0,3.0,0.0,3.0,3.0,0.0,3.0,0.0,0.0,0.0,1.0,0.0,1.0,0.0,2,0,3,5.0,0.0,7.0,6,1,236,0.0,7.189761779226382e-5,0.0,0.0,0.6666666666666666,0.5555555555555556,0.0,0.0,0.6666666666666666,0.0,0.6666666666666666,1.0,0.0,0.0007612660688516331,0.0,0.0008532423208191155,8.9065667778776e-5,0.0,0.0001301665359485776,0.004457652303120356,0.0007429420505200594
1613819856,2,3,0,3,3,0,3,0,0,0,3.0,0.0,3.0,3.0,0.0,3.0,0.0,0.0,0.0,1.0,0.0,1.0,0.0,2,0,3,5.0,0.0,7.0,6,1,236,0.0,7.189761779226382e-5,0.0,0.0,0.6666666666666666,0.5555555555555556,0.0,0.0,0.6666666666666666,0.0,0.6666666666666666,1.0,0.0,0.0007612660688516331,0.0,0.0008532423208191155,8.9065667778776e-5,0.0,0.0001301665359485776,0.004457652303120356,0.0007429420505200594
138796157,2,3,0,3,3,0,3,0,0,0,3.0,0.0,3.0,3.0,0.0,3.0,0.0,0.0,0.0,1.0,0.0,1.0,0.0,2,0,3,5.0,0.0,7.0,6,1,236,0.0,7.189761779226382e-5,0.0,0.0,0.6666666666666666,0.5555555555555556,0.0,0.0,0.6666666666666666,0.0,0.6666666666666666,1.0,0.0,0.0007612660688516331,0.0,0.0008532423208191155,8.9065667778776e-5,0.0,0.0001301665359485776,0.004457652303120356,0.0007429420505200594
1036563014005268480,2,3,0,3,3,0,3,0,0,0,3.0,0.0,3.0,3.0,0.0,3.0,0.0,0.0,0.0,1.0,0.0,1.0,0.0,2,0,3,9.0,0.0,7.0,6,1,297,0.0,7.189761779226382e-5,0.0,0.0,0.8333333333333334,0.7777777777777778,0.0,0.0,1.0,0.0,1.0,1.0,0.0,0.0007338559275804218,0.0,0.0008532423208191144,8.9065667778776e-5,0.0,0.00016381127617257435,0.004457652303120356,0.0007429420505200594
883073514747469824,2,3,0,3,3,0,3,0,0,0,3.0,0.0,3.0,3.0,0.0,3.0,0.0,0.0,0.0,1.0,0.0,1.0,0.0,2,0,3,9.0,0.0,7.0,6,1,297,0.0,7.189761779226382e-5,0.0,0.0,0.8333333333333334,0.7777777777777778,0.0,0.0,1.0,0.0,1.0,1.0,0.0,0.0007338559275804218,0.0,0.0008532423208191144,8.9065667778776e-5,0.0,0.00016381127617257435,0.004457652303120356,0.0007429420505200594
3042177804,2,3,0,3,3,0,3,0,0,0,3.0,0.0,3.0,3.0,0.0,3.0,0.0,0.0,0.0,1.0,0.0,1.0,0.0,2,0,3,5.0,0.0,7.0,6,1,236,0.0,7.189761779226382e-5,0.0,0.0,0.6666666666666666,0.5555555555555556,0.0,0.0,0.6666666666666666,0.0,0.6666666666666666,1.0,0.0,0.0007612660688516331,0.0,0.0008532423208191155,8.9065667778776e-5,0.0,0.0001301665359485776,0.004457652303120356,0.0007429420505200594
1331342493598834702,2,3,0,3,3,0,3,0,0,0,3.0,0.0,3.0,3.0,0.0,3.0,0.0,0.0,0.0,1.0,0.0,1.0,0.0,2,0,3,5.0,0.0,7.0,6,1,236,0.0,7.189761779226382e-5,0.0,0.0,0.6666666666666666,0.5555555555555556,0.0,0.0,0.6666666666666666,0.0,0.6666666666666666,1.0,0.0,0.0007612660688516331,0.0,0.0008532423208191155,8.9065667778776e-5,0.0,0.0001301665359485776,0.004457652303120356,0.0007429420505200594
3261003656,2,3,0,3,3,0,3,0,0,0,3.0,0.0,3.0,3.0,0.0,3.0,0.0,0.0,0.0,1.0,0.0,1.0,0.0,2,0,3,9.0,0.0,7.0,6,1,297,0.0,7.189761779226382e-5,0.0,0.0,0.8333333333333334,0.7777777777777778,0.0,0.0,1.0,0.0,1.0,1.0,0.0,0.0007338559275804218,0.0,0.0008532423208191144,8.9065667778776e-5,0.0,0.00016381127617257435,0.004457652303120356,0.0007429420505200594
1044154931198849025,2,3,0,3,3,0,3,0,0,0,4.0,0.0,4.0,4.0,0.0,4.0,0.0,0.0,0.0,1.0,0.0,1.0,0.0,2,0,3,14.0,0.0,11.0,6,1,297,0.0,9.586349038968509e-5,0.0,0.0,0.8333333333333334,0.7777777777777778,0.0,0.0,1.0,0.0,1.0,1.0,0.0,0.0007367309077851976,0.0,0.0008532423208191138,0.00011900669592501689,0.0,0.00016381127617257435,0.004457652303120356,0.0007429420505200594
226530650,2,3,0,3,3,0,3,0,0,0,3.0,0.0,3.0,3.0,0.0,3.0,0.0,0.0,0.0,1.0,0.0,1.0,0.0,2,0,3,5.0,0.0,7.0,6,1,236,0.0,7.189761779226382e-5,0.0,0.0,0.6666666666666666,0.5555555555555556,0.0,0.0,0.6666666666666666,0.0,0.6666666666666666,1.0,0.0,0.0007612660688516331,0.0,0.0008532423208191155,8.9065667778776e-5,0.0,0.0001301665359485776,0.004457652303120356,0.0007429420505200594
1000107655518711808,2,3,0,3,3,0,3,0,0,0,3.0,0.0,3.0,3.0,0.0,3.0,0.0,0.0,0.0,1.0,0.0,1.0,0.0,2,0,3,5.0,0.0,7.0,6,1,236,0.0,7.189761779226382e-5,0.0,0.0,0.6666666666666666,0.5555555555555556,0.0,0.0,0.6666666666666666,0.0,0.6666666666666666,1.0,0.0,0.0007612660688516331,0.0,0.0008532423208191155,8.9065667778776e-5,0.0,0.0001301665359485776,0.004457652303120356,0.0007429420505200594
36246871,2,3,0,3,3,0,3,0,0,0,3.0,0.0,3.0,3.0,0.0,3.0,0.0,0.0,0.0,1.0,0.0,1.0,0.0,2,0,3,5.0,0.0,7.0,6,1,236,0.0,7.189761779226382e-5,0.0,0.0,0.6666666666666666,0.5555555555555556,0.0,0.0,0.6666666666666666,0.0,0.6666666666666666,1.0,0.0,0.0007612660688516331,0.0,0.0008532423208191155,8.9065667778776e-5,0.0,0.0001301665359485776,0.004457652303120356,0.0007429420505200594
1126958241097895936,2,3,0,3,3,0,3,0,0,0,3.0,0.0,3.0,3.0,0.0,3.0,0.0,0.0,0.0,1.0,0.0,1.0,0.0,2,0,3,5.0,0.0,7.0,6,1,236,0.0,7.189761779226382e-5,0.0,0.0,0.6666666666666666,0.5555555555555556,0.0,0.0,0.6666666666666666,0.0,0.6666666666666666,1.0,0.0,0.0007612660688516331,0.0,0.0008532423208191155,8.9065667778776e-5,0.0,0.0001301665359485776,0.004457652303120356,0.0007429420505200594
1038475633918177281,2,3,0,3,3,0,3,0,0,0,3.0,0.0,3.0,3.0,0.0,3.0,0.0,0.0,0.0,1.0,0.0,1.0,0.0,2,0,3,5.0,0.0,7.0,6,1,236,0.0,7.189761779226382e-5,0.0,0.0,0.6666666666666666,0.5555555555555556,0.0,0.0,0.6666666666666666,0.0,0.6666666666666666,1.0,0.0,0.0007612660688516331,0.0,0.0008532423208191155,8.9065667778776e-5,0.0,0.0001301665359485776,0.004457652303120356,0.0007429420505200594
1023055032,2,3,0,3,3,0,3,0,0,0,3.0,0.0,3.0,3.0,0.0,3.0,0.0,0.0,0.0,1.0,0.0,1.0,0.0,2,0,3,5.0,0.0,7.0,6,1,236,0.0,7.189761779226382e-5,0.0,0.0,0.6666666666666666,0.5555555555555556,0.0,0.0,0.6666666666666666,0.0,0.6666666666666666,1.0,0.0,0.0007612660688516331,0.0,0.0008532423208191155,8.9065667778776e-5,0.0,0.0001301665359485776,0.004457652303120356,0.0007429420505200594
283045699,2,3,0,3,3,0,3,0,0,0,3.0,0.0,3.0,3.0,0.0,3.0,0.0,0.0,0.0,1.0,0.0,1.0,0.0,2,0,3,5.0,0.0,7.0,6,1,236,0.0,7.189761779226382e-5,0.0,0.0,0.6666666666666666,0.5555555555555556,0.0,0.0,0.6666666666666666,0.0,0.6666666666666666,1.0,0.0,0.0007612660688516331,0.0,0.0008532423208191155,8.9065667778776e-5,0.0,0.0001301665359485776,0.004457652303120356,0.0007429420505200594
44505022,2,3,0,3,3,0,3,0,0,0,3.0,0.0,3.0,3.0,0.0,3.0,0.0,0.0,0.0,1.0,0.0,1.0,0.0,2,0,3,5.0,0.0,7.0,6,1,236,0.0,7.189761779226382e-5,0.0,0.0,0.6666666666666666,0.5555555555555556,0.0,0.0,0.6666666666666666,0.0,0.6666666666666666,1.0,0.0,0.0007612660688516331,0.0,0.0008532423208191155,8.9065667778776e-5,0.0,0.0001301665359485776,0.004457652303120356,0.0007429420505200594
160219359,2,3,0,3,3,0,3,0,0,0,3.0,0.0,3.0,3.0,0.0,3.0,0.0,0.0,0.0,1.0,0.0,1.0,0.0,2,0,3,9.0,0.0,7.0,6,1,297,0.0,7.189761779226382e-5,0.0,0.0,0.8333333333333334,0.7777777777777778,0.0,0.0,1.0,0.0,1.0,1.0,0.0,0.0007338559275804218,0.0,0.0008532423208191144,8.9065667778776e-5,0.0,0.00016381127617257435,0.004457652303120356,0.0007429420505200594
286983759,2,3,0,3,3,0,3,0,0,0,3.0,0.0,3.0,3.0,0.0,3.0,0.0,0.0,0.0,1.0,0.0,1.0,0.0,2,0,3,9.0,0.0,7.0,6,1,297,0.0,7.189761779226382e-5,0.0,0.0,0.8333333333333334,0.7777777777777778,0.0,0.0,1.0,0.0,1.0,1.0,0.0,0.0007338559275804218,0.0,0.0008532423208191144,8.9065667778776e-5,0.0,0.00016381127617257435,0.004457652303120356,0.0007429420505200594
1229767833036345345,2,2,0,2,2,0,2,0,0,0,2.0,0.0,2.0,2.0,0.0,2.0,0.0,0.0,0.0,1.0,0.0,1.0,0.0,2,0,2,5.0,0.0,4.0,6,1,119,0.0,4.7931745194842545e-5,0.0,0.0,0.6666666666666666,0.5,0.0,0.0,0.5,0.0,0.5,1.0,0.0,0.001092814258977098,0.0,0.0008532423208191152,5.925098195153078e-5,0.0,6.563482109271498e-5,0.004457652303120356,0.0007429420505200594
129389158,2,3,0,3,3,0,3,0,0,0,3.0,0.0,3.0,3.0,0.0,3.0,0.0,0.0,0.0,1.0,0.0,1.0,0.0,2,0,3,9.0,0.0,7.0,6,1,297,0.0,7.189761779226382e-5,0.0,0.0,0.8333333333333334,0.7777777777777778,0.0,0.0,1.0,0.0,1.0,1.0,0.0,0.0007338559275804218,0.0,0.0008532423208191144,8.9065667778776e-5,0.0,0.00016381127617257435,0.004457652303120356,0.0007429420505200594
631851140,2,2,0,2,2,0,2,0,0,0,2.0,0.0,2.0,2.0,0.0,2.0,0.0,0.0,0.0,1.0,0.0,1.0,0.0,2,0,2,5.0,0.0,4.0,6,1,119,0.0,4.7931745194842545e-5,0.0,0.0,0.6666666666666666,0.5,0.0,0.0,0.5,0.0,0.5,1.0,0.0,0.001092814258977098,0.0,0.0008532423208191152,5.925098195153078e-5,0.0,6.563482109271498e-5,0.004457652303120356,0.0007429420505200594
1392289621,2,3,0,3,3,0,3,0,0,0,3.0,0.0,3.0,3.0,0.0,3.0,0.0,0.0,0.0,1.0,0.0,1.0,0.0,2,0,3,9.0,0.0,7.0,6,1,297,0.0,7.189761779226382e-5,0.0,0.0,0.8333333333333334,0.7777777777777778,0.0,0.0,1.0,0.0,1.0,1.0,0.0,0.0007338559275804218,0.0,0.0008532423208191144,8.9065667778776e-5,0.0,0.00016381127617257435,0.004457652303120356,0.0007429420505200594
1430842536185110535,2,3,0,3,3,0,3,0,0,0,3.0,0.0,3.0,3.0,0.0,3.0,0.0,0.0,0.0,1.0,0.0,1.0,0.0,2,0,3,9.0,0.0,7.0,6,1,297,0.0,7.189761779226382e-5,0.0,0.0,0.8333333333333334,0.7777777777777778,0.0,0.0,1.0,0.0,1.0,1.0,0.0,0.0007338559275804218,0.0,0.0008532423208191144,8.9065667778776e-5,0.0,0.00016381127617257435,0.004457652303120356,0.0007429420505200594
2875883148,2,1,0,1,1,0,1,0,0,0,2.0,0.0,2.0,2.0,0.0,2.0,0.0,0.0,0.0,1.0,0.0,1.0,0.0,1,0,1,5.0,0.0,4.0,5,1,191,0.0,4.7931745194842545e-5,0.0,0.0,0.5,0.0,0.0,0.0,0.0,0.0,0.0,0.0,0.0,0.000729077455034338,0.0,0.0008532423208191169,5.925098195153078e-5,0.0,0.00010534664561939966,0.003714710252600297,0.0007429420505200594
1412626677335683072,2,3,0,3,2,0,2,1,0,1,4.0,0.0,4.0,3.0,0.0,3.0,1.0,0.0,1.0,0.6666666666666666,0.0,0.75,0.0,2,0,3,13.0,0.0,11.0,6,1,302,0.0,9.586349038968509e-5,0.0,0.0,0.5,0.3333333333333333,0.0,0.0,0.375,0.0,0.375,0.375,0.0,0.0007448439268740099,0.0,0.0008532423208191152,0.0,4.052813910482289e-5,0.00016656904176470523,0.004457652303120356,0.0007429420505200594
1276786817396887553,2,1,0,1,1,0,1,0,0,0,2.0,0.0,2.0,2.0,0.0,2.0,0.0,0.0,0.0,1.0,0.0,1.0,0.0,1,0,1,5.0,0.0,4.0,5,1,191,0.0,4.7931745194842545e-5,0.0,0.0,0.5,0.0,0.0,0.0,0.0,0.0,0.0,0.0,0.0,0.000729077455034338,0.0,0.0008532423208191169,5.925098195153078e-5,0.0,0.00010534664561939966,0.003714710252600297,0.0007429420505200594
1116348909478133762,2,2,0,2,2,0,2,0,0,0,3.0,0.0,3.0,3.0,0.0,3.0,0.0,0.0,0.0,1.0,0.0,1.0,0.0,2,0,2,9.0,0.0,7.0,5,1,262,0.0,7.189761779226382e-5,0.0,0.0,0.6666666666666666,0.5,0.0,0.0,1.0,0.0,1.0,1.0,0.0,0.0007319524352391134,0.0,0.0008532423208191153,8.9065667778776e-5,0.0,0.00014450691702765818,0.003714710252600297,0.0007429420505200594
1298625690091192320,2,1,0,1,1,0,1,0,0,0,2.0,0.0,2.0,2.0,0.0,2.0,0.0,0.0,0.0,1.0,0.0,1.0,0.0,1,0,1,5.0,0.0,4.0,5,1,191,0.0,4.7931745194842545e-5,0.0,0.0,0.5,0.0,0.0,0.0,0.0,0.0,0.0,0.0,0.0,0.000729077455034338,0.0,0.0008532423208191169,5.925098195153078e-5,0.0,0.00010534664561939966,0.003714710252600297,0.0007429420505200594
843103970721579008,2,1,0,1,1,0,1,0,0,0,1.0,0.0,1.0,1.0,0.0,1.0,0.0,0.0,0.0,1.0,0.0,1.0,0.0,1,0,1,1.0,0.0,1.0,5,1,191,0.0,2.3965872597421273e-5,0.0,0.0,0.5,0.0,0.0,0.0,0.0,0.0,0.0,0.0,0.0,0.0007260540197905871,0.0,0.0008532423208191169,2.956247907770493e-5,0.0,0.00010534664561939966,0.003714710252600297,0.0007429420505200594
1275878602463199236,2,2,0,2,2,0,2,0,0,0,4.0,0.0,4.0,4.0,0.0,4.0,0.0,0.0,0.0,1.0,0.0,1.0,0.0,2,0,2,14.0,0.0,11.0,5,1,262,0.0,9.586349038968509e-5,0.0,0.0,0.6666666666666666,0.5,0.0,0.0,1.0,0.0,1.0,1.0,0.0,0.0007349758704828643,0.0,0.0008532423208191158,0.00011900669592501689,0.0,0.00014450691702765818,0.003714710252600297,0.0007429420505200594
1484183740376969223,2,1,0,1,1,0,1,0,0,0,1.0,0.0,1.0,1.0,0.0,1.0,0.0,0.0,0.0,1.0,0.0,1.0,0.0,1,0,1,1.0,0.0,1.0,5,1,191,0.0,2.3965872597421273e-5,0.0,0.0,0.5,0.0,0.0,0.0,0.0,0.0,0.0,0.0,0.0,0.0007260540197905871,0.0,0.0008532423208191169,2.956247907770493e-5,0.0,0.00010534664561939966,0.003714710252600297,0.0007429420505200594
1012475880248143873,2,1,0,1,1,0,1,0,0,0,2.0,0.0,2.0,2.0,0.0,2.0,0.0,0.0,0.0,1.0,0.0,1.0,0.0,1,0,1,5.0,0.0,4.0,5,1,191,0.0,4.7931745194842545e-5,0.0,0.0,0.5,0.0,0.0,0.0,0.0,0.0,0.0,0.0,0.0,0.000729077455034338,0.0,0.0008532423208191169,5.925098195153078e-5,0.0,0.00010534664561939966,0.003714710252600297,0.0007429420505200594
216530630,2,1,0,1,1,0,1,0,0,0,1.0,0.0,1.0,1.0,0.0,1.0,0.0,0.0,0.0,1.0,0.0,1.0,0.0,1,0,1,1.0,0.0,1.0,5,1,191,0.0,2.3965872597421273e-5,0.0,0.0,0.5,0.0,0.0,0.0,0.0,0.0,0.0,0.0,0.0,0.0007260540197905871,0.0,0.0008532423208191169,2.956247907770493e-5,0.0,0.00010534664561939966,0.003714710252600297,0.0007429420505200594
882353329657049089,2,1,0,1,1,0,1,0,0,0,1.0,0.0,1.0,1.0,0.0,1.0,0.0,0.0,0.0,1.0,0.0,1.0,0.0,1,0,1,1.0,0.0,1.0,5,1,191,0.0,2.3965872597421273e-5,0.0,0.0,0.5,0.0,0.0,0.0,0.0,0.0,0.0,0.0,0.0,0.0007260540197905871,0.0,0.0008532423208191169,2.956247907770493e-5,0.0,0.00010534664561939966,0.003714710252600297,0.0007429420505200594
1259155340433776647,2,1,0,1,1,0,1,0,0,0,1.0,0.0,1.0,1.0,0.0,1.0,0.0,0.0,0.0,1.0,0.0,1.0,0.0,1,0,1,1.0,0.0,1.0,5,1,191,0.0,2.3965872597421273e-5,0.0,0.0,0.5,0.0,0.0,0.0,0.0,0.0,0.0,0.0,0.0,0.0007260540197905871,0.0,0.0008532423208191169,2.956247907770493e-5,0.0,0.00010534664561939966,0.003714710252600297,0.0007429420505200594
1304733983939330049,2,1,0,1,1,0,1,0,0,0,1.0,0.0,1.0,1.0,0.0,1.0,0.0,0.0,0.0,1.0,0.0,1.0,0.0,1,0,1,1.0,0.0,1.0,5,1,191,0.0,2.3965872597421273e-5,0.0,0.0,0.5,0.0,0.0,0.0,0.0,0.0,0.0,0.0,0.0,0.0007260540197905871,0.0,0.0008532423208191169,2.956247907770493e-5,0.0,0.00010534664561939966,0.003714710252600297,0.0007429420505200594
1114761930818895872,27,3,0,3,2,0,2,1,0,1,3.0,0.0,3.0,2.0,0.0,2.0,1.0,0.0,1.0,0.6666666666666666,0.0,0.6666666666666666,0.0,1,0,3,9.0,0.0,7.0,7,1,311,0.0,7.189761779226382e-5,0.0,0.0,0.3333333333333333,0.1111111111111111,0.0,0.0,0.16666666666666666,0.0,0.16666666666666666,0.3333333333333333,0.0,0.0007372911512267021,0.0,0.0008532423208191162,0.00010534975656745216,0.0,0.00017153301983054083,0.005200594353640416,0.0007429420505200594
1487076732536426500,2,1,0,1,1,0,1,0,0,0,1.0,0.0,1.0,1.0,0.0,1.0,0.0,0.0,0.0,1.0,0.0,1.0,0.0,1,0,1,1.0,0.0,1.0,5,1,191,0.0,2.3965872597421273e-5,0.0,0.0,0.5,0.0,0.0,0.0,0.0,0.0,0.0,0.0,0.0,0.0007260540197905871,0.0,0.0008532423208191169,2.956247907770493e-5,0.0,0.00010534664561939966,0.003714710252600297,0.0007429420505200594
1281303947857113088,2,1,0,1,1,0,1,0,0,0,1.0,0.0,1.0,1.0,0.0,1.0,0.0,0.0,0.0,1.0,0.0,1.0,0.0,1,0,1,1.0,0.0,1.0,5,1,191,0.0,2.3965872597421273e-5,0.0,0.0,0.5,0.0,0.0,0.0,0.0,0.0,0.0,0.0,0.0,0.0007260540197905871,0.0,0.0008532423208191169,2.956247907770493e-5,0.0,0.00010534664561939966,0.003714710252600297,0.0007429420505200594
22388574,2,1,0,1,1,0,1,0,0,0,1.0,0.0,1.0,1.0,0.0,1.0,0.0,0.0,0.0,1.0,0.0,1.0,0.0,1,0,1,1.0,0.0,1.0,5,1,191,0.0,2.3965872597421273e-5,0.0,0.0,0.5,0.0,0.0,0.0,0.0,0.0,0.0,0.0,0.0,0.0007260540197905871,0.0,0.0008532423208191169,2.956247907770493e-5,0.0,0.00010534664561939966,0.003714710252600297,0.0007429420505200594
863451486,2,1,0,1,1,0,1,0,0,0,1.0,0.0,1.0,1.0,0.0,1.0,0.0,0.0,0.0,1.0,0.0,1.0,0.0,1,0,1,1.0,0.0,1.0,5,1,191,0.0,2.3965872597421273e-5,0.0,0.0,0.5,0.0,0.0,0.0,0.0,0.0,0.0,0.0,0.0,0.0007260540197905871,0.0,0.0008532423208191169,2.956247907770493e-5,0.0,0.00010534664561939966,0.003714710252600297,0.0007429420505200594
1366691151483338753,2,1,0,1,1,0,1,0,0,0,1.0,0.0,1.0,1.0,0.0,1.0,0.0,0.0,0.0,1.0,0.0,1.0,0.0,1,0,1,1.0,0.0,1.0,5,1,191,0.0,2.3965872597421273e-5,0.0,0.0,0.5,0.0,0.0,0.0,0.0,0.0,0.0,0.0,0.0,0.0007260540197905871,0.0,0.0008532423208191169,2.956247907770493e-5,0.0,0.00010534664561939966,0.003714710252600297,0.0007429420505200594
947045737841311747,2,1,0,1,1,0,1,0,0,0,1.0,0.0,1.0,1.0,0.0,1.0,0.0,0.0,0.0,1.0,0.0,1.0,0.0,1,0,1,1.0,0.0,1.0,5,1,191,0.0,2.3965872597421273e-5,0.0,0.0,0.5,0.0,0.0,0.0,0.0,0.0,0.0,0.0,0.0,0.0007260540197905871,0.0,0.0008532423208191169,2.956247907770493e-5,0.0,0.00010534664561939966,0.003714710252600297,0.0007429420505200594
260530323,2,1,0,1,1,0,1,0,0,0,1.0,0.0,1.0,1.0,0.0,1.0,0.0,0.0,0.0,1.0,0.0,1.0,0.0,1,0,1,1.0,0.0,1.0,5,1,191,0.0,2.3965872597421273e-5,0.0,0.0,0.5,0.0,0.0,0.0,0.0,0.0,0.0,0.0,0.0,0.0007260540197905871,0.0,0.0008532423208191169,2.956247907770493e-5,0.0,0.00010534664561939966,0.003714710252600297,0.0007429420505200594
1450587988707012609,2,1,0,1,1,0,1,0,0,0,1.0,0.0,1.0,1.0,0.0,1.0,0.0,0.0,0.0,1.0,0.0,1.0,0.0,1,0,1,1.0,0.0,1.0,5,1,191,0.0,2.3965872597421273e-5,0.0,0.0,0.5,0.0,0.0,0.0,0.0,0.0,0.0,0.0,0.0,0.0007260540197905871,0.0,0.0008532423208191169,2.956247907770493e-5,0.0,0.00010534664561939966,0.003714710252600297,0.0007429420505200594
1321067249361444875,2,1,0,1,1,0,1,0,0,0,1.0,0.0,1.0,1.0,0.0,1.0,0.0,0.0,0.0,1.0,0.0,1.0,0.0,1,0,1,1.0,0.0,1.0,5,1,191,0.0,2.3965872597421273e-5,0.0,0.0,0.5,0.0,0.0,0.0,0.0,0.0,0.0,0.0,0.0,0.0007260540197905871,0.0,0.0008532423208191169,2.956247907770493e-5,0.0,0.00010534664561939966,0.003714710252600297,0.0007429420505200594
1355384877416235008,2,1,0,1,1,0,1,0,0,0,1.0,0.0,1.0,1.0,0.0,1.0,0.0,0.0,0.0,1.0,0.0,1.0,0.0,1,0,1,1.0,0.0,1.0,5,1,191,0.0,2.3965872597421273e-5,0.0,0.0,0.5,0.0,0.0,0.0,0.0,0.0,0.0,0.0,0.0,0.0007260540197905871,0.0,0.0008532423208191169,2.956247907770493e-5,0.0,0.00010534664561939966,0.003714710252600297,0.0007429420505200594
1431139215698444288,2,1,0,1,1,0,1,0,0,0,1.0,0.0,1.0,1.0,0.0,1.0,0.0,0.0,0.0,1.0,0.0,1.0,0.0,1,0,1,1.0,0.0,1.0,5,1,191,0.0,2.3965872597421273e-5,0.0,0.0,0.5,0.0,0.0,0.0,0.0,0.0,0.0,0.0,0.0,0.0007260540197905871,0.0,0.0008532423208191169,2.956247907770493e-5,0.0,0.00010534664561939966,0.003714710252600297,0.0007429420505200594
817774796440272896,2,1,0,1,1,0,1,0,0,0,1.0,0.0,1.0,1.0,0.0,1.0,0.0,0.0,0.0,1.0,0.0,1.0,0.0,1,0,1,1.0,0.0,1.0,5,1,191,0.0,2.3965872597421273e-5,0.0,0.0,0.5,0.0,0.0,0.0,0.0,0.0,0.0,0.0,0.0,0.0007260540197905871,0.0,0.0008532423208191169,2.956247907770493e-5,0.0,0.00010534664561939966,0.003714710252600297,0.0007429420505200594
1477310174,2,2,0,2,2,0,2,0,0,0,2.0,0.0,2.0,2.0,0.0,2.0,0.0,0.0,0.0,1.0,0.0,1.0,0.0,2,0,2,5.0,0.0,4.0,5,1,262,0.0,4.7931745194842545e-5,0.0,0.0,0.6666666666666666,0.5,0.0,0.0,1.0,0.0,1.0,1.0,0.0,0.0007289289999953627,0.0,0.0008532423208191145,5.925098195153078e-5,0.0,0.00014450691702765818,0.003714710252600297,0.0007429420505200594
1386734704854896641,2,2,0,2,2,0,2,0,0,0,4.0,0.0,4.0,4.0,0.0,4.0,0.0,0.0,0.0,1.0,0.0,1.0,0.0,2,0,2,14.0,0.0,11.0,5,1,262,0.0,9.586349038968509e-5,0.0,0.0,0.6666666666666666,0.5,0.0,0.0,1.0,0.0,1.0,1.0,0.0,0.000734827415443889,0.0,0.0008532423208191145,0.00011900669592501689,0.0,0.00014450691702765818,0.003714710252600297,0.0007429420505200594
1407391747731251208,2,4,0,4,4,0,4,0,0,0,5.0,0.0,5.0,5.0,0.0,5.0,0.0,0.0,0.0,1.0,0.0,1.0,0.0,2,0,2,14.0,0.0,7.0,7,1,263,0.0,0.00011982936298710636,0.0,0.0,0.4,0.25,0.0,0.0,0.36666666666666664,0.0,0.36666666666666664,0.5333333333333333,0.0,0.0021782656286595927,0.0,0.0008532423208191149,0.0001490742259647182,0.0,0.00014505847014608436,0.005200594353640416,0.0007429420505200594
3336783988,2,2,0,2,2,0,2,0,0,0,2.0,0.0,2.0,2.0,0.0,2.0,0.0,0.0,0.0,1.0,0.0,1.0,0.0,2,0,2,5.0,0.0,4.0,5,1,262,0.0,4.7931745194842545e-5,0.0,0.0,0.6666666666666666,0.5,0.0,0.0,1.0,0.0,1.0,1.0,0.0,0.0007289289999953627,0.0,0.0008532423208191145,5.925098195153078e-5,0.0,0.00014450691702765818,0.003714710252600297,0.0007429420505200594
1504287528320339968,2,2,0,2,2,0,2,0,0,0,2.0,0.0,2.0,2.0,0.0,2.0,0.0,0.0,0.0,1.0,0.0,1.0,0.0,2,0,2,5.0,0.0,4.0,5,1,262,0.0,4.7931745194842545e-5,0.0,0.0,0.6666666666666666,0.5,0.0,0.0,1.0,0.0,1.0,1.0,0.0,0.0007289289999953627,0.0,0.0008532423208191145,5.925098195153078e-5,0.0,0.00014450691702765818,0.003714710252600297,0.0007429420505200594
1511772062389481478,2,2,0,2,2,0,2,0,0,0,2.0,0.0,2.0,2.0,0.0,2.0,0.0,0.0,0.0,1.0,0.0,1.0,0.0,2,0,2,5.0,0.0,4.0,5,1,262,0.0,4.7931745194842545e-5,0.0,0.0,0.6666666666666666,0.5,0.0,0.0,1.0,0.0,1.0,1.0,0.0,0.0007289289999953627,0.0,0.0008532423208191145,5.925098195153078e-5,0.0,0.00014450691702765818,0.003714710252600297,0.0007429420505200594
1511564387156639745,2,2,0,2,2,0,2,0,0,0,2.0,0.0,2.0,2.0,0.0,2.0,0.0,0.0,0.0,1.0,0.0,1.0,0.0,2,0,2,5.0,0.0,4.0,5,1,262,0.0,4.7931745194842545e-5,0.0,0.0,0.6666666666666666,0.5,0.0,0.0,1.0,0.0,1.0,1.0,0.0,0.0007289289999953627,0.0,0.0008532423208191145,5.925098195153078e-5,0.0,0.00014450691702765818,0.003714710252600297,0.0007429420505200594
288900653,2,2,0,2,2,0,2,0,0,0,2.0,0.0,2.0,2.0,0.0,2.0,0.0,0.0,0.0,1.0,0.0,1.0,0.0,2,0,2,5.0,0.0,4.0,5,1,262,0.0,4.7931745194842545e-5,0.0,0.0,0.6666666666666666,0.5,0.0,0.0,1.0,0.0,1.0,1.0,0.0,0.0007289289999953627,0.0,0.0008532423208191145,5.925098195153078e-5,0.0,0.00014450691702765818,0.003714710252600297,0.0007429420505200594
1471747524415623169,2,1,0,1,1,0,1,0,0,0,1.0,0.0,1.0,1.0,0.0,1.0,0.0,0.0,0.0,1.0,0.0,1.0,0.0,1,0,1,1.0,0.0,1.0,5,1,191,0.0,2.3965872597421273e-5,0.0,0.0,0.5,0.0,0.0,0.0,0.0,0.0,0.0,0.0,0.0,0.0007260540197905871,0.0,0.0008532423208191169,2.956247907770493e-5,0.0,0.00010534664561939966,0.003714710252600297,0.0007429420505200594
1344559897,2,1,0,1,1,0,1,0,0,0,1.0,0.0,1.0,1.0,0.0,1.0,0.0,0.0,0.0,1.0,0.0,1.0,0.0,1,0,1,1.0,0.0,1.0,5,1,191,0.0,2.3965872597421273e-5,0.0,0.0,0.5,0.0,0.0,0.0,0.0,0.0,0.0,0.0,0.0,0.0007260540197905871,0.0,0.0008532423208191169,2.956247907770493e-5,0.0,0.00010534664561939966,0.003714710252600297,0.0007429420505200594
1252341005417922561,2,2,0,2,2,0,2,0,0,0,2.0,0.0,2.0,2.0,0.0,2.0,0.0,0.0,0.0,1.0,0.0,1.0,0.0,2,0,2,5.0,0.0,4.0,5,1,262,0.0,4.7931745194842545e-5,0.0,0.0,0.6666666666666666,0.5,0.0,0.0,1.0,0.0,1.0,1.0,0.0,0.0007289289999953627,0.0,0.0008532423208191145,5.925098195153078e-5,0.0,0.00014450691702765818,0.003714710252600297,0.0007429420505200594
301148961,2,1,0,1,1,0,1,0,0,0,1.0,0.0,1.0,1.0,0.0,1.0,0.0,0.0,0.0,1.0,0.0,1.0,0.0,1,0,1,1.0,0.0,1.0,5,1,191,0.0,2.3965872597421273e-5,0.0,0.0,0.5,0.0,0.0,0.0,0.0,0.0,0.0,0.0,0.0,0.0007260540197905871,0.0,0.0008532423208191169,2.956247907770493e-5,0.0,0.00010534664561939966,0.003714710252600297,0.0007429420505200594
2893889912,2,1,0,1,1,0,1,0,0,0,1.0,0.0,1.0,1.0,0.0,1.0,0.0,0.0,0.0,1.0,0.0,1.0,0.0,1,0,1,1.0,0.0,1.0,5,1,191,0.0,2.3965872597421273e-5,0.0,0.0,0.5,0.0,0.0,0.0,0.0,0.0,0.0,0.0,0.0,0.0007260540197905871,0.0,0.0008532423208191169,2.956247907770493e-5,0.0,0.00010534664561939966,0.003714710252600297,0.0007429420505200594
2780395189,2,1,0,1,1,0,1,0,0,0,2.0,0.0,2.0,2.0,0.0,2.0,0.0,0.0,0.0,1.0,0.0,1.0,0.0,1,0,1,5.0,0.0,4.0,5,1,191,0.0,4.7931745194842545e-5,0.0,0.0,0.5,0.0,0.0,0.0,0.0,0.0,0.0,0.0,0.0,0.000729077455034338,0.0,0.0008532423208191169,5.925098195153078e-5,0.0,0.00010534664561939966,0.003714710252600297,0.0007429420505200594
1210597665932742657,2,1,0,1,1,0,1,0,0,0,1.0,0.0,1.0,1.0,0.0,1.0,0.0,0.0,0.0,1.0,0.0,1.0,0.0,1,0,1,1.0,0.0,1.0,5,1,191,0.0,2.3965872597421273e-5,0.0,0.0,0.5,0.0,0.0,0.0,0.0,0.0,0.0,0.0,0.0,0.0007260540197905871,0.0,0.0008532423208191169,2.956247907770493e-5,0.0,0.00010534664561939966,0.003714710252600297,0.0007429420505200594
1512752298858098689,2,1,0,1,1,0,1,0,0,0,1.0,0.0,1.0,1.0,0.0,1.0,0.0,0.0,0.0,1.0,0.0,1.0,0.0,1,0,1,1.0,0.0,1.0,5,1,191,0.0,2.3965872597421273e-5,0.0,0.0,0.5,0.0,0.0,0.0,0.0,0.0,0.0,0.0,0.0,0.0007260540197905871,0.0,0.0008532423208191169,2.956247907770493e-5,0.0,0.00010534664561939966,0.003714710252600297,0.0007429420505200594
1214936644077457413,2,1,0,1,1,0,1,0,0,0,1.0,0.0,1.0,1.0,0.0,1.0,0.0,0.0,0.0,1.0,0.0,1.0,0.0,1,0,1,1.0,0.0,1.0,5,1,191,0.0,2.3965872597421273e-5,0.0,0.0,0.5,0.0,0.0,0.0,0.0,0.0,0.0,0.0,0.0,0.0007260540197905871,0.0,0.0008532423208191169,2.956247907770493e-5,0.0,0.00010534664561939966,0.003714710252600297,0.0007429420505200594
1369287947867090945,2,1,0,1,1,0,1,0,0,0,1.0,0.0,1.0,1.0,0.0,1.0,0.0,0.0,0.0,1.0,0.0,1.0,0.0,1,0,1,1.0,0.0,1.0,5,1,191,0.0,2.3965872597421273e-5,0.0,0.0,0.5,0.0,0.0,0.0,0.0,0.0,0.0,0.0,0.0,0.0007260540197905871,0.0,0.0008532423208191169,2.956247907770493e-5,0.0,0.00010534664561939966,0.003714710252600297,0.0007429420505200594
1498304227340337156,2,1,0,1,1,0,1,0,0,0,1.0,0.0,1.0,1.0,0.0,1.0,0.0,0.0,0.0,1.0,0.0,1.0,0.0,1,0,1,1.0,0.0,1.0,5,1,191,0.0,2.3965872597421273e-5,0.0,0.0,0.5,0.0,0.0,0.0,0.0,0.0,0.0,0.0,0.0,0.0007260540197905871,0.0,0.0008532423208191169,2.956247907770493e-5,0.0,0.00010534664561939966,0.003714710252600297,0.0007429420505200594
885849167674957824,27,3,0,3,2,0,2,1,0,1,3.0,0.0,3.0,2.0,0.0,2.0,1.0,0.0,1.0,0.6666666666666666,0.0,0.6666666666666666,0.0,1,0,3,9.0,0.0,7.0,7,1,311,0.0,7.189761779226382e-5,0.0,0.0,0.3333333333333333,0.1111111111111111,0.0,0.0,0.16666666666666666,0.0,0.16666666666666666,0.3333333333333333,0.0,0.0007372911512267021,0.0,0.0008532423208191162,0.00010534975656745216,0.0,0.00017153301983054083,0.005200594353640416,0.0007429420505200594
1487682361991241728,2,1,0,1,1,0,1,0,0,0,1.0,0.0,1.0,1.0,0.0,1.0,0.0,0.0,0.0,1.0,0.0,1.0,0.0,1,0,1,1.0,0.0,1.0,5,1,191,0.0,2.3965872597421273e-5,0.0,0.0,0.5,0.0,0.0,0.0,0.0,0.0,0.0,0.0,0.0,0.0007260540197905871,0.0,0.0008532423208191169,2.956247907770493e-5,0.0,0.00010534664561939966,0.003714710252600297,0.0007429420505200594
1503594943339798529,2,1,0,1,1,0,1,0,0,0,1.0,0.0,1.0,1.0,0.0,1.0,0.0,0.0,0.0,1.0,0.0,1.0,0.0,1,0,1,1.0,0.0,1.0,5,1,191,0.0,2.3965872597421273e-5,0.0,0.0,0.5,0.0,0.0,0.0,0.0,0.0,0.0,0.0,0.0,0.0007260540197905871,0.0,0.0008532423208191169,2.956247907770493e-5,0.0,0.00010534664561939966,0.003714710252600297,0.0007429420505200594
16316083,2,1,0,1,1,0,1,0,0,0,1.0,0.0,1.0,1.0,0.0,1.0,0.0,0.0,0.0,1.0,0.0,1.0,0.0,1,0,1,1.0,0.0,1.0,5,1,191,0.0,2.3965872597421273e-5,0.0,0.0,0.5,0.0,0.0,0.0,0.0,0.0,0.0,0.0,0.0,0.0007260540197905871,0.0,0.0008532423208191169,2.956247907770493e-5,0.0,0.00010534664561939966,0.003714710252600297,0.0007429420505200594
983232669147385856,2,1,0,1,1,0,1,0,0,0,1.0,0.0,1.0,1.0,0.0,1.0,0.0,0.0,0.0,1.0,0.0,1.0,0.0,1,0,1,1.0,0.0,1.0,5,1,191,0.0,2.3965872597421273e-5,0.0,0.0,0.5,0.0,0.0,0.0,0.0,0.0,0.0,0.0,0.0,0.0007260540197905871,0.0,0.0008532423208191169,2.956247907770493e-5,0.0,0.00010534664561939966,0.003714710252600297,0.0007429420505200594
1109993244300140544,2,1,0,1,1,0,1,0,0,0,1.0,0.0,1.0,1.0,0.0,1.0,0.0,0.0,0.0,1.0,0.0,1.0,0.0,1,0,1,1.0,0.0,1.0,5,1,191,0.0,2.3965872597421273e-5,0.0,0.0,0.5,0.0,0.0,0.0,0.0,0.0,0.0,0.0,0.0,0.0007260540197905871,0.0,0.0008532423208191169,2.956247907770493e-5,0.0,0.00010534664561939966,0.003714710252600297,0.0007429420505200594
357860827,2,1,0,1,1,0,1,0,0,0,1.0,0.0,1.0,1.0,0.0,1.0,0.0,0.0,0.0,1.0,0.0,1.0,0.0,1,0,1,1.0,0.0,1.0,5,1,191,0.0,2.3965872597421273e-5,0.0,0.0,0.5,0.0,0.0,0.0,0.0,0.0,0.0,0.0,0.0,0.0007260540197905871,0.0,0.0008532423208191169,2.956247907770493e-5,0.0,0.00010534664561939966,0.003714710252600297,0.0007429420505200594
303641607,2,1,0,1,1,0,1,0,0,0,1.0,0.0,1.0,1.0,0.0,1.0,0.0,0.0,0.0,1.0,0.0,1.0,0.0,1,0,1,1.0,0.0,1.0,5,1,191,0.0,2.3965872597421273e-5,0.0,0.0,0.5,0.0,0.0,0.0,0.0,0.0,0.0,0.0,0.0,0.0007260540197905871,0.0,0.0008532423208191169,2.956247907770493e-5,0.0,0.00010534664561939966,0.003714710252600297,0.0007429420505200594
1010807215,2,2,0,2,2,0,2,0,0,0,2.0,0.0,2.0,2.0,0.0,2.0,0.0,0.0,0.0,1.0,0.0,1.0,0.0,2,0,2,5.0,0.0,4.0,5,1,262,0.0,4.7931745194842545e-5,0.0,0.0,0.6666666666666666,0.5,0.0,0.0,1.0,0.0,1.0,1.0,0.0,0.0007289289999953627,0.0,0.0008532423208191145,5.925098195153078e-5,0.0,0.00014450691702765818,0.003714710252600297,0.0007429420505200594
1492605441335074820,2,2,0,2,2,0,2,0,0,0,2.0,0.0,2.0,2.0,0.0,2.0,0.0,0.0,0.0,1.0,0.0,1.0,0.0,2,0,2,5.0,0.0,4.0,5,1,262,0.0,4.7931745194842545e-5,0.0,0.0,0.6666666666666666,0.5,0.0,0.0,1.0,0.0,1.0,1.0,0.0,0.0007289289999953627,0.0,0.0008532423208191145,5.925098195153078e-5,0.0,0.00014450691702765818,0.003714710252600297,0.0007429420505200594
1485201349654597632,2,1,0,1,1,0,1,0,0,0,1.0,0.0,1.0,1.0,0.0,1.0,0.0,0.0,0.0,1.0,0.0,1.0,0.0,1,0,1,1.0,0.0,1.0,4,1,182,0.0,2.3965872597421273e-5,0.0,0.0,0.5,0.0,0.0,0.0,0.0,0.0,0.0,0.0,0.0,0.0007259055647516118,0.0,0.0008532423208191122,2.956247907770493e-5,0.0,0.00010038266755356408,0.0029717682020802376,0.0007429420505200594
380680308,2,1,0,1,1,0,1,0,0,0,1.0,0.0,1.0,1.0,0.0,1.0,0.0,0.0,0.0,1.0,0.0,1.0,0.0,1,0,1,1.0,0.0,1.0,4,1,182,0.0,2.3965872597421273e-5,0.0,0.0,0.5,0.0,0.0,0.0,0.0,0.0,0.0,0.0,0.0,0.0007259055647516118,0.0,0.0008532423208191122,2.956247907770493e-5,0.0,0.00010038266755356408,0.0029717682020802376,0.0007429420505200594
2662224127,2,1,0,1,1,0,1,0,0,0,1.0,0.0,1.0,1.0,0.0,1.0,0.0,0.0,0.0,1.0,0.0,1.0,0.0,1,0,1,1.0,0.0,1.0,4,1,182,0.0,2.3965872597421273e-5,0.0,0.0,0.5,0.0,0.0,0.0,0.0,0.0,0.0,0.0,0.0,0.0007259055647516118,0.0,0.0008532423208191122,2.956247907770493e-5,0.0,0.00010038266755356408,0.0029717682020802376,0.0007429420505200594
1316354264726339584,2,1,0,1,1,0,1,0,0,0,1.0,0.0,1.0,1.0,0.0,1.0,0.0,0.0,0.0,1.0,0.0,1.0,0.0,1,0,1,1.0,0.0,1.0,4,1,182,0.0,2.3965872597421273e-5,0.0,0.0,0.5,0.0,0.0,0.0,0.0,0.0,0.0,0.0,0.0,0.0007259055647516118,0.0,0.0008532423208191122,2.956247907770493e-5,0.0,0.00010038266755356408,0.0029717682020802376,0.0007429420505200594
232635988,39,2,0,2,1,0,1,1,0,1,4.0,0.0,4.0,3.0,0.0,3.0,1.0,0.0,1.0,0.5,0.0,0.75,0.0,1,0,2,10.0,0.0,11.0,5,1,223,0.0,9.586349038968509e-5,0.0,0.0,0.5,0.25,0.0,0.0,0.0,0.0,0.0,0.0,0.0,0.000764580039656301,0.0,0.0008532423208191143,0.00033628356353410105,0.0,0.0001229963454090373,0.003714710252600297,0.0007429420505200594
1960017126,2,1,0,1,1,0,1,0,0,0,1.0,0.0,1.0,1.0,0.0,1.0,0.0,0.0,0.0,1.0,0.0,1.0,0.0,1,0,1,1.0,0.0,1.0,4,1,182,0.0,2.3965872597421273e-5,0.0,0.0,0.5,0.0,0.0,0.0,0.0,0.0,0.0,0.0,0.0,0.0007259055647516118,0.0,0.0008532423208191122,2.956247907770493e-5,0.0,0.00010038266755356408,0.0029717682020802376,0.0007429420505200594
323430890,2,1,0,1,1,0,1,0,0,0,1.0,0.0,1.0,1.0,0.0,1.0,0.0,0.0,0.0,1.0,0.0,1.0,0.0,1,0,1,1.0,0.0,1.0,4,1,182,0.0,2.3965872597421273e-5,0.0,0.0,0.5,0.0,0.0,0.0,0.0,0.0,0.0,0.0,0.0,0.0007259055647516118,0.0,0.0008532423208191122,2.956247907770493e-5,0.0,0.00010038266755356408,0.0029717682020802376,0.0007429420505200594
1182778132404695040,2,1,0,1,1,0,1,0,0,0,1.0,0.0,1.0,1.0,0.0,1.0,0.0,0.0,0.0,1.0,0.0,1.0,0.0,1,0,1,1.0,0.0,1.0,4,1,182,0.0,2.3965872597421273e-5,0.0,0.0,0.5,0.0,0.0,0.0,0.0,0.0,0.0,0.0,0.0,0.0007259055647516118,0.0,0.0008532423208191122,2.956247907770493e-5,0.0,0.00010038266755356408,0.0029717682020802376,0.0007429420505200594
1213239566510907392,2,1,0,1,1,0,1,0,0,0,1.0,0.0,1.0,1.0,0.0,1.0,0.0,0.0,0.0,1.0,0.0,1.0,0.0,1,0,1,1.0,0.0,1.0,4,1,182,0.0,2.3965872597421273e-5,0.0,0.0,0.5,0.0,0.0,0.0,0.0,0.0,0.0,0.0,0.0,0.0007259055647516118,0.0,0.0008532423208191122,2.956247907770493e-5,0.0,0.00010038266755356408,0.0029717682020802376,0.0007429420505200594
151517948,2,1,0,1,1,0,1,0,0,0,1.0,0.0,1.0,1.0,0.0,1.0,0.0,0.0,0.0,1.0,0.0,1.0,0.0,1,0,1,1.0,0.0,1.0,4,1,182,0.0,2.3965872597421273e-5,0.0,0.0,0.5,0.0,0.0,0.0,0.0,0.0,0.0,0.0,0.0,0.0007259055647516118,0.0,0.0008532423208191122,2.956247907770493e-5,0.0,0.00010038266755356408,0.0029717682020802376,0.0007429420505200594
1367389992939569154,2,1,0,1,1,0,1,0,0,0,1.0,0.0,1.0,1.0,0.0,1.0,0.0,0.0,0.0,1.0,0.0,1.0,0.0,1,0,1,1.0,0.0,1.0,4,1,182,0.0,2.3965872597421273e-5,0.0,0.0,0.5,0.0,0.0,0.0,0.0,0.0,0.0,0.0,0.0,0.0007259055647516118,0.0,0.0008532423208191122,2.956247907770493e-5,0.0,0.00010038266755356408,0.0029717682020802376,0.0007429420505200594
1381567008777543681,2,1,0,1,1,0,1,0,0,0,1.0,0.0,1.0,1.0,0.0,1.0,0.0,0.0,0.0,1.0,0.0,1.0,0.0,1,0,1,1.0,0.0,1.0,4,1,182,0.0,2.3965872597421273e-5,0.0,0.0,0.5,0.0,0.0,0.0,0.0,0.0,0.0,0.0,0.0,0.0007259055647516118,0.0,0.0008532423208191122,2.956247907770493e-5,0.0,0.00010038266755356408,0.0029717682020802376,0.0007429420505200594
2731726158,2,1,0,1,1,0,1,0,0,0,1.0,0.0,1.0,1.0,0.0,1.0,0.0,0.0,0.0,1.0,0.0,1.0,0.0,1,0,1,1.0,0.0,1.0,4,1,182,0.0,2.3965872597421273e-5,0.0,0.0,0.5,0.0,0.0,0.0,0.0,0.0,0.0,0.0,0.0,0.0007259055647516118,0.0,0.0008532423208191122,2.956247907770493e-5,0.0,0.00010038266755356408,0.0029717682020802376,0.0007429420505200594
2909334026,2,1,0,1,1,0,1,0,0,0,1.0,0.0,1.0,1.0,0.0,1.0,0.0,0.0,0.0,1.0,0.0,1.0,0.0,1,0,1,1.0,0.0,1.0,4,1,182,0.0,2.3965872597421273e-5,0.0,0.0,0.5,0.0,0.0,0.0,0.0,0.0,0.0,0.0,0.0,0.0007259055647516118,0.0,0.0008532423208191122,2.956247907770493e-5,0.0,0.00010038266755356408,0.0029717682020802376,0.0007429420505200594
1510550413862662144,2,1,0,1,1,0,1,0,0,0,1.0,0.0,1.0,1.0,0.0,1.0,0.0,0.0,0.0,1.0,0.0,1.0,0.0,1,0,1,1.0,0.0,1.0,4,1,182,0.0,2.3965872597421273e-5,0.0,0.0,0.5,0.0,0.0,0.0,0.0,0.0,0.0,0.0,0.0,0.0007259055647516118,0.0,0.0008532423208191122,2.956247907770493e-5,0.0,0.00010038266755356408,0.0029717682020802376,0.0007429420505200594
291652961,27,3,0,3,2,0,2,1,0,1,3.0,0.0,3.0,2.0,0.0,2.0,1.0,0.0,1.0,0.6666666666666666,0.0,0.6666666666666666,0.0,1,0,3,9.0,0.0,7.0,6,1,300,0.0,7.189761779226382e-5,0.0,0.0,0.3333333333333333,0.1111111111111111,0.0,0.0,0.16666666666666666,0.0,0.16666666666666666,0.3333333333333333,0.0,0.0007371426961877267,0.0,0.0008532423208191146,0.00010534975656745216,0.0,0.0001654659355278529,0.004457652303120356,0.0007429420505200594
1505370236429946880,2,1,0,1,1,0,1,0,0,0,1.0,0.0,1.0,1.0,0.0,1.0,0.0,0.0,0.0,1.0,0.0,1.0,0.0,1,0,1,1.0,0.0,1.0,4,1,182,0.0,2.3965872597421273e-5,0.0,0.0,0.5,0.0,0.0,0.0,0.0,0.0,0.0,0.0,0.0,0.0007259055647516118,0.0,0.0008532423208191122,2.956247907770493e-5,0.0,0.00010038266755356408,0.0029717682020802376,0.0007429420505200594
1316691345864445953,2,1,0,1,1,0,1,0,0,0,1.0,0.0,1.0,1.0,0.0,1.0,0.0,0.0,0.0,1.0,0.0,1.0,0.0,1,0,1,1.0,0.0,1.0,4,1,182,0.0,2.3965872597421273e-5,0.0,0.0,0.5,0.0,0.0,0.0,0.0,0.0,0.0,0.0,0.0,0.0007259055647516118,0.0,0.0008532423208191122,2.956247907770493e-5,0.0,0.00010038266755356408,0.0029717682020802376,0.0007429420505200594
3241735411,2,1,0,1,1,0,1,0,0,0,1.0,0.0,1.0,1.0,0.0,1.0,0.0,0.0,0.0,1.0,0.0,1.0,0.0,1,0,1,1.0,0.0,1.0,4,1,182,0.0,2.3965872597421273e-5,0.0,0.0,0.5,0.0,0.0,0.0,0.0,0.0,0.0,0.0,0.0,0.0007259055647516118,0.0,0.0008532423208191122,2.956247907770493e-5,0.0,0.00010038266755356408,0.0029717682020802376,0.0007429420505200594
1551794143,2,1,0,1,1,0,1,0,0,0,1.0,0.0,1.0,1.0,0.0,1.0,0.0,0.0,0.0,1.0,0.0,1.0,0.0,1,0,1,1.0,0.0,1.0,4,1,182,0.0,2.3965872597421273e-5,0.0,0.0,0.5,0.0,0.0,0.0,0.0,0.0,0.0,0.0,0.0,0.0007259055647516118,0.0,0.0008532423208191122,2.956247907770493e-5,0.0,0.00010038266755356408,0.0029717682020802376,0.0007429420505200594
1373173055313248256,2,1,0,1,1,0,1,0,0,0,1.0,0.0,1.0,1.0,0.0,1.0,0.0,0.0,0.0,1.0,0.0,1.0,0.0,1,0,1,1.0,0.0,1.0,4,1,182,0.0,2.3965872597421273e-5,0.0,0.0,0.5,0.0,0.0,0.0,0.0,0.0,0.0,0.0,0.0,0.0007259055647516118,0.0,0.0008532423208191122,2.956247907770493e-5,0.0,0.00010038266755356408,0.0029717682020802376,0.0007429420505200594
1482602428189061120,2,1,0,1,1,0,1,0,0,0,1.0,0.0,1.0,1.0,0.0,1.0,0.0,0.0,0.0,1.0,0.0,1.0,0.0,1,0,1,1.0,0.0,1.0,4,1,182,0.0,2.3965872597421273e-5,0.0,0.0,0.5,0.0,0.0,0.0,0.0,0.0,0.0,0.0,0.0,0.0007259055647516118,0.0,0.0008532423208191122,2.956247907770493e-5,0.0,0.00010038266755356408,0.0029717682020802376,0.0007429420505200594
1076388373160386560,2,1,0,1,1,0,1,0,0,0,1.0,0.0,1.0,1.0,0.0,1.0,0.0,0.0,0.0,1.0,0.0,1.0,0.0,1,0,1,1.0,0.0,1.0,4,1,182,0.0,2.3965872597421273e-5,0.0,0.0,0.5,0.0,0.0,0.0,0.0,0.0,0.0,0.0,0.0,0.0007259055647516118,0.0,0.0008532423208191122,2.956247907770493e-5,0.0,0.00010038266755356408,0.0029717682020802376,0.0007429420505200594
1509759172728209412,2,1,0,1,1,0,1,0,0,0,1.0,0.0,1.0,1.0,0.0,1.0,0.0,0.0,0.0,1.0,0.0,1.0,0.0,1,0,1,1.0,0.0,1.0,4,1,182,0.0,2.3965872597421273e-5,0.0,0.0,0.5,0.0,0.0,0.0,0.0,0.0,0.0,0.0,0.0,0.0007259055647516118,0.0,0.0008532423208191122,2.956247907770493e-5,0.0,0.00010038266755356408,0.0029717682020802376,0.0007429420505200594
138476060,2,1,0,1,1,0,1,0,0,0,1.0,0.0,1.0,1.0,0.0,1.0,0.0,0.0,0.0,1.0,0.0,1.0,0.0,1,0,1,1.0,0.0,1.0,4,1,182,0.0,2.3965872597421273e-5,0.0,0.0,0.5,0.0,0.0,0.0,0.0,0.0,0.0,0.0,0.0,0.0007259055647516118,0.0,0.0008532423208191122,2.956247907770493e-5,0.0,0.00010038266755356408,0.0029717682020802376,0.0007429420505200594
57673609,2,1,0,1,1,0,1,0,0,0,1.0,0.0,1.0,1.0,0.0,1.0,0.0,0.0,0.0,1.0,0.0,1.0,0.0,1,0,1,1.0,0.0,1.0,4,1,182,0.0,2.3965872597421273e-5,0.0,0.0,0.5,0.0,0.0,0.0,0.0,0.0,0.0,0.0,0.0,0.0007259055647516118,0.0,0.0008532423208191122,2.956247907770493e-5,0.0,0.00010038266755356408,0.0029717682020802376,0.0007429420505200594
887093911,2,1,0,1,1,0,1,0,0,0,1.0,0.0,1.0,1.0,0.0,1.0,0.0,0.0,0.0,1.0,0.0,1.0,0.0,1,0,1,1.0,0.0,1.0,4,1,182,0.0,2.3965872597421273e-5,0.0,0.0,0.5,0.0,0.0,0.0,0.0,0.0,0.0,0.0,0.0,0.0007259055647516118,0.0,0.0008532423208191122,2.956247907770493e-5,0.0,0.00010038266755356408,0.0029717682020802376,0.0007429420505200594
1482677670261686273,19,4,0,4,3,0,3,1,0,1,4.0,0.0,4.0,3.0,0.0,3.0,1.0,0.0,1.0,0.75,0.0,0.75,0.0,1,0,4,14.0,0.0,11.0,10,1,181,0.0,9.586349038968509e-5,0.0,0.0,0.45,0.3125,0.0,0.0,0.3333333333333333,0.0,0.3333333333333333,0.6666666666666666,0.0,0.0009063803026051502,0.0,0.0008532423208191145,0.00028552428101014105,0.0,9.98311144351379e-5,0.007429420505200594,0.0007429420505200594
1404442835517050886,45,2,0,2,2,0,2,0,0,0,2.0,0.0,2.0,2.0,0.0,2.0,0.0,0.0,0.0,1.0,0.0,1.0,0.0,1,0,2,3.0,0.0,4.0,7,1,158,0.0,4.7931745194842545e-5,0.0,0.0,0.6666666666666666,0.5,0.0,0.0,0.5,0.0,0.5,1.0,0.0,0.001454047619466646,0.0,0.0008532423208191129,1.2772314677889085e-5,0.0,8.714539271133586e-5,0.005200594353640416,0.0007429420505200594
281503159,19,3,0,3,2,0,2,1,0,1,3.0,0.0,3.0,2.0,0.0,2.0,1.0,0.0,1.0,0.6666666666666666,0.0,0.6666666666666666,0.0,1,0,3,9.0,0.0,7.0,8,1,176,0.0,7.189761779226382e-5,0.0,0.0,0.5833333333333334,0.4444444444444444,0.0,0.0,0.5,0.0,0.5,1.0,0.0,0.0008583749146942497,0.0,0.000853242320819114,0.0001411617239275298,0.0,9.707334884300702e-5,0.005943536404160475,0.0007429420505200594
1150808563255844865,19,3,0,3,2,0,2,1,0,1,4.0,0.0,4.0,2.0,0.0,2.0,2.0,0.0,2.0,0.6666666666666666,0.0,0.5,0.0,1,0,3,14.0,0.0,11.0,6,1,174,0.0,9.586349038968509e-5,0.0,0.0,0.5,0.3333333333333333,0.0,0.0,0.375,0.0,0.375,0.75,0.0,0.0008223714962929339,0.0,0.000853242320819113,0.0,0.00012752797367465707,9.597024260615467e-5,0.004457652303120356,0.0007429420505200594
750502701457440768,19,3,0,3,2,0,2,1,0,1,4.0,0.0,4.0,2.0,0.0,2.0,2.0,0.0,2.0,0.6666666666666666,0.0,0.5,0.0,1,0,3,14.0,0.0,11.0,6,1,174,0.0,9.586349038968509e-5,0.0,0.0,0.5,0.3333333333333333,0.0,0.0,0.375,0.0,0.375,0.75,0.0,0.0008223714962929339,0.0,0.000853242320819113,0.0,0.00012752797367465707,9.597024260615467e-5,0.004457652303120356,0.0007429420505200594
1513380994287472642,19,4,0,4,3,0,3,1,0,1,7.0,0.0,7.0,6.0,0.0,6.0,1.0,0.0,1.0,0.75,0.0,0.8571428571428571,0.0,1,0,3,19.0,0.0,15.0,8,1,176,0.0,0.0001677611081819489,0.0,0.0,0.45,0.3125,0.0,0.0,0.40476190476190477,0.0,0.40476190476190477,0.8095238095238095,0.0,0.0015575747005942909,0.0,0.0008532423208191149,0.0007199820236573062,0.0,9.707334884300702e-5,0.005943536404160475,0.0007429420505200594
1514302967142227970,45,1,0,1,1,0,1,0,0,0,1.0,0.0,1.0,1.0,0.0,1.0,0.0,0.0,0.0,1.0,0.0,1.0,0.0,1,0,1,1.0,0.0,1.0,6,1,158,0.0,2.3965872597421273e-5,0.0,0.0,1.0,1.0,0.0,0.0,0.0,0.0,0.0,0.0,0.0,0.0007275808196977475,0.0,0.0008532423208191108,6.333459135920982e-6,0.0,8.714539271133586e-5,0.004457652303120356,0.0007429420505200594
1506684921867251714,13,2,0,2,2,0,2,0,0,0,2.0,0.0,2.0,2.0,0.0,2.0,0.0,0.0,0.0,1.0,0.0,1.0,0.0,2,0,2,5.0,0.0,4.0,11,1,89,0.0,4.7931745194842545e-5,0.0,0.0,0.5,0.25,0.0,0.0,0.5,0.0,0.5,1.0,0.0,0.0010007788573959914,0.0,0.0008532423208191153,0.00019673787837071188,0.0,4.908822753992969e-5,0.008172362555720654,0.0007429420505200594
1394861289189482499,13,2,0,2,2,0,2,0,0,0,2.0,0.0,2.0,2.0,0.0,2.0,0.0,0.0,0.0,1.0,0.0,1.0,0.0,2,0,2,5.0,0.0,4.0,11,1,89,0.0,4.7931745194842545e-5,0.0,0.0,0.5,0.25,0.0,0.0,0.5,0.0,0.5,1.0,0.0,0.0010007788573959914,0.0,0.0008532423208191153,0.00019673787837071188,0.0,4.908822753992969e-5,0.008172362555720654,0.0007429420505200594
1366653623065714690,13,2,0,2,2,0,2,0,0,0,2.0,0.0,2.0,2.0,0.0,2.0,0.0,0.0,0.0,1.0,0.0,1.0,0.0,2,0,2,5.0,0.0,4.0,11,1,89,0.0,4.7931745194842545e-5,0.0,0.0,0.5,0.25,0.0,0.0,0.5,0.0,0.5,1.0,0.0,0.0010007788573959914,0.0,0.0008532423208191153,0.00019673787837071188,0.0,4.908822753992969e-5,0.008172362555720654,0.0007429420505200594
1150225766677827584,1,3,0,3,2,0,2,1,0,1,3.0,0.0,3.0,2.0,0.0,2.0,1.0,0.0,1.0,0.6666666666666666,0.0,0.6666666666666666,0.0,1,0,3,9.0,0.0,7.0,17,1,259,0.0,7.189761779226382e-5,0.0,0.0,0.5833333333333334,0.4444444444444444,0.0,0.0,0.5,0.0,0.5,0.6666666666666666,0.0,0.0007579898663413192,0.0,0.0008532423208191135,0.0,8.075997537793089e-5,0.00014285225767237964,0.01263001485884101,0.0007429420505200594
44890357,36,3,0,3,3,0,3,0,0,0,5.0,0.0,5.0,5.0,0.0,5.0,0.0,0.0,0.0,1.0,0.0,1.0,0.0,0,0,2,5.0,0.0,8.0,4,1,5,0.0,0.00011982936298710636,0.0,0.0,0.4166666666666667,0.2222222222222222,0.0,0.0,0.35,0.0,0.35,0.7,0.0,0.0014982407500701705,0.0,0.0008532423208191161,0.00081302888643775,0.0,2.757765592130881e-6,0.0029717682020802376,0.0007429420505200594
27936658,13,2,0,2,2,0,2,0,0,0,2.0,0.0,2.0,2.0,0.0,2.0,0.0,0.0,0.0,1.0,0.0,1.0,0.0,1,0,2,5.0,0.0,4.0,8,1,38,0.0,4.7931745194842545e-5,0.0,0.0,0.5,0.25,0.0,0.0,0.5,0.0,0.5,1.0,0.0,0.0007927065271913009,0.0,0.000853242320819115,0.00019673787837071188,0.0,2.0959018500194697e-5,0.005943536404160475,0.0007429420505200594
1036814163371220993,13,2,0,2,2,0,2,0,0,0,2.0,0.0,2.0,2.0,0.0,2.0,0.0,0.0,0.0,1.0,0.0,1.0,0.0,1,0,2,5.0,0.0,4.0,8,1,38,0.0,4.7931745194842545e-5,0.0,0.0,0.5,0.25,0.0,0.0,0.5,0.0,0.5,1.0,0.0,0.0007927065271913009,0.0,0.000853242320819115,0.00019673787837071188,0.0,2.0959018500194697e-5,0.005943536404160475,0.0007429420505200594
43502354,13,2,0,2,2,0,2,0,0,0,2.0,0.0,2.0,2.0,0.0,2.0,0.0,0.0,0.0,1.0,0.0,1.0,0.0,1,0,2,5.0,0.0,4.0,8,1,38,0.0,4.7931745194842545e-5,0.0,0.0,0.5,0.25,0.0,0.0,0.5,0.0,0.5,1.0,0.0,0.0007927065271913009,0.0,0.000853242320819115,0.00019673787837071188,0.0,2.0959018500194697e-5,0.005943536404160475,0.0007429420505200594
2401610353,19,1,0,1,1,0,1,0,0,0,1.0,0.0,1.0,1.0,0.0,1.0,0.0,0.0,0.0,1.0,0.0,1.0,0.0,1,0,1,1.0,0.0,1.0,8,1,17,0.0,2.3965872597421273e-5,0.0,0.0,0.5,0.0,0.0,0.0,0.0,0.0,0.0,0.0,0.0,0.0008746106216766515,0.0,0.0008532423208191157,0.00014383427072683919,0.0,9.376403013244997e-6,0.005943536404160475,0.0007429420505200594
715371897630957572,19,1,0,1,1,0,1,0,0,0,1.0,0.0,1.0,1.0,0.0,1.0,0.0,0.0,0.0,1.0,0.0,1.0,0.0,1,0,1,1.0,0.0,1.0,8,1,17,0.0,2.3965872597421273e-5,0.0,0.0,0.5,0.0,0.0,0.0,0.0,0.0,0.0,0.0,0.0,0.0008746106216766515,0.0,0.0008532423208191157,0.00014383427072683919,0.0,9.376403013244997e-6,0.005943536404160475,0.0007429420505200594
2446465550,19,2,0,2,2,0,2,0,0,0,2.0,0.0,2.0,2.0,0.0,2.0,0.0,0.0,0.0,1.0,0.0,1.0,0.0,1,0,2,5.0,0.0,4.0,8,1,17,0.0,4.7931745194842545e-5,0.0,0.0,0.5,0.25,0.0,0.0,0.5,0.0,0.5,1.0,0.0,0.001235572387453751,0.0,0.0008532423208191158,0.00028789603870099656,0.0,9.376403013244997e-6,0.005943536404160475,0.0007429420505200594
38798601,19,2,0,2,2,0,2,0,0,0,2.0,0.0,2.0,2.0,0.0,2.0,0.0,0.0,0.0,1.0,0.0,1.0,0.0,1,0,2,5.0,0.0,4.0,9,1,21,0.0,4.7931745194842545e-5,0.0,0.0,0.5,0.25,0.0,0.0,0.5,0.0,0.5,1.0,0.0,0.0009873566283842986,0.0,0.0008532423208191156,0.00028789603870099656,0.0,1.1582615486949701e-5,0.006686478454680535,0.0007429420505200594
595377339,19,3,0,3,3,0,3,0,0,0,3.0,0.0,3.0,3.0,0.0,3.0,0.0,0.0,0.0,1.0,0.0,1.0,0.0,1,0,2,9.0,0.0,4.0,9,1,42,0.0,7.189761779226382e-5,0.0,0.0,0.3333333333333333,0.1111111111111111,0.0,0.0,0.16666666666666666,0.0,0.16666666666666666,0.3333333333333333,0.0,0.001614582241519706,0.0,0.0008532423208191158,0.0004321855644743855,0.0,2.3165230973899403e-5,0.006686478454680535,0.0007429420505200594
730030629648097280,19,1,0,1,1,0,1,0,0,0,1.0,0.0,1.0,1.0,0.0,1.0,0.0,0.0,0.0,1.0,0.0,1.0,0.0,1,0,1,1.0,0.0,1.0,8,1,17,0.0,2.3965872597421273e-5,0.0,0.0,0.5,0.0,0.0,0.0,0.0,0.0,0.0,0.0,0.0,0.0008746106216766515,0.0,0.0008532423208191157,0.00014383427072683919,0.0,9.376403013244997e-6,0.005943536404160475,0.0007429420505200594
1138538286182387712,19,2,0,2,2,0,2,0,0,0,2.0,0.0,2.0,2.0,0.0,2.0,0.0,0.0,0.0,1.0,0.0,1.0,0.0,1,0,2,5.0,0.0,4.0,8,1,41,0.0,4.7931745194842545e-5,0.0,0.0,0.5,0.25,0.0,0.0,0.5,0.0,0.5,1.0,0.0,0.0008926587099655066,0.0,0.0008532423208191156,0.00028789603870099656,0.0,2.2613677855473228e-5,0.005943536404160475,0.0007429420505200594
1246153048860196864,1,1,0,1,1,0,1,0,0,0,1.0,0.0,1.0,1.0,0.0,1.0,0.0,0.0,0.0,1.0,0.0,1.0,0.0,1,0,1,1.0,0.0,1.0,9,1,202,0.0,2.3965872597421273e-5,0.0,0.0,1.0,1.0,0.0,0.0,0.0,0.0,0.0,0.0,0.0,0.0007270118836641115,0.0,0.0008532423208191124,3.6755982027347756e-5,0.0,0.0001114137299220876,0.006686478454680535,0.0007429420505200594
1365087755387219970,1,1,0,1,1,0,1,0,0,0,1.0,0.0,1.0,1.0,0.0,1.0,0.0,0.0,0.0,1.0,0.0,1.0,0.0,1,0,1,1.0,0.0,1.0,9,1,202,0.0,2.3965872597421273e-5,0.0,0.0,1.0,1.0,0.0,0.0,0.0,0.0,0.0,0.0,0.0,0.0007270118836641115,0.0,0.0008532423208191124,3.6755982027347756e-5,0.0,0.0001114137299220876,0.006686478454680535,0.0007429420505200594
2881534563,1,1,0,1,1,0,1,0,0,0,1.0,0.0,1.0,1.0,0.0,1.0,0.0,0.0,0.0,1.0,0.0,1.0,0.0,1,0,1,1.0,0.0,1.0,9,1,202,0.0,2.3965872597421273e-5,0.0,0.0,1.0,1.0,0.0,0.0,0.0,0.0,0.0,0.0,0.0,0.0007270118836641115,0.0,0.0008532423208191124,3.6755982027347756e-5,0.0,0.0001114137299220876,0.006686478454680535,0.0007429420505200594
59497730,1,1,0,1,1,0,1,0,0,0,1.0,0.0,1.0,1.0,0.0,1.0,0.0,0.0,0.0,1.0,0.0,1.0,0.0,1,0,1,1.0,0.0,1.0,9,1,202,0.0,2.3965872597421273e-5,0.0,0.0,1.0,1.0,0.0,0.0,0.0,0.0,0.0,0.0,0.0,0.0007270118836641115,0.0,0.0008532423208191124,3.6755982027347756e-5,0.0,0.0001114137299220876,0.006686478454680535,0.0007429420505200594
1459338897343799300,4,1,0,1,1,0,1,0,0,0,1.0,0.0,1.0,1.0,0.0,1.0,0.0,0.0,0.0,1.0,0.0,1.0,0.0,0,0,1,1.0,0.0,1.0,2,1,2,0.0,2.3965872597421273e-5,0.0,0.0,0.5,0.0,0.0,0.0,0.0,0.0,0.0,0.0,0.0,0.0010518020250046536,0.0,0.0008532423208191161,0.00016331667454894117,0.0,1.1031062368523526e-6,0.0014858841010401188,0.0007429420505200594
1505131153522511873,35,1,0,1,1,0,1,0,0,0,1.0,0.0,1.0,1.0,0.0,1.0,0.0,0.0,0.0,1.0,0.0,1.0,0.0,0,0,1,1.0,0.0,1.0,2,1,7,0.0,2.3965872597421273e-5,0.0,0.0,0.5,0.0,0.0,0.0,0.0,0.0,0.0,0.0,0.0,0.0008132710259911112,0.0,0.000853242320819116,0.0001376148879682071,0.0,3.860871828983234e-6,0.0014858841010401188,0.0007429420505200594
1448982297236049924,35,1,0,1,1,0,1,0,0,0,1.0,0.0,1.0,1.0,0.0,1.0,0.0,0.0,0.0,1.0,0.0,1.0,0.0,0,0,1,1.0,0.0,1.0,2,1,7,0.0,2.3965872597421273e-5,0.0,0.0,0.5,0.0,0.0,0.0,0.0,0.0,0.0,0.0,0.0,0.0008132710259911112,0.0,0.000853242320819116,0.0001376148879682071,0.0,3.860871828983234e-6,0.0014858841010401188,0.0007429420505200594
1458952158745796608,35,1,0,1,1,0,1,0,0,0,1.0,0.0,1.0,1.0,0.0,1.0,0.0,0.0,0.0,1.0,0.0,1.0,0.0,0,0,1,1.0,0.0,1.0,2,1,7,0.0,2.3965872597421273e-5,0.0,0.0,0.5,0.0,0.0,0.0,0.0,0.0,0.0,0.0,0.0,0.0008132710259911112,0.0,0.000853242320819116,0.0001376148879682071,0.0,3.860871828983234e-6,0.0014858841010401188,0.0007429420505200594
1448826178685440003,35,1,0,1,1,0,1,0,0,0,1.0,0.0,1.0,1.0,0.0,1.0,0.0,0.0,0.0,1.0,0.0,1.0,0.0,0,0,1,1.0,0.0,1.0,2,1,7,0.0,2.3965872597421273e-5,0.0,0.0,0.5,0.0,0.0,0.0,0.0,0.0,0.0,0.0,0.0,0.0008132710259911112,0.0,0.000853242320819116,0.0001376148879682071,0.0,3.860871828983234e-6,0.0014858841010401188,0.0007429420505200594
1323465981784592384,35,1,0,1,1,0,1,0,0,0,1.0,0.0,1.0,1.0,0.0,1.0,0.0,0.0,0.0,1.0,0.0,1.0,0.0,0,0,1,1.0,0.0,1.0,2,1,7,0.0,2.3965872597421273e-5,0.0,0.0,0.5,0.0,0.0,0.0,0.0,0.0,0.0,0.0,0.0,0.0008132710259911112,0.0,0.000853242320819116,0.0001376148879682071,0.0,3.860871828983234e-6,0.0014858841010401188,0.0007429420505200594
1507733800842899459,37,2,0,2,2,0,2,0,0,0,2.0,0.0,2.0,2.0,0.0,2.0,0.0,0.0,0.0,1.0,0.0,1.0,0.0,0,0,2,3.0,0.0,4.0,3,1,3,0.0,4.7931745194842545e-5,0.0,0.0,0.5,0.25,0.0,0.0,0.5,0.0,0.5,1.0,0.0,0.0012810924487213738,0.0,0.0008532423208191161,0.00032627842199794976,0.0,1.6546593552785288e-6,0.002228826151560178,0.0007429420505200594
731034620,36,2,0,2,2,0,2,0,0,0,2.0,0.0,2.0,2.0,0.0,2.0,0.0,0.0,0.0,1.0,0.0,1.0,0.0,0,0,2,3.0,0.0,4.0,3,1,5,0.0,4.7931745194842545e-5,0.0,0.0,0.5,0.25,0.0,0.0,0.5,0.0,0.5,1.0,0.0,0.0008580084758488772,0.0,0.0008532423208191161,0.00032447924778089554,0.0,2.757765592130881e-6,0.002228826151560178,0.0007429420505200594
1337040795086499841,5,10,0,10,7,0,7,3,0,3,54.0,0.0,54.0,51.0,0.0,51.0,3.0,0.0,3.0,0.7,0.0,0.9444444444444444,0.0,1,0,5,47.0,0.0,74.0,12,1,34,0.0,0.0012941571202607486,0.0,0.0,0.3181818181818182,0.25,0.0,0.0,0.30864197530864196,0.0,0.30864197530864196,0.4794238683127572,0.0,0.0025634813265027864,0.0,0.0008532423208191161,0.006288605515657797,0.0,1.8752806026489994e-5,0.008915304606240713,0.0007429420505200594
1402122256520683523,5,1,0,1,1,0,1,0,0,0,7.0,0.0,7.0,7.0,0.0,7.0,0.0,0.0,0.0,1.0,0.0,1.0,0.0,1,0,1,28.0,0.0,17.0,8,1,18,0.0,0.0001677611081819489,0.0,0.0,1.0,1.0,0.0,0.0,0.0,0.0,0.0,0.0,0.0,0.0008519927753286425,0.0,0.0008532423208191161,0.0008617375792129289,0.0,9.927956131671174e-6,0.005943536404160475,0.0007429420505200594
1004722948043755521,5,7,0,7,7,0,7,0,0,0,54.0,0.0,54.0,54.0,0.0,54.0,0.0,0.0,0.0,1.0,0.0,1.0,0.0,1,0,5,53.0,0.0,75.0,9,1,25,0.0,0.0012941571202607486,0.0,0.0,0.5,0.42857142857142855,0.0,0.0,0.49074074074074076,0.0,0.49074074074074076,0.7592592592592593,0.0,0.002221168882510679,0.0,0.0008532423208191162,0.006918344272688948,0.0,1.3788827960654407e-5,0.006686478454680535,0.0007429420505200594
87658895,5,2,0,2,2,0,2,0,0,0,2.0,0.0,2.0,2.0,0.0,2.0,0.0,0.0,0.0,1.0,0.0,1.0,0.0,1,0,2,5.0,0.0,4.0,8,1,18,0.0,4.7931745194842545e-5,0.0,0.0,1.0,1.0,0.0,0.0,1.0,0.0,1.0,1.0,0.0,0.0006263219735197019,0.0,0.0008532423208191162,0.00024516565104615307,0.0,9.927956131671174e-6,0.005943536404160475,0.0007429420505200594
1152949239401418752,5,2,0,2,2,0,2,0,0,0,2.0,0.0,2.0,2.0,0.0,2.0,0.0,0.0,0.0,1.0,0.0,1.0,0.0,1,0,2,5.0,0.0,4.0,8,1,18,0.0,4.7931745194842545e-5,0.0,0.0,1.0,1.0,0.0,0.0,1.0,0.0,1.0,1.0,0.0,0.0006263219735197019,0.0,0.0008532423208191162,0.00024516565104615307,0.0,9.927956131671174e-6,0.005943536404160475,0.0007429420505200594
1006509415489462273,5,1,0,1,1,0,1,0,0,0,1.0,0.0,1.0,1.0,0.0,1.0,0.0,0.0,0.0,1.0,0.0,1.0,0.0,1,0,1,1.0,0.0,1.0,8,1,18,0.0,2.3965872597421273e-5,0.0,0.0,1.0,1.0,0.0,0.0,0.0,0.0,0.0,0.0,0.0,0.0006086683931411811,0.0,0.0008532423208191161,0.0001224785588448407,0.0,9.927956131671174e-6,0.005943536404160475,0.0007429420505200594
285043204,5,1,0,1,1,0,1,0,0,0,1.0,0.0,1.0,1.0,0.0,1.0,0.0,0.0,0.0,1.0,0.0,1.0,0.0,1,0,1,1.0,0.0,1.0,8,1,18,0.0,2.3965872597421273e-5,0.0,0.0,1.0,1.0,0.0,0.0,0.0,0.0,0.0,0.0,0.0,0.0006086683931411811,0.0,0.0008532423208191161,0.0001224785588448407,0.0,9.927956131671174e-6,0.005943536404160475,0.0007429420505200594
2912919913,5,1,0,1,1,0,1,0,0,0,1.0,0.0,1.0,1.0,0.0,1.0,0.0,0.0,0.0,1.0,0.0,1.0,0.0,1,0,1,1.0,0.0,1.0,8,1,18,0.0,2.3965872597421273e-5,0.0,0.0,1.0,1.0,0.0,0.0,0.0,0.0,0.0,0.0,0.0,0.0006086683931411811,0.0,0.0008532423208191161,0.0001224785588448407,0.0,9.927956131671174e-6,0.005943536404160475,0.0007429420505200594
1094940805599350784,5,1,0,1,1,0,1,0,0,0,1.0,0.0,1.0,1.0,0.0,1.0,0.0,0.0,0.0,1.0,0.0,1.0,0.0,1,0,1,1.0,0.0,1.0,8,1,18,0.0,2.3965872597421273e-5,0.0,0.0,1.0,1.0,0.0,0.0,0.0,0.0,0.0,0.0,0.0,0.0006086683931411811,0.0,0.0008532423208191161,0.0001224785588448407,0.0,9.927956131671174e-6,0.005943536404160475,0.0007429420505200594
919882857924853760,5,1,0,1,1,0,1,0,0,0,1.0,0.0,1.0,1.0,0.0,1.0,0.0,0.0,0.0,1.0,0.0,1.0,0.0,1,0,1,1.0,0.0,1.0,8,1,18,0.0,2.3965872597421273e-5,0.0,0.0,1.0,1.0,0.0,0.0,0.0,0.0,0.0,0.0,0.0,0.0006086683931411811,0.0,0.0008532423208191161,0.0001224785588448407,0.0,9.927956131671174e-6,0.005943536404160475,0.0007429420505200594
716248878,11,2,0,2,1,0,1,1,0,1,3.0,0.0,3.0,2.0,0.0,2.0,1.0,0.0,1.0,0.5,0.0,0.6666666666666666,0.0,1,0,2,6.0,0.0,7.0,6,1,21,0.0,7.189761779226382e-5,0.0,0.0,0.6666666666666666,0.5,0.0,0.0,0.5,0.0,0.5,1.0,0.0,0.0006950274882363503,0.0,0.0008532423208191165,0.0002399727542873875,0.0,1.1582615486949701e-5,0.004457652303120356,0.0007429420505200594
986696690630508547,5,1,0,1,1,0,1,0,0,0,1.0,0.0,1.0,1.0,0.0,1.0,0.0,0.0,0.0,1.0,0.0,1.0,0.0,0,0,1,1.0,0.0,1.0,2,1,13,0.0,2.3965872597421273e-5,0.0,0.0,0.5,0.0,0.0,0.0,0.0,0.0,0.0,0.0,0.0,0.0005814913275696899,0.0,0.000853242320819116,0.0001224785588448407,0.0,7.170190539540292e-6,0.0014858841010401188,0.0007429420505200594
1040246530030981121,20,3,0,3,2,0,2,1,0,1,3.0,0.0,3.0,2.0,0.0,2.0,1.0,0.0,1.0,0.6666666666666666,0.0,0.6666666666666666,0.0,1,0,3,7.0,0.0,7.0,4,1,20,0.0,7.189761779226382e-5,0.0,0.0,0.5,0.3333333333333333,0.0,0.0,0.3333333333333333,0.0,0.3333333333333333,0.3333333333333333,0.0,0.0007416485186813411,0.0,0.0008532423208191159,0.00023716029611775546,0.0,1.1031062368523525e-5,0.0029717682020802376,0.0007429420505200594
349973436,5,1,0,1,1,0,1,0,0,0,1.0,0.0,1.0,1.0,0.0,1.0,0.0,0.0,0.0,1.0,0.0,1.0,0.0,0,0,1,1.0,0.0,1.0,2,1,13,0.0,2.3965872597421273e-5,0.0,0.0,0.5,0.0,0.0,0.0,0.0,0.0,0.0,0.0,0.0,0.0005814913275696899,0.0,0.000853242320819116,0.0001224785588448407,0.0,7.170190539540292e-6,0.0014858841010401188,0.0007429420505200594
28943891,5,1,0,1,1,0,1,0,0,0,1.0,0.0,1.0,1.0,0.0,1.0,0.0,0.0,0.0,1.0,0.0,1.0,0.0,0,0,1,1.0,0.0,1.0,2,1,13,0.0,2.3965872597421273e-5,0.0,0.0,0.5,0.0,0.0,0.0,0.0,0.0,0.0,0.0,0.0,0.0005814913275696899,0.0,0.000853242320819116,0.0001224785588448407,0.0,7.170190539540292e-6,0.0014858841010401188,0.0007429420505200594
792718821555482628,5,1,0,1,1,0,1,0,0,0,1.0,0.0,1.0,1.0,0.0,1.0,0.0,0.0,0.0,1.0,0.0,1.0,0.0,0,0,1,1.0,0.0,1.0,2,1,13,0.0,2.3965872597421273e-5,0.0,0.0,0.5,0.0,0.0,0.0,0.0,0.0,0.0,0.0,0.0,0.0005814913275696899,0.0,0.000853242320819116,0.0001224785588448407,0.0,7.170190539540292e-6,0.0014858841010401188,0.0007429420505200594
1597547726,5,1,0,1,1,0,1,0,0,0,1.0,0.0,1.0,1.0,0.0,1.0,0.0,0.0,0.0,1.0,0.0,1.0,0.0,0,0,1,1.0,0.0,1.0,2,1,13,0.0,2.3965872597421273e-5,0.0,0.0,0.5,0.0,0.0,0.0,0.0,0.0,0.0,0.0,0.0,0.0005814913275696899,0.0,0.000853242320819116,0.0001224785588448407,0.0,7.170190539540292e-6,0.0014858841010401188,0.0007429420505200594
471547670,38,1,0,1,1,0,1,0,0,0,1.0,0.0,1.0,1.0,0.0,1.0,0.0,0.0,0.0,1.0,0.0,1.0,0.0,0,0,1,1.0,0.0,1.0,2,1,2,0.0,2.3965872597421273e-5,0.0,0.0,0.5,0.0,0.0,0.0,0.0,0.0,0.0,0.0,0.0,0.0010518020024811094,0.0,0.0008532423208191161,0.00016331667454894117,0.0,1.1031062368523526e-6,0.0014858841010401188,0.0007429420505200594
36955864,6,2,0,2,2,0,2,0,0,0,3.0,0.0,3.0,3.0,0.0,3.0,0.0,0.0,0.0,1.0,0.0,1.0,0.0,0,0,1,9.0,0.0,4.0,3,1,3,0.0,7.189761779226382e-5,0.0,0.0,0.3333333333333333,0.0,0.0,0.0,0.0,0.0,0.0,0.0,0.0,0.0014083352418373532,0.0,0.0008532423208191162,0.0004897847077885431,0.0,1.6546593552785288e-6,0.002228826151560178,0.0007429420505200594
996635039512252416,19,1,0,1,1,0,1,0,0,0,1.0,0.0,1.0,1.0,0.0,1.0,0.0,0.0,0.0,1.0,0.0,1.0,0.0,0,0,1,1.0,0.0,1.0,4,1,14,0.0,2.3965872597421273e-5,0.0,0.0,0.5,0.0,0.0,0.0,0.0,0.0,0.0,0.0,0.0,0.0007710359724577367,0.0,0.0008532423208191158,0.00014383427072683919,0.0,7.721743657966468e-6,0.0029717682020802376,0.0007429420505200594
637168842,19,2,0,2,2,0,2,0,0,0,2.0,0.0,2.0,2.0,0.0,2.0,0.0,0.0,0.0,1.0,0.0,1.0,0.0,0,0,2,5.0,0.0,4.0,4,1,36,0.0,4.7931745194842545e-5,0.0,0.0,0.5,0.25,0.0,0.0,0.5,0.0,0.5,1.0,0.0,0.0007890840607465917,0.0,0.0008532423208191156,0.00028789603870099656,0.0,1.9855912263342347e-5,0.0029717682020802376,0.0007429420505200594
1285402673676722176,19,2,0,2,2,0,2,0,0,0,3.0,0.0,3.0,3.0,0.0,3.0,0.0,0.0,0.0,1.0,0.0,1.0,0.0,0,0,2,9.0,0.0,7.0,4,1,36,0.0,7.189761779226382e-5,0.0,0.0,0.5,0.25,0.0,0.0,0.5,0.0,0.5,1.0,0.0,0.000837089448657492,0.0,0.0008532423208191157,0.0004321855644743855,0.0,1.9855912263342347e-5,0.0029717682020802376,0.0007429420505200594
1449231164300939266,19,2,0,2,2,0,2,0,0,0,4.0,0.0,4.0,4.0,0.0,4.0,0.0,0.0,0.0,1.0,0.0,1.0,0.0,0,0,2,14.0,0.0,11.0,4,1,36,0.0,9.586349038968509e-5,0.0,0.0,0.5,0.25,0.0,0.0,0.5,0.0,0.5,1.0,0.0,0.0008850948365683925,0.0,0.0008532423208191157,0.0005767031089272123,0.0,1.9855912263342347e-5,0.0029717682020802376,0.0007429420505200594
3376588993,19,5,0,5,5,0,5,0,0,0,9.0,0.0,9.0,9.0,0.0,9.0,0.0,0.0,0.0,1.0,0.0,1.0,0.0,1,0,4,29.0,0.0,23.0,7,1,38,0.0,0.00021569285337679145,0.0,0.0,0.4666666666666667,0.36,0.0,0.0,0.4166666666666667,0.0,0.4166666666666667,0.7222222222222222,0.0,0.0014275635303330526,0.0,0.0008532423208191158,0.001302720265239199,0.0,2.0959018500194697e-5,0.005200594353640416,0.0007429420505200594
203475322,19,1,0,1,1,0,1,0,0,0,1.0,0.0,1.0,1.0,0.0,1.0,0.0,0.0,0.0,1.0,0.0,1.0,0.0,0,0,1,1.0,0.0,1.0,4,1,14,0.0,2.3965872597421273e-5,0.0,0.0,0.5,0.0,0.0,0.0,0.0,0.0,0.0,0.0,0.0,0.0007710359724577367,0.0,0.0008532423208191158,0.00014383427072683919,0.0,7.721743657966468e-6,0.0029717682020802376,0.0007429420505200594
536181856,7,1,0,1,1,0,1,0,0,0,1.0,0.0,1.0,1.0,0.0,1.0,0.0,0.0,0.0,1.0,0.0,1.0,0.0,0,0,1,1.0,0.0,1.0,2,1,3,0.0,2.3965872597421273e-5,0.0,0.0,0.5,0.0,0.0,0.0,0.0,0.0,0.0,0.0,0.0,0.0008988904977146725,0.0,0.0008532423208191161,0.00016316680990419163,0.0,1.6546593552785288e-6,0.0014858841010401188,0.0007429420505200594
1359467324235862018,7,1,0,1,1,0,1,0,0,0,1.0,0.0,1.0,1.0,0.0,1.0,0.0,0.0,0.0,1.0,0.0,1.0,0.0,0,0,1,1.0,0.0,1.0,2,1,3,0.0,2.3965872597421273e-5,0.0,0.0,0.5,0.0,0.0,0.0,0.0,0.0,0.0,0.0,0.0,0.0008988904977146725,0.0,0.0008532423208191161,0.00016316680990419163,0.0,1.6546593552785288e-6,0.0014858841010401188,0.0007429420505200594
317341166,8,2,0,2,2,0,2,0,0,0,2.0,0.0,2.0,2.0,0.0,2.0,0.0,0.0,0.0,1.0,0.0,1.0,0.0,0,0,2,5.0,0.0,4.0,3,1,4,0.0,4.7931745194842545e-5,0.0,0.0,0.5,0.25,0.0,0.0,0.5,0.0,0.5,1.0,0.0,0.0009802431263423407,0.0,0.0008532423208191161,0.00032537883488942265,0.0,2.206212473704705e-6,0.002228826151560178,0.0007429420505200594
17197784,8,2,0,2,2,0,2,0,0,0,2.0,0.0,2.0,2.0,0.0,2.0,0.0,0.0,0.0,1.0,0.0,1.0,0.0,0,0,2,5.0,0.0,4.0,3,1,4,0.0,4.7931745194842545e-5,0.0,0.0,0.5,0.25,0.0,0.0,0.5,0.0,0.5,1.0,0.0,0.0009802431263423407,0.0,0.0008532423208191161,0.00032537883488942265,0.0,2.206212473704705e-6,0.002228826151560178,0.0007429420505200594
1172274158043975680,39,1,0,1,1,0,1,0,0,0,1.0,0.0,1.0,1.0,0.0,1.0,0.0,0.0,0.0,1.0,0.0,1.0,0.0,0,0,1,1.0,0.0,1.0,2,1,47,0.0,2.3965872597421273e-5,0.0,0.0,1.0,1.0,0.0,0.0,0.0,0.0,0.0,0.0,0.0,0.0007359220761817325,0.0,0.0008532423208191149,0.00015499918676331603,0.0,2.5922996566030283e-5,0.0014858841010401188,0.0007429420505200594
140037241,39,1,0,1,1,0,1,0,0,0,3.0,0.0,3.0,3.0,0.0,3.0,0.0,0.0,0.0,1.0,0.0,1.0,0.0,0,0,1,9.0,0.0,7.0,2,1,47,0.0,7.189761779226382e-5,0.0,0.0,1.0,1.0,0.0,0.0,0.0,0.0,0.0,0.0,0.0,0.0007617050594515255,0.0,0.0008532423208191149,0.00046571006585638397,0.0,2.5922996566030283e-5,0.0014858841010401188,0.0007429420505200594
1212716054008356864,39,1,0,1,1,0,1,0,0,0,1.0,0.0,1.0,1.0,0.0,1.0,0.0,0.0,0.0,1.0,0.0,1.0,0.0,0,0,1,1.0,0.0,1.0,2,1,47,0.0,2.3965872597421273e-5,0.0,0.0,1.0,1.0,0.0,0.0,0.0,0.0,0.0,0.0,0.0,0.0007359220761817325,0.0,0.0008532423208191149,0.00015499918676331603,0.0,2.5922996566030283e-5,0.0014858841010401188,0.0007429420505200594
121119775,39,1,0,1,1,0,1,0,0,0,3.0,0.0,3.0,3.0,0.0,3.0,0.0,0.0,0.0,1.0,0.0,1.0,0.0,0,0,1,9.0,0.0,7.0,2,1,47,0.0,7.189761779226382e-5,0.0,0.0,1.0,1.0,0.0,0.0,0.0,0.0,0.0,0.0,0.0,0.0007617050594515255,0.0,0.0008532423208191149,0.00046571006585638397,0.0,2.5922996566030283e-5,0.0014858841010401188,0.0007429420505200594
1408630227228524547,39,2,0,2,2,0,2,0,0,0,2.0,0.0,2.0,2.0,0.0,2.0,0.0,0.0,0.0,1.0,0.0,1.0,0.0,0,0,1,3.0,0.0,4.0,3,1,48,0.0,4.7931745194842545e-5,0.0,0.0,0.6666666666666666,0.5,0.0,0.0,0.0,0.0,0.0,0.0,0.0,0.001457845607735932,0.0,0.0008532423208191156,0.00031023578522926254,0.0,2.647454968445646e-5,0.002228826151560178,0.0007429420505200594
822947631638794241,39,1,0,1,1,0,1,0,0,0,2.0,0.0,2.0,2.0,0.0,2.0,0.0,0.0,0.0,1.0,0.0,1.0,0.0,0,0,1,5.0,0.0,4.0,2,1,47,0.0,4.7931745194842545e-5,0.0,0.0,1.0,1.0,0.0,0.0,0.0,0.0,0.0,0.0,0.0,0.0007488135678166291,0.0,0.0008532423208191149,0.00031023578522926254,0.0,2.5922996566030283e-5,0.0014858841010401188,0.0007429420505200594
749080528955985920,39,1,0,1,1,0,1,0,0,0,1.0,0.0,1.0,1.0,0.0,1.0,0.0,0.0,0.0,1.0,0.0,1.0,0.0,0,0,1,1.0,0.0,1.0,2,1,47,0.0,2.3965872597421273e-5,0.0,0.0,1.0,1.0,0.0,0.0,0.0,0.0,0.0,0.0,0.0,0.0007359220761817325,0.0,0.0008532423208191149,0.00015499918676331603,0.0,2.5922996566030283e-5,0.0014858841010401188,0.0007429420505200594
1389672865595752450,39,1,0,1,1,0,1,0,0,0,1.0,0.0,1.0,1.0,0.0,1.0,0.0,0.0,0.0,1.0,0.0,1.0,0.0,0,0,1,1.0,0.0,1.0,2,1,47,0.0,2.3965872597421273e-5,0.0,0.0,1.0,1.0,0.0,0.0,0.0,0.0,0.0,0.0,0.0,0.0007359220761817325,0.0,0.0008532423208191149,0.00015499918676331603,0.0,2.5922996566030283e-5,0.0014858841010401188,0.0007429420505200594
4804564092,39,1,0,1,1,0,1,0,0,0,1.0,0.0,1.0,1.0,0.0,1.0,0.0,0.0,0.0,1.0,0.0,1.0,0.0,0,0,1,1.0,0.0,1.0,2,1,47,0.0,2.3965872597421273e-5,0.0,0.0,1.0,1.0,0.0,0.0,0.0,0.0,0.0,0.0,0.0,0.0007359220761817325,0.0,0.0008532423208191149,0.00015499918676331603,0.0,2.5922996566030283e-5,0.0014858841010401188,0.0007429420505200594
4567668919,39,1,0,1,1,0,1,0,0,0,1.0,0.0,1.0,1.0,0.0,1.0,0.0,0.0,0.0,1.0,0.0,1.0,0.0,0,0,1,1.0,0.0,1.0,2,1,47,0.0,2.3965872597421273e-5,0.0,0.0,1.0,1.0,0.0,0.0,0.0,0.0,0.0,0.0,0.0,0.0007359220761817325,0.0,0.0008532423208191149,0.00015499918676331603,0.0,2.5922996566030283e-5,0.0014858841010401188,0.0007429420505200594
838319076850085888,39,1,0,1,1,0,1,0,0,0,1.0,0.0,1.0,1.0,0.0,1.0,0.0,0.0,0.0,1.0,0.0,1.0,0.0,0,0,1,1.0,0.0,1.0,2,1,47,0.0,2.3965872597421273e-5,0.0,0.0,1.0,1.0,0.0,0.0,0.0,0.0,0.0,0.0,0.0,0.0007359220761817325,0.0,0.0008532423208191149,0.00015499918676331603,0.0,2.5922996566030283e-5,0.0014858841010401188,0.0007429420505200594
185159972,39,1,0,1,1,0,1,0,0,0,1.0,0.0,1.0,1.0,0.0,1.0,0.0,0.0,0.0,1.0,0.0,1.0,0.0,0,0,1,1.0,0.0,1.0,2,1,47,0.0,2.3965872597421273e-5,0.0,0.0,1.0,1.0,0.0,0.0,0.0,0.0,0.0,0.0,0.0,0.0007359220761817325,0.0,0.0008532423208191149,0.00015499918676331603,0.0,2.5922996566030283e-5,0.0014858841010401188,0.0007429420505200594
1152412524966371329,39,1,0,1,1,0,1,0,0,0,1.0,0.0,1.0,1.0,0.0,1.0,0.0,0.0,0.0,1.0,0.0,1.0,0.0,0,0,1,1.0,0.0,1.0,2,1,47,0.0,2.3965872597421273e-5,0.0,0.0,1.0,1.0,0.0,0.0,0.0,0.0,0.0,0.0,0.0,0.0007359220761817325,0.0,0.0008532423208191149,0.00015499918676331603,0.0,2.5922996566030283e-5,0.0014858841010401188,0.0007429420505200594
297666105,39,1,0,1,1,0,1,0,0,0,1.0,0.0,1.0,1.0,0.0,1.0,0.0,0.0,0.0,1.0,0.0,1.0,0.0,0,0,1,1.0,0.0,1.0,2,1,47,0.0,2.3965872597421273e-5,0.0,0.0,1.0,1.0,0.0,0.0,0.0,0.0,0.0,0.0,0.0,0.0007359220761817325,0.0,0.0008532423208191149,0.00015499918676331603,0.0,2.5922996566030283e-5,0.0014858841010401188,0.0007429420505200594
1240974632154349568,39,1,0,1,1,0,1,0,0,0,1.0,0.0,1.0,1.0,0.0,1.0,0.0,0.0,0.0,1.0,0.0,1.0,0.0,0,0,1,1.0,0.0,1.0,2,1,47,0.0,2.3965872597421273e-5,0.0,0.0,1.0,1.0,0.0,0.0,0.0,0.0,0.0,0.0,0.0,0.0007359220761817325,0.0,0.0008532423208191149,0.00015499918676331603,0.0,2.5922996566030283e-5,0.0014858841010401188,0.0007429420505200594
90242441,39,1,0,1,1,0,1,0,0,0,1.0,0.0,1.0,1.0,0.0,1.0,0.0,0.0,0.0,1.0,0.0,1.0,0.0,0,0,1,1.0,0.0,1.0,2,1,47,0.0,2.3965872597421273e-5,0.0,0.0,1.0,1.0,0.0,0.0,0.0,0.0,0.0,0.0,0.0,0.0007359220761817325,0.0,0.0008532423208191149,0.00015499918676331603,0.0,2.5922996566030283e-5,0.0014858841010401188,0.0007429420505200594
1476577427615027200,39,1,0,1,1,0,1,0,0,0,1.0,0.0,1.0,1.0,0.0,1.0,0.0,0.0,0.0,1.0,0.0,1.0,0.0,0,0,1,1.0,0.0,1.0,2,1,47,0.0,2.3965872597421273e-5,0.0,0.0,1.0,1.0,0.0,0.0,0.0,0.0,0.0,0.0,0.0,0.0007359220761817325,0.0,0.0008532423208191149,0.00015499918676331603,0.0,2.5922996566030283e-5,0.0014858841010401188,0.0007429420505200594
1182003478786277376,39,1,0,1,1,0,1,0,0,0,1.0,0.0,1.0,1.0,0.0,1.0,0.0,0.0,0.0,1.0,0.0,1.0,0.0,0,0,1,1.0,0.0,1.0,2,1,47,0.0,2.3965872597421273e-5,0.0,0.0,1.0,1.0,0.0,0.0,0.0,0.0,0.0,0.0,0.0,0.0007359220761817325,0.0,0.0008532423208191149,0.00015499918676331603,0.0,2.5922996566030283e-5,0.0014858841010401188,0.0007429420505200594
1348426123084918785,39,1,0,1,1,0,1,0,0,0,1.0,0.0,1.0,1.0,0.0,1.0,0.0,0.0,0.0,1.0,0.0,1.0,0.0,0,0,1,1.0,0.0,1.0,2,1,47,0.0,2.3965872597421273e-5,0.0,0.0,1.0,1.0,0.0,0.0,0.0,0.0,0.0,0.0,0.0,0.0007359220761817325,0.0,0.0008532423208191149,0.00015499918676331603,0.0,2.5922996566030283e-5,0.0014858841010401188,0.0007429420505200594
856984530816614400,39,1,0,1,1,0,1,0,0,0,1.0,0.0,1.0,1.0,0.0,1.0,0.0,0.0,0.0,1.0,0.0,1.0,0.0,0,0,1,1.0,0.0,1.0,2,1,47,0.0,2.3965872597421273e-5,0.0,0.0,1.0,1.0,0.0,0.0,0.0,0.0,0.0,0.0,0.0,0.0007359220761817325,0.0,0.0008532423208191149,0.00015499918676331603,0.0,2.5922996566030283e-5,0.0014858841010401188,0.0007429420505200594
2320943677,39,1,0,1,1,0,1,0,0,0,1.0,0.0,1.0,1.0,0.0,1.0,0.0,0.0,0.0,1.0,0.0,1.0,0.0,0,0,1,1.0,0.0,1.0,2,1,47,0.0,2.3965872597421273e-5,0.0,0.0,1.0,1.0,0.0,0.0,0.0,0.0,0.0,0.0,0.0,0.0007359220761817325,0.0,0.0008532423208191149,0.00015499918676331603,0.0,2.5922996566030283e-5,0.0014858841010401188,0.0007429420505200594
1263942693912100866,39,1,0,1,1,0,1,0,0,0,1.0,0.0,1.0,1.0,0.0,1.0,0.0,0.0,0.0,1.0,0.0,1.0,0.0,0,0,1,1.0,0.0,1.0,2,1,47,0.0,2.3965872597421273e-5,0.0,0.0,1.0,1.0,0.0,0.0,0.0,0.0,0.0,0.0,0.0,0.0007359220761817325,0.0,0.0008532423208191149,0.00015499918676331603,0.0,2.5922996566030283e-5,0.0014858841010401188,0.0007429420505200594
314411552,39,1,0,1,1,0,1,0,0,0,1.0,0.0,1.0,1.0,0.0,1.0,0.0,0.0,0.0,1.0,0.0,1.0,0.0,0,0,1,1.0,0.0,1.0,2,1,47,0.0,2.3965872597421273e-5,0.0,0.0,1.0,1.0,0.0,0.0,0.0,0.0,0.0,0.0,0.0,0.0007359220761817325,0.0,0.0008532423208191149,0.00015499918676331603,0.0,2.5922996566030283e-5,0.0014858841010401188,0.0007429420505200594
270349890,39,1,0,1,1,0,1,0,0,0,1.0,0.0,1.0,1.0,0.0,1.0,0.0,0.0,0.0,1.0,0.0,1.0,0.0,0,0,1,1.0,0.0,1.0,2,1,47,0.0,2.3965872597421273e-5,0.0,0.0,1.0,1.0,0.0,0.0,0.0,0.0,0.0,0.0,0.0,0.0007359220761817325,0.0,0.0008532423208191149,0.00015499918676331603,0.0,2.5922996566030283e-5,0.0014858841010401188,0.0007429420505200594
4129522452,39,1,0,1,1,0,1,0,0,0,1.0,0.0,1.0,1.0,0.0,1.0,0.0,0.0,0.0,1.0,0.0,1.0,0.0,0,0,1,1.0,0.0,1.0,2,1,47,0.0,2.3965872597421273e-5,0.0,0.0,1.0,1.0,0.0,0.0,0.0,0.0,0.0,0.0,0.0,0.0007359220761817325,0.0,0.0008532423208191149,0.00015499918676331603,0.0,2.5922996566030283e-5,0.0014858841010401188,0.0007429420505200594
878828574920146944,39,1,0,1,1,0,1,0,0,0,1.0,0.0,1.0,1.0,0.0,1.0,0.0,0.0,0.0,1.0,0.0,1.0,0.0,0,0,1,1.0,0.0,1.0,2,1,47,0.0,2.3965872597421273e-5,0.0,0.0,1.0,1.0,0.0,0.0,0.0,0.0,0.0,0.0,0.0,0.0007359220761817325,0.0,0.0008532423208191149,0.00015499918676331603,0.0,2.5922996566030283e-5,0.0014858841010401188,0.0007429420505200594
1341793549,39,1,0,1,1,0,1,0,0,0,1.0,0.0,1.0,1.0,0.0,1.0,0.0,0.0,0.0,1.0,0.0,1.0,0.0,0,0,1,1.0,0.0,1.0,2,1,47,0.0,2.3965872597421273e-5,0.0,0.0,1.0,1.0,0.0,0.0,0.0,0.0,0.0,0.0,0.0,0.0007359220761817325,0.0,0.0008532423208191149,0.00015499918676331603,0.0,2.5922996566030283e-5,0.0014858841010401188,0.0007429420505200594
1278836621035532288,39,1,0,1,1,0,1,0,0,0,1.0,0.0,1.0,1.0,0.0,1.0,0.0,0.0,0.0,1.0,0.0,1.0,0.0,0,0,1,1.0,0.0,1.0,2,1,47,0.0,2.3965872597421273e-5,0.0,0.0,1.0,1.0,0.0,0.0,0.0,0.0,0.0,0.0,0.0,0.0007359220761817325,0.0,0.0008532423208191149,0.00015499918676331603,0.0,2.5922996566030283e-5,0.0014858841010401188,0.0007429420505200594
871192637956435969,39,1,0,1,1,0,1,0,0,0,1.0,0.0,1.0,1.0,0.0,1.0,0.0,0.0,0.0,1.0,0.0,1.0,0.0,0,0,1,1.0,0.0,1.0,2,1,47,0.0,2.3965872597421273e-5,0.0,0.0,1.0,1.0,0.0,0.0,0.0,0.0,0.0,0.0,0.0,0.0007359220761817325,0.0,0.0008532423208191149,0.00015499918676331603,0.0,2.5922996566030283e-5,0.0014858841010401188,0.0007429420505200594
1423528562888376322,39,1,0,1,1,0,1,0,0,0,1.0,0.0,1.0,1.0,0.0,1.0,0.0,0.0,0.0,1.0,0.0,1.0,0.0,0,0,1,1.0,0.0,1.0,2,1,47,0.0,2.3965872597421273e-5,0.0,0.0,1.0,1.0,0.0,0.0,0.0,0.0,0.0,0.0,0.0,0.0007359220761817325,0.0,0.0008532423208191149,0.00015499918676331603,0.0,2.5922996566030283e-5,0.0014858841010401188,0.0007429420505200594
383046887,39,1,0,1,1,0,1,0,0,0,1.0,0.0,1.0,1.0,0.0,1.0,0.0,0.0,0.0,1.0,0.0,1.0,0.0,0,0,1,1.0,0.0,1.0,2,1,47,0.0,2.3965872597421273e-5,0.0,0.0,1.0,1.0,0.0,0.0,0.0,0.0,0.0,0.0,0.0,0.0007359220761817325,0.0,0.0008532423208191149,0.00015499918676331603,0.0,2.5922996566030283e-5,0.0014858841010401188,0.0007429420505200594
1387276971629944832,39,1,0,1,1,0,1,0,0,0,1.0,0.0,1.0,1.0,0.0,1.0,0.0,0.0,0.0,1.0,0.0,1.0,0.0,0,0,1,1.0,0.0,1.0,2,1,47,0.0,2.3965872597421273e-5,0.0,0.0,1.0,1.0,0.0,0.0,0.0,0.0,0.0,0.0,0.0,0.0007359220761817325,0.0,0.0008532423208191149,0.00015499918676331603,0.0,2.5922996566030283e-5,0.0014858841010401188,0.0007429420505200594
80156036,39,1,0,1,1,0,1,0,0,0,1.0,0.0,1.0,1.0,0.0,1.0,0.0,0.0,0.0,1.0,0.0,1.0,0.0,0,0,1,1.0,0.0,1.0,2,1,47,0.0,2.3965872597421273e-5,0.0,0.0,1.0,1.0,0.0,0.0,0.0,0.0,0.0,0.0,0.0,0.0007359220761817325,0.0,0.0008532423208191149,0.00015499918676331603,0.0,2.5922996566030283e-5,0.0014858841010401188,0.0007429420505200594
2754379622,39,1,0,1,1,0,1,0,0,0,1.0,0.0,1.0,1.0,0.0,1.0,0.0,0.0,0.0,1.0,0.0,1.0,0.0,0,0,1,1.0,0.0,1.0,2,1,47,0.0,2.3965872597421273e-5,0.0,0.0,1.0,1.0,0.0,0.0,0.0,0.0,0.0,0.0,0.0,0.0007359220761817325,0.0,0.0008532423208191149,0.00015499918676331603,0.0,2.5922996566030283e-5,0.0014858841010401188,0.0007429420505200594
1338056780,39,1,0,1,1,0,1,0,0,0,1.0,0.0,1.0,1.0,0.0,1.0,0.0,0.0,0.0,1.0,0.0,1.0,0.0,0,0,1,1.0,0.0,1.0,2,1,47,0.0,2.3965872597421273e-5,0.0,0.0,1.0,1.0,0.0,0.0,0.0,0.0,0.0,0.0,0.0,0.0007359220761817325,0.0,0.0008532423208191149,0.00015499918676331603,0.0,2.5922996566030283e-5,0.0014858841010401188,0.0007429420505200594
3146156638,1,1,0,1,1,0,1,0,0,0,1.0,0.0,1.0,1.0,0.0,1.0,0.0,0.0,0.0,1.0,0.0,1.0,0.0,0,0,1,1.0,0.0,1.0,2,1,91,0.0,2.3965872597421273e-5,0.0,0.0,0.5,0.0,0.0,0.0,0.0,0.0,0.0,0.0,0.0,0.0007293632471043292,0.0,0.0008532423208191138,3.6755982027347756e-5,0.0,5.019133377678204e-5,0.0014858841010401188,0.0007429420505200594
1487155106328072199,1,1,0,1,1,0,1,0,0,0,1.0,0.0,1.0,1.0,0.0,1.0,0.0,0.0,0.0,1.0,0.0,1.0,0.0,0,0,1,1.0,0.0,1.0,2,1,91,0.0,2.3965872597421273e-5,0.0,0.0,0.5,0.0,0.0,0.0,0.0,0.0,0.0,0.0,0.0,0.0007293632471043292,0.0,0.0008532423208191138,3.6755982027347756e-5,0.0,5.019133377678204e-5,0.0014858841010401188,0.0007429420505200594
1161821873526755329,13,2,0,2,1,0,1,1,0,1,2.0,0.0,2.0,1.0,0.0,1.0,1.0,0.0,1.0,0.5,0.0,0.5,0.0,0,0,2,5.0,0.0,4.0,3,1,92,0.0,4.7931745194842545e-5,0.0,0.0,0.3333333333333333,0.0,0.0,0.0,0.0,0.0,0.0,0.0,0.0,0.001090325012881429,0.0,0.0008532423208191149,1.2245091873253067e-5,0.0,5.074288689520822e-5,0.002228826151560178,0.0007429420505200594
125248923,1,2,0,2,2,0,2,0,0,0,3.0,0.0,3.0,3.0,0.0,3.0,0.0,0.0,0.0,1.0,0.0,1.0,0.0,1,0,2,3.0,0.0,7.0,13,1,13,0.0,7.189761779226382e-5,0.0,0.0,0.5,0.25,0.0,0.0,0.5,0.0,0.5,1.0,0.0,0.0022718457928893447,0.0,0.0008532423208191162,0.0004852847747170985,0.0,7.170190539540292e-6,0.009658246656760773,0.0007429420505200594
1058949360153649152,19,1,0,1,1,0,1,0,0,0,1.0,0.0,1.0,1.0,0.0,1.0,0.0,0.0,0.0,1.0,0.0,1.0,0.0,0,0,1,1.0,0.0,1.0,2,1,30,0.0,2.3965872597421273e-5,0.0,0.0,0.5,0.0,0.0,0.0,0.0,0.0,0.0,0.0,0.0,0.0007410786728356912,0.0,0.0008532423208191155,0.00014383427072683919,0.0,1.6546593552785288e-5,0.0014858841010401188,0.0007429420505200594
1142268080,19,1,0,1,1,0,1,0,0,0,1.0,0.0,1.0,1.0,0.0,1.0,0.0,0.0,0.0,1.0,0.0,1.0,0.0,0,0,1,1.0,0.0,1.0,2,1,30,0.0,2.3965872597421273e-5,0.0,0.0,0.5,0.0,0.0,0.0,0.0,0.0,0.0,0.0,0.0,0.0007410786728356912,0.0,0.0008532423208191155,0.00014383427072683919,0.0,1.6546593552785288e-5,0.0014858841010401188,0.0007429420505200594
1263530913498947590,19,4,0,4,4,0,4,0,0,0,4.0,0.0,4.0,4.0,0.0,4.0,0.0,0.0,0.0,1.0,0.0,1.0,0.0,1,0,4,14.0,0.0,11.0,6,1,32,0.0,9.586349038968509e-5,0.0,0.0,0.55,0.4375,0.0,0.0,0.5,0.0,0.5,0.8333333333333334,0.0,0.0010512943634844942,0.0,0.0008532423208191159,0.0005767031089272123,0.0,1.764969978963764e-5,0.004457652303120356,0.0007429420505200594
1454096627287744516,19,4,0,4,4,0,4,0,0,0,4.0,0.0,4.0,4.0,0.0,4.0,0.0,0.0,0.0,1.0,0.0,1.0,0.0,1,0,4,14.0,0.0,11.0,6,1,32,0.0,9.586349038968509e-5,0.0,0.0,0.55,0.4375,0.0,0.0,0.5,0.0,0.5,0.8333333333333334,0.0,0.0010512943634844942,0.0,0.0008532423208191159,0.0005767031089272123,0.0,1.764969978963764e-5,0.004457652303120356,0.0007429420505200594
1429561775549079552,19,4,0,4,4,0,4,0,0,0,4.0,0.0,4.0,4.0,0.0,4.0,0.0,0.0,0.0,1.0,0.0,1.0,0.0,1,0,4,14.0,0.0,11.0,6,1,32,0.0,9.586349038968509e-5,0.0,0.0,0.55,0.4375,0.0,0.0,0.5,0.0,0.5,0.8333333333333334,0.0,0.0010512943634844942,0.0,0.0008532423208191159,0.0005767031089272123,0.0,1.764969978963764e-5,0.004457652303120356,0.0007429420505200594
943497439146778624,19,4,0,4,4,0,4,0,0,0,4.0,0.0,4.0,4.0,0.0,4.0,0.0,0.0,0.0,1.0,0.0,1.0,0.0,1,0,4,14.0,0.0,11.0,6,1,32,0.0,9.586349038968509e-5,0.0,0.0,0.55,0.4375,0.0,0.0,0.5,0.0,0.5,0.8333333333333334,0.0,0.0010512943634844942,0.0,0.0008532423208191159,0.0005767031089272123,0.0,1.764969978963764e-5,0.004457652303120356,0.0007429420505200594
1393383788562894849,19,4,0,4,4,0,4,0,0,0,4.0,0.0,4.0,4.0,0.0,4.0,0.0,0.0,0.0,1.0,0.0,1.0,0.0,1,0,4,14.0,0.0,11.0,6,1,32,0.0,9.586349038968509e-5,0.0,0.0,0.55,0.4375,0.0,0.0,0.5,0.0,0.5,0.8333333333333334,0.0,0.0010512943634844942,0.0,0.0008532423208191159,0.0005767031089272123,0.0,1.764969978963764e-5,0.004457652303120356,0.0007429420505200594
3231141349,9,1,0,1,1,0,1,0,0,0,1.0,0.0,1.0,1.0,0.0,1.0,0.0,0.0,0.0,1.0,0.0,1.0,0.0,0,0,1,1.0,0.0,1.0,2,1,4,0.0,2.3965872597421273e-5,0.0,0.0,0.5,0.0,0.0,0.0,0.0,0.0,0.0,0.0,0.0,0.0008548218333182852,0.0,0.0008532423208191162,0.00016301694525933108,0.0,2.206212473704705e-6,0.0014858841010401188,0.0007429420505200594
2897062860,9,1,0,1,1,0,1,0,0,0,1.0,0.0,1.0,1.0,0.0,1.0,0.0,0.0,0.0,1.0,0.0,1.0,0.0,0,0,1,1.0,0.0,1.0,2,1,4,0.0,2.3965872597421273e-5,0.0,0.0,0.5,0.0,0.0,0.0,0.0,0.0,0.0,0.0,0.0,0.0008548218333182852,0.0,0.0008532423208191162,0.00016301694525933108,0.0,2.206212473704705e-6,0.0014858841010401188,0.0007429420505200594
1164314082146603008,9,1,0,1,1,0,1,0,0,0,1.0,0.0,1.0,1.0,0.0,1.0,0.0,0.0,0.0,1.0,0.0,1.0,0.0,0,0,1,1.0,0.0,1.0,2,1,4,0.0,2.3965872597421273e-5,0.0,0.0,0.5,0.0,0.0,0.0,0.0,0.0,0.0,0.0,0.0,0.0008548218333182852,0.0,0.0008532423208191162,0.00016301694525933108,0.0,2.206212473704705e-6,0.0014858841010401188,0.0007429420505200594
969898586027704320,40,1,0,1,1,0,1,0,0,0,1.0,0.0,1.0,1.0,0.0,1.0,0.0,0.0,0.0,1.0,0.0,1.0,0.0,0,0,1,1.0,0.0,1.0,2,1,7,0.0,2.3965872597421273e-5,0.0,0.0,1.0,1.0,0.0,0.0,0.0,0.0,0.0,0.0,0.0,0.0008195781084101897,0.0,0.0008532423208191159,0.00016241748668022193,0.0,3.860871828983234e-6,0.0014858841010401188,0.0007429420505200594
1080597771290271744,40,1,0,1,1,0,1,0,0,0,1.0,0.0,1.0,1.0,0.0,1.0,0.0,0.0,0.0,1.0,0.0,1.0,0.0,0,0,1,1.0,0.0,1.0,2,1,7,0.0,2.3965872597421273e-5,0.0,0.0,1.0,1.0,0.0,0.0,0.0,0.0,0.0,0.0,0.0,0.0008195781084101897,0.0,0.0008532423208191159,0.00016241748668022193,0.0,3.860871828983234e-6,0.0014858841010401188,0.0007429420505200594
1215555400512094210,40,1,0,1,1,0,1,0,0,0,1.0,0.0,1.0,1.0,0.0,1.0,0.0,0.0,0.0,1.0,0.0,1.0,0.0,0,0,1,1.0,0.0,1.0,2,1,7,0.0,2.3965872597421273e-5,0.0,0.0,1.0,1.0,0.0,0.0,0.0,0.0,0.0,0.0,0.0,0.0008195781084101897,0.0,0.0008532423208191159,0.00016241748668022193,0.0,3.860871828983234e-6,0.0014858841010401188,0.0007429420505200594
2982543044,40,1,0,1,1,0,1,0,0,0,1.0,0.0,1.0,1.0,0.0,1.0,0.0,0.0,0.0,1.0,0.0,1.0,0.0,0,0,1,1.0,0.0,1.0,2,1,7,0.0,2.3965872597421273e-5,0.0,0.0,1.0,1.0,0.0,0.0,0.0,0.0,0.0,0.0,0.0,0.0008195781084101897,0.0,0.0008532423208191159,0.00016241748668022193,0.0,3.860871828983234e-6,0.0014858841010401188,0.0007429420505200594
1431456225057595393,40,1,0,1,1,0,1,0,0,0,1.0,0.0,1.0,1.0,0.0,1.0,0.0,0.0,0.0,1.0,0.0,1.0,0.0,0,0,1,1.0,0.0,1.0,2,1,7,0.0,2.3965872597421273e-5,0.0,0.0,1.0,1.0,0.0,0.0,0.0,0.0,0.0,0.0,0.0,0.0008195781084101897,0.0,0.0008532423208191159,0.00016241748668022193,0.0,3.860871828983234e-6,0.0014858841010401188,0.0007429420505200594
421016167,40,1,0,1,1,0,1,0,0,0,1.0,0.0,1.0,1.0,0.0,1.0,0.0,0.0,0.0,1.0,0.0,1.0,0.0,0,0,1,1.0,0.0,1.0,2,1,7,0.0,2.3965872597421273e-5,0.0,0.0,1.0,1.0,0.0,0.0,0.0,0.0,0.0,0.0,0.0,0.0008195781084101897,0.0,0.0008532423208191159,0.00016241748668022193,0.0,3.860871828983234e-6,0.0014858841010401188,0.0007429420505200594
985029721,11,2,0,2,2,0,2,0,0,0,2.0,0.0,2.0,2.0,0.0,2.0,0.0,0.0,0.0,1.0,0.0,1.0,0.0,1,0,2,3.0,0.0,4.0,4,1,16,0.0,4.7931745194842545e-5,0.0,0.0,0.8333333333333334,0.75,0.0,0.0,1.0,0.0,1.0,1.0,0.0,0.0008267177402502073,0.0,0.0008532423208191164,0.0003204311057926068,0.0,8.82484989481882e-6,0.0029717682020802376,0.0007429420505200594
857255720282202112,11,2,0,2,2,0,2,0,0,0,2.0,0.0,2.0,2.0,0.0,2.0,0.0,0.0,0.0,1.0,0.0,1.0,0.0,1,0,2,3.0,0.0,4.0,4,1,16,0.0,4.7931745194842545e-5,0.0,0.0,0.8333333333333334,0.75,0.0,0.0,1.0,0.0,1.0,1.0,0.0,0.0008267177402502073,0.0,0.0008532423208191164,0.0003204311057926068,0.0,8.82484989481882e-6,0.0029717682020802376,0.0007429420505200594
4703100438,11,2,0,2,2,0,2,0,0,0,2.0,0.0,2.0,2.0,0.0,2.0,0.0,0.0,0.0,1.0,0.0,1.0,0.0,1,0,1,3.0,0.0,4.0,5,1,18,0.0,4.7931745194842545e-5,0.0,0.0,0.6666666666666666,0.5,0.0,0.0,0.0,0.0,0.0,0.0,0.0,0.0009026736135467105,0.0,0.0008532423208191164,0.0003204311057926068,0.0,9.927956131671174e-6,0.003714710252600297,0.0007429420505200594
1277761306376892416,11,1,0,1,1,0,1,0,0,0,1.0,0.0,1.0,1.0,0.0,1.0,0.0,0.0,0.0,1.0,0.0,1.0,0.0,1,0,1,1.0,0.0,1.0,4,1,16,0.0,2.3965872597421273e-5,0.0,0.0,1.0,1.0,0.0,0.0,0.0,0.0,0.0,0.0,0.0,0.0006217566528919125,0.0,0.0008532423208191165,0.00016009458468607685,0.0,8.82484989481882e-6,0.0029717682020802376,0.0007429420505200594
942403230348087297,11,1,0,1,1,0,1,0,0,0,1.0,0.0,1.0,1.0,0.0,1.0,0.0,0.0,0.0,1.0,0.0,1.0,0.0,1,0,1,1.0,0.0,1.0,4,1,16,0.0,2.3965872597421273e-5,0.0,0.0,1.0,1.0,0.0,0.0,0.0,0.0,0.0,0.0,0.0,0.0006217566528919125,0.0,0.0008532423208191165,0.00016009458468607685,0.0,8.82484989481882e-6,0.0029717682020802376,0.0007429420505200594
1332422155749847041,11,1,0,1,1,0,1,0,0,0,1.0,0.0,1.0,1.0,0.0,1.0,0.0,0.0,0.0,1.0,0.0,1.0,0.0,1,0,1,1.0,0.0,1.0,4,1,16,0.0,2.3965872597421273e-5,0.0,0.0,1.0,1.0,0.0,0.0,0.0,0.0,0.0,0.0,0.0,0.0006217566528919125,0.0,0.0008532423208191165,0.00016009458468607685,0.0,8.82484989481882e-6,0.0029717682020802376,0.0007429420505200594
879445172,11,1,0,1,1,0,1,0,0,0,1.0,0.0,1.0,1.0,0.0,1.0,0.0,0.0,0.0,1.0,0.0,1.0,0.0,1,0,1,1.0,0.0,1.0,4,1,16,0.0,2.3965872597421273e-5,0.0,0.0,1.0,1.0,0.0,0.0,0.0,0.0,0.0,0.0,0.0,0.0006217566528919125,0.0,0.0008532423208191165,0.00016009458468607685,0.0,8.82484989481882e-6,0.0029717682020802376,0.0007429420505200594
551677109,11,1,0,1,1,0,1,0,0,0,1.0,0.0,1.0,1.0,0.0,1.0,0.0,0.0,0.0,1.0,0.0,1.0,0.0,1,0,1,1.0,0.0,1.0,4,1,16,0.0,2.3965872597421273e-5,0.0,0.0,1.0,1.0,0.0,0.0,0.0,0.0,0.0,0.0,0.0,0.0006217566528919125,0.0,0.0008532423208191165,0.00016009458468607685,0.0,8.82484989481882e-6,0.0029717682020802376,0.0007429420505200594
1018027650894344192,11,1,0,1,1,0,1,0,0,0,1.0,0.0,1.0,1.0,0.0,1.0,0.0,0.0,0.0,1.0,0.0,1.0,0.0,1,0,1,1.0,0.0,1.0,4,1,16,0.0,2.3965872597421273e-5,0.0,0.0,1.0,1.0,0.0,0.0,0.0,0.0,0.0,0.0,0.0,0.0006217566528919125,0.0,0.0008532423208191165,0.00016009458468607685,0.0,8.82484989481882e-6,0.0029717682020802376,0.0007429420505200594
1425846196761858055,11,1,0,1,1,0,1,0,0,0,1.0,0.0,1.0,1.0,0.0,1.0,0.0,0.0,0.0,1.0,0.0,1.0,0.0,1,0,1,1.0,0.0,1.0,4,1,16,0.0,2.3965872597421273e-5,0.0,0.0,1.0,1.0,0.0,0.0,0.0,0.0,0.0,0.0,0.0,0.0006217566528919125,0.0,0.0008532423208191165,0.00016009458468607685,0.0,8.82484989481882e-6,0.0029717682020802376,0.0007429420505200594
830645225160740864,11,1,0,1,1,0,1,0,0,0,1.0,0.0,1.0,1.0,0.0,1.0,0.0,0.0,0.0,1.0,0.0,1.0,0.0,1,0,1,1.0,0.0,1.0,4,1,16,0.0,2.3965872597421273e-5,0.0,0.0,1.0,1.0,0.0,0.0,0.0,0.0,0.0,0.0,0.0,0.0006217566528919125,0.0,0.0008532423208191165,0.00016009458468607685,0.0,8.82484989481882e-6,0.0029717682020802376,0.0007429420505200594
1349186366056271872,12,1,0,1,1,0,1,0,0,0,1.0,0.0,1.0,1.0,0.0,1.0,0.0,0.0,0.0,1.0,0.0,1.0,0.0,0,0,1,1.0,0.0,1.0,2,1,3,0.0,2.3965872597421273e-5,0.0,0.0,0.5,0.0,0.0,0.0,0.0,0.0,0.0,0.0,0.0,0.0008988905288193762,0.0,0.0008532423208191161,0.00016316680990419163,0.0,1.6546593552785288e-6,0.0014858841010401188,0.0007429420505200594
1209957705428942848,12,1,0,1,1,0,1,0,0,0,1.0,0.0,1.0,1.0,0.0,1.0,0.0,0.0,0.0,1.0,0.0,1.0,0.0,0,0,1,1.0,0.0,1.0,2,1,3,0.0,2.3965872597421273e-5,0.0,0.0,0.5,0.0,0.0,0.0,0.0,0.0,0.0,0.0,0.0,0.0008988905288193762,0.0,0.0008532423208191161,0.00016316680990419163,0.0,1.6546593552785288e-6,0.0014858841010401188,0.0007429420505200594
1390931524137017346,41,1,0,1,1,0,1,0,0,0,1.0,0.0,1.0,1.0,0.0,1.0,0.0,0.0,0.0,1.0,0.0,1.0,0.0,0,0,1,1.0,0.0,1.0,2,1,2,0.0,2.3965872597421273e-5,0.0,0.0,0.5,0.0,0.0,0.0,0.0,0.0,0.0,0.0,0.0,0.0010518017425904188,0.0,0.0008532423208191161,0.00016331667454894117,0.0,1.1031062368523526e-6,0.0014858841010401188,0.0007429420505200594
3351814421,14,1,0,1,1,0,1,0,0,0,1.0,0.0,1.0,1.0,0.0,1.0,0.0,0.0,0.0,1.0,0.0,1.0,0.0,0,0,1,1.0,0.0,1.0,2,1,4,0.0,2.3965872597421273e-5,0.0,0.0,0.5,0.0,0.0,0.0,0.0,0.0,0.0,0.0,0.0,0.0008548218696103975,0.0,0.0008532423208191162,0.00016301694525933108,0.0,2.206212473704705e-6,0.0014858841010401188,0.0007429420505200594
800033485918507009,14,1,0,1,1,0,1,0,0,0,1.0,0.0,1.0,1.0,0.0,1.0,0.0,0.0,0.0,1.0,0.0,1.0,0.0,0,0,1,1.0,0.0,1.0,2,1,4,0.0,2.3965872597421273e-5,0.0,0.0,0.5,0.0,0.0,0.0,0.0,0.0,0.0,0.0,0.0,0.0008548218696103975,0.0,0.0008532423208191162,0.00016301694525933108,0.0,2.206212473704705e-6,0.0014858841010401188,0.0007429420505200594
727844734983647232,14,1,0,1,1,0,1,0,0,0,1.0,0.0,1.0,1.0,0.0,1.0,0.0,0.0,0.0,1.0,0.0,1.0,0.0,0,0,1,1.0,0.0,1.0,2,1,4,0.0,2.3965872597421273e-5,0.0,0.0,0.5,0.0,0.0,0.0,0.0,0.0,0.0,0.0,0.0,0.0008548218696103975,0.0,0.0008532423208191162,0.00016301694525933108,0.0,2.206212473704705e-6,0.0014858841010401188,0.0007429420505200594
1189980851532120064,15,1,0,1,1,0,1,0,0,0,1.0,0.0,1.0,1.0,0.0,1.0,0.0,0.0,0.0,1.0,0.0,1.0,0.0,0,0,1,1.0,0.0,1.0,2,1,2,0.0,2.3965872597421273e-5,0.0,0.0,0.5,0.0,0.0,0.0,0.0,0.0,0.0,0.0,0.0,0.0010518020332391706,0.0,0.0008532423208191161,0.00016331667454894117,0.0,1.1031062368523526e-6,0.0014858841010401188,0.0007429420505200594
1274529942366117888,16,1,0,1,1,0,1,0,0,0,1.0,0.0,1.0,1.0,0.0,1.0,0.0,0.0,0.0,1.0,0.0,1.0,0.0,0,0,1,1.0,0.0,1.0,2,1,2,0.0,2.3965872597421273e-5,0.0,0.0,0.5,0.0,0.0,0.0,0.0,0.0,0.0,0.0,0.0,0.001051801776507408,0.0,0.0008532423208191161,0.00016331667454894117,0.0,1.1031062368523526e-6,0.0014858841010401188,0.0007429420505200594
36515850,18,1,0,1,1,0,1,0,0,0,1.0,0.0,1.0,1.0,0.0,1.0,0.0,0.0,0.0,1.0,0.0,1.0,0.0,0,0,1,1.0,0.0,1.0,2,1,5,0.0,2.3965872597421273e-5,0.0,0.0,0.5,0.0,0.0,0.0,0.0,0.0,0.0,0.0,0.0,0.0007547886317778512,0.0,0.0008532423208191161,0.00016271721596983202,0.0,2.757765592130881e-6,0.0014858841010401188,0.0007429420505200594
2398523808,18,1,0,1,1,0,1,0,0,0,1.0,0.0,1.0,1.0,0.0,1.0,0.0,0.0,0.0,1.0,0.0,1.0,0.0,0,0,1,1.0,0.0,1.0,2,1,5,0.0,2.3965872597421273e-5,0.0,0.0,0.5,0.0,0.0,0.0,0.0,0.0,0.0,0.0,0.0,0.0007547886317778512,0.0,0.0008532423208191161,0.00016271721596983202,0.0,2.757765592130881e-6,0.0014858841010401188,0.0007429420505200594
840438794,18,1,0,1,1,0,1,0,0,0,1.0,0.0,1.0,1.0,0.0,1.0,0.0,0.0,0.0,1.0,0.0,1.0,0.0,0,0,1,1.0,0.0,1.0,2,1,5,0.0,2.3965872597421273e-5,0.0,0.0,0.5,0.0,0.0,0.0,0.0,0.0,0.0,0.0,0.0,0.0007547886317778512,0.0,0.0008532423208191161,0.00016271721596983202,0.0,2.757765592130881e-6,0.0014858841010401188,0.0007429420505200594
1150596617696792576,18,2,0,2,2,0,2,0,0,0,2.0,0.0,2.0,2.0,0.0,2.0,0.0,0.0,0.0,1.0,0.0,1.0,0.0,0,0,1,5.0,0.0,3.0,3,1,6,0.0,4.7931745194842545e-5,0.0,0.0,0.3333333333333333,0.0,0.0,0.0,0.0,0.0,0.0,0.0,0.0,0.0013358792673111004,0.0,0.0008532423208191161,0.0003256786972589687,0.0,3.3093187105570577e-6,0.002228826151560178,0.0007429420505200594
142265166,25,1,0,1,1,0,1,0,0,0,1.0,0.0,1.0,1.0,0.0,1.0,0.0,0.0,0.0,1.0,0.0,1.0,0.0,0,0,1,1.0,0.0,1.0,4,1,6,0.0,2.3965872597421273e-5,0.0,0.0,0.5,0.0,0.0,0.0,0.0,0.0,0.0,0.0,0.0,0.0007553992392232089,0.0,0.0008532423208191162,0.00016166816345630775,0.0,3.3093187105570577e-6,0.0029717682020802376,0.0007429420505200594
1459144189531148291,25,3,0,3,3,0,3,0,0,0,3.0,0.0,3.0,3.0,0.0,3.0,0.0,0.0,0.0,1.0,0.0,1.0,0.0,0,0,3,4.0,0.0,7.0,4,1,6,0.0,7.189761779226382e-5,0.0,0.0,0.5833333333333334,0.4444444444444444,0.0,0.0,0.5,0.0,0.5,1.0,0.0,0.0010715496427059338,0.0,0.0008532423208191162,0.00048573476802427074,0.0,3.3093187105570577e-6,0.0029717682020802376,0.0007429420505200594
1065622335380582400,25,3,0,3,3,0,3,0,0,0,3.0,0.0,3.0,3.0,0.0,3.0,0.0,0.0,0.0,1.0,0.0,1.0,0.0,0,0,3,4.0,0.0,7.0,4,1,6,0.0,7.189761779226382e-5,0.0,0.0,0.5833333333333334,0.4444444444444444,0.0,0.0,0.5,0.0,0.5,1.0,0.0,0.0010715496427059338,0.0,0.0008532423208191162,0.00048573476802427074,0.0,3.3093187105570577e-6,0.0029717682020802376,0.0007429420505200594
1267218665239220224,11,1,0,1,1,0,1,0,0,0,1.0,0.0,1.0,1.0,0.0,1.0,0.0,0.0,0.0,1.0,0.0,1.0,0.0,0,0,1,1.0,0.0,1.0,2,1,3,0.0,2.3965872597421273e-5,0.0,0.0,1.0,1.0,0.0,0.0,0.0,0.0,0.0,0.0,0.0,0.0008490312900980687,0.0,0.0008532423208191162,0.00016009458468607685,0.0,1.6546593552785288e-6,0.0014858841010401188,0.0007429420505200594
1662456378,20,2,0,2,2,0,2,0,0,0,2.0,0.0,2.0,2.0,0.0,2.0,0.0,0.0,0.0,1.0,0.0,1.0,0.0,1,0,2,5.0,0.0,4.0,3,1,9,0.0,4.7931745194842545e-5,0.0,0.0,0.8333333333333334,0.75,0.0,0.0,1.0,0.0,1.0,1.0,0.0,0.000728271520554922,0.0,0.0008532423208191159,0.0003181821380212613,0.0,4.963978065835587e-6,0.002228826151560178,0.0007429420505200594
807579481770594304,20,2,0,2,2,0,2,0,0,0,2.0,0.0,2.0,2.0,0.0,2.0,0.0,0.0,0.0,1.0,0.0,1.0,0.0,1,0,2,5.0,0.0,4.0,3,1,9,0.0,4.7931745194842545e-5,0.0,0.0,0.8333333333333334,0.75,0.0,0.0,1.0,0.0,1.0,1.0,0.0,0.000728271520554922,0.0,0.0008532423208191159,0.0003181821380212613,0.0,4.963978065835587e-6,0.002228826151560178,0.0007429420505200594
1620222817,20,3,0,3,3,0,3,0,0,0,3.0,0.0,3.0,3.0,0.0,3.0,0.0,0.0,0.0,1.0,0.0,1.0,0.0,1,0,2,6.0,0.0,7.0,5,1,16,0.0,7.189761779226382e-5,0.0,0.0,0.5833333333333334,0.4444444444444444,0.0,0.0,0.3333333333333333,0.0,0.3333333333333333,0.3333333333333333,0.0,0.0008679536333191694,0.0,0.0008532423208191159,0.000477634888495726,0.0,8.82484989481882e-6,0.003714710252600297,0.0007429420505200594
1478626276386623489,20,2,0,2,2,0,2,0,0,0,2.0,0.0,2.0,2.0,0.0,2.0,0.0,0.0,0.0,1.0,0.0,1.0,0.0,1,0,2,5.0,0.0,4.0,3,1,9,0.0,4.7931745194842545e-5,0.0,0.0,0.8333333333333334,0.75,0.0,0.0,1.0,0.0,1.0,1.0,0.0,0.000728271520554922,0.0,0.0008532423208191159,0.0003181821380212613,0.0,4.963978065835587e-6,0.002228826151560178,0.0007429420505200594
3278510262,20,3,0,3,3,0,3,0,0,0,4.0,0.0,4.0,4.0,0.0,4.0,0.0,0.0,0.0,1.0,0.0,1.0,0.0,1,0,2,6.0,0.0,11.0,5,1,16,0.0,9.586349038968509e-5,0.0,0.0,0.5833333333333334,0.4444444444444444,0.0,0.0,0.25,0.0,0.25,0.25,0.0,0.001007635746083417,0.0,0.0008532423208191159,0.0006373291256003277,0.0,8.82484989481882e-6,0.003714710252600297,0.0007429420505200594
1538048353,19,1,0,1,1,0,1,0,0,0,1.0,0.0,1.0,1.0,0.0,1.0,0.0,0.0,0.0,1.0,0.0,1.0,0.0,1,0,1,1.0,0.0,1.0,6,1,12,0.0,2.3965872597421273e-5,0.0,0.0,0.5,0.0,0.0,0.0,0.0,0.0,0.0,0.0,0.0,0.0008717313564080289,0.0,0.000853242320819116,0.00014383427072683919,0.0,6.618637421114115e-6,0.004457652303120356,0.0007429420505200594
1598391684,42,1,0,1,1,0,1,0,0,0,1.0,0.0,1.0,1.0,0.0,1.0,0.0,0.0,0.0,1.0,0.0,1.0,0.0,0,0,1,1.0,0.0,1.0,2,1,4,0.0,2.3965872597421273e-5,0.0,0.0,0.5,0.0,0.0,0.0,0.0,0.0,0.0,0.0,0.0,0.0008548218649700308,0.0,0.0008532423208191162,0.00016301694525933108,0.0,2.206212473704705e-6,0.0014858841010401188,0.0007429420505200594
1384150550757797894,42,1,0,1,1,0,1,0,0,0,1.0,0.0,1.0,1.0,0.0,1.0,0.0,0.0,0.0,1.0,0.0,1.0,0.0,0,0,1,1.0,0.0,1.0,2,1,4,0.0,2.3965872597421273e-5,0.0,0.0,0.5,0.0,0.0,0.0,0.0,0.0,0.0,0.0,0.0,0.0008548218649700308,0.0,0.0008532423208191162,0.00016301694525933108,0.0,2.206212473704705e-6,0.0014858841010401188,0.0007429420505200594
41559330,42,1,0,1,1,0,1,0,0,0,1.0,0.0,1.0,1.0,0.0,1.0,0.0,0.0,0.0,1.0,0.0,1.0,0.0,0,0,1,1.0,0.0,1.0,2,1,4,0.0,2.3965872597421273e-5,0.0,0.0,0.5,0.0,0.0,0.0,0.0,0.0,0.0,0.0,0.0,0.0008548218649700308,0.0,0.0008532423208191162,0.00016301694525933108,0.0,2.206212473704705e-6,0.0014858841010401188,0.0007429420505200594
357657083,43,1,0,1,1,0,1,0,0,0,1.0,0.0,1.0,1.0,0.0,1.0,0.0,0.0,0.0,1.0,0.0,1.0,0.0,0,0,1,1.0,0.0,1.0,2,1,2,0.0,2.3965872597421273e-5,0.0,0.0,0.5,0.0,0.0,0.0,0.0,0.0,0.0,0.0,0.0,0.0010518017802428287,0.0,0.0008532423208191161,0.00016331667454894117,0.0,1.1031062368523526e-6,0.0014858841010401188,0.0007429420505200594
922436178636185601,20,1,0,1,1,0,1,0,0,0,1.0,0.0,1.0,1.0,0.0,1.0,0.0,0.0,0.0,1.0,0.0,1.0,0.0,0,0,1,1.0,0.0,1.0,3,1,9,0.0,2.3965872597421273e-5,0.0,0.0,1.0,1.0,0.0,0.0,0.0,0.0,0.0,0.0,0.0,0.0007077964422075182,0.0,0.0008532423208191159,0.00015897059985015005,0.0,4.963978065835587e-6,0.002228826151560178,0.0007429420505200594
724765470625161218,20,1,0,1,1,0,1,0,0,0,1.0,0.0,1.0,1.0,0.0,1.0,0.0,0.0,0.0,1.0,0.0,1.0,0.0,0,0,1,1.0,0.0,1.0,3,1,9,0.0,2.3965872597421273e-5,0.0,0.0,1.0,1.0,0.0,0.0,0.0,0.0,0.0,0.0,0.0,0.0007077964422075182,0.0,0.0008532423208191159,0.00015897059985015005,0.0,4.963978065835587e-6,0.002228826151560178,0.0007429420505200594
802515200083509248,20,1,0,1,1,0,1,0,0,0,1.0,0.0,1.0,1.0,0.0,1.0,0.0,0.0,0.0,1.0,0.0,1.0,0.0,0,0,1,1.0,0.0,1.0,3,1,9,0.0,2.3965872597421273e-5,0.0,0.0,1.0,1.0,0.0,0.0,0.0,0.0,0.0,0.0,0.0,0.0007077964422075182,0.0,0.0008532423208191159,0.00015897059985015005,0.0,4.963978065835587e-6,0.002228826151560178,0.0007429420505200594
921705760677019648,20,1,0,1,1,0,1,0,0,0,1.0,0.0,1.0,1.0,0.0,1.0,0.0,0.0,0.0,1.0,0.0,1.0,0.0,0,0,1,1.0,0.0,1.0,3,1,9,0.0,2.3965872597421273e-5,0.0,0.0,1.0,1.0,0.0,0.0,0.0,0.0,0.0,0.0,0.0,0.0007077964422075182,0.0,0.0008532423208191159,0.00015897059985015005,0.0,4.963978065835587e-6,0.002228826151560178,0.0007429420505200594
535969477,20,2,0,2,2,0,2,0,0,0,2.0,0.0,2.0,2.0,0.0,2.0,0.0,0.0,0.0,1.0,0.0,1.0,0.0,0,0,2,3.0,0.0,4.0,4,1,11,0.0,4.7931745194842545e-5,0.0,0.0,0.6666666666666666,0.5,0.0,0.0,0.0,0.0,0.0,0.0,0.0,0.0009887134028623162,0.0,0.000853242320819116,0.0003181821380212613,0.0,6.067084302687939e-6,0.0029717682020802376,0.0007429420505200594
2897350626,44,1,0,1,1,0,1,0,0,0,1.0,0.0,1.0,1.0,0.0,1.0,0.0,0.0,0.0,1.0,0.0,1.0,0.0,0,0,1,1.0,0.0,1.0,2,1,6,0.0,2.3965872597421273e-5,0.0,0.0,0.5,0.0,0.0,0.0,0.0,0.0,0.0,0.0,0.0,0.0008255821586388278,0.0,0.0008532423208191161,0.00016271721596983202,0.0,3.3093187105570577e-6,0.0014858841010401188,0.0007429420505200594
1305139218138587136,44,1,0,1,1,0,1,0,0,0,1.0,0.0,1.0,1.0,0.0,1.0,0.0,0.0,0.0,1.0,0.0,1.0,0.0,0,0,1,1.0,0.0,1.0,2,1,6,0.0,2.3965872597421273e-5,0.0,0.0,0.5,0.0,0.0,0.0,0.0,0.0,0.0,0.0,0.0,0.0008255821586388278,0.0,0.0008532423208191161,0.00016271721596983202,0.0,3.3093187105570577e-6,0.0014858841010401188,0.0007429420505200594
1239891882051686401,44,1,0,1,1,0,1,0,0,0,1.0,0.0,1.0,1.0,0.0,1.0,0.0,0.0,0.0,1.0,0.0,1.0,0.0,0,0,1,1.0,0.0,1.0,2,1,6,0.0,2.3965872597421273e-5,0.0,0.0,0.5,0.0,0.0,0.0,0.0,0.0,0.0,0.0,0.0,0.0008255821586388278,0.0,0.0008532423208191161,0.00016271721596983202,0.0,3.3093187105570577e-6,0.0014858841010401188,0.0007429420505200594
549766757,44,1,0,1,1,0,1,0,0,0,1.0,0.0,1.0,1.0,0.0,1.0,0.0,0.0,0.0,1.0,0.0,1.0,0.0,0,0,1,1.0,0.0,1.0,2,1,6,0.0,2.3965872597421273e-5,0.0,0.0,0.5,0.0,0.0,0.0,0.0,0.0,0.0,0.0,0.0,0.0008255821586388278,0.0,0.0008532423208191161,0.00016271721596983202,0.0,3.3093187105570577e-6,0.0014858841010401188,0.0007429420505200594
728824901583282176,44,1,0,1,1,0,1,0,0,0,1.0,0.0,1.0,1.0,0.0,1.0,0.0,0.0,0.0,1.0,0.0,1.0,0.0,0,0,1,1.0,0.0,1.0,2,1,6,0.0,2.3965872597421273e-5,0.0,0.0,0.5,0.0,0.0,0.0,0.0,0.0,0.0,0.0,0.0,0.0008255821586388278,0.0,0.0008532423208191161,0.00016271721596983202,0.0,3.3093187105570577e-6,0.0014858841010401188,0.0007429420505200594
2445657906,21,2,0,2,2,0,2,0,0,0,2.0,0.0,2.0,2.0,0.0,2.0,0.0,0.0,0.0,1.0,0.0,1.0,0.0,1,0,2,5.0,0.0,4.0,3,1,3,0.0,4.7931745194842545e-5,0.0,0.0,1.0,1.0,0.0,0.0,1.0,0.0,1.0,1.0,0.0,0.0008032128514056222,0.0,0.0008532423208191162,0.0003247791101504416,0.0,1.6546593552785288e-6,0.002228826151560178,0.0007429420505200594
1462042723255418881,22,1,0,1,1,0,1,0,0,0,1.0,0.0,1.0,1.0,0.0,1.0,0.0,0.0,0.0,1.0,0.0,1.0,0.0,0,0,1,1.0,0.0,1.0,2,1,2,0.0,2.3965872597421273e-5,0.0,0.0,0.5,0.0,0.0,0.0,0.0,0.0,0.0,0.0,0.0,0.0010518020033025263,0.0,0.0008532423208191161,0.00016331667454894117,0.0,1.1031062368523526e-6,0.0014858841010401188,0.0007429420505200594
1384453152884236294,35,1,0,1,1,0,1,0,0,0,1.0,0.0,1.0,1.0,0.0,1.0,0.0,0.0,0.0,1.0,0.0,1.0,0.0,0,0,1,1.0,0.0,1.0,2,1,6,0.0,2.3965872597421273e-5,0.0,0.0,1.0,1.0,0.0,0.0,0.0,0.0,0.0,0.0,0.0,0.0008433511731392028,0.0,0.0008532423208191162,0.0001376148879682071,0.0,3.3093187105570577e-6,0.0014858841010401188,0.0007429420505200594
1059560658142879745,35,1,0,1,1,0,1,0,0,0,1.0,0.0,1.0,1.0,0.0,1.0,0.0,0.0,0.0,1.0,0.0,1.0,0.0,0,0,1,1.0,0.0,1.0,2,1,6,0.0,2.3965872597421273e-5,0.0,0.0,1.0,1.0,0.0,0.0,0.0,0.0,0.0,0.0,0.0,0.0008433511731392028,0.0,0.0008532423208191162,0.0001376148879682071,0.0,3.3093187105570577e-6,0.0014858841010401188,0.0007429420505200594
1173373472,35,1,0,1,1,0,1,0,0,0,1.0,0.0,1.0,1.0,0.0,1.0,0.0,0.0,0.0,1.0,0.0,1.0,0.0,0,0,1,1.0,0.0,1.0,2,1,6,0.0,2.3965872597421273e-5,0.0,0.0,1.0,1.0,0.0,0.0,0.0,0.0,0.0,0.0,0.0,0.0008433511731392028,0.0,0.0008532423208191162,0.0001376148879682071,0.0,3.3093187105570577e-6,0.0014858841010401188,0.0007429420505200594
1049196099007733760,24,1,0,1,1,0,1,0,0,0,1.0,0.0,1.0,1.0,0.0,1.0,0.0,0.0,0.0,1.0,0.0,1.0,0.0,0,0,1,1.0,0.0,1.0,2,1,2,0.0,2.3965872597421273e-5,0.0,0.0,0.5,0.0,0.0,0.0,0.0,0.0,0.0,0.0,0.0,0.0010518017711370206,0.0,0.0008532423208191161,0.00016331667454894117,0.0,1.1031062368523526e-6,0.0014858841010401188,0.0007429420505200594
910123708253052929,27,3,0,3,3,0,3,0,0,0,3.0,0.0,3.0,3.0,0.0,3.0,0.0,0.0,0.0,1.0,0.0,1.0,0.0,0,0,2,5.0,0.0,7.0,4,1,132,0.0,7.189761779226382e-5,0.0,0.0,0.4166666666666667,0.2222222222222222,0.0,0.0,0.16666666666666666,0.0,0.16666666666666666,0.3333333333333333,0.0,0.001095229481760051,0.0,0.0008532423208191161,0.0003752614111209307,0.0,7.280501163225526e-5,0.0029717682020802376,0.0007429420505200594
249118156,27,2,0,2,2,0,2,0,0,0,2.0,0.0,2.0,2.0,0.0,2.0,0.0,0.0,0.0,1.0,0.0,1.0,0.0,0,0,2,5.0,0.0,4.0,3,1,130,0.0,4.7931745194842545e-5,0.0,0.0,0.5,0.25,0.0,0.0,0.5,0.0,0.5,1.0,0.0,0.0007342677159829512,0.0,0.0008532423208191159,0.00024996344895833467,0.0,7.170190539540292e-5,0.002228826151560178,0.0007429420505200594
258788589,27,2,0,2,2,0,2,0,0,0,2.0,0.0,2.0,2.0,0.0,2.0,0.0,0.0,0.0,1.0,0.0,1.0,0.0,0,0,2,5.0,0.0,4.0,3,1,130,0.0,4.7931745194842545e-5,0.0,0.0,0.5,0.25,0.0,0.0,0.5,0.0,0.5,1.0,0.0,0.0007342677159829512,0.0,0.0008532423208191159,0.00024996344895833467,0.0,7.170190539540292e-5,0.002228826151560178,0.0007429420505200594
582200009,27,2,0,2,2,0,2,0,0,0,2.0,0.0,2.0,2.0,0.0,2.0,0.0,0.0,0.0,1.0,0.0,1.0,0.0,0,0,2,5.0,0.0,4.0,3,1,130,0.0,4.7931745194842545e-5,0.0,0.0,0.5,0.25,0.0,0.0,0.5,0.0,0.5,1.0,0.0,0.0007342677159829512,0.0,0.0008532423208191159,0.00024996344895833467,0.0,7.170190539540292e-5,0.002228826151560178,0.0007429420505200594
403802054,27,2,0,2,2,0,2,0,0,0,2.0,0.0,2.0,2.0,0.0,2.0,0.0,0.0,0.0,1.0,0.0,1.0,0.0,0,0,2,5.0,0.0,4.0,3,1,130,0.0,4.7931745194842545e-5,0.0,0.0,0.5,0.25,0.0,0.0,0.5,0.0,0.5,1.0,0.0,0.0007342677159829512,0.0,0.0008532423208191159,0.00024996344895833467,0.0,7.170190539540292e-5,0.002228826151560178,0.0007429420505200594
251377054,27,2,0,2,2,0,2,0,0,0,2.0,0.0,2.0,2.0,0.0,2.0,0.0,0.0,0.0,1.0,0.0,1.0,0.0,0,0,2,5.0,0.0,4.0,3,1,130,0.0,4.7931745194842545e-5,0.0,0.0,0.5,0.25,0.0,0.0,0.5,0.0,0.5,1.0,0.0,0.0007342677159829512,0.0,0.0008532423208191159,0.00024996344895833467,0.0,7.170190539540292e-5,0.002228826151560178,0.0007429420505200594
1266145259718955010,27,2,0,2,2,0,2,0,0,0,4.0,0.0,4.0,4.0,0.0,4.0,0.0,0.0,0.0,1.0,0.0,1.0,0.0,0,0,2,11.0,0.0,11.0,3,1,130,0.0,9.586349038968509e-5,0.0,0.0,0.5,0.25,0.0,0.0,0.5,0.0,0.5,1.0,0.0,0.0007455048474190661,0.0,0.0008532423208191159,0.0005007705236881876,0.0,7.170190539540292e-5,0.002228826151560178,0.0007429420505200594
1489181198828154885,27,2,0,2,2,0,2,0,0,0,2.0,0.0,2.0,2.0,0.0,2.0,0.0,0.0,0.0,1.0,0.0,1.0,0.0,0,0,2,5.0,0.0,4.0,3,1,130,0.0,4.7931745194842545e-5,0.0,0.0,0.5,0.25,0.0,0.0,0.5,0.0,0.5,1.0,0.0,0.0007342677159829512,0.0,0.0008532423208191159,0.00024996344895833467,0.0,7.170190539540292e-5,0.002228826151560178,0.0007429420505200594
1117225159365144577,27,2,0,2,2,0,2,0,0,0,2.0,0.0,2.0,2.0,0.0,2.0,0.0,0.0,0.0,1.0,0.0,1.0,0.0,0,0,2,5.0,0.0,4.0,3,1,130,0.0,4.7931745194842545e-5,0.0,0.0,0.5,0.25,0.0,0.0,0.5,0.0,0.5,1.0,0.0,0.0007342677159829512,0.0,0.0008532423208191159,0.00024996344895833467,0.0,7.170190539540292e-5,0.002228826151560178,0.0007429420505200594
88915116,27,2,0,2,2,0,2,0,0,0,2.0,0.0,2.0,2.0,0.0,2.0,0.0,0.0,0.0,1.0,0.0,1.0,0.0,0,0,2,5.0,0.0,4.0,3,1,130,0.0,4.7931745194842545e-5,0.0,0.0,0.5,0.25,0.0,0.0,0.5,0.0,0.5,1.0,0.0,0.0007342677159829512,0.0,0.0008532423208191159,0.00024996344895833467,0.0,7.170190539540292e-5,0.002228826151560178,0.0007429420505200594
1432997751537774603,27,2,0,2,2,0,2,0,0,0,2.0,0.0,2.0,2.0,0.0,2.0,0.0,0.0,0.0,1.0,0.0,1.0,0.0,0,0,2,5.0,0.0,4.0,3,1,130,0.0,4.7931745194842545e-5,0.0,0.0,0.5,0.25,0.0,0.0,0.5,0.0,0.5,1.0,0.0,0.0007342677159829512,0.0,0.0008532423208191159,0.00024996344895833467,0.0,7.170190539540292e-5,0.002228826151560178,0.0007429420505200594
18341645,27,2,0,2,2,0,2,0,0,0,2.0,0.0,2.0,2.0,0.0,2.0,0.0,0.0,0.0,1.0,0.0,1.0,0.0,0,0,2,5.0,0.0,4.0,3,1,130,0.0,4.7931745194842545e-5,0.0,0.0,0.5,0.25,0.0,0.0,0.5,0.0,0.5,1.0,0.0,0.0007342677159829512,0.0,0.0008532423208191159,0.00024996344895833467,0.0,7.170190539540292e-5,0.002228826151560178,0.0007429420505200594
84155547,27,2,0,2,2,0,2,0,0,0,2.0,0.0,2.0,2.0,0.0,2.0,0.0,0.0,0.0,1.0,0.0,1.0,0.0,0,0,2,5.0,0.0,4.0,3,1,130,0.0,4.7931745194842545e-5,0.0,0.0,0.5,0.25,0.0,0.0,0.5,0.0,0.5,1.0,0.0,0.0007342677159829512,0.0,0.0008532423208191159,0.00024996344895833467,0.0,7.170190539540292e-5,0.002228826151560178,0.0007429420505200594
1261774075,27,2,0,2,2,0,2,0,0,0,2.0,0.0,2.0,2.0,0.0,2.0,0.0,0.0,0.0,1.0,0.0,1.0,0.0,0,0,2,5.0,0.0,4.0,3,1,130,0.0,4.7931745194842545e-5,0.0,0.0,0.5,0.25,0.0,0.0,0.5,0.0,0.5,1.0,0.0,0.0007342677159829512,0.0,0.0008532423208191159,0.00024996344895833467,0.0,7.170190539540292e-5,0.002228826151560178,0.0007429420505200594
29499299,27,2,0,2,2,0,2,0,0,0,2.0,0.0,2.0,2.0,0.0,2.0,0.0,0.0,0.0,1.0,0.0,1.0,0.0,0,0,2,5.0,0.0,4.0,3,1,130,0.0,4.7931745194842545e-5,0.0,0.0,0.5,0.25,0.0,0.0,0.5,0.0,0.5,1.0,0.0,0.0007342677159829512,0.0,0.0008532423208191159,0.00024996344895833467,0.0,7.170190539540292e-5,0.002228826151560178,0.0007429420505200594
70955722,27,2,0,2,2,0,2,0,0,0,2.0,0.0,2.0,2.0,0.0,2.0,0.0,0.0,0.0,1.0,0.0,1.0,0.0,0,0,2,5.0,0.0,4.0,3,1,130,0.0,4.7931745194842545e-5,0.0,0.0,0.5,0.25,0.0,0.0,0.5,0.0,0.5,1.0,0.0,0.0007342677159829512,0.0,0.0008532423208191159,0.00024996344895833467,0.0,7.170190539540292e-5,0.002228826151560178,0.0007429420505200594
1411633993259229185,27,2,0,2,2,0,2,0,0,0,2.0,0.0,2.0,2.0,0.0,2.0,0.0,0.0,0.0,1.0,0.0,1.0,0.0,0,0,2,5.0,0.0,4.0,3,1,130,0.0,4.7931745194842545e-5,0.0,0.0,0.5,0.25,0.0,0.0,0.5,0.0,0.5,1.0,0.0,0.0007342677159829512,0.0,0.0008532423208191159,0.00024996344895833467,0.0,7.170190539540292e-5,0.002228826151560178,0.0007429420505200594
1205475859055775744,27,2,0,2,2,0,2,0,0,0,2.0,0.0,2.0,2.0,0.0,2.0,0.0,0.0,0.0,1.0,0.0,1.0,0.0,0,0,2,5.0,0.0,4.0,3,1,130,0.0,4.7931745194842545e-5,0.0,0.0,0.5,0.25,0.0,0.0,0.5,0.0,0.5,1.0,0.0,0.0007342677159829512,0.0,0.0008532423208191159,0.00024996344895833467,0.0,7.170190539540292e-5,0.002228826151560178,0.0007429420505200594
957504464163807233,27,2,0,2,2,0,2,0,0,0,2.0,0.0,2.0,2.0,0.0,2.0,0.0,0.0,0.0,1.0,0.0,1.0,0.0,0,0,2,5.0,0.0,4.0,3,1,130,0.0,4.7931745194842545e-5,0.0,0.0,0.5,0.25,0.0,0.0,0.5,0.0,0.5,1.0,0.0,0.0007342677159829512,0.0,0.0008532423208191159,0.00024996344895833467,0.0,7.170190539540292e-5,0.002228826151560178,0.0007429420505200594
25962170,27,2,0,2,2,0,2,0,0,0,2.0,0.0,2.0,2.0,0.0,2.0,0.0,0.0,0.0,1.0,0.0,1.0,0.0,0,0,2,5.0,0.0,4.0,3,1,130,0.0,4.7931745194842545e-5,0.0,0.0,0.5,0.25,0.0,0.0,0.5,0.0,0.5,1.0,0.0,0.0007342677159829512,0.0,0.0008532423208191159,0.00024996344895833467,0.0,7.170190539540292e-5,0.002228826151560178,0.0007429420505200594
3774128121,27,2,0,2,2,0,2,0,0,0,2.0,0.0,2.0,2.0,0.0,2.0,0.0,0.0,0.0,1.0,0.0,1.0,0.0,0,0,2,5.0,0.0,4.0,3,1,130,0.0,4.7931745194842545e-5,0.0,0.0,0.5,0.25,0.0,0.0,0.5,0.0,0.5,1.0,0.0,0.0007342677159829512,0.0,0.0008532423208191159,0.00024996344895833467,0.0,7.170190539540292e-5,0.002228826151560178,0.0007429420505200594
978894471806050304,27,2,0,2,2,0,2,0,0,0,2.0,0.0,2.0,2.0,0.0,2.0,0.0,0.0,0.0,1.0,0.0,1.0,0.0,0,0,2,5.0,0.0,4.0,3,1,130,0.0,4.7931745194842545e-5,0.0,0.0,0.5,0.25,0.0,0.0,0.5,0.0,0.5,1.0,0.0,0.0007342677159829512,0.0,0.0008532423208191159,0.00024996344895833467,0.0,7.170190539540292e-5,0.002228826151560178,0.0007429420505200594
1492170215865872385,27,2,0,2,2,0,2,0,0,0,2.0,0.0,2.0,2.0,0.0,2.0,0.0,0.0,0.0,1.0,0.0,1.0,0.0,0,0,2,5.0,0.0,4.0,3,1,130,0.0,4.7931745194842545e-5,0.0,0.0,0.5,0.25,0.0,0.0,0.5,0.0,0.5,1.0,0.0,0.0007342677159829512,0.0,0.0008532423208191159,0.00024996344895833467,0.0,7.170190539540292e-5,0.002228826151560178,0.0007429420505200594
823208500910313478,27,2,0,2,2,0,2,0,0,0,2.0,0.0,2.0,2.0,0.0,2.0,0.0,0.0,0.0,1.0,0.0,1.0,0.0,0,0,2,5.0,0.0,4.0,3,1,130,0.0,4.7931745194842545e-5,0.0,0.0,0.5,0.25,0.0,0.0,0.5,0.0,0.5,1.0,0.0,0.0007342677159829512,0.0,0.0008532423208191159,0.00024996344895833467,0.0,7.170190539540292e-5,0.002228826151560178,0.0007429420505200594
1972372730,27,2,0,2,2,0,2,0,0,0,2.0,0.0,2.0,2.0,0.0,2.0,0.0,0.0,0.0,1.0,0.0,1.0,0.0,0,0,2,5.0,0.0,4.0,3,1,130,0.0,4.7931745194842545e-5,0.0,0.0,0.5,0.25,0.0,0.0,0.5,0.0,0.5,1.0,0.0,0.0007342677159829512,0.0,0.0008532423208191159,0.00024996344895833467,0.0,7.170190539540292e-5,0.002228826151560178,0.0007429420505200594
2328829518,27,2,0,2,2,0,2,0,0,0,2.0,0.0,2.0,2.0,0.0,2.0,0.0,0.0,0.0,1.0,0.0,1.0,0.0,0,0,2,5.0,0.0,4.0,3,1,130,0.0,4.7931745194842545e-5,0.0,0.0,0.5,0.25,0.0,0.0,0.5,0.0,0.5,1.0,0.0,0.0007342677159829512,0.0,0.0008532423208191159,0.00024996344895833467,0.0,7.170190539540292e-5,0.002228826151560178,0.0007429420505200594
979691299715633152,27,2,0,2,2,0,2,0,0,0,2.0,0.0,2.0,2.0,0.0,2.0,0.0,0.0,0.0,1.0,0.0,1.0,0.0,0,0,2,5.0,0.0,4.0,3,1,130,0.0,4.7931745194842545e-5,0.0,0.0,0.5,0.25,0.0,0.0,0.5,0.0,0.5,1.0,0.0,0.0007342677159829512,0.0,0.0008532423208191159,0.00024996344895833467,0.0,7.170190539540292e-5,0.002228826151560178,0.0007429420505200594
930603304362676225,27,2,0,2,2,0,2,0,0,0,2.0,0.0,2.0,2.0,0.0,2.0,0.0,0.0,0.0,1.0,0.0,1.0,0.0,0,0,2,5.0,0.0,4.0,3,1,130,0.0,4.7931745194842545e-5,0.0,0.0,0.5,0.25,0.0,0.0,0.5,0.0,0.5,1.0,0.0,0.0007342677159829512,0.0,0.0008532423208191159,0.00024996344895833467,0.0,7.170190539540292e-5,0.002228826151560178,0.0007429420505200594
1460282107,27,2,0,2,2,0,2,0,0,0,2.0,0.0,2.0,2.0,0.0,2.0,0.0,0.0,0.0,1.0,0.0,1.0,0.0,0,0,2,5.0,0.0,4.0,3,1,130,0.0,4.7931745194842545e-5,0.0,0.0,0.5,0.25,0.0,0.0,0.5,0.0,0.5,1.0,0.0,0.0007342677159829512,0.0,0.0008532423208191159,0.00024996344895833467,0.0,7.170190539540292e-5,0.002228826151560178,0.0007429420505200594
812760079116206081,27,2,0,2,2,0,2,0,0,0,2.0,0.0,2.0,2.0,0.0,2.0,0.0,0.0,0.0,1.0,0.0,1.0,0.0,0,0,2,5.0,0.0,4.0,3,1,130,0.0,4.7931745194842545e-5,0.0,0.0,0.5,0.25,0.0,0.0,0.5,0.0,0.5,1.0,0.0,0.0007342677159829512,0.0,0.0008532423208191159,0.00024996344895833467,0.0,7.170190539540292e-5,0.002228826151560178,0.0007429420505200594
1495278824182923267,27,2,0,2,2,0,2,0,0,0,2.0,0.0,2.0,2.0,0.0,2.0,0.0,0.0,0.0,1.0,0.0,1.0,0.0,0,0,2,5.0,0.0,4.0,3,1,130,0.0,4.7931745194842545e-5,0.0,0.0,0.5,0.25,0.0,0.0,0.5,0.0,0.5,1.0,0.0,0.0007342677159829512,0.0,0.0008532423208191159,0.00024996344895833467,0.0,7.170190539540292e-5,0.002228826151560178,0.0007429420505200594
1285816680011173888,27,2,0,2,2,0,2,0,0,0,2.0,0.0,2.0,2.0,0.0,2.0,0.0,0.0,0.0,1.0,0.0,1.0,0.0,0,0,2,5.0,0.0,4.0,3,1,130,0.0,4.7931745194842545e-5,0.0,0.0,0.5,0.25,0.0,0.0,0.5,0.0,0.5,1.0,0.0,0.0007342677159829512,0.0,0.0008532423208191159,0.00024996344895833467,0.0,7.170190539540292e-5,0.002228826151560178,0.0007429420505200594
1364374610922323972,27,2,0,2,2,0,2,0,0,0,2.0,0.0,2.0,2.0,0.0,2.0,0.0,0.0,0.0,1.0,0.0,1.0,0.0,0,0,2,5.0,0.0,4.0,3,1,130,0.0,4.7931745194842545e-5,0.0,0.0,0.5,0.25,0.0,0.0,0.5,0.0,0.5,1.0,0.0,0.0007342677159829512,0.0,0.0008532423208191159,0.00024996344895833467,0.0,7.170190539540292e-5,0.002228826151560178,0.0007429420505200594
127911494,27,2,0,2,2,0,2,0,0,0,2.0,0.0,2.0,2.0,0.0,2.0,0.0,0.0,0.0,1.0,0.0,1.0,0.0,0,0,2,5.0,0.0,4.0,3,1,130,0.0,4.7931745194842545e-5,0.0,0.0,0.5,0.25,0.0,0.0,0.5,0.0,0.5,1.0,0.0,0.0007342677159829512,0.0,0.0008532423208191159,0.00024996344895833467,0.0,7.170190539540292e-5,0.002228826151560178,0.0007429420505200594
3057759609,27,2,0,2,2,0,2,0,0,0,2.0,0.0,2.0,2.0,0.0,2.0,0.0,0.0,0.0,1.0,0.0,1.0,0.0,0,0,2,5.0,0.0,4.0,3,1,130,0.0,4.7931745194842545e-5,0.0,0.0,0.5,0.25,0.0,0.0,0.5,0.0,0.5,1.0,0.0,0.0007342677159829512,0.0,0.0008532423208191159,0.00024996344895833467,0.0,7.170190539540292e-5,0.002228826151560178,0.0007429420505200594
241580381,27,2,0,2,2,0,2,0,0,0,2.0,0.0,2.0,2.0,0.0,2.0,0.0,0.0,0.0,1.0,0.0,1.0,0.0,0,0,2,5.0,0.0,4.0,3,1,130,0.0,4.7931745194842545e-5,0.0,0.0,0.5,0.25,0.0,0.0,0.5,0.0,0.5,1.0,0.0,0.0007342677159829512,0.0,0.0008532423208191159,0.00024996344895833467,0.0,7.170190539540292e-5,0.002228826151560178,0.0007429420505200594
940361293701287938,27,2,0,2,2,0,2,0,0,0,2.0,0.0,2.0,2.0,0.0,2.0,0.0,0.0,0.0,1.0,0.0,1.0,0.0,0,0,2,5.0,0.0,4.0,3,1,130,0.0,4.7931745194842545e-5,0.0,0.0,0.5,0.25,0.0,0.0,0.5,0.0,0.5,1.0,0.0,0.0007342677159829512,0.0,0.0008532423208191159,0.00024996344895833467,0.0,7.170190539540292e-5,0.002228826151560178,0.0007429420505200594
2429023207,27,2,0,2,2,0,2,0,0,0,2.0,0.0,2.0,2.0,0.0,2.0,0.0,0.0,0.0,1.0,0.0,1.0,0.0,0,0,2,5.0,0.0,4.0,3,1,130,0.0,4.7931745194842545e-5,0.0,0.0,0.5,0.25,0.0,0.0,0.5,0.0,0.5,1.0,0.0,0.0007342677159829512,0.0,0.0008532423208191159,0.00024996344895833467,0.0,7.170190539540292e-5,0.002228826151560178,0.0007429420505200594
4604350872,27,2,0,2,2,0,2,0,0,0,2.0,0.0,2.0,2.0,0.0,2.0,0.0,0.0,0.0,1.0,0.0,1.0,0.0,0,0,2,5.0,0.0,4.0,3,1,130,0.0,4.7931745194842545e-5,0.0,0.0,0.5,0.25,0.0,0.0,0.5,0.0,0.5,1.0,0.0,0.0007342677159829512,0.0,0.0008532423208191159,0.00024996344895833467,0.0,7.170190539540292e-5,0.002228826151560178,0.0007429420505200594
1029663452372058112,27,2,0,2,2,0,2,0,0,0,2.0,0.0,2.0,2.0,0.0,2.0,0.0,0.0,0.0,1.0,0.0,1.0,0.0,0,0,2,5.0,0.0,4.0,3,1,130,0.0,4.7931745194842545e-5,0.0,0.0,0.5,0.25,0.0,0.0,0.5,0.0,0.5,1.0,0.0,0.0007342677159829512,0.0,0.0008532423208191159,0.00024996344895833467,0.0,7.170190539540292e-5,0.002228826151560178,0.0007429420505200594
330414774,27,2,0,2,2,0,2,0,0,0,2.0,0.0,2.0,2.0,0.0,2.0,0.0,0.0,0.0,1.0,0.0,1.0,0.0,0,0,2,5.0,0.0,4.0,3,1,130,0.0,4.7931745194842545e-5,0.0,0.0,0.5,0.25,0.0,0.0,0.5,0.0,0.5,1.0,0.0,0.0007342677159829512,0.0,0.0008532423208191159,0.00024996344895833467,0.0,7.170190539540292e-5,0.002228826151560178,0.0007429420505200594
1301116544513007622,27,2,0,2,2,0,2,0,0,0,2.0,0.0,2.0,2.0,0.0,2.0,0.0,0.0,0.0,1.0,0.0,1.0,0.0,0,0,2,5.0,0.0,4.0,3,1,130,0.0,4.7931745194842545e-5,0.0,0.0,0.5,0.25,0.0,0.0,0.5,0.0,0.5,1.0,0.0,0.0007342677159829512,0.0,0.0008532423208191159,0.00024996344895833467,0.0,7.170190539540292e-5,0.002228826151560178,0.0007429420505200594
1293603924834885635,27,2,0,2,2,0,2,0,0,0,2.0,0.0,2.0,2.0,0.0,2.0,0.0,0.0,0.0,1.0,0.0,1.0,0.0,0,0,2,5.0,0.0,4.0,3,1,130,0.0,4.7931745194842545e-5,0.0,0.0,0.5,0.25,0.0,0.0,0.5,0.0,0.5,1.0,0.0,0.0007342677159829512,0.0,0.0008532423208191159,0.00024996344895833467,0.0,7.170190539540292e-5,0.002228826151560178,0.0007429420505200594
472092482,27,2,0,2,2,0,2,0,0,0,2.0,0.0,2.0,2.0,0.0,2.0,0.0,0.0,0.0,1.0,0.0,1.0,0.0,0,0,2,5.0,0.0,4.0,3,1,130,0.0,4.7931745194842545e-5,0.0,0.0,0.5,0.25,0.0,0.0,0.5,0.0,0.5,1.0,0.0,0.0007342677159829512,0.0,0.0008532423208191159,0.00024996344895833467,0.0,7.170190539540292e-5,0.002228826151560178,0.0007429420505200594
45184617,27,2,0,2,2,0,2,0,0,0,2.0,0.0,2.0,2.0,0.0,2.0,0.0,0.0,0.0,1.0,0.0,1.0,0.0,0,0,2,5.0,0.0,4.0,3,1,130,0.0,4.7931745194842545e-5,0.0,0.0,0.5,0.25,0.0,0.0,0.5,0.0,0.5,1.0,0.0,0.0007342677159829512,0.0,0.0008532423208191159,0.00024996344895833467,0.0,7.170190539540292e-5,0.002228826151560178,0.0007429420505200594
148208800,27,2,0,2,2,0,2,0,0,0,2.0,0.0,2.0,2.0,0.0,2.0,0.0,0.0,0.0,1.0,0.0,1.0,0.0,0,0,2,5.0,0.0,4.0,3,1,130,0.0,4.7931745194842545e-5,0.0,0.0,0.5,0.25,0.0,0.0,0.5,0.0,0.5,1.0,0.0,0.0007342677159829512,0.0,0.0008532423208191159,0.00024996344895833467,0.0,7.170190539540292e-5,0.002228826151560178,0.0007429420505200594
799096424927367168,27,2,0,2,2,0,2,0,0,0,2.0,0.0,2.0,2.0,0.0,2.0,0.0,0.0,0.0,1.0,0.0,1.0,0.0,0,0,2,5.0,0.0,4.0,3,1,130,0.0,4.7931745194842545e-5,0.0,0.0,0.5,0.25,0.0,0.0,0.5,0.0,0.5,1.0,0.0,0.0007342677159829512,0.0,0.0008532423208191159,0.00024996344895833467,0.0,7.170190539540292e-5,0.002228826151560178,0.0007429420505200594
1506824648192933893,27,2,0,2,2,0,2,0,0,0,2.0,0.0,2.0,2.0,0.0,2.0,0.0,0.0,0.0,1.0,0.0,1.0,0.0,0,0,2,5.0,0.0,4.0,3,1,130,0.0,4.7931745194842545e-5,0.0,0.0,0.5,0.25,0.0,0.0,0.5,0.0,0.5,1.0,0.0,0.0007342677159829512,0.0,0.0008532423208191159,0.00024996344895833467,0.0,7.170190539540292e-5,0.002228826151560178,0.0007429420505200594
307214153,27,2,0,2,2,0,2,0,0,0,2.0,0.0,2.0,2.0,0.0,2.0,0.0,0.0,0.0,1.0,0.0,1.0,0.0,0,0,2,5.0,0.0,4.0,3,1,130,0.0,4.7931745194842545e-5,0.0,0.0,0.5,0.25,0.0,0.0,0.5,0.0,0.5,1.0,0.0,0.0007342677159829512,0.0,0.0008532423208191159,0.00024996344895833467,0.0,7.170190539540292e-5,0.002228826151560178,0.0007429420505200594
1434807667793424385,27,2,0,2,2,0,2,0,0,0,2.0,0.0,2.0,2.0,0.0,2.0,0.0,0.0,0.0,1.0,0.0,1.0,0.0,0,0,2,5.0,0.0,4.0,3,1,130,0.0,4.7931745194842545e-5,0.0,0.0,0.5,0.25,0.0,0.0,0.5,0.0,0.5,1.0,0.0,0.0007342677159829512,0.0,0.0008532423208191159,0.00024996344895833467,0.0,7.170190539540292e-5,0.002228826151560178,0.0007429420505200594
1272863244739198977,27,2,0,2,2,0,2,0,0,0,2.0,0.0,2.0,2.0,0.0,2.0,0.0,0.0,0.0,1.0,0.0,1.0,0.0,0,0,2,5.0,0.0,4.0,3,1,130,0.0,4.7931745194842545e-5,0.0,0.0,0.5,0.25,0.0,0.0,0.5,0.0,0.5,1.0,0.0,0.0007342677159829512,0.0,0.0008532423208191159,0.00024996344895833467,0.0,7.170190539540292e-5,0.002228826151560178,0.0007429420505200594
1444719585673023493,27,2,0,2,2,0,2,0,0,0,2.0,0.0,2.0,2.0,0.0,2.0,0.0,0.0,0.0,1.0,0.0,1.0,0.0,0,0,2,5.0,0.0,4.0,3,1,130,0.0,4.7931745194842545e-5,0.0,0.0,0.5,0.25,0.0,0.0,0.5,0.0,0.5,1.0,0.0,0.0007342677159829512,0.0,0.0008532423208191159,0.00024996344895833467,0.0,7.170190539540292e-5,0.002228826151560178,0.0007429420505200594
208366291,27,2,0,2,2,0,2,0,0,0,2.0,0.0,2.0,2.0,0.0,2.0,0.0,0.0,0.0,1.0,0.0,1.0,0.0,0,0,2,5.0,0.0,4.0,3,1,130,0.0,4.7931745194842545e-5,0.0,0.0,0.5,0.25,0.0,0.0,0.5,0.0,0.5,1.0,0.0,0.0007342677159829512,0.0,0.0008532423208191159,0.00024996344895833467,0.0,7.170190539540292e-5,0.002228826151560178,0.0007429420505200594
250684785,27,2,0,2,2,0,2,0,0,0,2.0,0.0,2.0,2.0,0.0,2.0,0.0,0.0,0.0,1.0,0.0,1.0,0.0,0,0,2,5.0,0.0,4.0,3,1,130,0.0,4.7931745194842545e-5,0.0,0.0,0.5,0.25,0.0,0.0,0.5,0.0,0.5,1.0,0.0,0.0007342677159829512,0.0,0.0008532423208191159,0.00024996344895833467,0.0,7.170190539540292e-5,0.002228826151560178,0.0007429420505200594
2158855397,27,2,0,2,2,0,2,0,0,0,2.0,0.0,2.0,2.0,0.0,2.0,0.0,0.0,0.0,1.0,0.0,1.0,0.0,0,0,2,5.0,0.0,4.0,3,1,130,0.0,4.7931745194842545e-5,0.0,0.0,0.5,0.25,0.0,0.0,0.5,0.0,0.5,1.0,0.0,0.0007342677159829512,0.0,0.0008532423208191159,0.00024996344895833467,0.0,7.170190539540292e-5,0.002228826151560178,0.0007429420505200594
1389517324823277568,27,2,0,2,2,0,2,0,0,0,2.0,0.0,2.0,2.0,0.0,2.0,0.0,0.0,0.0,1.0,0.0,1.0,0.0,0,0,2,5.0,0.0,4.0,3,1,130,0.0,4.7931745194842545e-5,0.0,0.0,0.5,0.25,0.0,0.0,0.5,0.0,0.5,1.0,0.0,0.0007342677159829512,0.0,0.0008532423208191159,0.00024996344895833467,0.0,7.170190539540292e-5,0.002228826151560178,0.0007429420505200594
4824127323,27,2,0,2,2,0,2,0,0,0,2.0,0.0,2.0,2.0,0.0,2.0,0.0,0.0,0.0,1.0,0.0,1.0,0.0,0,0,2,5.0,0.0,4.0,3,1,130,0.0,4.7931745194842545e-5,0.0,0.0,0.5,0.25,0.0,0.0,0.5,0.0,0.5,1.0,0.0,0.0007342677159829512,0.0,0.0008532423208191159,0.00024996344895833467,0.0,7.170190539540292e-5,0.002228826151560178,0.0007429420505200594
1084440330806521858,27,2,0,2,2,0,2,0,0,0,2.0,0.0,2.0,2.0,0.0,2.0,0.0,0.0,0.0,1.0,0.0,1.0,0.0,0,0,2,5.0,0.0,4.0,3,1,130,0.0,4.7931745194842545e-5,0.0,0.0,0.5,0.25,0.0,0.0,0.5,0.0,0.5,1.0,0.0,0.0007342677159829512,0.0,0.0008532423208191159,0.00024996344895833467,0.0,7.170190539540292e-5,0.002228826151560178,0.0007429420505200594
1398532436,27,2,0,2,2,0,2,0,0,0,2.0,0.0,2.0,2.0,0.0,2.0,0.0,0.0,0.0,1.0,0.0,1.0,0.0,0,0,2,5.0,0.0,4.0,3,1,130,0.0,4.7931745194842545e-5,0.0,0.0,0.5,0.25,0.0,0.0,0.5,0.0,0.5,1.0,0.0,0.0007342677159829512,0.0,0.0008532423208191159,0.00024996344895833467,0.0,7.170190539540292e-5,0.002228826151560178,0.0007429420505200594
1474566176,27,2,0,2,2,0,2,0,0,0,2.0,0.0,2.0,2.0,0.0,2.0,0.0,0.0,0.0,1.0,0.0,1.0,0.0,0,0,2,5.0,0.0,4.0,3,1,130,0.0,4.7931745194842545e-5,0.0,0.0,0.5,0.25,0.0,0.0,0.5,0.0,0.5,1.0,0.0,0.0007342677159829512,0.0,0.0008532423208191159,0.00024996344895833467,0.0,7.170190539540292e-5,0.002228826151560178,0.0007429420505200594
1157440529304604678,27,2,0,2,2,0,2,0,0,0,2.0,0.0,2.0,2.0,0.0,2.0,0.0,0.0,0.0,1.0,0.0,1.0,0.0,0,0,2,5.0,0.0,4.0,3,1,130,0.0,4.7931745194842545e-5,0.0,0.0,0.5,0.25,0.0,0.0,0.5,0.0,0.5,1.0,0.0,0.0007342677159829512,0.0,0.0008532423208191159,0.00024996344895833467,0.0,7.170190539540292e-5,0.002228826151560178,0.0007429420505200594
120403022,27,2,0,2,2,0,2,0,0,0,2.0,0.0,2.0,2.0,0.0,2.0,0.0,0.0,0.0,1.0,0.0,1.0,0.0,0,0,2,5.0,0.0,4.0,3,1,130,0.0,4.7931745194842545e-5,0.0,0.0,0.5,0.25,0.0,0.0,0.5,0.0,0.5,1.0,0.0,0.0007342677159829512,0.0,0.0008532423208191159,0.00024996344895833467,0.0,7.170190539540292e-5,0.002228826151560178,0.0007429420505200594
1464582321533767695,27,2,0,2,2,0,2,0,0,0,2.0,0.0,2.0,2.0,0.0,2.0,0.0,0.0,0.0,1.0,0.0,1.0,0.0,0,0,2,5.0,0.0,4.0,3,1,130,0.0,4.7931745194842545e-5,0.0,0.0,0.5,0.25,0.0,0.0,0.5,0.0,0.5,1.0,0.0,0.0007342677159829512,0.0,0.0008532423208191159,0.00024996344895833467,0.0,7.170190539540292e-5,0.002228826151560178,0.0007429420505200594
204661628,27,2,0,2,2,0,2,0,0,0,2.0,0.0,2.0,2.0,0.0,2.0,0.0,0.0,0.0,1.0,0.0,1.0,0.0,0,0,2,5.0,0.0,4.0,3,1,130,0.0,4.7931745194842545e-5,0.0,0.0,0.5,0.25,0.0,0.0,0.5,0.0,0.5,1.0,0.0,0.0007342677159829512,0.0,0.0008532423208191159,0.00024996344895833467,0.0,7.170190539540292e-5,0.002228826151560178,0.0007429420505200594
1262965547412738048,27,2,0,2,2,0,2,0,0,0,2.0,0.0,2.0,2.0,0.0,2.0,0.0,0.0,0.0,1.0,0.0,1.0,0.0,0,0,2,5.0,0.0,4.0,3,1,130,0.0,4.7931745194842545e-5,0.0,0.0,0.5,0.25,0.0,0.0,0.5,0.0,0.5,1.0,0.0,0.0007342677159829512,0.0,0.0008532423208191159,0.00024996344895833467,0.0,7.170190539540292e-5,0.002228826151560178,0.0007429420505200594
49330590,27,2,0,2,2,0,2,0,0,0,2.0,0.0,2.0,2.0,0.0,2.0,0.0,0.0,0.0,1.0,0.0,1.0,0.0,0,0,2,5.0,0.0,4.0,3,1,130,0.0,4.7931745194842545e-5,0.0,0.0,0.5,0.25,0.0,0.0,0.5,0.0,0.5,1.0,0.0,0.0007342677159829512,0.0,0.0008532423208191159,0.00024996344895833467,0.0,7.170190539540292e-5,0.002228826151560178,0.0007429420505200594
905429012075315200,27,2,0,2,2,0,2,0,0,0,2.0,0.0,2.0,2.0,0.0,2.0,0.0,0.0,0.0,1.0,0.0,1.0,0.0,0,0,2,5.0,0.0,4.0,3,1,130,0.0,4.7931745194842545e-5,0.0,0.0,0.5,0.25,0.0,0.0,0.5,0.0,0.5,1.0,0.0,0.0007342677159829512,0.0,0.0008532423208191159,0.00024996344895833467,0.0,7.170190539540292e-5,0.002228826151560178,0.0007429420505200594
1446422907840651269,27,2,0,2,2,0,2,0,0,0,2.0,0.0,2.0,2.0,0.0,2.0,0.0,0.0,0.0,1.0,0.0,1.0,0.0,0,0,2,5.0,0.0,4.0,3,1,130,0.0,4.7931745194842545e-5,0.0,0.0,0.5,0.25,0.0,0.0,0.5,0.0,0.5,1.0,0.0,0.0007342677159829512,0.0,0.0008532423208191159,0.00024996344895833467,0.0,7.170190539540292e-5,0.002228826151560178,0.0007429420505200594
41766933,27,2,0,2,2,0,2,0,0,0,2.0,0.0,2.0,2.0,0.0,2.0,0.0,0.0,0.0,1.0,0.0,1.0,0.0,0,0,2,5.0,0.0,4.0,3,1,130,0.0,4.7931745194842545e-5,0.0,0.0,0.5,0.25,0.0,0.0,0.5,0.0,0.5,1.0,0.0,0.0007342677159829512,0.0,0.0008532423208191159,0.00024996344895833467,0.0,7.170190539540292e-5,0.002228826151560178,0.0007429420505200594
555465800,27,2,0,2,2,0,2,0,0,0,2.0,0.0,2.0,2.0,0.0,2.0,0.0,0.0,0.0,1.0,0.0,1.0,0.0,0,0,2,5.0,0.0,4.0,3,1,130,0.0,4.7931745194842545e-5,0.0,0.0,0.5,0.25,0.0,0.0,0.5,0.0,0.5,1.0,0.0,0.0007342677159829512,0.0,0.0008532423208191159,0.00024996344895833467,0.0,7.170190539540292e-5,0.002228826151560178,0.0007429420505200594
1156761839876935681,27,2,0,2,2,0,2,0,0,0,2.0,0.0,2.0,2.0,0.0,2.0,0.0,0.0,0.0,1.0,0.0,1.0,0.0,0,0,2,5.0,0.0,4.0,3,1,130,0.0,4.7931745194842545e-5,0.0,0.0,0.5,0.25,0.0,0.0,0.5,0.0,0.5,1.0,0.0,0.0007342677159829512,0.0,0.0008532423208191159,0.00024996344895833467,0.0,7.170190539540292e-5,0.002228826151560178,0.0007429420505200594
1455053718680838145,27,2,0,2,2,0,2,0,0,0,2.0,0.0,2.0,2.0,0.0,2.0,0.0,0.0,0.0,1.0,0.0,1.0,0.0,0,0,2,5.0,0.0,4.0,3,1,130,0.0,4.7931745194842545e-5,0.0,0.0,0.5,0.25,0.0,0.0,0.5,0.0,0.5,1.0,0.0,0.0007342677159829512,0.0,0.0008532423208191159,0.00024996344895833467,0.0,7.170190539540292e-5,0.002228826151560178,0.0007429420505200594
876632298166341632,27,2,0,2,2,0,2,0,0,0,2.0,0.0,2.0,2.0,0.0,2.0,0.0,0.0,0.0,1.0,0.0,1.0,0.0,0,0,2,5.0,0.0,4.0,3,1,130,0.0,4.7931745194842545e-5,0.0,0.0,0.5,0.25,0.0,0.0,0.5,0.0,0.5,1.0,0.0,0.0007342677159829512,0.0,0.0008532423208191159,0.00024996344895833467,0.0,7.170190539540292e-5,0.002228826151560178,0.0007429420505200594
3330362494,27,2,0,2,2,0,2,0,0,0,2.0,0.0,2.0,2.0,0.0,2.0,0.0,0.0,0.0,1.0,0.0,1.0,0.0,0,0,2,5.0,0.0,4.0,3,1,130,0.0,4.7931745194842545e-5,0.0,0.0,0.5,0.25,0.0,0.0,0.5,0.0,0.5,1.0,0.0,0.0007342677159829512,0.0,0.0008532423208191159,0.00024996344895833467,0.0,7.170190539540292e-5,0.002228826151560178,0.0007429420505200594
3224252246,27,2,0,2,2,0,2,0,0,0,2.0,0.0,2.0,2.0,0.0,2.0,0.0,0.0,0.0,1.0,0.0,1.0,0.0,0,0,2,5.0,0.0,4.0,3,1,130,0.0,4.7931745194842545e-5,0.0,0.0,0.5,0.25,0.0,0.0,0.5,0.0,0.5,1.0,0.0,0.0007342677159829512,0.0,0.0008532423208191159,0.00024996344895833467,0.0,7.170190539540292e-5,0.002228826151560178,0.0007429420505200594
1400973042487115777,27,2,0,2,2,0,2,0,0,0,2.0,0.0,2.0,2.0,0.0,2.0,0.0,0.0,0.0,1.0,0.0,1.0,0.0,0,0,2,5.0,0.0,4.0,3,1,130,0.0,4.7931745194842545e-5,0.0,0.0,0.5,0.25,0.0,0.0,0.5,0.0,0.5,1.0,0.0,0.0007342677159829512,0.0,0.0008532423208191159,0.00024996344895833467,0.0,7.170190539540292e-5,0.002228826151560178,0.0007429420505200594
876754004,27,2,0,2,2,0,2,0,0,0,2.0,0.0,2.0,2.0,0.0,2.0,0.0,0.0,0.0,1.0,0.0,1.0,0.0,0,0,2,5.0,0.0,4.0,3,1,130,0.0,4.7931745194842545e-5,0.0,0.0,0.5,0.25,0.0,0.0,0.5,0.0,0.5,1.0,0.0,0.0007342677159829512,0.0,0.0008532423208191159,0.00024996344895833467,0.0,7.170190539540292e-5,0.002228826151560178,0.0007429420505200594
19644337,27,2,0,2,2,0,2,0,0,0,2.0,0.0,2.0,2.0,0.0,2.0,0.0,0.0,0.0,1.0,0.0,1.0,0.0,0,0,2,5.0,0.0,4.0,3,1,130,0.0,4.7931745194842545e-5,0.0,0.0,0.5,0.25,0.0,0.0,0.5,0.0,0.5,1.0,0.0,0.0007342677159829512,0.0,0.0008532423208191159,0.00024996344895833467,0.0,7.170190539540292e-5,0.002228826151560178,0.0007429420505200594
865317470,27,2,0,2,2,0,2,0,0,0,2.0,0.0,2.0,2.0,0.0,2.0,0.0,0.0,0.0,1.0,0.0,1.0,0.0,0,0,2,5.0,0.0,4.0,3,1,130,0.0,4.7931745194842545e-5,0.0,0.0,0.5,0.25,0.0,0.0,0.5,0.0,0.5,1.0,0.0,0.0007342677159829512,0.0,0.0008532423208191159,0.00024996344895833467,0.0,7.170190539540292e-5,0.002228826151560178,0.0007429420505200594
83294661,27,2,0,2,2,0,2,0,0,0,2.0,0.0,2.0,2.0,0.0,2.0,0.0,0.0,0.0,1.0,0.0,1.0,0.0,0,0,2,5.0,0.0,4.0,3,1,130,0.0,4.7931745194842545e-5,0.0,0.0,0.5,0.25,0.0,0.0,0.5,0.0,0.5,1.0,0.0,0.0007342677159829512,0.0,0.0008532423208191159,0.00024996344895833467,0.0,7.170190539540292e-5,0.002228826151560178,0.0007429420505200594
14219103,27,2,0,2,2,0,2,0,0,0,2.0,0.0,2.0,2.0,0.0,2.0,0.0,0.0,0.0,1.0,0.0,1.0,0.0,0,0,2,5.0,0.0,4.0,3,1,130,0.0,4.7931745194842545e-5,0.0,0.0,0.5,0.25,0.0,0.0,0.5,0.0,0.5,1.0,0.0,0.0007342677159829512,0.0,0.0008532423208191159,0.00024996344895833467,0.0,7.170190539540292e-5,0.002228826151560178,0.0007429420505200594
31212830,27,2,0,2,2,0,2,0,0,0,2.0,0.0,2.0,2.0,0.0,2.0,0.0,0.0,0.0,1.0,0.0,1.0,0.0,0,0,2,5.0,0.0,4.0,3,1,130,0.0,4.7931745194842545e-5,0.0,0.0,0.5,0.25,0.0,0.0,0.5,0.0,0.5,1.0,0.0,0.0007342677159829512,0.0,0.0008532423208191159,0.00024996344895833467,0.0,7.170190539540292e-5,0.002228826151560178,0.0007429420505200594
987881405911887873,27,2,0,2,2,0,2,0,0,0,2.0,0.0,2.0,2.0,0.0,2.0,0.0,0.0,0.0,1.0,0.0,1.0,0.0,0,0,2,5.0,0.0,4.0,3,1,130,0.0,4.7931745194842545e-5,0.0,0.0,0.5,0.25,0.0,0.0,0.5,0.0,0.5,1.0,0.0,0.0007342677159829512,0.0,0.0008532423208191159,0.00024996344895833467,0.0,7.170190539540292e-5,0.002228826151560178,0.0007429420505200594
1161930318594445312,27,2,0,2,2,0,2,0,0,0,2.0,0.0,2.0,2.0,0.0,2.0,0.0,0.0,0.0,1.0,0.0,1.0,0.0,0,0,2,5.0,0.0,4.0,3,1,130,0.0,4.7931745194842545e-5,0.0,0.0,0.5,0.25,0.0,0.0,0.5,0.0,0.5,1.0,0.0,0.0007342677159829512,0.0,0.0008532423208191159,0.00024996344895833467,0.0,7.170190539540292e-5,0.002228826151560178,0.0007429420505200594
104664862,27,2,0,2,2,0,2,0,0,0,2.0,0.0,2.0,2.0,0.0,2.0,0.0,0.0,0.0,1.0,0.0,1.0,0.0,0,0,2,5.0,0.0,4.0,3,1,130,0.0,4.7931745194842545e-5,0.0,0.0,0.5,0.25,0.0,0.0,0.5,0.0,0.5,1.0,0.0,0.0007342677159829512,0.0,0.0008532423208191159,0.00024996344895833467,0.0,7.170190539540292e-5,0.002228826151560178,0.0007429420505200594
1422174968045965312,27,2,0,2,2,0,2,0,0,0,2.0,0.0,2.0,2.0,0.0,2.0,0.0,0.0,0.0,1.0,0.0,1.0,0.0,0,0,2,5.0,0.0,4.0,3,1,130,0.0,4.7931745194842545e-5,0.0,0.0,0.5,0.25,0.0,0.0,0.5,0.0,0.5,1.0,0.0,0.0007342677159829512,0.0,0.0008532423208191159,0.00024996344895833467,0.0,7.170190539540292e-5,0.002228826151560178,0.0007429420505200594
488373285,27,2,0,2,2,0,2,0,0,0,2.0,0.0,2.0,2.0,0.0,2.0,0.0,0.0,0.0,1.0,0.0,1.0,0.0,0,0,2,5.0,0.0,4.0,3,1,130,0.0,4.7931745194842545e-5,0.0,0.0,0.5,0.25,0.0,0.0,0.5,0.0,0.5,1.0,0.0,0.0007342677159829512,0.0,0.0008532423208191159,0.00024996344895833467,0.0,7.170190539540292e-5,0.002228826151560178,0.0007429420505200594
1107143226664910849,27,2,0,2,2,0,2,0,0,0,2.0,0.0,2.0,2.0,0.0,2.0,0.0,0.0,0.0,1.0,0.0,1.0,0.0,0,0,2,5.0,0.0,4.0,3,1,130,0.0,4.7931745194842545e-5,0.0,0.0,0.5,0.25,0.0,0.0,0.5,0.0,0.5,1.0,0.0,0.0007342677159829512,0.0,0.0008532423208191159,0.00024996344895833467,0.0,7.170190539540292e-5,0.002228826151560178,0.0007429420505200594
1442939824558718976,27,2,0,2,2,0,2,0,0,0,2.0,0.0,2.0,2.0,0.0,2.0,0.0,0.0,0.0,1.0,0.0,1.0,0.0,0,0,2,5.0,0.0,4.0,3,1,130,0.0,4.7931745194842545e-5,0.0,0.0,0.5,0.25,0.0,0.0,0.5,0.0,0.5,1.0,0.0,0.0007342677159829512,0.0,0.0008532423208191159,0.00024996344895833467,0.0,7.170190539540292e-5,0.002228826151560178,0.0007429420505200594
1268049341941534723,27,2,0,2,2,0,2,0,0,0,2.0,0.0,2.0,2.0,0.0,2.0,0.0,0.0,0.0,1.0,0.0,1.0,0.0,0,0,2,5.0,0.0,4.0,3,1,130,0.0,4.7931745194842545e-5,0.0,0.0,0.5,0.25,0.0,0.0,0.5,0.0,0.5,1.0,0.0,0.0007342677159829512,0.0,0.0008532423208191159,0.00024996344895833467,0.0,7.170190539540292e-5,0.002228826151560178,0.0007429420505200594
41533816,27,2,0,2,2,0,2,0,0,0,2.0,0.0,2.0,2.0,0.0,2.0,0.0,0.0,0.0,1.0,0.0,1.0,0.0,0,0,2,5.0,0.0,4.0,3,1,130,0.0,4.7931745194842545e-5,0.0,0.0,0.5,0.25,0.0,0.0,0.5,0.0,0.5,1.0,0.0,0.0007342677159829512,0.0,0.0008532423208191159,0.00024996344895833467,0.0,7.170190539540292e-5,0.002228826151560178,0.0007429420505200594
3150913182,27,2,0,2,2,0,2,0,0,0,2.0,0.0,2.0,2.0,0.0,2.0,0.0,0.0,0.0,1.0,0.0,1.0,0.0,0,0,2,5.0,0.0,4.0,3,1,130,0.0,4.7931745194842545e-5,0.0,0.0,0.5,0.25,0.0,0.0,0.5,0.0,0.5,1.0,0.0,0.0007342677159829512,0.0,0.0008532423208191159,0.00024996344895833467,0.0,7.170190539540292e-5,0.002228826151560178,0.0007429420505200594
706560632343171072,27,2,0,2,2,0,2,0,0,0,2.0,0.0,2.0,2.0,0.0,2.0,0.0,0.0,0.0,1.0,0.0,1.0,0.0,0,0,2,5.0,0.0,4.0,3,1,130,0.0,4.7931745194842545e-5,0.0,0.0,0.5,0.25,0.0,0.0,0.5,0.0,0.5,1.0,0.0,0.0007342677159829512,0.0,0.0008532423208191159,0.00024996344895833467,0.0,7.170190539540292e-5,0.002228826151560178,0.0007429420505200594
1694002507,27,2,0,2,2,0,2,0,0,0,2.0,0.0,2.0,2.0,0.0,2.0,0.0,0.0,0.0,1.0,0.0,1.0,0.0,0,0,2,5.0,0.0,4.0,3,1,130,0.0,4.7931745194842545e-5,0.0,0.0,0.5,0.25,0.0,0.0,0.5,0.0,0.5,1.0,0.0,0.0007342677159829512,0.0,0.0008532423208191159,0.00024996344895833467,0.0,7.170190539540292e-5,0.002228826151560178,0.0007429420505200594
1463204076934479873,27,2,0,2,2,0,2,0,0,0,2.0,0.0,2.0,2.0,0.0,2.0,0.0,0.0,0.0,1.0,0.0,1.0,0.0,0,0,2,5.0,0.0,4.0,3,1,130,0.0,4.7931745194842545e-5,0.0,0.0,0.5,0.25,0.0,0.0,0.5,0.0,0.5,1.0,0.0,0.0007342677159829512,0.0,0.0008532423208191159,0.00024996344895833467,0.0,7.170190539540292e-5,0.002228826151560178,0.0007429420505200594
335996055,27,2,0,2,2,0,2,0,0,0,2.0,0.0,2.0,2.0,0.0,2.0,0.0,0.0,0.0,1.0,0.0,1.0,0.0,0,0,2,5.0,0.0,4.0,3,1,130,0.0,4.7931745194842545e-5,0.0,0.0,0.5,0.25,0.0,0.0,0.5,0.0,0.5,1.0,0.0,0.0007342677159829512,0.0,0.0008532423208191159,0.00024996344895833467,0.0,7.170190539540292e-5,0.002228826151560178,0.0007429420505200594
1206591791576862723,27,2,0,2,2,0,2,0,0,0,2.0,0.0,2.0,2.0,0.0,2.0,0.0,0.0,0.0,1.0,0.0,1.0,0.0,0,0,2,5.0,0.0,4.0,3,1,130,0.0,4.7931745194842545e-5,0.0,0.0,0.5,0.25,0.0,0.0,0.5,0.0,0.5,1.0,0.0,0.0007342677159829512,0.0,0.0008532423208191159,0.00024996344895833467,0.0,7.170190539540292e-5,0.002228826151560178,0.0007429420505200594
28834750,27,2,0,2,2,0,2,0,0,0,2.0,0.0,2.0,2.0,0.0,2.0,0.0,0.0,0.0,1.0,0.0,1.0,0.0,0,0,2,5.0,0.0,4.0,3,1,130,0.0,4.7931745194842545e-5,0.0,0.0,0.5,0.25,0.0,0.0,0.5,0.0,0.5,1.0,0.0,0.0007342677159829512,0.0,0.0008532423208191159,0.00024996344895833467,0.0,7.170190539540292e-5,0.002228826151560178,0.0007429420505200594
1309646195585941505,27,2,0,2,2,0,2,0,0,0,2.0,0.0,2.0,2.0,0.0,2.0,0.0,0.0,0.0,1.0,0.0,1.0,0.0,0,0,2,5.0,0.0,4.0,3,1,130,0.0,4.7931745194842545e-5,0.0,0.0,0.5,0.25,0.0,0.0,0.5,0.0,0.5,1.0,0.0,0.0007342677159829512,0.0,0.0008532423208191159,0.00024996344895833467,0.0,7.170190539540292e-5,0.002228826151560178,0.0007429420505200594
1446763412650741762,27,2,0,2,2,0,2,0,0,0,2.0,0.0,2.0,2.0,0.0,2.0,0.0,0.0,0.0,1.0,0.0,1.0,0.0,0,0,2,5.0,0.0,4.0,3,1,130,0.0,4.7931745194842545e-5,0.0,0.0,0.5,0.25,0.0,0.0,0.5,0.0,0.5,1.0,0.0,0.0007342677159829512,0.0,0.0008532423208191159,0.00024996344895833467,0.0,7.170190539540292e-5,0.002228826151560178,0.0007429420505200594
210729774,27,2,0,2,2,0,2,0,0,0,2.0,0.0,2.0,2.0,0.0,2.0,0.0,0.0,0.0,1.0,0.0,1.0,0.0,0,0,2,5.0,0.0,4.0,3,1,130,0.0,4.7931745194842545e-5,0.0,0.0,0.5,0.25,0.0,0.0,0.5,0.0,0.5,1.0,0.0,0.0007342677159829512,0.0,0.0008532423208191159,0.00024996344895833467,0.0,7.170190539540292e-5,0.002228826151560178,0.0007429420505200594
1872223814,27,2,0,2,2,0,2,0,0,0,2.0,0.0,2.0,2.0,0.0,2.0,0.0,0.0,0.0,1.0,0.0,1.0,0.0,0,0,2,5.0,0.0,4.0,3,1,130,0.0,4.7931745194842545e-5,0.0,0.0,0.5,0.25,0.0,0.0,0.5,0.0,0.5,1.0,0.0,0.0007342677159829512,0.0,0.0008532423208191159,0.00024996344895833467,0.0,7.170190539540292e-5,0.002228826151560178,0.0007429420505200594
4834005858,27,2,0,2,2,0,2,0,0,0,2.0,0.0,2.0,2.0,0.0,2.0,0.0,0.0,0.0,1.0,0.0,1.0,0.0,0,0,2,5.0,0.0,4.0,3,1,130,0.0,4.7931745194842545e-5,0.0,0.0,0.5,0.25,0.0,0.0,0.5,0.0,0.5,1.0,0.0,0.0007342677159829512,0.0,0.0008532423208191159,0.00024996344895833467,0.0,7.170190539540292e-5,0.002228826151560178,0.0007429420505200594
813763484227932161,27,2,0,2,2,0,2,0,0,0,2.0,0.0,2.0,2.0,0.0,2.0,0.0,0.0,0.0,1.0,0.0,1.0,0.0,0,0,2,5.0,0.0,4.0,3,1,130,0.0,4.7931745194842545e-5,0.0,0.0,0.5,0.25,0.0,0.0,0.5,0.0,0.5,1.0,0.0,0.0007342677159829512,0.0,0.0008532423208191159,0.00024996344895833467,0.0,7.170190539540292e-5,0.002228826151560178,0.0007429420505200594
2742164083,27,2,0,2,2,0,2,0,0,0,2.0,0.0,2.0,2.0,0.0,2.0,0.0,0.0,0.0,1.0,0.0,1.0,0.0,0,0,2,5.0,0.0,4.0,3,1,130,0.0,4.7931745194842545e-5,0.0,0.0,0.5,0.25,0.0,0.0,0.5,0.0,0.5,1.0,0.0,0.0007342677159829512,0.0,0.0008532423208191159,0.00024996344895833467,0.0,7.170190539540292e-5,0.002228826151560178,0.0007429420505200594
1153531941909483521,27,2,0,2,2,0,2,0,0,0,2.0,0.0,2.0,2.0,0.0,2.0,0.0,0.0,0.0,1.0,0.0,1.0,0.0,0,0,2,5.0,0.0,4.0,4,1,130,0.0,4.7931745194842545e-5,0.0,0.0,0.5,0.25,0.0,0.0,0.5,0.0,0.5,1.0,0.0,0.001095071431008963,0.0,0.0008532423208191164,0.00024996344895833467,0.0,7.170190539540292e-5,0.0029717682020802376,0.0007429420505200594
1336979933462204416,27,2,0,2,2,0,2,0,0,0,2.0,0.0,2.0,2.0,0.0,2.0,0.0,0.0,0.0,1.0,0.0,1.0,0.0,0,0,2,5.0,0.0,4.0,4,1,130,0.0,4.7931745194842545e-5,0.0,0.0,0.5,0.25,0.0,0.0,0.5,0.0,0.5,1.0,0.0,0.001095071431008963,0.0,0.0008532423208191164,0.00024996344895833467,0.0,7.170190539540292e-5,0.0029717682020802376,0.0007429420505200594
447181951,28,1,0,1,1,0,1,0,0,0,2.0,0.0,2.0,2.0,0.0,2.0,0.0,0.0,0.0,1.0,0.0,1.0,0.0,0,0,1,5.0,0.0,4.0,2,1,2,0.0,4.7931745194842545e-5,0.0,0.0,0.5,0.0,0.0,0.0,0.0,0.0,0.0,0.0,0.0,0.001051801761325024,0.0,0.0008532423208191161,0.0003265782843674958,0.0,1.1031062368523526e-6,0.0014858841010401188,0.0007429420505200594
257048326,29,1,0,1,1,0,1,0,0,0,1.0,0.0,1.0,1.0,0.0,1.0,0.0,0.0,0.0,1.0,0.0,1.0,0.0,1,0,1,1.0,0.0,1.0,4,1,6,0.0,2.3965872597421273e-5,0.0,0.0,1.0,1.0,0.0,0.0,0.0,0.0,0.0,0.0,0.0,0.0016760961821472593,0.0,0.0008532423208191159,0.00016129350184435065,0.0,3.3093187105570577e-6,0.0029717682020802376,0.0007429420505200594
1016668035455815680,29,1,0,1,1,0,1,0,0,0,1.0,0.0,1.0,1.0,0.0,1.0,0.0,0.0,0.0,1.0,0.0,1.0,0.0,1,0,1,1.0,0.0,1.0,4,1,6,0.0,2.3965872597421273e-5,0.0,0.0,1.0,1.0,0.0,0.0,0.0,0.0,0.0,0.0,0.0,0.0016760961821472593,0.0,0.0008532423208191159,0.00016129350184435065,0.0,3.3093187105570577e-6,0.0029717682020802376,0.0007429420505200594
633553947,27,1,0,1,1,0,1,0,0,0,1.0,0.0,1.0,1.0,0.0,1.0,0.0,0.0,0.0,1.0,0.0,1.0,0.0,0,0,1,1.0,0.0,1.0,2,1,3,0.0,2.3965872597421273e-5,0.0,0.0,1.0,1.0,0.0,0.0,0.0,0.0,0.0,0.0,0.0,0.0010839923503239359,0.0,0.0008532423208191166,0.00012487639316138832,0.0,1.6546593552785288e-6,0.0014858841010401188,0.0007429420505200594
491833251,13,1,0,1,1,0,1,0,0,0,1.0,0.0,1.0,1.0,0.0,1.0,0.0,0.0,0.0,1.0,0.0,1.0,0.0,0,0,1,1.0,0.0,1.0,2,1,5,0.0,2.3965872597421273e-5,0.0,0.0,0.5,0.0,0.0,0.0,0.0,0.0,0.0,0.0,0.0,0.0009035114674353859,0.0,0.000853242320819115,3.6755982027347756e-5,0.0,2.757765592130881e-6,0.0014858841010401188,0.0007429420505200594
361978119,34,1,0,1,1,0,1,0,0,0,2.0,0.0,2.0,2.0,0.0,2.0,0.0,0.0,0.0,1.0,0.0,1.0,0.0,0,0,1,2.0,0.0,4.0,2,1,9,0.0,4.7931745194842545e-5,0.0,0.0,1.0,1.0,0.0,0.0,0.0,0.0,0.0,0.0,0.0,0.0008130768061735932,0.0,0.0008532423208191159,0.00032208034882486025,0.0,4.963978065835587e-6,0.0014858841010401188,0.0007429420505200594
919023246497869824,34,1,0,1,1,0,1,0,0,0,2.0,0.0,2.0,2.0,0.0,2.0,0.0,0.0,0.0,1.0,0.0,1.0,0.0,0,0,1,2.0,0.0,4.0,2,1,9,0.0,4.7931745194842545e-5,0.0,0.0,1.0,1.0,0.0,0.0,0.0,0.0,0.0,0.0,0.0,0.0008130768061735932,0.0,0.0008532423208191159,0.00032208034882486025,0.0,4.963978065835587e-6,0.0014858841010401188,0.0007429420505200594
1159508483399536640,34,1,0,1,1,0,1,0,0,0,2.0,0.0,2.0,2.0,0.0,2.0,0.0,0.0,0.0,1.0,0.0,1.0,0.0,0,0,1,2.0,0.0,4.0,2,1,9,0.0,4.7931745194842545e-5,0.0,0.0,1.0,1.0,0.0,0.0,0.0,0.0,0.0,0.0,0.0,0.0008130768061735932,0.0,0.0008532423208191159,0.00032208034882486025,0.0,4.963978065835587e-6,0.0014858841010401188,0.0007429420505200594
59725400,34,1,0,1,1,0,1,0,0,0,2.0,0.0,2.0,2.0,0.0,2.0,0.0,0.0,0.0,1.0,0.0,1.0,0.0,0,0,1,2.0,0.0,4.0,2,1,9,0.0,4.7931745194842545e-5,0.0,0.0,1.0,1.0,0.0,0.0,0.0,0.0,0.0,0.0,0.0,0.0008130768061735932,0.0,0.0008532423208191159,0.00032208034882486025,0.0,4.963978065835587e-6,0.0014858841010401188,0.0007429420505200594
2215799126,34,1,0,1,1,0,1,0,0,0,2.0,0.0,2.0,2.0,0.0,2.0,0.0,0.0,0.0,1.0,0.0,1.0,0.0,0,0,1,2.0,0.0,4.0,2,1,9,0.0,4.7931745194842545e-5,0.0,0.0,1.0,1.0,0.0,0.0,0.0,0.0,0.0,0.0,0.0,0.0008130768061735932,0.0,0.0008532423208191159,0.00032208034882486025,0.0,4.963978065835587e-6,0.0014858841010401188,0.0007429420505200594
75816710,34,1,0,1,1,0,1,0,0,0,2.0,0.0,2.0,2.0,0.0,2.0,0.0,0.0,0.0,1.0,0.0,1.0,0.0,0,0,1,2.0,0.0,4.0,2,1,9,0.0,4.7931745194842545e-5,0.0,0.0,1.0,1.0,0.0,0.0,0.0,0.0,0.0,0.0,0.0,0.0008130768061735932,0.0,0.0008532423208191159,0.00032208034882486025,0.0,4.963978065835587e-6,0.0014858841010401188,0.0007429420505200594
28405879,34,1,0,1,1,0,1,0,0,0,2.0,0.0,2.0,2.0,0.0,2.0,0.0,0.0,0.0,1.0,0.0,1.0,0.0,0,0,1,2.0,0.0,4.0,2,1,9,0.0,4.7931745194842545e-5,0.0,0.0,1.0,1.0,0.0,0.0,0.0,0.0,0.0,0.0,0.0,0.0008130768061735932,0.0,0.0008532423208191159,0.00032208034882486025,0.0,4.963978065835587e-6,0.0014858841010401188,0.0007429420505200594
431418115,34,1,0,1,1,0,1,0,0,0,2.0,0.0,2.0,2.0,0.0,2.0,0.0,0.0,0.0,1.0,0.0,1.0,0.0,0,0,1,2.0,0.0,4.0,2,1,9,0.0,4.7931745194842545e-5,0.0,0.0,1.0,1.0,0.0,0.0,0.0,0.0,0.0,0.0,0.0,0.0008130768061735932,0.0,0.0008532423208191159,0.00032208034882486025,0.0,4.963978065835587e-6,0.0014858841010401188,0.0007429420505200594
