node,community,in_degree,out_degree,total_degree,in_degree_in_group,out_degree_in_group,total_degree_in_group,in_degree_between,out_degree_between,total_degree_between,weighted_in_degree,weighted_out_degree,weighted_total_degree,weighted_in_degree_in_group,weighted_out_degree_in_group,weighted_total_degree_in_group,weighted_in_degree_between,weighted_out_degree_between,weighted_total_degree_between,in_group_indegree_ratio,in_group_outdegree_ratio,in_group_indegree_strength_fraction,in_group_outdegree_strength_fraction,k_core_in,k_core_out,k_core_undirected,s_core_in,s_core_out,s_core_undirected,in_reach_2,out_reach_2,undirected_reach_2,out_degree_normalized,in_degree_normalized,in_out_ratio,weighted_in_out_ratio,ego_density,density_clustering_coefficient,cg_cycle,cg_middleman,cg_in,cg_out,cg_total,barrat_local,r_norm_ranked,page_rank,salsa_hub,salsa_authority,modularity_vitality_hub,modularity_vitality_bridge,undirected_reach_2_normalized,in_reach_2_normalized,out_reach_2_normalized
5147475753250500028,1,3,37,40,2,37,39,1,0,1,5.0,38.0,43.0,3.0,38.0,41.0,2.0,0.0,2.0,0.6666666666666666,1.0,0.6,1.0,1,1,6,6.0,10.0,16.0,6,82,359,0.008137044967880086,0.0010706638115631692,0.08108108108086194,0.1315789473680748,0.07256097560975609,0.049375,0.0,0.6454849498327759,0.45,0.0043859649122807015,0.06380441264162194,0.12581991651759095,0.0,0.0020958402240765076,0.04347826086956522,0.002197802197802201,0.0043547069952100115,0.0,0.0016425996083383665,0.01284796573875803,0.17558886509635974
0,3,0,278,278,0,222,222,0,56,56,0.0,387.0,387.0,0.0,317.0,317.0,0.0,70.0,70.0,0.0,0.7985611510791367,0.0,0.8191214470284238,0,2,6,0.0,19.0,34.0,1,418,425,0.0828693790149893,0.0,0.0,0.0,0.009772826899770506,0.0062108586512085295,0.0,0.0,0.0,0.008251009804195934,0.008251009804195934,0.016175524025410684,0.0,0.002026376882429595,0.043478260869565175,0.0,0.0,0.029740709826828637,0.0019445817090356706,0.0021413276231263384,0.8950749464668094
16851560610110651,1,1,53,54,1,53,54,0,0,0,1.0,108.0,109.0,1.0,108.0,109.0,0.0,0.0,0.0,1.0,1.0,1.0,1.0,1,2,6,1.0,14.0,26.0,5,183,193,0.023126338329764455,0.00021413276231263382,0.018867924528266286,0.009259259259250686,0.052061495457721874,0.03381986472054112,0.06918238993710692,0.6163522012578616,0.0,0.03668091168091168,0.04510822510822511,0.07251235003528582,0.3,0.002047523054372312,0.043478260869565244,0.0021978021978022034,0.01353034529854824,0.0,0.0008830688702209044,0.010706638115631691,0.39186295503211993
4215493877812722407,1,0,48,48,0,48,48,0,0,0,0.0,52.0,52.0,0.0,52.0,52.0,0.0,0.0,0.0,0.0,1.0,0.0,1.0,0,2,6,0.0,11.0,14.0,1,113,125,0.01113490364025696,0.0,0.0,0.0,0.027636054421768707,0.007378472222222222,0.0,0.0,0.0,0.011252045826513912,0.011252045826513912,0.020458265139116204,0.0,0.002026376882429595,0.04347826086956524,0.0,0.0061980696407401,0.0,0.0005719357967751972,0.0021413276231263384,0.24197002141327623
8842845701860342712,1,1,30,31,1,30,31,0,0,0,2.0,31.0,33.0,2.0,31.0,33.0,0.0,0.0,0.0,1.0,1.0,1.0,1.0,1,1,5,4.0,9.0,11.0,7,77,117,0.006638115631691649,0.00042826552462526765,0.03333333333322223,0.06451612903204995,0.04939516129032258,0.018730489073881373,0.03296703296703297,0.42857142857142855,0.0,0.004449388209121246,0.025252525252525252,0.050505050505050504,0.0,0.002104711864222136,0.043478260869565195,0.002197802197802202,0.0038809732437637967,0.0,0.0005353319057815846,0.014989293361884369,0.16488222698072805
3577105742580564507,1,5,58,63,5,58,63,0,0,0,14.0,63.0,77.0,14.0,63.0,77.0,0.0,0.0,0.0,1.0,1.0,1.0,1.0,2,2,6,23.0,12.0,24.0,16,113,193,0.013490364025695931,0.0029978586723768737,0.0862068965515755,0.2222222222218695,0.0427547363031234,0.027055150884495317,0.021409455842997322,0.264049955396967,0.5357142857142857,0.01740462266778056,0.05295721476510067,0.09176069831807537,0.6,0.0024712370315643816,0.043478260869565265,0.002197802197802201,0.009342174716905016,0.0,0.0008830688702209044,0.034261241970021415,0.24197002141327623
652311693573805335,1,0,1,1,0,1,1,0,0,0,0.0,1.0,1.0,0.0,1.0,1.0,0.0,0.0,0.0,0.0,1.0,0.0,1.0,0,0,1,0.0,1.0,1.0,1,2,3,0.00021413276231263382,0.0,0.0,0.0,0.5,0.0,0.0,0.0,0.0,0.0,0.0,0.0,0.0,0.002026376882429595,0.04347826086956519,0.0,0.00011499237131495921,0.0,1.3726459122604734e-5,0.0021413276231263384,0.004282655246252677
6331486836036895988,1,0,12,12,0,12,12,0,0,0,0.0,24.0,24.0,0.0,24.0,24.0,0.0,0.0,0.0,0.0,1.0,0.0,1.0,0,0,3,0.0,8.0,7.0,1,13,21,0.005139186295503212,0.0,0.0,0.0,0.07692307692307693,0.0,0.0,0.0,0.0,0.0,0.0,0.0,0.0,0.002026376882429595,0.043478260869565216,0.0,0.0028047014847542018,0.0,9.608521385823314e-5,0.0021413276231263384,0.027837259100642397
4391701289550400083,1,0,32,32,0,32,32,0,0,0,0.0,72.0,72.0,0.0,72.0,72.0,0.0,0.0,0.0,0.0,1.0,0.0,1.0,0,2,5,0.0,13.0,18.0,1,157,167,0.015417558886509636,0.0,0.0,0.0,0.05303030303030303,0.0234375,0.0,0.0,0.0,0.02867383512544803,0.02867383512544803,0.05197132616487455,0.0,0.002026376882429595,0.043478260869565216,0.0,0.008704532607654358,0.0,0.0007641062244916635,0.0021413276231263384,0.3361884368308351
7907653196361365248,1,7,50,57,6,50,56,1,0,1,25.0,122.0,147.0,20.0,122.0,142.0,5.0,0.0,5.0,0.8571428571428571,1.0,0.8,1.0,2,2,6,26.0,16.0,36.0,16,140,423,0.026124197002141327,0.0053533190578158455,0.13999999999972,0.20491803278671727,0.04824561403508772,0.03093112244897959,0.0215414073719483,0.23168980373384396,0.30333333333333334,0.017898962863834057,0.05074844833880979,0.08707482993197278,0.7,0.002849595019432404,0.043478260869565244,0.002197802197802199,0.01681441685618912,0.0,0.0019354307362872674,0.034261241970021415,0.29978586723768735
1099183719775572333,1,4,60,64,3,60,63,1,0,1,4.0,115.0,119.0,3.0,115.0,118.0,1.0,0.0,1.0,0.75,1.0,0.75,1.0,2,2,6,6.0,15.0,25.0,14,183,415,0.02462526766595289,0.0008565310492505353,0.06666666666655556,0.03478260869562193,0.05288207297726071,0.03654931470034937,0.03328509406657019,0.3516642547033285,0.5,0.027855563743551952,0.0438034188034188,0.0711484593837535,0.5,0.002435440878566684,0.04347826086956527,0.0021978021978022,0.014495374468260436,0.0,0.0018988268452936547,0.029978586723768737,0.39186295503211993
422174908067001742,1,14,77,90,11,77,87,3,0,3,39.0,169.0,203.0,30.0,169.0,194.0,9.0,0.0,9.0,0.7857142857142857,1.0,0.7692307692307693,1.0,2,2,6,28.0,17.0,37.0,19,166,458,0.03511777301927195,0.007280513918629551,0.18181818181794568,0.23076923076909422,0.02831737346101231,0.01619377162629758,0.010023459159735551,0.1309447643420772,0.16299019607843138,0.014186991869918699,0.03285049146404553,0.05387205387205387,0.8,0.008444393513446653,0.04347826086956521,0.0021978021978022004,0.02338826630292168,0.0,0.0020955727593843228,0.04068522483940043,0.3554603854389722
7409110796171492211,2,1,1,1,1,1,1,0,0,0,1.0,1.0,1.0,1.0,1.0,1.0,0.0,0.0,0.0,1.0,1.0,1.0,1.0,0,0,0,1.0,1.0,2.0,1,1,1,0.0,0.0,0.9999999999,0.9999999999,0.0,0.0,0.0,0.0,0.0,0.0,0.0,0.0,0.0,0.0021551724137931034,0.0,0.0,0.00018716278228414485,0.0,4.575486374201577e-6,0.0021413276231263384,0.0021413276231263384
7524153963603998917,3,3,255,258,3,254,257,0,1,1,5.0,1422.0,1427.0,5.0,1419.0,1424.0,0.0,3.0,3.0,1.0,0.996078431372549,1.0,0.9978902953586498,2,2,5,11.0,21.0,33.0,6,333,379,0.30449678800856533,0.0010706638115631692,0.011764705882348328,0.0035161744022501043,0.01370916659125871,0.009856318793622917,0.004874526087741469,0.865679725582235,0.4,0.0017539342392327542,0.008312496421141036,0.01370061755430974,0.1,0.0020673434327123236,0.04347826086956518,0.0021978021978021965,0.0,0.043276163258545886,0.0017341093358223978,0.01284796573875803,0.7130620985010707
7399440070709979434,3,2,246,248,2,246,248,0,0,0,2.0,601.0,603.0,2.0,601.0,603.0,0.0,0.0,0.0,1.0,1.0,1.0,1.0,2,2,5,4.0,20.0,30.0,6,257,259,0.12869379014989293,0.00042826552462526765,0.008130081300809704,0.0033277870216300615,0.010993713175998157,0.00694031330557208,0.00830367734282325,0.3540925266903915,1.0,0.005514618492987878,0.007516802857660827,0.012116289301790368,0.2,0.0025764576663149146,0.043478260869565126,0.002197802197802199,0.0,0.019077829833181403,0.0011850509709182087,0.01284796573875803,0.550321199143469
8292463642927418279,1,1,1,2,1,1,2,0,0,0,1.0,2.0,3.0,1.0,2.0,3.0,0.0,0.0,0.0,1.0,1.0,1.0,1.0,0,1,2,1.0,2.0,3.0,2,78,86,0.00042826552462526765,0.00021413276231263382,0.9999999999,0.499999999975,0.6666666666666666,0.5,0.0,1.0,0.0,0.0,0.5,1.0,0.0,0.003038054479033425,0.04347826086956524,0.0021978021978022017,0.0003454602887843494,0.0,0.0003934918281813357,0.004282655246252677,0.1670235546038544
8393363019731571283,1,0,2,2,0,2,2,0,0,0,0.0,2.0,2.0,0.0,2.0,2.0,0.0,0.0,0.0,0.0,1.0,0.0,1.0,0,1,2,0.0,2.0,2.0,1,79,86,0.00042826552462526765,0.0,0.0,0.0,0.6666666666666666,0.5,0.0,0.0,0.0,0.5,0.5,1.0,0.0,0.002026376882429595,0.04347826086956523,0.0,0.0002301457269419105,0.0,0.0003934918281813357,0.0021413276231263384,0.16916488222698073
6607728628972233481,3,5,179,184,5,178,183,0,1,1,8.0,212.0,220.0,8.0,211.0,219.0,0.0,1.0,1.0,1.0,0.994413407821229,1.0,0.9952830188679245,2,2,5,15.0,18.0,30.0,6,333,379,0.045396145610278375,0.0017130620985010706,0.027932960893839145,0.037735849056585974,0.021006617691700563,0.01550624217819969,0.00724929520741039,0.5130890052356021,0.453125,0.010189209243163027,0.025962087898437305,0.04143939393939394,0.4,0.004458875971716161,0.04347826086956521,0.002197802197802199,0.0,0.006981283787531711,0.0017341093358223978,0.01284796573875803,0.7130620985010707
1088130128537301131,3,4,3,7,4,3,7,0,0,0,19.0,4.0,23.0,19.0,4.0,23.0,0.0,0.0,0.0,1.0,1.0,1.0,1.0,2,2,5,19.0,4.0,32.0,6,254,313,0.0008565310492505353,0.004068522483940043,1.3333333332888888,4.74999999988125,0.6,0.44,0.46875,0.765625,0.5789473684210527,0.6875,0.6046511627906976,0.9021739130434783,1.0,0.0021194794244645764,0.04347826086956521,0.002197802197802196,0.0,0.0006902360453101553,0.0014321272351250937,0.01284796573875803,0.5438972162740899
725140664409406866,3,3,2,5,3,2,5,0,0,0,6.0,3.0,9.0,6.0,3.0,9.0,0.0,0.0,0.0,1.0,1.0,1.0,1.0,2,1,5,13.0,3.0,16.0,6,181,313,0.0006423982869379015,0.001284796573875803,1.499999999925,1.9999999999333333,0.5333333333333333,0.44,0.42857142857142855,1.0,0.4166666666666667,0.5,0.5972222222222222,0.9444444444444444,0.0,0.002041692389109172,0.04347826086956523,0.002197802197802196,0.0,0.00026966106001069523,0.0014321272351250937,0.01284796573875803,0.3875802997858672
9905005095708949095,1,2,3,5,1,3,4,1,0,1,3.0,12.0,15.0,2.0,12.0,14.0,1.0,0.0,1.0,0.5,1.0,0.6666666666666666,1.0,0,0,3,6.0,7.0,10.0,3,4,307,0.002569593147751606,0.0006423982869379015,0.6666666666444444,0.24999999999791667,0.26666666666666666,0.12,0.0,0.45454545454545453,0.0,0.0,0.125,0.25,0.0,0.0020878095013448146,0.04347826086956523,0.0021978021978021987,0.0013776104066638428,0.0,0.0014046743168798844,0.006423982869379015,0.008565310492505354
8177346544881664043,1,1,3,3,1,2,2,0,1,1,1.0,5.0,5.0,1.0,4.0,4.0,0.0,1.0,1.0,1.0,0.6666666666666666,1.0,0.8,0,1,2,1.0,5.0,7.0,1,79,88,0.0008565310492505353,0.0,0.3333333333222222,0.199999999996,0.6666666666666666,0.25,0.0,0.0,0.0,0.0,0.0,0.0,0.0,0.002026376882429595,0.04347826086956522,0.0,0.00021398221667678907,0.0,0.00040264280092973886,0.0021413276231263384,0.16916488222698073
9213053959873058888,1,0,1,1,0,1,1,0,0,0,0.0,2.0,2.0,0.0,2.0,2.0,0.0,0.0,0.0,0.0,1.0,0.0,1.0,0,0,1,0.0,2.0,2.0,1,2,4,0.00042826552462526765,0.0,0.0,0.0,0.5,0.0,0.0,0.0,0.0,0.0,0.0,0.0,0.0,0.002026376882429595,0.04347826086956523,0.0,0.0002301457269419105,0.0,1.830194549680631e-5,0.0021413276231263384,0.004282655246252677
7390708921792861494,1,7,8,15,6,8,14,1,0,1,24.0,8.0,32.0,22.0,8.0,30.0,2.0,0.0,2.0,0.8571428571428571,1.0,0.9166666666666666,1.0,2,2,6,24.0,6.0,27.0,16,119,414,0.0017130620985010706,0.005139186295503212,0.8749999999890625,2.9999999999625,0.31868131868131866,0.25443786982248523,0.14522821576763487,0.5643153526970954,0.4305555555555556,0.25,0.36621315192743764,0.5651041666666666,0.9,0.0026719197239963815,0.04347826086956522,0.002197802197802202,0.0030263978120318447,0.0,0.0018942513589194532,0.034261241970021415,0.25481798715203424
7216921531766855648,1,4,0,4,3,0,3,1,0,1,21.0,0.0,21.0,19.0,0.0,19.0,2.0,0.0,2.0,0.75,0.0,0.9047619047619048,0.0,2,0,4,27.0,0.0,35.0,17,1,375,0.0,0.004496788008565311,0.0,0.0,0.55,0.4375,0.0,0.0,0.5555555555555556,0.0,0.5555555555555556,0.8253968253968254,0.0,0.0027926190244317007,0.0,0.0021978021978022,0.001718387300034263,0.0,0.0017158073903255917,0.03640256959314775,0.0021413276231263384
1338135520589172032,1,4,0,4,3,0,3,1,0,1,6.0,0.0,6.0,5.0,0.0,5.0,1.0,0.0,1.0,0.75,0.0,0.8333333333333334,0.0,1,0,4,8.0,0.0,7.0,7,1,329,0.0,0.001284796573875803,0.0,0.0,0.5,0.375,0.0,0.0,0.5555555555555556,0.0,0.5555555555555556,0.8888888888888888,0.0,0.002169045430383304,0.0,0.002197802197802202,0.0003296135115408161,0.0,0.001505335017112319,0.014989293361884369,0.0021413276231263384
1944616682143398651,1,2,0,2,1,0,1,1,0,1,2.0,0.0,2.0,1.0,0.0,1.0,1.0,0.0,1.0,0.5,0.0,0.5,0.0,1,0,2,4.0,0.0,2.0,5,1,280,0.0,0.00042826552462526765,0.0,0.0,0.5,0.25,0.0,0.0,0.5,0.0,0.5,1.0,0.0,0.0020866766376958397,0.0,0.0021978021978022,0.0,0.00013194211864142602,0.0012811361847764418,0.010706638115631691,0.0021413276231263384
8376274365976109938,1,6,0,6,5,0,5,1,0,1,6.0,0.0,6.0,5.0,0.0,5.0,1.0,0.0,1.0,0.8333333333333334,0.0,0.8333333333333334,0.0,2,0,6,10.0,0.0,7.0,11,1,362,0.0,0.001284796573875803,0.0,0.0,0.3333333333333333,0.2222222222222222,0.0,0.0,0.26666666666666666,0.0,0.26666666666666666,0.4666666666666667,0.0,0.0022048312541865954,0.0,0.002197802197802202,0.0003296135115408161,0.0,0.0016563260674609711,0.023554603854389723,0.0021413276231263384
7997332634175890626,1,4,0,4,3,0,3,1,0,1,4.0,0.0,4.0,3.0,0.0,3.0,1.0,0.0,1.0,0.75,0.0,0.75,0.0,1,0,4,6.0,0.0,5.0,7,1,329,0.0,0.0008565310492505353,0.0,0.0,0.5,0.375,0.0,0.0,0.5,0.0,0.5,0.8333333333333334,0.0,0.00212675308649787,0.0,0.0021978021978022017,9.85126618421317e-5,0.0,0.001505335017112319,0.014989293361884369,0.0021413276231263384
9538658686574278627,1,5,0,5,4,0,4,1,0,1,6.0,0.0,6.0,5.0,0.0,5.0,1.0,0.0,1.0,0.8,0.0,0.8333333333333334,0.0,2,0,5,20.0,0.0,7.0,11,1,358,0.0,0.001284796573875803,0.0,0.0,0.3,0.16,0.0,0.0,0.22916666666666666,0.0,0.22916666666666666,0.4583333333333333,0.0,0.002211399808403524,0.0,0.0021978021978022017,0.0003296135115408161,0.0,0.0016380241219641648,0.023554603854389723,0.0021413276231263384
2897494043299112111,1,3,0,3,2,0,2,1,0,1,4.0,0.0,4.0,3.0,0.0,3.0,1.0,0.0,1.0,0.6666666666666666,0.0,0.75,0.0,1,0,3,10.0,0.0,5.0,6,1,304,0.0,0.0008565310492505353,0.0,0.0,0.3333333333333333,0.1111111111111111,0.0,0.0,0.125,0.0,0.125,0.25,0.0,0.002142880948618275,0.0,0.0021978021978022,9.85126618421317e-5,0.0,0.0013909478577572795,0.01284796573875803,0.0021413276231263384
3649576569390129826,1,2,0,2,1,0,1,1,0,1,2.0,0.0,2.0,1.0,0.0,1.0,1.0,0.0,1.0,0.5,0.0,0.5,0.0,1,0,2,4.0,0.0,2.0,5,1,280,0.0,0.00042826552462526765,0.0,0.0,0.5,0.25,0.0,0.0,0.5,0.0,0.5,1.0,0.0,0.0020866766376958397,0.0,0.0021978021978022,0.0,0.00013194211864142602,0.0012811361847764418,0.010706638115631691,0.0021413276231263384
6078546400989872357,1,3,0,3,2,0,2,1,0,1,4.0,0.0,4.0,3.0,0.0,3.0,1.0,0.0,1.0,0.6666666666666666,0.0,0.75,0.0,1,0,3,10.0,0.0,5.0,16,1,345,0.0,0.0008565310492505353,0.0,0.0,0.5,0.3333333333333333,0.0,0.0,0.3125,0.0,0.3125,0.625,0.0,0.0021895034510292888,0.0,0.002197802197802199,9.85126618421317e-5,0.0,0.0015785427990995442,0.034261241970021415,0.0021413276231263384
8557277205940823358,1,3,0,3,2,0,2,1,0,1,6.0,0.0,6.0,5.0,0.0,5.0,1.0,0.0,1.0,0.6666666666666666,0.0,0.8333333333333334,0.0,1,0,3,8.0,0.0,7.0,7,1,311,0.0,0.001284796573875803,0.0,0.0,0.5,0.3333333333333333,0.0,0.0,0.5,0.0,0.5,1.0,0.0,0.0021712613254667086,0.0,0.002197802197802202,0.0003296135115408161,0.0,0.0014229762623766907,0.014989293361884369,0.0021413276231263384
5551203355339083666,1,5,0,5,4,0,4,1,0,1,6.0,0.0,6.0,5.0,0.0,5.0,1.0,0.0,1.0,0.8,0.0,0.8333333333333334,0.0,2,0,5,10.0,0.0,7.0,16,1,379,0.0,0.001284796573875803,0.0,0.0,0.5333333333333333,0.44,0.0,0.0,0.5,0.0,0.5,0.7916666666666666,0.0,0.0022295798998313186,0.0,0.0021978021978022004,0.0003296135115408161,0.0,0.0017341093358223978,0.034261241970021415,0.0021413276231263384
3851757547929714492,1,2,0,2,1,0,1,1,0,1,2.0,0.0,2.0,1.0,0.0,1.0,1.0,0.0,1.0,0.5,0.0,0.5,0.0,1,0,2,4.0,0.0,2.0,5,1,280,0.0,0.00042826552462526765,0.0,0.0,0.5,0.25,0.0,0.0,0.5,0.0,0.5,1.0,0.0,0.0020866766376958397,0.0,0.0021978021978022,0.0,0.00013194211864142602,0.0012811361847764418,0.010706638115631691,0.0021413276231263384
9440403206326339122,1,4,0,4,3,0,3,1,0,1,7.0,0.0,7.0,5.0,0.0,5.0,2.0,0.0,2.0,0.75,0.0,0.7142857142857143,0.0,1,0,4,9.0,0.0,9.0,7,1,329,0.0,0.0014989293361884369,0.0,0.0,0.5,0.375,0.0,0.0,0.47619047619047616,0.0,0.47619047619047616,0.7619047619047619,0.0,0.002169841948209281,0.0,0.0021978021978022013,8.252052282908817e-5,0.0,0.001505335017112319,0.014989293361884369,0.0021413276231263384
919471426631109822,1,7,0,7,6,0,6,1,0,1,10.0,0.0,10.0,9.0,0.0,9.0,1.0,0.0,1.0,0.8571428571428571,0.0,0.9,0.0,2,0,6,20.0,0.0,16.0,12,1,384,0.0,0.0021413276231263384,0.0,0.0,0.35714285714285715,0.2653061224489796,0.0,0.0,0.35833333333333334,0.0,0.35833333333333334,0.65,0.0,0.0022937686010909885,0.0,0.0021978021978022026,0.0007937605599714903,0.0,0.001756986767693406,0.02569593147751606,0.0021413276231263384
7287005792828243217,1,3,0,3,2,0,2,1,0,1,6.0,0.0,6.0,5.0,0.0,5.0,1.0,0.0,1.0,0.6666666666666666,0.0,0.8333333333333334,0.0,1,0,3,8.0,0.0,7.0,7,1,311,0.0,0.001284796573875803,0.0,0.0,0.5,0.3333333333333333,0.0,0.0,0.5,0.0,0.5,1.0,0.0,0.0021712613254667086,0.0,0.002197802197802202,0.0003296135115408161,0.0,0.0014229762623766907,0.014989293361884369,0.0021413276231263384
519418345490370814,1,5,0,5,4,0,4,1,0,1,6.0,0.0,6.0,5.0,0.0,5.0,1.0,0.0,1.0,0.8,0.0,0.8333333333333334,0.0,2,0,5,20.0,0.0,7.0,11,1,358,0.0,0.001284796573875803,0.0,0.0,0.3,0.16,0.0,0.0,0.22916666666666666,0.0,0.22916666666666666,0.4583333333333333,0.0,0.002211399808403524,0.0,0.0021978021978022017,0.0003296135115408161,0.0,0.0016380241219641648,0.023554603854389723,0.0021413276231263384
4683964226991322093,1,4,0,4,3,0,3,1,0,1,6.0,0.0,6.0,5.0,0.0,5.0,1.0,0.0,1.0,0.75,0.0,0.8333333333333334,0.0,2,0,4,10.0,0.0,7.0,10,1,343,0.0,0.001284796573875803,0.0,0.0,0.5,0.375,0.0,0.0,0.5,0.0,0.5,1.0,0.0,0.0021756139846002324,0.0,0.002197802197802202,0.0003296135115408161,0.0,0.0015693918263511412,0.021413276231263382,0.0021413276231263384
4536987283437938105,1,4,0,4,3,0,3,1,0,1,4.0,0.0,4.0,3.0,0.0,3.0,1.0,0.0,1.0,0.75,0.0,0.75,0.0,1,0,4,6.0,0.0,5.0,7,1,329,0.0,0.0008565310492505353,0.0,0.0,0.5,0.375,0.0,0.0,0.5,0.0,0.5,0.8333333333333334,0.0,0.00212675308649787,0.0,0.0021978021978022017,9.85126618421317e-5,0.0,0.001505335017112319,0.014989293361884369,0.0021413276231263384
8424785054544705242,1,2,0,2,1,0,1,1,0,1,2.0,0.0,2.0,1.0,0.0,1.0,1.0,0.0,1.0,0.5,0.0,0.5,0.0,1,0,2,4.0,0.0,2.0,5,1,280,0.0,0.00042826552462526765,0.0,0.0,0.5,0.25,0.0,0.0,0.5,0.0,0.5,1.0,0.0,0.0020866766376958397,0.0,0.0021978021978022,0.0,0.00013194211864142602,0.0012811361847764418,0.010706638115631691,0.0021413276231263384
3378926193093696256,1,6,0,6,5,0,5,1,0,1,6.0,0.0,6.0,5.0,0.0,5.0,1.0,0.0,1.0,0.8333333333333334,0.0,0.8333333333333334,0.0,2,0,5,9.0,0.0,7.0,17,1,380,0.0,0.001284796573875803,0.0,0.0,0.40476190476190477,0.3055555555555556,0.0,0.0,0.3333333333333333,0.0,0.3333333333333333,0.5333333333333333,0.0,0.002245959186621257,0.0,0.002197802197802201,0.0003296135115408161,0.0,0.0017386848221965995,0.03640256959314775,0.0021413276231263384
9225052796017411142,1,6,0,6,5,0,5,1,0,1,10.0,0.0,10.0,9.0,0.0,9.0,1.0,0.0,1.0,0.8333333333333334,0.0,0.9,0.0,2,0,5,20.0,0.0,17.0,16,1,391,0.0,0.0021413276231263384,0.0,0.0,0.42857142857142855,0.3333333333333333,0.0,0.0,0.36,0.0,0.36,0.58,0.0,0.00232364476447238,0.0,0.002197802197802201,0.0007937605599714903,0.0,0.001789015172312817,0.034261241970021415,0.0021413276231263384
2765084839448508891,1,4,0,4,3,0,3,1,0,1,5.0,0.0,5.0,4.0,0.0,4.0,1.0,0.0,1.0,0.75,0.0,0.8,0.0,1,0,4,10.0,0.0,6.0,9,1,342,0.0,0.0010706638115631692,0.0,0.0,0.45,0.3125,0.0,0.0,0.43333333333333335,0.0,0.43333333333333335,0.8666666666666667,0.0,0.0021522519175741113,0.0,0.0021978021978022017,0.00021398221667678907,0.0,0.0015648163399769395,0.019271948608137045,0.0021413276231263384
3178562100390841488,1,3,0,3,2,0,2,1,0,1,4.0,0.0,4.0,3.0,0.0,3.0,1.0,0.0,1.0,0.6666666666666666,0.0,0.75,0.0,1,0,3,4.0,0.0,5.0,5,1,309,0.0,0.0008565310492505353,0.0,0.0,0.4166666666666667,0.2222222222222222,0.0,0.0,0.3125,0.0,0.3125,0.625,0.0,0.002124537191414466,0.0,0.0021978021978022017,9.85126618421317e-5,0.0,0.0014138252896282876,0.010706638115631691,0.0021413276231263384
5245100729166216942,1,6,0,6,5,0,5,1,0,1,7.0,0.0,7.0,6.0,0.0,6.0,1.0,0.0,1.0,0.8333333333333334,0.0,0.8571428571428571,0.0,2,0,6,10.0,0.0,9.0,11,1,362,0.0,0.0014989293361884369,0.0,0.0,0.3333333333333333,0.2222222222222222,0.0,0.0,0.2857142857142857,0.0,0.2857142857142857,0.4857142857142857,0.0,0.0022237615310459085,0.0,0.002197802197802202,0.0004454067696021413,0.0,0.0016563260674609711,0.023554603854389723,0.0021413276231263384
5762459439868876106,1,4,0,4,3,0,3,1,0,1,8.0,0.0,8.0,7.0,0.0,7.0,1.0,0.0,1.0,0.75,0.0,0.875,0.0,1,0,4,21.0,0.0,12.0,17,1,346,0.0,0.0017130620985010706,0.0,0.0,0.35,0.1875,0.0,0.0,0.16666666666666666,0.0,0.16666666666666666,0.3333333333333333,0.0,0.0024115363644861237,0.0,0.002197802197802199,0.0005613622143830765,0.0,0.0015831182854737459,0.03640256959314775,0.0021413276231263384
1911923503519325841,1,5,0,5,4,0,4,1,0,1,7.0,0.0,7.0,6.0,0.0,6.0,1.0,0.0,1.0,0.8,0.0,0.8571428571428571,0.0,1,0,5,10.0,0.0,9.0,8,1,347,0.0,0.0014989293361884369,0.0,0.0,0.36666666666666664,0.24,0.0,0.0,0.26785714285714285,0.0,0.26785714285714285,0.42857142857142855,0.0,0.0022018876742796183,0.0,0.0021978021978022013,0.0004454067696021413,0.0,0.0015876937718479474,0.017130620985010708,0.0021413276231263384
9664527136265963435,1,2,0,2,1,0,1,1,0,1,2.0,0.0,2.0,1.0,0.0,1.0,1.0,0.0,1.0,0.5,0.0,0.5,0.0,1,0,2,4.0,0.0,2.0,5,1,280,0.0,0.00042826552462526765,0.0,0.0,0.5,0.25,0.0,0.0,0.5,0.0,0.5,1.0,0.0,0.0020866766376958397,0.0,0.0021978021978022,0.0,0.00013194211864142602,0.0012811361847764418,0.010706638115631691,0.0021413276231263384
5053905200346999123,1,2,0,2,1,0,1,1,0,1,2.0,0.0,2.0,1.0,0.0,1.0,1.0,0.0,1.0,0.5,0.0,0.5,0.0,1,0,2,4.0,0.0,2.0,5,1,280,0.0,0.00042826552462526765,0.0,0.0,0.5,0.25,0.0,0.0,0.5,0.0,0.5,1.0,0.0,0.0020866766376958397,0.0,0.0021978021978022,0.0,0.00013194211864142602,0.0012811361847764418,0.010706638115631691,0.0021413276231263384
1277679973990602418,1,3,0,3,2,0,2,1,0,1,6.0,0.0,6.0,4.0,0.0,4.0,2.0,0.0,2.0,0.6666666666666666,0.0,0.6666666666666666,0.0,1,0,3,11.0,0.0,7.0,16,1,345,0.0,0.001284796573875803,0.0,0.0,0.5,0.3333333333333333,0.0,0.0,0.3333333333333333,0.0,0.3333333333333333,0.6666666666666666,0.0,0.002249803206295533,0.0,0.0021978021978021995,0.0,3.310440486326005e-5,0.0015785427990995442,0.034261241970021415,0.0021413276231263384
568827973304818855,1,5,0,5,4,0,4,1,0,1,8.0,0.0,8.0,7.0,0.0,7.0,1.0,0.0,1.0,0.8,0.0,0.875,0.0,2,0,5,10.0,0.0,13.0,16,1,366,0.0,0.0017130620985010706,0.0,0.0,0.5666666666666667,0.48,0.0,0.0,0.625,0.0,0.625,0.875,0.0,0.002556166736751699,0.0,0.0021978021978022017,0.0005613622143830765,0.0,0.0016746280129577775,0.034261241970021415,0.0021413276231263384
5892685468032167676,1,2,0,2,1,0,1,1,0,1,2.0,0.0,2.0,1.0,0.0,1.0,1.0,0.0,1.0,0.5,0.0,0.5,0.0,1,0,2,4.0,0.0,2.0,5,1,280,0.0,0.00042826552462526765,0.0,0.0,0.5,0.25,0.0,0.0,0.5,0.0,0.5,1.0,0.0,0.0020866766376958397,0.0,0.0021978021978022,0.0,0.00013194211864142602,0.0012811361847764418,0.010706638115631691,0.0021413276231263384
7918901952477724558,1,5,0,5,4,0,4,1,0,1,6.0,0.0,6.0,5.0,0.0,5.0,1.0,0.0,1.0,0.8,0.0,0.8333333333333334,0.0,1,0,5,10.0,0.0,7.0,8,1,347,0.0,0.001284796573875803,0.0,0.0,0.36666666666666664,0.24,0.0,0.0,0.25,0.0,0.25,0.4166666666666667,0.0,0.002182957397420305,0.0,0.0021978021978022013,0.0003296135115408161,0.0,0.0015876937718479474,0.017130620985010708,0.0021413276231263384
8722116797910225249,1,3,0,3,2,0,2,1,0,1,4.0,0.0,4.0,3.0,0.0,3.0,1.0,0.0,1.0,0.6666666666666666,0.0,0.75,0.0,1,0,3,8.0,0.0,5.0,7,1,311,0.0,0.0008565310492505353,0.0,0.0,0.5,0.3333333333333333,0.0,0.0,0.5,0.0,0.5,1.0,0.0,0.0021289689815812743,0.0,0.0021978021978022017,9.85126618421317e-5,0.0,0.0014229762623766907,0.014989293361884369,0.0021413276231263384
322649622723259914,1,4,0,4,3,0,3,1,0,1,4.0,0.0,4.0,3.0,0.0,3.0,1.0,0.0,1.0,0.75,0.0,0.75,0.0,1,0,4,10.0,0.0,5.0,10,1,329,0.0,0.0008565310492505353,0.0,0.0,0.25,0.0625,0.0,0.0,0.08333333333333333,0.0,0.08333333333333333,0.16666666666666666,0.0,0.002164754805384565,0.0,0.0021978021978022013,9.85126618421317e-5,0.0,0.001505335017112319,0.021413276231263382,0.0021413276231263384
6089937533475810041,1,3,0,3,2,0,2,1,0,1,4.0,0.0,4.0,3.0,0.0,3.0,1.0,0.0,1.0,0.6666666666666666,0.0,0.75,0.0,1,0,3,10.0,0.0,5.0,16,1,345,0.0,0.0008565310492505353,0.0,0.0,0.5,0.3333333333333333,0.0,0.0,0.3125,0.0,0.3125,0.625,0.0,0.0021895034510292888,0.0,0.002197802197802199,9.85126618421317e-5,0.0,0.0015785427990995442,0.034261241970021415,0.0021413276231263384
2299045023935199836,1,2,0,2,1,0,1,1,0,1,2.0,0.0,2.0,1.0,0.0,1.0,1.0,0.0,1.0,0.5,0.0,0.5,0.0,1,0,2,4.0,0.0,2.0,5,1,280,0.0,0.00042826552462526765,0.0,0.0,0.5,0.25,0.0,0.0,0.5,0.0,0.5,1.0,0.0,0.0020866766376958397,0.0,0.0021978021978022,0.0,0.00013194211864142602,0.0012811361847764418,0.010706638115631691,0.0021413276231263384
480775452057338485,3,5,0,5,4,0,4,1,0,1,7.0,0.0,7.0,6.0,0.0,6.0,1.0,0.0,1.0,0.8,0.0,0.8571428571428571,0.0,2,0,4,15.0,0.0,8.0,8,1,314,0.0,0.0014989293361884369,0.0,0.0,0.43333333333333335,0.32,0.0,0.0,0.35714285714285715,0.0,0.35714285714285715,0.5357142857142857,0.0,0.002570857243184471,0.0,0.0021978021978021974,0.0,0.00042718470349789595,0.0014367027214992954,0.017130620985010708,0.0021413276231263384
7181703098341176891,1,2,0,2,1,0,1,1,0,1,7.0,0.0,7.0,6.0,0.0,6.0,1.0,0.0,1.0,0.5,0.0,0.8571428571428571,0.0,0,0,2,8.0,0.0,9.0,4,1,280,0.0,0.0014989293361884369,0.0,0.0,0.5,0.25,0.0,0.0,0.5,0.0,0.5,1.0,0.0,0.0030739532851540856,0.0,0.0021978021978022013,0.0004454067696021413,0.0,0.0012811361847764418,0.008565310492505354,0.0021413276231263384
108729280960716849,1,10,0,10,9,0,9,1,0,1,27.0,0.0,27.0,26.0,0.0,26.0,1.0,0.0,1.0,0.9,0.0,0.9629629629629629,0.0,2,0,6,25.0,0.0,28.0,18,1,414,0.0,0.005781584582441114,0.0,0.0,0.37272727272727274,0.31,0.0,0.0,0.41358024691358025,0.0,0.41358024691358025,0.6255144032921811,0.0,0.0034671386653619446,0.0,0.0021978021978022013,0.002795631042997626,0.0,0.0018942513589194532,0.03854389721627409,0.0021413276231263384
4541156820498934959,1,3,0,3,2,0,2,1,0,1,7.0,0.0,7.0,6.0,0.0,6.0,1.0,0.0,1.0,0.6666666666666666,0.0,0.8571428571428571,0.0,0,0,2,10.0,0.0,6.0,5,1,281,0.0,0.0014989293361884369,0.0,0.0,0.3333333333333333,0.1111111111111111,0.0,0.0,0.17857142857142858,0.0,0.17857142857142858,0.35714285714285715,0.0,0.004749859113451177,0.0,0.0021978021978022013,0.0004454067696021413,0.0,0.0012857116711506432,0.010706638115631691,0.0021413276231263384
5231813673079595751,3,3,0,3,3,0,3,0,0,0,8.0,0.0,8.0,8.0,0.0,8.0,0.0,0.0,0.0,1.0,0.0,1.0,0.0,2,0,3,13.0,0.0,13.0,6,1,313,0.0,0.0017130620985010706,0.0,0.0,0.4166666666666667,0.2222222222222222,0.0,0.0,0.4375,0.0,0.4375,0.875,0.0,0.0020445957092721893,0.0,0.002197802197802196,0.0,0.00023967127084789652,0.0014321272351250937,0.01284796573875803,0.0021413276231263384
8472378112518352925,3,4,0,4,4,0,4,0,0,0,14.0,0.0,14.0,14.0,0.0,14.0,0.0,0.0,0.0,1.0,0.0,1.0,0.0,2,0,4,15.0,0.0,22.0,7,1,313,0.0,0.0029978586723768737,0.0,0.0,0.55,0.4375,0.0,0.0,0.6071428571428571,0.0,0.6071428571428571,0.9047619047619048,0.0,0.0020794606238138755,0.0,0.002197802197802196,0.0,0.0004197127160691094,0.0014321272351250937,0.014989293361884369,0.0021413276231263384
4647250235727854959,3,3,0,3,3,0,3,0,0,0,6.0,0.0,6.0,6.0,0.0,6.0,0.0,0.0,0.0,1.0,0.0,1.0,0.0,2,0,3,11.0,0.0,7.0,6,1,313,0.0,0.001284796573875803,0.0,0.0,0.4166666666666667,0.2222222222222222,0.0,0.0,0.375,0.0,0.375,0.75,0.0,0.002044521287388419,0.0,0.002197802197802196,0.0,0.00017971226035584653,0.0014321272351250937,0.01284796573875803,0.0021413276231263384
9801998045589068669,3,4,0,4,4,0,4,0,0,0,13.0,0.0,13.0,13.0,0.0,13.0,0.0,0.0,0.0,1.0,0.0,1.0,0.0,2,0,4,15.0,0.0,21.0,7,1,313,0.0,0.00278372591006424,0.0,0.0,0.55,0.4375,0.0,0.0,0.5897435897435898,0.0,0.5897435897435898,0.8717948717948718,0.0,0.0020808378620116143,0.0,0.0021978021978021965,0.0,0.0003896887009859906,0.0014321272351250937,0.014989293361884369,0.0021413276231263384
7609962296920991996,3,4,0,4,4,0,4,0,0,0,9.0,0.0,9.0,9.0,0.0,9.0,0.0,0.0,0.0,1.0,0.0,1.0,0.0,2,0,4,14.0,0.0,16.0,7,1,313,0.0,0.0019271948608137045,0.0,0.0,0.55,0.4375,0.0,0.0,0.6296296296296297,0.0,0.6296296296296297,0.9259259259259259,0.0,0.0020655967772158076,0.0,0.0021978021978021965,0.0,0.00026966106001069523,0.0014321272351250937,0.014989293361884369,0.0021413276231263384
9423950957866292850,3,3,0,3,3,0,3,0,0,0,11.0,0.0,11.0,11.0,0.0,11.0,0.0,0.0,0.0,1.0,0.0,1.0,0.0,2,0,3,14.0,0.0,19.0,6,1,313,0.0,0.002355460385438972,0.0,0.0,0.4166666666666667,0.2222222222222222,0.0,0.0,0.38636363636363635,0.0,0.38636363636363635,0.7727272727272727,0.0,0.002058385133986487,0.0,0.002197802197802196,0.0,0.00032966119010857664,0.0014321272351250937,0.01284796573875803,0.0021413276231263384
1789203196728907042,3,4,0,4,4,0,4,0,0,0,13.0,0.0,13.0,13.0,0.0,13.0,0.0,0.0,0.0,1.0,0.0,1.0,0.0,2,0,4,15.0,0.0,21.0,7,1,313,0.0,0.00278372591006424,0.0,0.0,0.55,0.4375,0.0,0.0,0.6025641025641025,0.0,0.6025641025641025,0.8974358974358975,0.0,0.0020780089637323666,0.0,0.0021978021978021965,0.0,0.0003896887009859906,0.0014321272351250937,0.014989293361884369,0.0021413276231263384
1567607254947885386,3,4,0,4,4,0,4,0,0,0,9.0,0.0,9.0,9.0,0.0,9.0,0.0,0.0,0.0,1.0,0.0,1.0,0.0,2,0,4,14.0,0.0,16.0,7,1,313,0.0,0.0019271948608137045,0.0,0.0,0.55,0.4375,0.0,0.0,0.6296296296296297,0.0,0.6296296296296297,0.9259259259259259,0.0,0.0020655967772158076,0.0,0.0021978021978021965,0.0,0.00026966106001069523,0.0014321272351250937,0.014989293361884369,0.0021413276231263384
4940856781375489857,3,4,0,4,4,0,4,0,0,0,9.0,0.0,9.0,9.0,0.0,9.0,0.0,0.0,0.0,1.0,0.0,1.0,0.0,2,0,4,14.0,0.0,16.0,7,1,313,0.0,0.0019271948608137045,0.0,0.0,0.55,0.4375,0.0,0.0,0.5925925925925926,0.0,0.5925925925925926,0.8518518518518519,0.0,0.0020712545737743026,0.0,0.0021978021978021965,0.0,0.00026966106001069523,0.0014321272351250937,0.014989293361884369,0.0021413276231263384
6133936004894329430,3,3,0,3,3,0,3,0,0,0,8.0,0.0,8.0,8.0,0.0,8.0,0.0,0.0,0.0,1.0,0.0,1.0,0.0,2,0,3,13.0,0.0,13.0,6,1,313,0.0,0.0017130620985010706,0.0,0.0,0.4166666666666667,0.2222222222222222,0.0,0.0,0.375,0.0,0.375,0.75,0.0,0.002050253505830684,0.0,0.0021978021978021965,0.0,0.00023967127084789652,0.0014321272351250937,0.01284796573875803,0.0021413276231263384
1170154116995816671,3,4,0,4,4,0,4,0,0,0,12.0,0.0,12.0,12.0,0.0,12.0,0.0,0.0,0.0,1.0,0.0,1.0,0.0,2,0,4,14.0,0.0,20.0,7,1,313,0.0,0.002569593147751606,0.0,0.0,0.55,0.4375,0.0,0.0,0.625,0.0,0.625,0.9166666666666666,0.0,0.0020727806557395818,0.0,0.0021978021978021965,0.0,0.00035967152457583307,0.0014321272351250937,0.014989293361884369,0.0021413276231263384
7187324434400477101,3,4,0,4,4,0,4,0,0,0,17.0,0.0,17.0,17.0,0.0,17.0,0.0,0.0,0.0,1.0,0.0,1.0,0.0,2,0,4,18.0,0.0,29.0,7,1,313,0.0,0.0036402569593147753,0.0,0.0,0.55,0.4375,0.0,0.0,0.5784313725490197,0.0,0.5784313725490197,0.8627450980392157,0.0,0.0020932500485281733,0.0,0.002197802197802196,0.0,0.0005098257604366774,0.0014321272351250937,0.014989293361884369,0.0021413276231263384
9413712446255960842,3,4,0,4,4,0,4,0,0,0,12.0,0.0,12.0,12.0,0.0,12.0,0.0,0.0,0.0,1.0,0.0,1.0,0.0,2,0,4,15.0,0.0,20.0,7,1,313,0.0,0.002569593147751606,0.0,0.0,0.55,0.4375,0.0,0.0,0.5833333333333334,0.0,0.5833333333333334,0.8611111111111112,0.0,0.0020793862019301054,0.0,0.002197802197802196,0.0,0.00035967152457583307,0.0014321272351250937,0.014989293361884369,0.0021413276231263384
4901947058230122757,3,4,0,4,4,0,4,0,0,0,16.0,0.0,16.0,16.0,0.0,16.0,0.0,0.0,0.0,1.0,0.0,1.0,0.0,2,0,4,15.0,0.0,24.0,7,1,313,0.0,0.003426124197002141,0.0,0.0,0.55,0.4375,0.0,0.0,0.59375,0.0,0.59375,0.875,0.0,0.002088021740535389,0.0,0.002197802197802196,0.0,0.0004797812491008635,0.0014321272351250937,0.014989293361884369,0.0021413276231263384
3891881645679995655,3,3,0,3,3,0,3,0,0,0,12.0,0.0,12.0,12.0,0.0,12.0,0.0,0.0,0.0,1.0,0.0,1.0,0.0,2,0,3,13.0,0.0,20.0,6,1,313,0.0,0.002569593147751606,0.0,0.0,0.4166666666666667,0.2222222222222222,0.0,0.0,0.375,0.0,0.375,0.75,0.0,0.002061717942715215,0.0,0.002197802197802196,0.0,0.00035967152457583307,0.0014321272351250937,0.01284796573875803,0.0021413276231263384
9549684505842288823,3,4,0,4,4,0,4,0,0,0,12.0,0.0,12.0,12.0,0.0,12.0,0.0,0.0,0.0,1.0,0.0,1.0,0.0,2,0,4,15.0,0.0,20.0,7,1,313,0.0,0.002569593147751606,0.0,0.0,0.55,0.4375,0.0,0.0,0.5972222222222222,0.0,0.5972222222222222,0.8888888888888888,0.0,0.0020765573036508576,0.0,0.0021978021978021965,0.0,0.00035967152457583307,0.0014321272351250937,0.014989293361884369,0.0021413276231263384
4841474579975958066,3,4,0,4,4,0,4,0,0,0,12.0,0.0,12.0,12.0,0.0,12.0,0.0,0.0,0.0,1.0,0.0,1.0,0.0,2,0,4,14.0,0.0,20.0,7,1,313,0.0,0.002569593147751606,0.0,0.0,0.55,0.4375,0.0,0.0,0.6111111111111112,0.0,0.6111111111111112,0.8888888888888888,0.0,0.0020756095540188295,0.0,0.002197802197802196,0.0,0.00035967152457583307,0.0014321272351250937,0.014989293361884369,0.0021413276231263384
4270490265755475514,3,4,0,4,4,0,4,0,0,0,12.0,0.0,12.0,12.0,0.0,12.0,0.0,0.0,0.0,1.0,0.0,1.0,0.0,2,0,4,15.0,0.0,20.0,7,1,313,0.0,0.002569593147751606,0.0,0.0,0.55,0.4375,0.0,0.0,0.5972222222222222,0.0,0.5972222222222222,0.8888888888888888,0.0,0.0020765573036508576,0.0,0.0021978021978021965,0.0,0.00035967152457583307,0.0014321272351250937,0.014989293361884369,0.0021413276231263384
9431846391295416560,3,4,0,4,4,0,4,0,0,0,11.0,0.0,11.0,11.0,0.0,11.0,0.0,0.0,0.0,1.0,0.0,1.0,0.0,2,0,4,15.0,0.0,19.0,7,1,313,0.0,0.002355460385438972,0.0,0.0,0.55,0.4375,0.0,0.0,0.5909090909090909,0.0,0.5909090909090909,0.8787878787878788,0.0,0.002075105643569349,0.0,0.002197802197802196,0.0,0.00032966119010857664,0.0014321272351250937,0.014989293361884369,0.0021413276231263384
6577370561272669276,3,3,0,3,3,0,3,0,0,0,10.0,0.0,10.0,10.0,0.0,10.0,0.0,0.0,0.0,1.0,0.0,1.0,0.0,2,0,3,14.0,0.0,18.0,6,1,313,0.0,0.0021413276231263384,0.0,0.0,0.4166666666666667,0.2222222222222222,0.0,0.0,0.4,0.0,0.4,0.8,0.0,0.0020541045756257304,0.0,0.002197802197802196,0.0,0.0002996577008397283,0.0014321272351250937,0.01284796573875803,0.0021413276231263384
877199024491968922,3,4,0,4,4,0,4,0,0,0,9.0,0.0,9.0,9.0,0.0,9.0,0.0,0.0,0.0,1.0,0.0,1.0,0.0,2,0,4,15.0,0.0,16.0,7,1,313,0.0,0.0019271948608137045,0.0,0.0,0.55,0.4375,0.0,0.0,0.5925925925925926,0.0,0.5925925925925926,0.8888888888888888,0.0,0.002069373425127083,0.0,0.0021978021978021965,0.0,0.00026966106001069523,0.0014321272351250937,0.014989293361884369,0.0021413276231263384
3511566897613450019,3,4,0,4,4,0,4,0,0,0,11.0,0.0,11.0,11.0,0.0,11.0,0.0,0.0,0.0,1.0,0.0,1.0,0.0,2,0,4,15.0,0.0,19.0,7,1,313,0.0,0.002355460385438972,0.0,0.0,0.55,0.4375,0.0,0.0,0.5909090909090909,0.0,0.5909090909090909,0.8787878787878788,0.0,0.002075105643569349,0.0,0.002197802197802196,0.0,0.00032966119010857664,0.0014321272351250937,0.014989293361884369,0.0021413276231263384
5376420050072934932,3,3,0,3,3,0,3,0,0,0,9.0,0.0,9.0,9.0,0.0,9.0,0.0,0.0,0.0,1.0,0.0,1.0,0.0,2,0,3,13.0,0.0,16.0,6,1,313,0.0,0.0019271948608137045,0.0,0.0,0.4166666666666667,0.2222222222222222,0.0,0.0,0.4444444444444444,0.0,0.4444444444444444,0.8888888888888888,0.0,0.0020460473693536987,0.0,0.0021978021978021965,0.0,0.00026966106001069523,0.0014321272351250937,0.01284796573875803,0.0021413276231263384
8540556175725613117,3,4,0,4,4,0,4,0,0,0,10.0,0.0,10.0,10.0,0.0,10.0,0.0,0.0,0.0,1.0,0.0,1.0,0.0,2,0,4,14.0,0.0,18.0,7,1,313,0.0,0.0021413276231263384,0.0,0.0,0.55,0.4375,0.0,0.0,0.6166666666666667,0.0,0.6166666666666667,0.9,0.0,0.0020698773355765643,0.0,0.002197802197802196,0.0,0.0002996577008397283,0.0014321272351250937,0.014989293361884369,0.0021413276231263384
3473111154645954708,3,4,0,4,4,0,4,0,0,0,8.0,0.0,8.0,8.0,0.0,8.0,0.0,0.0,0.0,1.0,0.0,1.0,0.0,2,0,4,14.0,0.0,13.0,7,1,313,0.0,0.0017130620985010706,0.0,0.0,0.55,0.4375,0.0,0.0,0.625,0.0,0.625,0.9166666666666666,0.0,0.0020641451171342987,0.0,0.0021978021978021965,0.0,0.00023967127084789652,0.0014321272351250937,0.014989293361884369,0.0021413276231263384
1346820926659650560,3,4,0,4,4,0,4,0,0,0,11.0,0.0,11.0,11.0,0.0,11.0,0.0,0.0,0.0,1.0,0.0,1.0,0.0,2,0,4,14.0,0.0,19.0,7,1,313,0.0,0.002355460385438972,0.0,0.0,0.55,0.4375,0.0,0.0,0.6212121212121212,0.0,0.6212121212121212,0.9090909090909091,0.0,0.0020713289956580732,0.0,0.002197802197802196,0.0,0.00032966119010857664,0.0014321272351250937,0.014989293361884369,0.0021413276231263384
393981260242032288,3,4,0,4,4,0,4,0,0,0,11.0,0.0,11.0,11.0,0.0,11.0,0.0,0.0,0.0,1.0,0.0,1.0,0.0,2,0,4,14.0,0.0,19.0,7,1,313,0.0,0.002355460385438972,0.0,0.0,0.55,0.4375,0.0,0.0,0.6212121212121212,0.0,0.6212121212121212,0.9090909090909091,0.0,0.0020713289956580732,0.0,0.002197802197802196,0.0,0.00032966119010857664,0.0014321272351250937,0.014989293361884369,0.0021413276231263384
4929126765149750373,3,4,0,4,4,0,4,0,0,0,12.0,0.0,12.0,12.0,0.0,12.0,0.0,0.0,0.0,1.0,0.0,1.0,0.0,2,0,4,15.0,0.0,20.0,7,1,313,0.0,0.002569593147751606,0.0,0.0,0.55,0.4375,0.0,0.0,0.5972222222222222,0.0,0.5972222222222222,0.8888888888888888,0.0,0.0020765573036508576,0.0,0.0021978021978021965,0.0,0.00035967152457583307,0.0014321272351250937,0.014989293361884369,0.0021413276231263384
7514791268465467465,3,4,0,4,4,0,4,0,0,0,9.0,0.0,9.0,9.0,0.0,9.0,0.0,0.0,0.0,1.0,0.0,1.0,0.0,2,0,4,14.0,0.0,16.0,7,1,313,0.0,0.0019271948608137045,0.0,0.0,0.55,0.4375,0.0,0.0,0.6111111111111112,0.0,0.6111111111111112,0.8888888888888888,0.0,0.002068425675495055,0.0,0.0021978021978021965,0.0,0.00026966106001069523,0.0014321272351250937,0.014989293361884369,0.0021413276231263384
7757476116280636452,3,4,0,4,4,0,4,0,0,0,9.0,0.0,9.0,9.0,0.0,9.0,0.0,0.0,0.0,1.0,0.0,1.0,0.0,2,0,4,14.0,0.0,16.0,7,1,313,0.0,0.0019271948608137045,0.0,0.0,0.55,0.4375,0.0,0.0,0.5925925925925926,0.0,0.5925925925925926,0.8518518518518519,0.0,0.0020712545737743026,0.0,0.0021978021978021965,0.0,0.00026966106001069523,0.0014321272351250937,0.014989293361884369,0.0021413276231263384
753257128543532865,3,4,0,4,4,0,4,0,0,0,11.0,0.0,11.0,11.0,0.0,11.0,0.0,0.0,0.0,1.0,0.0,1.0,0.0,2,0,4,14.0,0.0,19.0,7,1,313,0.0,0.002355460385438972,0.0,0.0,0.55,0.4375,0.0,0.0,0.6060606060606061,0.0,0.6060606060606061,0.8787878787878788,0.0,0.002074157893937321,0.0,0.002197802197802196,0.0,0.00032966119010857664,0.0014321272351250937,0.014989293361884369,0.0021413276231263384
6242808612892918903,3,4,0,4,4,0,4,0,0,0,12.0,0.0,12.0,12.0,0.0,12.0,0.0,0.0,0.0,1.0,0.0,1.0,0.0,2,0,4,15.0,0.0,20.0,7,1,313,0.0,0.002569593147751606,0.0,0.0,0.55,0.4375,0.0,0.0,0.5972222222222222,0.0,0.5972222222222222,0.8888888888888888,0.0,0.0020765573036508576,0.0,0.0021978021978021965,0.0,0.00035967152457583307,0.0014321272351250937,0.014989293361884369,0.0021413276231263384
3077353188596988058,3,4,0,4,4,0,4,0,0,0,12.0,0.0,12.0,12.0,0.0,12.0,0.0,0.0,0.0,1.0,0.0,1.0,0.0,2,0,4,14.0,0.0,20.0,7,1,313,0.0,0.002569593147751606,0.0,0.0,0.55,0.4375,0.0,0.0,0.6388888888888888,0.0,0.6388888888888888,0.9444444444444444,0.0,0.0020699517574603345,0.0,0.002197802197802196,0.0,0.00035967152457583307,0.0014321272351250937,0.014989293361884369,0.0021413276231263384
4551756220168236319,3,4,0,4,4,0,4,0,0,0,14.0,0.0,14.0,14.0,0.0,14.0,0.0,0.0,0.0,1.0,0.0,1.0,0.0,2,0,4,15.0,0.0,22.0,7,1,313,0.0,0.0029978586723768737,0.0,0.0,0.55,0.4375,0.0,0.0,0.5952380952380952,0.0,0.5952380952380952,0.8809523809523809,0.0,0.0020822895220931233,0.0,0.002197802197802196,0.0,0.0004197127160691094,0.0014321272351250937,0.014989293361884369,0.0021413276231263384
6504837945176405616,3,4,0,4,4,0,4,0,0,0,14.0,0.0,14.0,14.0,0.0,14.0,0.0,0.0,0.0,1.0,0.0,1.0,0.0,2,0,4,14.0,0.0,22.0,7,1,313,0.0,0.0029978586723768737,0.0,0.0,0.55,0.4375,0.0,0.0,0.6071428571428571,0.0,0.6071428571428571,0.8809523809523809,0.0,0.0020813417724610947,0.0,0.002197802197802196,0.0,0.0004197127160691094,0.0014321272351250937,0.014989293361884369,0.0021413276231263384
8299828704943553680,3,4,0,4,4,0,4,0,0,0,11.0,0.0,11.0,11.0,0.0,11.0,0.0,0.0,0.0,1.0,0.0,1.0,0.0,2,0,4,15.0,0.0,19.0,7,1,313,0.0,0.002355460385438972,0.0,0.0,0.55,0.4375,0.0,0.0,0.5757575757575758,0.0,0.5757575757575758,0.8484848484848485,0.0,0.0020779345418485964,0.0,0.002197802197802196,0.0,0.00032966119010857664,0.0014321272351250937,0.014989293361884369,0.0021413276231263384
2100136665677817978,3,4,0,4,4,0,4,0,0,0,13.0,0.0,13.0,13.0,0.0,13.0,0.0,0.0,0.0,1.0,0.0,1.0,0.0,2,0,4,15.0,0.0,21.0,7,1,313,0.0,0.00278372591006424,0.0,0.0,0.55,0.4375,0.0,0.0,0.5897435897435898,0.0,0.5897435897435898,0.8717948717948718,0.0,0.0020808378620116143,0.0,0.0021978021978021965,0.0,0.0003896887009859906,0.0014321272351250937,0.014989293361884369,0.0021413276231263384
2523500833479667565,3,4,0,4,4,0,4,0,0,0,13.0,0.0,13.0,13.0,0.0,13.0,0.0,0.0,0.0,1.0,0.0,1.0,0.0,2,0,4,15.0,0.0,21.0,7,1,313,0.0,0.00278372591006424,0.0,0.0,0.55,0.4375,0.0,0.0,0.6025641025641025,0.0,0.6025641025641025,0.8974358974358975,0.0,0.0020780089637323666,0.0,0.0021978021978021965,0.0,0.0003896887009859906,0.0014321272351250937,0.014989293361884369,0.0021413276231263384
633947305464347019,3,4,0,4,4,0,4,0,0,0,11.0,0.0,11.0,11.0,0.0,11.0,0.0,0.0,0.0,1.0,0.0,1.0,0.0,2,0,4,14.0,0.0,19.0,7,1,313,0.0,0.002355460385438972,0.0,0.0,0.55,0.4375,0.0,0.0,0.6212121212121212,0.0,0.6212121212121212,0.9090909090909091,0.0,0.0020713289956580732,0.0,0.002197802197802196,0.0,0.00032966119010857664,0.0014321272351250937,0.014989293361884369,0.0021413276231263384
243284146573785364,3,4,0,4,4,0,4,0,0,0,12.0,0.0,12.0,12.0,0.0,12.0,0.0,0.0,0.0,1.0,0.0,1.0,0.0,2,0,4,14.0,0.0,20.0,7,1,313,0.0,0.002569593147751606,0.0,0.0,0.55,0.4375,0.0,0.0,0.5972222222222222,0.0,0.5972222222222222,0.8611111111111112,0.0,0.002078438452298077,0.0,0.002197802197802196,0.0,0.00035967152457583307,0.0014321272351250937,0.014989293361884369,0.0021413276231263384
1576976594400529292,3,6,0,6,6,0,6,0,0,0,12.0,0.0,12.0,12.0,0.0,12.0,0.0,0.0,0.0,1.0,0.0,1.0,0.0,2,0,5,17.0,0.0,19.0,7,1,313,0.0,0.002569593147751606,0.0,0.0,0.5476190476190477,0.4722222222222222,0.0,0.0,0.6,0.0,0.6,0.9333333333333333,0.0,0.003295226847404806,0.0,0.002197802197802197,0.0,0.00035967152457583307,0.0014321272351250937,0.014989293361884369,0.0021413276231263384
2017252701256612218,3,4,0,4,4,0,4,0,0,0,20.0,0.0,20.0,20.0,0.0,20.0,0.0,0.0,0.0,1.0,0.0,1.0,0.0,2,0,4,18.0,0.0,31.0,7,1,313,0.0,0.004282655246252677,0.0,0.0,0.55,0.4375,0.0,0.0,0.6,0.0,0.6,0.8666666666666667,0.0,0.002139532742776166,0.0,0.002197802197802196,0.0,0.0006000002337379629,0.0014321272351250937,0.014989293361884369,0.0021413276231263384
2623552125275834706,3,4,0,4,4,0,4,0,0,0,9.0,0.0,9.0,9.0,0.0,9.0,0.0,0.0,0.0,1.0,0.0,1.0,0.0,2,0,4,14.0,0.0,16.0,7,1,313,0.0,0.0019271948608137045,0.0,0.0,0.55,0.4375,0.0,0.0,0.6296296296296297,0.0,0.6296296296296297,0.9259259259259259,0.0,0.0020655967772158076,0.0,0.0021978021978021965,0.0,0.00026966106001069523,0.0014321272351250937,0.014989293361884369,0.0021413276231263384
2642234141294539974,3,4,0,4,4,0,4,0,0,0,8.0,0.0,8.0,8.0,0.0,8.0,0.0,0.0,0.0,1.0,0.0,1.0,0.0,2,0,4,15.0,0.0,13.0,7,1,313,0.0,0.0017130620985010706,0.0,0.0,0.55,0.4375,0.0,0.0,0.5625,0.0,0.5625,0.8333333333333334,0.0,0.0020707506633248223,0.0,0.0021978021978021965,0.0,0.00023967127084789652,0.0014321272351250937,0.014989293361884369,0.0021413276231263384
49297138993797080,3,4,0,4,4,0,4,0,0,0,11.0,0.0,11.0,11.0,0.0,11.0,0.0,0.0,0.0,1.0,0.0,1.0,0.0,2,0,4,15.0,0.0,19.0,7,1,313,0.0,0.002355460385438972,0.0,0.0,0.55,0.4375,0.0,0.0,0.5757575757575758,0.0,0.5757575757575758,0.8484848484848485,0.0,0.0020779345418485964,0.0,0.002197802197802196,0.0,0.00032966119010857664,0.0014321272351250937,0.014989293361884369,0.0021413276231263384
592145755174505675,3,2,0,2,2,0,2,0,0,0,3.0,0.0,3.0,3.0,0.0,3.0,0.0,0.0,0.0,1.0,0.0,1.0,0.0,1,0,2,6.0,0.0,4.0,5,1,313,0.0,0.0006423982869379015,0.0,0.0,0.5,0.25,0.0,0.0,0.5,0.0,0.5,1.0,0.0,0.002034508510585397,0.0,0.002197802197802196,0.0,8.982521195621818e-5,0.0014321272351250937,0.010706638115631691,0.0021413276231263384
3011490012722423397,3,4,0,4,4,0,4,0,0,0,13.0,0.0,13.0,13.0,0.0,13.0,0.0,0.0,0.0,1.0,0.0,1.0,0.0,2,0,4,16.0,0.0,21.0,7,1,313,0.0,0.00278372591006424,0.0,0.0,0.55,0.4375,0.0,0.0,0.6538461538461539,0.0,0.6538461538461539,0.9230769230769231,0.0,0.00211333113154531,0.0,0.0021978021978021965,0.0,0.0003896887009859906,0.0014321272351250937,0.014989293361884369,0.0021413276231263384
5405658783913204015,3,4,0,4,4,0,4,0,0,0,12.0,0.0,12.0,12.0,0.0,12.0,0.0,0.0,0.0,1.0,0.0,1.0,0.0,2,0,4,14.0,0.0,20.0,7,1,313,0.0,0.002569593147751606,0.0,0.0,0.55,0.4375,0.0,0.0,0.6111111111111112,0.0,0.6111111111111112,0.8888888888888888,0.0,0.0020756095540188295,0.0,0.002197802197802196,0.0,0.00035967152457583307,0.0014321272351250937,0.014989293361884369,0.0021413276231263384
4284269489837106347,3,3,0,3,3,0,3,0,0,0,9.0,0.0,9.0,9.0,0.0,9.0,0.0,0.0,0.0,1.0,0.0,1.0,0.0,2,0,3,13.0,0.0,16.0,6,1,313,0.0,0.0019271948608137045,0.0,0.0,0.4166666666666667,0.2222222222222222,0.0,0.0,0.3611111111111111,0.0,0.3611111111111111,0.7222222222222222,0.0,0.002054534064191441,0.0,0.0021978021978021965,0.0,0.00026966106001069523,0.0014321272351250937,0.01284796573875803,0.0021413276231263384
6270655566964474166,3,4,0,4,4,0,4,0,0,0,13.0,0.0,13.0,13.0,0.0,13.0,0.0,0.0,0.0,1.0,0.0,1.0,0.0,2,0,4,15.0,0.0,21.0,7,1,313,0.0,0.00278372591006424,0.0,0.0,0.55,0.4375,0.0,0.0,0.5897435897435898,0.0,0.5897435897435898,0.8717948717948718,0.0,0.0020808378620116143,0.0,0.0021978021978021965,0.0,0.0003896887009859906,0.0014321272351250937,0.014989293361884369,0.0021413276231263384
2252775279253051931,3,3,0,3,3,0,3,0,0,0,7.0,0.0,7.0,7.0,0.0,7.0,0.0,0.0,0.0,1.0,0.0,1.0,0.0,2,0,3,13.0,0.0,9.0,6,1,313,0.0,0.0014989293361884369,0.0,0.0,0.4166666666666667,0.2222222222222222,0.0,0.0,0.39285714285714285,0.0,0.39285714285714285,0.7857142857142857,0.0,0.0020459729474699277,0.0,0.002197802197802196,0.0,0.00020968833656354047,0.0014321272351250937,0.01284796573875803,0.0021413276231263384
2714680188047279137,3,2,0,2,2,0,2,0,0,0,6.0,0.0,6.0,6.0,0.0,6.0,0.0,0.0,0.0,1.0,0.0,1.0,0.0,1,0,2,13.0,0.0,7.0,5,1,313,0.0,0.001284796573875803,0.0,0.0,0.5,0.25,0.0,0.0,0.5,0.0,0.5,1.0,0.0,0.0020388634908299246,0.0,0.002197802197802196,0.0,0.00017971226035584653,0.0014321272351250937,0.010706638115631691,0.0021413276231263384
7717109713479178890,3,3,0,3,3,0,3,0,0,0,14.0,0.0,14.0,14.0,0.0,14.0,0.0,0.0,0.0,1.0,0.0,1.0,0.0,2,0,3,14.0,0.0,22.0,6,1,313,0.0,0.0029978586723768737,0.0,0.0,0.4166666666666667,0.2222222222222222,0.0,0.0,0.35714285714285715,0.0,0.35714285714285715,0.7142857142857143,0.0,0.0020712268090687562,0.0,0.002197802197802196,0.0,0.0004197127160691094,0.0014321272351250937,0.01284796573875803,0.0021413276231263384
3959086114843505376,3,3,0,3,3,0,3,0,0,0,10.0,0.0,10.0,10.0,0.0,10.0,0.0,0.0,0.0,1.0,0.0,1.0,0.0,2,0,3,13.0,0.0,18.0,6,1,313,0.0,0.0021413276231263384,0.0,0.0,0.4166666666666667,0.2222222222222222,0.0,0.0,0.375,0.0,0.375,0.75,0.0,0.00205598572427295,0.0,0.002197802197802196,0.0,0.0002996577008397283,0.0014321272351250937,0.01284796573875803,0.0021413276231263384
5667077735145163870,3,4,0,4,4,0,4,0,0,0,8.0,0.0,8.0,8.0,0.0,8.0,0.0,0.0,0.0,1.0,0.0,1.0,0.0,2,0,4,14.0,0.0,13.0,7,1,313,0.0,0.0017130620985010706,0.0,0.0,0.55,0.4375,0.0,0.0,0.6041666666666666,0.0,0.6041666666666666,0.875,0.0,0.002066974015413547,0.0,0.0021978021978021965,0.0,0.00023967127084789652,0.0014321272351250937,0.014989293361884369,0.0021413276231263384
4857568751070577031,3,3,0,3,3,0,3,0,0,0,8.0,0.0,8.0,8.0,0.0,8.0,0.0,0.0,0.0,1.0,0.0,1.0,0.0,2,0,3,13.0,0.0,13.0,6,1,313,0.0,0.0017130620985010706,0.0,0.0,0.4166666666666667,0.2222222222222222,0.0,0.0,0.375,0.0,0.375,0.75,0.0,0.002050253505830684,0.0,0.0021978021978021965,0.0,0.00023967127084789652,0.0014321272351250937,0.01284796573875803,0.0021413276231263384
5066987476778470836,3,3,0,3,3,0,3,0,0,0,7.0,0.0,7.0,7.0,0.0,7.0,0.0,0.0,0.0,1.0,0.0,1.0,0.0,2,0,3,11.0,0.0,9.0,6,1,313,0.0,0.0014989293361884369,0.0,0.0,0.4166666666666667,0.2222222222222222,0.0,0.0,0.35714285714285715,0.0,0.35714285714285715,0.7142857142857143,0.0,0.0020488018457491754,0.0,0.002197802197802196,0.0,0.00020968833656354047,0.0014321272351250937,0.01284796573875803,0.0021413276231263384
429906740423698304,3,4,0,4,4,0,4,0,0,0,11.0,0.0,11.0,11.0,0.0,11.0,0.0,0.0,0.0,1.0,0.0,1.0,0.0,2,0,4,14.0,0.0,19.0,7,1,313,0.0,0.002355460385438972,0.0,0.0,0.55,0.4375,0.0,0.0,0.6060606060606061,0.0,0.6060606060606061,0.8787878787878788,0.0,0.002074157893937321,0.0,0.002197802197802196,0.0,0.00032966119010857664,0.0014321272351250937,0.014989293361884369,0.0021413276231263384
8698684210926911419,3,4,0,4,4,0,4,0,0,0,10.0,0.0,10.0,10.0,0.0,10.0,0.0,0.0,0.0,1.0,0.0,1.0,0.0,2,0,4,15.0,0.0,18.0,7,1,313,0.0,0.0021413276231263384,0.0,0.0,0.55,0.4375,0.0,0.0,0.65,0.0,0.65,0.9333333333333333,0.0,0.002086597845159426,0.0,0.002197802197802196,0.0,0.0002996577008397283,0.0014321272351250937,0.014989293361884369,0.0021413276231263384
4127537826656741831,3,4,0,4,4,0,4,0,0,0,12.0,0.0,12.0,12.0,0.0,12.0,0.0,0.0,0.0,1.0,0.0,1.0,0.0,2,0,4,14.0,0.0,20.0,7,1,313,0.0,0.002569593147751606,0.0,0.0,0.55,0.4375,0.0,0.0,0.6111111111111112,0.0,0.6111111111111112,0.8888888888888888,0.0,0.0020756095540188295,0.0,0.002197802197802196,0.0,0.00035967152457583307,0.0014321272351250937,0.014989293361884369,0.0021413276231263384
889400152569075438,3,4,0,4,4,0,4,0,0,0,13.0,0.0,13.0,13.0,0.0,13.0,0.0,0.0,0.0,1.0,0.0,1.0,0.0,2,0,4,15.0,0.0,21.0,7,1,313,0.0,0.00278372591006424,0.0,0.0,0.55,0.4375,0.0,0.0,0.5897435897435898,0.0,0.5897435897435898,0.8717948717948718,0.0,0.0020808378620116143,0.0,0.0021978021978021965,0.0,0.0003896887009859906,0.0014321272351250937,0.014989293361884369,0.0021413276231263384
6297588350150100378,3,4,0,4,4,0,4,0,0,0,12.0,0.0,12.0,12.0,0.0,12.0,0.0,0.0,0.0,1.0,0.0,1.0,0.0,2,0,4,15.0,0.0,20.0,7,1,313,0.0,0.002569593147751606,0.0,0.0,0.55,0.4375,0.0,0.0,0.5833333333333334,0.0,0.5833333333333334,0.8611111111111112,0.0,0.0020793862019301054,0.0,0.002197802197802196,0.0,0.00035967152457583307,0.0014321272351250937,0.014989293361884369,0.0021413276231263384
7310358478573855555,3,4,0,4,4,0,4,0,0,0,12.0,0.0,12.0,12.0,0.0,12.0,0.0,0.0,0.0,1.0,0.0,1.0,0.0,2,0,4,14.0,0.0,20.0,7,1,313,0.0,0.002569593147751606,0.0,0.0,0.55,0.4375,0.0,0.0,0.625,0.0,0.625,0.9166666666666666,0.0,0.0020727806557395818,0.0,0.0021978021978021965,0.0,0.00035967152457583307,0.0014321272351250937,0.014989293361884369,0.0021413276231263384
8469333504546951241,3,4,0,4,4,0,4,0,0,0,11.0,0.0,11.0,11.0,0.0,11.0,0.0,0.0,0.0,1.0,0.0,1.0,0.0,2,0,4,15.0,0.0,19.0,7,1,313,0.0,0.002355460385438972,0.0,0.0,0.55,0.4375,0.0,0.0,0.5757575757575758,0.0,0.5757575757575758,0.8484848484848485,0.0,0.0020779345418485964,0.0,0.002197802197802196,0.0,0.00032966119010857664,0.0014321272351250937,0.014989293361884369,0.0021413276231263384
9781353408270583884,3,4,0,4,4,0,4,0,0,0,14.0,0.0,14.0,14.0,0.0,14.0,0.0,0.0,0.0,1.0,0.0,1.0,0.0,2,0,4,15.0,0.0,22.0,7,1,313,0.0,0.0029978586723768737,0.0,0.0,0.55,0.4375,0.0,0.0,0.5714285714285714,0.0,0.5714285714285714,0.8333333333333334,0.0,0.002087947318651618,0.0,0.002197802197802196,0.0,0.0004197127160691094,0.0014321272351250937,0.014989293361884369,0.0021413276231263384
9604735091270002787,3,3,0,3,3,0,3,0,0,0,8.0,0.0,8.0,8.0,0.0,8.0,0.0,0.0,0.0,1.0,0.0,1.0,0.0,2,0,3,13.0,0.0,13.0,6,1,313,0.0,0.0017130620985010706,0.0,0.0,0.4166666666666667,0.2222222222222222,0.0,0.0,0.40625,0.0,0.40625,0.8125,0.0,0.002047424607551437,0.0,0.0021978021978021965,0.0,0.00023967127084789652,0.0014321272351250937,0.01284796573875803,0.0021413276231263384
4917790937866708784,3,4,0,4,4,0,4,0,0,0,10.0,0.0,10.0,10.0,0.0,10.0,0.0,0.0,0.0,1.0,0.0,1.0,0.0,2,0,4,14.0,0.0,18.0,7,1,313,0.0,0.0021413276231263384,0.0,0.0,0.55,0.4375,0.0,0.0,0.6,0.0,0.6,0.8666666666666667,0.0,0.0020727062338558116,0.0,0.002197802197802196,0.0,0.0002996577008397283,0.0014321272351250937,0.014989293361884369,0.0021413276231263384
5659541208466242797,3,3,0,3,3,0,3,0,0,0,11.0,0.0,11.0,11.0,0.0,11.0,0.0,0.0,0.0,1.0,0.0,1.0,0.0,2,0,3,14.0,0.0,19.0,6,1,313,0.0,0.002355460385438972,0.0,0.0,0.4166666666666667,0.2222222222222222,0.0,0.0,0.38636363636363635,0.0,0.38636363636363635,0.7727272727272727,0.0,0.002058385133986487,0.0,0.002197802197802196,0.0,0.00032966119010857664,0.0014321272351250937,0.01284796573875803,0.0021413276231263384
5902483924769619157,3,3,0,3,3,0,3,0,0,0,11.0,0.0,11.0,11.0,0.0,11.0,0.0,0.0,0.0,1.0,0.0,1.0,0.0,2,0,3,14.0,0.0,19.0,6,1,313,0.0,0.002355460385438972,0.0,0.0,0.4166666666666667,0.2222222222222222,0.0,0.0,0.4090909090909091,0.0,0.4090909090909091,0.8181818181818182,0.0,0.00205555623570724,0.0,0.0021978021978021965,0.0,0.00032966119010857664,0.0014321272351250937,0.01284796573875803,0.0021413276231263384
1285865957868311315,3,4,0,4,4,0,4,0,0,0,9.0,0.0,9.0,9.0,0.0,9.0,0.0,0.0,0.0,1.0,0.0,1.0,0.0,2,0,4,14.0,0.0,16.0,7,1,313,0.0,0.0019271948608137045,0.0,0.0,0.55,0.4375,0.0,0.0,0.5925925925925926,0.0,0.5925925925925926,0.8518518518518519,0.0,0.0020712545737743026,0.0,0.0021978021978021965,0.0,0.00026966106001069523,0.0014321272351250937,0.014989293361884369,0.0021413276231263384
5868608737818028348,3,3,0,3,3,0,3,0,0,0,7.0,0.0,7.0,7.0,0.0,7.0,0.0,0.0,0.0,1.0,0.0,1.0,0.0,2,0,3,13.0,0.0,9.0,6,1,313,0.0,0.0014989293361884369,0.0,0.0,0.4166666666666667,0.2222222222222222,0.0,0.0,0.39285714285714285,0.0,0.39285714285714285,0.7857142857142857,0.0,0.0020459729474699277,0.0,0.002197802197802196,0.0,0.00020968833656354047,0.0014321272351250937,0.01284796573875803,0.0021413276231263384
7905076932040741656,3,4,0,4,4,0,4,0,0,0,14.0,0.0,14.0,14.0,0.0,14.0,0.0,0.0,0.0,1.0,0.0,1.0,0.0,2,0,4,15.0,0.0,22.0,7,1,313,0.0,0.0029978586723768737,0.0,0.0,0.55,0.4375,0.0,0.0,0.5952380952380952,0.0,0.5952380952380952,0.8809523809523809,0.0,0.0020822895220931233,0.0,0.002197802197802196,0.0,0.0004197127160691094,0.0014321272351250937,0.014989293361884369,0.0021413276231263384
1038838647038291515,3,4,0,4,4,0,4,0,0,0,10.0,0.0,10.0,10.0,0.0,10.0,0.0,0.0,0.0,1.0,0.0,1.0,0.0,2,0,4,14.0,0.0,18.0,7,1,313,0.0,0.0021413276231263384,0.0,0.0,0.55,0.4375,0.0,0.0,0.5666666666666667,0.0,0.5666666666666667,0.8,0.0,0.0020783640304143066,0.0,0.002197802197802196,0.0,0.0002996577008397283,0.0014321272351250937,0.014989293361884369,0.0021413276231263384
2697024164275775464,3,3,0,3,3,0,3,0,0,0,6.0,0.0,6.0,6.0,0.0,6.0,0.0,0.0,0.0,1.0,0.0,1.0,0.0,2,0,3,13.0,0.0,7.0,6,1,313,0.0,0.001284796573875803,0.0,0.0,0.4166666666666667,0.2222222222222222,0.0,0.0,0.4166666666666667,0.0,0.4166666666666667,0.8333333333333334,0.0,0.002041692389109172,0.0,0.002197802197802196,0.0,0.00017971226035584653,0.0014321272351250937,0.01284796573875803,0.0021413276231263384
2531762477714799932,3,4,0,4,4,0,4,0,0,0,11.0,0.0,11.0,11.0,0.0,11.0,0.0,0.0,0.0,1.0,0.0,1.0,0.0,2,0,4,14.0,0.0,19.0,7,1,313,0.0,0.002355460385438972,0.0,0.0,0.55,0.4375,0.0,0.0,0.6212121212121212,0.0,0.6212121212121212,0.9090909090909091,0.0,0.0020713289956580732,0.0,0.002197802197802196,0.0,0.00032966119010857664,0.0014321272351250937,0.014989293361884369,0.0021413276231263384
4110308809924843811,3,4,0,4,4,0,4,0,0,0,9.0,0.0,9.0,9.0,0.0,9.0,0.0,0.0,0.0,1.0,0.0,1.0,0.0,2,0,4,14.0,0.0,16.0,7,1,313,0.0,0.0019271948608137045,0.0,0.0,0.55,0.4375,0.0,0.0,0.6296296296296297,0.0,0.6296296296296297,0.9259259259259259,0.0,0.0020655967772158076,0.0,0.0021978021978021965,0.0,0.00026966106001069523,0.0014321272351250937,0.014989293361884369,0.0021413276231263384
6488378377742040045,3,4,0,4,4,0,4,0,0,0,13.0,0.0,13.0,13.0,0.0,13.0,0.0,0.0,0.0,1.0,0.0,1.0,0.0,2,0,4,14.0,0.0,21.0,7,1,313,0.0,0.00278372591006424,0.0,0.0,0.55,0.4375,0.0,0.0,0.6153846153846154,0.0,0.6153846153846154,0.8974358974358975,0.0,0.0020770612141003384,0.0,0.0021978021978021965,0.0,0.0003896887009859906,0.0014321272351250937,0.014989293361884369,0.0021413276231263384
7927162423840389923,3,4,0,4,4,0,4,0,0,0,12.0,0.0,12.0,12.0,0.0,12.0,0.0,0.0,0.0,1.0,0.0,1.0,0.0,2,0,4,15.0,0.0,20.0,7,1,313,0.0,0.002569593147751606,0.0,0.0,0.55,0.4375,0.0,0.0,0.5972222222222222,0.0,0.5972222222222222,0.8888888888888888,0.0,0.0020765573036508576,0.0,0.0021978021978021965,0.0,0.00035967152457583307,0.0014321272351250937,0.014989293361884369,0.0021413276231263384
6643023109398916294,3,4,0,4,4,0,4,0,0,0,14.0,0.0,14.0,14.0,0.0,14.0,0.0,0.0,0.0,1.0,0.0,1.0,0.0,2,0,4,15.0,0.0,22.0,7,1,313,0.0,0.0029978586723768737,0.0,0.0,0.55,0.4375,0.0,0.0,0.5952380952380952,0.0,0.5952380952380952,0.8809523809523809,0.0,0.0020822895220931233,0.0,0.002197802197802196,0.0,0.0004197127160691094,0.0014321272351250937,0.014989293361884369,0.0021413276231263384
1578904322412453751,3,3,0,3,3,0,3,0,0,0,6.0,0.0,6.0,6.0,0.0,6.0,0.0,0.0,0.0,1.0,0.0,1.0,0.0,2,0,3,13.0,0.0,7.0,6,1,313,0.0,0.001284796573875803,0.0,0.0,0.4166666666666667,0.2222222222222222,0.0,0.0,0.4166666666666667,0.0,0.4166666666666667,0.8333333333333334,0.0,0.002041692389109172,0.0,0.002197802197802196,0.0,0.00017971226035584653,0.0014321272351250937,0.01284796573875803,0.0021413276231263384
9194656083864770532,3,4,0,4,4,0,4,0,0,0,9.0,0.0,9.0,9.0,0.0,9.0,0.0,0.0,0.0,1.0,0.0,1.0,0.0,2,0,4,14.0,0.0,16.0,7,1,313,0.0,0.0019271948608137045,0.0,0.0,0.55,0.4375,0.0,0.0,0.5925925925925926,0.0,0.5925925925925926,0.8518518518518519,0.0,0.0020712545737743026,0.0,0.0021978021978021965,0.0,0.00026966106001069523,0.0014321272351250937,0.014989293361884369,0.0021413276231263384
674044114159046659,3,3,0,3,3,0,3,0,0,0,10.0,0.0,10.0,10.0,0.0,10.0,0.0,0.0,0.0,1.0,0.0,1.0,0.0,2,0,3,13.0,0.0,18.0,6,1,313,0.0,0.0021413276231263384,0.0,0.0,0.4166666666666667,0.2222222222222222,0.0,0.0,0.425,0.0,0.425,0.85,0.0,0.002050327927714455,0.0,0.002197802197802196,0.0,0.0002996577008397283,0.0014321272351250937,0.01284796573875803,0.0021413276231263384
3033313879820384637,3,4,0,4,4,0,4,0,0,0,17.0,0.0,17.0,17.0,0.0,17.0,0.0,0.0,0.0,1.0,0.0,1.0,0.0,2,0,4,17.0,0.0,29.0,7,1,313,0.0,0.0036402569593147753,0.0,0.0,0.55,0.4375,0.0,0.0,0.6078431372549019,0.0,0.6078431372549019,0.8823529411764706,0.0,0.002109022808479007,0.0,0.0021978021978021965,0.0,0.0005098257604366774,0.0014321272351250937,0.014989293361884369,0.0021413276231263384
4256929874362363882,3,4,0,4,4,0,4,0,0,0,15.0,0.0,15.0,15.0,0.0,15.0,0.0,0.0,0.0,1.0,0.0,1.0,0.0,2,0,4,15.0,0.0,23.0,7,1,313,0.0,0.0032119914346895075,0.0,0.0,0.55,0.4375,0.0,0.0,0.6,0.0,0.6,0.8888888888888888,0.0,0.002083741182174632,0.0,0.002197802197802196,0.0,0.0004497435665403726,0.0014321272351250937,0.014989293361884369,0.0021413276231263384
755389339145035373,3,4,0,4,4,0,4,0,0,0,13.0,0.0,13.0,13.0,0.0,13.0,0.0,0.0,0.0,1.0,0.0,1.0,0.0,2,0,4,15.0,0.0,21.0,7,1,313,0.0,0.00278372591006424,0.0,0.0,0.55,0.4375,0.0,0.0,0.5769230769230769,0.0,0.5769230769230769,0.8461538461538461,0.0,0.002083666760290861,0.0,0.0021978021978021965,0.0,0.0003896887009859906,0.0014321272351250937,0.014989293361884369,0.0021413276231263384
5711395077557555291,3,3,0,3,3,0,3,0,0,0,11.0,0.0,11.0,11.0,0.0,11.0,0.0,0.0,0.0,1.0,0.0,1.0,0.0,2,0,3,14.0,0.0,19.0,6,1,313,0.0,0.002355460385438972,0.0,0.0,0.4166666666666667,0.2222222222222222,0.0,0.0,0.38636363636363635,0.0,0.38636363636363635,0.7727272727272727,0.0,0.002058385133986487,0.0,0.002197802197802196,0.0,0.00032966119010857664,0.0014321272351250937,0.01284796573875803,0.0021413276231263384
6186988100878912343,3,3,0,3,3,0,3,0,0,0,11.0,0.0,11.0,11.0,0.0,11.0,0.0,0.0,0.0,1.0,0.0,1.0,0.0,2,0,3,15.0,0.0,19.0,7,1,313,0.0,0.002355460385438972,0.0,0.0,0.5833333333333334,0.4444444444444444,0.0,0.0,0.7045454545454546,0.0,0.7045454545454546,1.0,0.0,0.002069447847010854,0.0,0.002197802197802196,0.0,0.00032966119010857664,0.0014321272351250937,0.014989293361884369,0.0021413276231263384
9895982640105860468,3,4,0,4,4,0,4,0,0,0,8.0,0.0,8.0,8.0,0.0,8.0,0.0,0.0,0.0,1.0,0.0,1.0,0.0,2,0,4,14.0,0.0,13.0,7,1,313,0.0,0.0017130620985010706,0.0,0.0,0.55,0.4375,0.0,0.0,0.6041666666666666,0.0,0.6041666666666666,0.875,0.0,0.002066974015413547,0.0,0.0021978021978021965,0.0,0.00023967127084789652,0.0014321272351250937,0.014989293361884369,0.0021413276231263384
5809948847795224390,3,4,0,4,4,0,4,0,0,0,9.0,0.0,9.0,9.0,0.0,9.0,0.0,0.0,0.0,1.0,0.0,1.0,0.0,2,0,4,14.0,0.0,16.0,7,1,313,0.0,0.0019271948608137045,0.0,0.0,0.55,0.4375,0.0,0.0,0.6111111111111112,0.0,0.6111111111111112,0.8888888888888888,0.0,0.002068425675495055,0.0,0.0021978021978021965,0.0,0.00026966106001069523,0.0014321272351250937,0.014989293361884369,0.0021413276231263384
838896096385814889,3,4,0,4,4,0,4,0,0,0,10.0,0.0,10.0,10.0,0.0,10.0,0.0,0.0,0.0,1.0,0.0,1.0,0.0,2,0,4,14.0,0.0,18.0,7,1,313,0.0,0.0021413276231263384,0.0,0.0,0.55,0.4375,0.0,0.0,0.6,0.0,0.6,0.8666666666666667,0.0,0.0020727062338558116,0.0,0.002197802197802196,0.0,0.0002996577008397283,0.0014321272351250937,0.014989293361884369,0.0021413276231263384
1982739350054563961,3,4,0,4,4,0,4,0,0,0,8.0,0.0,8.0,8.0,0.0,8.0,0.0,0.0,0.0,1.0,0.0,1.0,0.0,2,0,4,14.0,0.0,13.0,7,1,313,0.0,0.0017130620985010706,0.0,0.0,0.55,0.4375,0.0,0.0,0.5833333333333334,0.0,0.5833333333333334,0.8333333333333334,0.0,0.002069802913692794,0.0,0.0021978021978021965,0.0,0.00023967127084789652,0.0014321272351250937,0.014989293361884369,0.0021413276231263384
6924602533243139190,3,4,0,4,4,0,4,0,0,0,11.0,0.0,11.0,11.0,0.0,11.0,0.0,0.0,0.0,1.0,0.0,1.0,0.0,2,0,4,14.0,0.0,19.0,7,1,313,0.0,0.002355460385438972,0.0,0.0,0.55,0.4375,0.0,0.0,0.6060606060606061,0.0,0.6060606060606061,0.8787878787878788,0.0,0.002074157893937321,0.0,0.002197802197802196,0.0,0.00032966119010857664,0.0014321272351250937,0.014989293361884369,0.0021413276231263384
2906843924966539118,3,3,0,3,3,0,3,0,0,0,6.0,0.0,6.0,6.0,0.0,6.0,0.0,0.0,0.0,1.0,0.0,1.0,0.0,2,0,3,14.0,0.0,7.0,7,1,313,0.0,0.001284796573875803,0.0,0.0,0.5833333333333334,0.4444444444444444,0.0,0.0,0.7083333333333334,0.0,0.7083333333333334,1.0,0.0,0.002058412898692034,0.0,0.002197802197802196,0.0,0.00017971226035584653,0.0014321272351250937,0.014989293361884369,0.0021413276231263384
3422976187340975171,3,3,0,3,3,0,3,0,0,0,7.0,0.0,7.0,7.0,0.0,7.0,0.0,0.0,0.0,1.0,0.0,1.0,0.0,2,0,3,13.0,0.0,9.0,6,1,313,0.0,0.0014989293361884369,0.0,0.0,0.4166666666666667,0.2222222222222222,0.0,0.0,0.42857142857142855,0.0,0.42857142857142855,0.8571428571428571,0.0,0.0020431440491906804,0.0,0.002197802197802196,0.0,0.00020968833656354047,0.0014321272351250937,0.01284796573875803,0.0021413276231263384
5615925881157487443,3,3,0,3,3,0,3,0,0,0,8.0,0.0,8.0,8.0,0.0,8.0,0.0,0.0,0.0,1.0,0.0,1.0,0.0,2,0,3,14.0,0.0,13.0,6,1,313,0.0,0.0017130620985010706,0.0,0.0,0.4166666666666667,0.2222222222222222,0.0,0.0,0.375,0.0,0.375,0.75,0.0,0.0020512012554627125,0.0,0.0021978021978021965,0.0,0.00023967127084789652,0.0014321272351250937,0.01284796573875803,0.0021413276231263384
9347330472605126711,3,3,0,3,3,0,3,0,0,0,13.0,0.0,13.0,13.0,0.0,13.0,0.0,0.0,0.0,1.0,0.0,1.0,0.0,2,0,3,14.0,0.0,21.0,6,1,313,0.0,0.00278372591006424,0.0,0.0,0.4166666666666667,0.2222222222222222,0.0,0.0,0.40384615384615385,0.0,0.40384615384615385,0.8076923076923077,0.0,0.0020612884541495046,0.0,0.0021978021978021965,0.0,0.0003896887009859906,0.0014321272351250937,0.01284796573875803,0.0021413276231263384
5081746089170828699,3,4,0,4,4,0,4,0,0,0,10.0,0.0,10.0,10.0,0.0,10.0,0.0,0.0,0.0,1.0,0.0,1.0,0.0,2,0,4,14.0,0.0,18.0,7,1,313,0.0,0.0021413276231263384,0.0,0.0,0.55,0.4375,0.0,0.0,0.6,0.0,0.6,0.8666666666666667,0.0,0.0020727062338558116,0.0,0.002197802197802196,0.0,0.0002996577008397283,0.0014321272351250937,0.014989293361884369,0.0021413276231263384
3735703946545785737,3,3,0,3,3,0,3,0,0,0,10.0,0.0,10.0,10.0,0.0,10.0,0.0,0.0,0.0,1.0,0.0,1.0,0.0,2,0,3,13.0,0.0,18.0,6,1,313,0.0,0.0021413276231263384,0.0,0.0,0.4166666666666667,0.2222222222222222,0.0,0.0,0.4,0.0,0.4,0.8,0.0,0.0020531568259937027,0.0,0.002197802197802196,0.0,0.0002996577008397283,0.0014321272351250937,0.01284796573875803,0.0021413276231263384
6071532077495582529,3,3,0,3,3,0,3,0,0,0,13.0,0.0,13.0,13.0,0.0,13.0,0.0,0.0,0.0,1.0,0.0,1.0,0.0,2,0,3,14.0,0.0,21.0,6,1,313,0.0,0.00278372591006424,0.0,0.0,0.4166666666666667,0.2222222222222222,0.0,0.0,0.38461538461538464,0.0,0.38461538461538464,0.7692307692307693,0.0,0.0020641173524287523,0.0,0.0021978021978021965,0.0,0.0003896887009859906,0.0014321272351250937,0.01284796573875803,0.0021413276231263384
5746017635563558570,3,4,0,4,4,0,4,0,0,0,8.0,0.0,8.0,8.0,0.0,8.0,0.0,0.0,0.0,1.0,0.0,1.0,0.0,2,0,4,14.0,0.0,13.0,7,1,313,0.0,0.0017130620985010706,0.0,0.0,0.55,0.4375,0.0,0.0,0.6041666666666666,0.0,0.6041666666666666,0.875,0.0,0.002066974015413547,0.0,0.0021978021978021965,0.0,0.00023967127084789652,0.0014321272351250937,0.014989293361884369,0.0021413276231263384
4025094677501309004,3,3,0,3,3,0,3,0,0,0,11.0,0.0,11.0,11.0,0.0,11.0,0.0,0.0,0.0,1.0,0.0,1.0,0.0,2,0,3,14.0,0.0,19.0,6,1,313,0.0,0.002355460385438972,0.0,0.0,0.4166666666666667,0.2222222222222222,0.0,0.0,0.36363636363636365,0.0,0.36363636363636365,0.7272727272727273,0.0,0.0020612140322657344,0.0,0.0021978021978021965,0.0,0.00032966119010857664,0.0014321272351250937,0.01284796573875803,0.0021413276231263384
8146341189804457032,3,4,0,4,4,0,4,0,0,0,10.0,0.0,10.0,10.0,0.0,10.0,0.0,0.0,0.0,1.0,0.0,1.0,0.0,2,0,4,14.0,0.0,18.0,7,1,313,0.0,0.0021413276231263384,0.0,0.0,0.55,0.4375,0.0,0.0,0.6166666666666667,0.0,0.6166666666666667,0.9,0.0,0.0020698773355765643,0.0,0.002197802197802196,0.0,0.0002996577008397283,0.0014321272351250937,0.014989293361884369,0.0021413276231263384
8866842111955005185,3,4,0,4,4,0,4,0,0,0,14.0,0.0,14.0,14.0,0.0,14.0,0.0,0.0,0.0,1.0,0.0,1.0,0.0,2,0,4,17.0,0.0,22.0,7,1,313,0.0,0.0029978586723768737,0.0,0.0,0.55,0.4375,0.0,0.0,0.6190476190476191,0.0,0.6190476190476191,0.9047619047619048,0.0,0.002099010031675985,0.0,0.002197802197802196,0.0,0.0004197127160691094,0.0014321272351250937,0.014989293361884369,0.0021413276231263384
4447511008711031824,3,4,0,4,4,0,4,0,0,0,12.0,0.0,12.0,12.0,0.0,12.0,0.0,0.0,0.0,1.0,0.0,1.0,0.0,2,0,4,14.0,0.0,20.0,7,1,313,0.0,0.002569593147751606,0.0,0.0,0.55,0.4375,0.0,0.0,0.6111111111111112,0.0,0.6111111111111112,0.8888888888888888,0.0,0.0020756095540188295,0.0,0.002197802197802196,0.0,0.00035967152457583307,0.0014321272351250937,0.014989293361884369,0.0021413276231263384
1800513204660261310,3,4,0,4,4,0,4,0,0,0,17.0,0.0,17.0,17.0,0.0,17.0,0.0,0.0,0.0,1.0,0.0,1.0,0.0,2,0,4,17.0,0.0,29.0,7,1,313,0.0,0.0036402569593147753,0.0,0.0,0.55,0.4375,0.0,0.0,0.6078431372549019,0.0,0.6078431372549019,0.8627450980392157,0.0,0.0021314011146203638,0.0,0.0021978021978021965,0.0,0.0005098257604366774,0.0014321272351250937,0.014989293361884369,0.0021413276231263384
1940282122241782391,3,3,0,3,3,0,3,0,0,0,9.0,0.0,9.0,9.0,0.0,9.0,0.0,0.0,0.0,1.0,0.0,1.0,0.0,2,0,3,14.0,0.0,16.0,6,1,313,0.0,0.0019271948608137045,0.0,0.0,0.4166666666666667,0.2222222222222222,0.0,0.0,0.4166666666666667,0.0,0.4166666666666667,0.8333333333333334,0.0,0.002049824017264974,0.0,0.0021978021978021965,0.0,0.00026966106001069523,0.0014321272351250937,0.01284796573875803,0.0021413276231263384
6960288108270174006,3,4,0,4,4,0,4,0,0,0,11.0,0.0,11.0,11.0,0.0,11.0,0.0,0.0,0.0,1.0,0.0,1.0,0.0,2,0,4,16.0,0.0,19.0,7,1,313,0.0,0.002355460385438972,0.0,0.0,0.55,0.4375,0.0,0.0,0.6363636363636364,0.0,0.6363636363636364,0.8787878787878788,0.0,0.002113256709661539,0.0,0.0021978021978021965,0.0,0.00032966119010857664,0.0014321272351250937,0.014989293361884369,0.0021413276231263384
954943243313763296,3,3,0,3,3,0,3,0,0,0,8.0,0.0,8.0,8.0,0.0,8.0,0.0,0.0,0.0,1.0,0.0,1.0,0.0,2,0,3,14.0,0.0,13.0,6,1,313,0.0,0.0017130620985010706,0.0,0.0,0.4166666666666667,0.2222222222222222,0.0,0.0,0.40625,0.0,0.40625,0.8125,0.0,0.0020483723571834652,0.0,0.0021978021978021965,0.0,0.00023967127084789652,0.0014321272351250937,0.01284796573875803,0.0021413276231263384
4222535201731039210,3,4,0,4,4,0,4,0,0,0,10.0,0.0,10.0,10.0,0.0,10.0,0.0,0.0,0.0,1.0,0.0,1.0,0.0,2,0,4,14.0,0.0,18.0,7,1,313,0.0,0.0021413276231263384,0.0,0.0,0.55,0.4375,0.0,0.0,0.6,0.0,0.6,0.8666666666666667,0.0,0.0020727062338558116,0.0,0.002197802197802196,0.0,0.0002996577008397283,0.0014321272351250937,0.014989293361884369,0.0021413276231263384
8254175772673242707,3,4,0,4,4,0,4,0,0,0,12.0,0.0,12.0,12.0,0.0,12.0,0.0,0.0,0.0,1.0,0.0,1.0,0.0,2,0,4,15.0,0.0,20.0,7,1,313,0.0,0.002569593147751606,0.0,0.0,0.55,0.4375,0.0,0.0,0.5972222222222222,0.0,0.5972222222222222,0.8888888888888888,0.0,0.0020765573036508576,0.0,0.0021978021978021965,0.0,0.00035967152457583307,0.0014321272351250937,0.014989293361884369,0.0021413276231263384
6224081810669274347,3,3,0,3,3,0,3,0,0,0,10.0,0.0,10.0,10.0,0.0,10.0,0.0,0.0,0.0,1.0,0.0,1.0,0.0,2,0,3,13.0,0.0,18.0,6,1,313,0.0,0.0021413276231263384,0.0,0.0,0.4166666666666667,0.2222222222222222,0.0,0.0,0.4,0.0,0.4,0.8,0.0,0.0020531568259937027,0.0,0.002197802197802196,0.0,0.0002996577008397283,0.0014321272351250937,0.01284796573875803,0.0021413276231263384
9554053639726531956,3,4,0,4,4,0,4,0,0,0,14.0,0.0,14.0,14.0,0.0,14.0,0.0,0.0,0.0,1.0,0.0,1.0,0.0,2,0,4,14.0,0.0,22.0,7,1,313,0.0,0.0029978586723768737,0.0,0.0,0.55,0.4375,0.0,0.0,0.6071428571428571,0.0,0.6071428571428571,0.8809523809523809,0.0,0.0020813417724610947,0.0,0.002197802197802196,0.0,0.0004197127160691094,0.0014321272351250937,0.014989293361884369,0.0021413276231263384
9916162822938033309,3,3,0,3,3,0,3,0,0,0,8.0,0.0,8.0,8.0,0.0,8.0,0.0,0.0,0.0,1.0,0.0,1.0,0.0,2,0,3,14.0,0.0,13.0,6,1,313,0.0,0.0017130620985010706,0.0,0.0,0.4166666666666667,0.2222222222222222,0.0,0.0,0.34375,0.0,0.34375,0.6875,0.0,0.0020540301537419602,0.0,0.0021978021978021965,0.0,0.00023967127084789652,0.0014321272351250937,0.01284796573875803,0.0021413276231263384
141564092894158266,3,3,0,3,3,0,3,0,0,0,7.0,0.0,7.0,7.0,0.0,7.0,0.0,0.0,0.0,1.0,0.0,1.0,0.0,2,0,3,13.0,0.0,9.0,6,1,313,0.0,0.0014989293361884369,0.0,0.0,0.4166666666666667,0.2222222222222222,0.0,0.0,0.39285714285714285,0.0,0.39285714285714285,0.7857142857142857,0.0,0.0020459729474699277,0.0,0.002197802197802196,0.0,0.00020968833656354047,0.0014321272351250937,0.01284796573875803,0.0021413276231263384
397953945358007534,3,3,0,3,3,0,3,0,0,0,9.0,0.0,9.0,9.0,0.0,9.0,0.0,0.0,0.0,1.0,0.0,1.0,0.0,2,0,3,14.0,0.0,16.0,6,1,313,0.0,0.0019271948608137045,0.0,0.0,0.4166666666666667,0.2222222222222222,0.0,0.0,0.3611111111111111,0.0,0.3611111111111111,0.7222222222222222,0.0,0.002055481813823469,0.0,0.0021978021978021965,0.0,0.00026966106001069523,0.0014321272351250937,0.01284796573875803,0.0021413276231263384
1434543040500451704,3,3,0,3,3,0,3,0,0,0,8.0,0.0,8.0,8.0,0.0,8.0,0.0,0.0,0.0,1.0,0.0,1.0,0.0,2,0,3,13.0,0.0,13.0,6,1,313,0.0,0.0017130620985010706,0.0,0.0,0.4166666666666667,0.2222222222222222,0.0,0.0,0.375,0.0,0.375,0.75,0.0,0.002050253505830684,0.0,0.0021978021978021965,0.0,0.00023967127084789652,0.0014321272351250937,0.01284796573875803,0.0021413276231263384
7734647301605528525,3,4,0,4,4,0,4,0,0,0,14.0,0.0,14.0,14.0,0.0,14.0,0.0,0.0,0.0,1.0,0.0,1.0,0.0,2,0,4,14.0,0.0,22.0,7,1,313,0.0,0.0029978586723768737,0.0,0.0,0.55,0.4375,0.0,0.0,0.5833333333333334,0.0,0.5833333333333334,0.8333333333333334,0.0,0.0020869995690195897,0.0,0.002197802197802196,0.0,0.0004197127160691094,0.0014321272351250937,0.014989293361884369,0.0021413276231263384
5973108922362456596,3,3,0,3,3,0,3,0,0,0,11.0,0.0,11.0,11.0,0.0,11.0,0.0,0.0,0.0,1.0,0.0,1.0,0.0,2,0,3,14.0,0.0,19.0,6,1,313,0.0,0.002355460385438972,0.0,0.0,0.4166666666666667,0.2222222222222222,0.0,0.0,0.36363636363636365,0.0,0.36363636363636365,0.7272727272727273,0.0,0.0020612140322657344,0.0,0.0021978021978021965,0.0,0.00032966119010857664,0.0014321272351250937,0.01284796573875803,0.0021413276231263384
2893167354879055200,3,4,0,4,4,0,4,0,0,0,15.0,0.0,15.0,15.0,0.0,15.0,0.0,0.0,0.0,1.0,0.0,1.0,0.0,2,0,4,15.0,0.0,23.0,7,1,313,0.0,0.0032119914346895075,0.0,0.0,0.55,0.4375,0.0,0.0,0.5888888888888889,0.0,0.5888888888888889,0.8666666666666667,0.0,0.0020865700804538795,0.0,0.002197802197802196,0.0,0.0004497435665403726,0.0014321272351250937,0.014989293361884369,0.0021413276231263384
2095287912354251038,3,4,0,4,4,0,4,0,0,0,9.0,0.0,9.0,9.0,0.0,9.0,0.0,0.0,0.0,1.0,0.0,1.0,0.0,2,0,4,14.0,0.0,16.0,7,1,313,0.0,0.0019271948608137045,0.0,0.0,0.55,0.4375,0.0,0.0,0.6111111111111112,0.0,0.6111111111111112,0.8888888888888888,0.0,0.002068425675495055,0.0,0.0021978021978021965,0.0,0.00026966106001069523,0.0014321272351250937,0.014989293361884369,0.0021413276231263384
8292131163033764830,3,4,0,4,4,0,4,0,0,0,11.0,0.0,11.0,11.0,0.0,11.0,0.0,0.0,0.0,1.0,0.0,1.0,0.0,2,0,4,14.0,0.0,19.0,7,1,313,0.0,0.002355460385438972,0.0,0.0,0.55,0.4375,0.0,0.0,0.6060606060606061,0.0,0.6060606060606061,0.8787878787878788,0.0,0.002074157893937321,0.0,0.002197802197802196,0.0,0.00032966119010857664,0.0014321272351250937,0.014989293361884369,0.0021413276231263384
5852446689195152116,3,3,0,3,3,0,3,0,0,0,10.0,0.0,10.0,10.0,0.0,10.0,0.0,0.0,0.0,1.0,0.0,1.0,0.0,2,0,3,13.0,0.0,18.0,6,1,313,0.0,0.0021413276231263384,0.0,0.0,0.4166666666666667,0.2222222222222222,0.0,0.0,0.425,0.0,0.425,0.85,0.0,0.002050327927714455,0.0,0.002197802197802196,0.0,0.0002996577008397283,0.0014321272351250937,0.01284796573875803,0.0021413276231263384
4689759728510959277,3,4,0,4,4,0,4,0,0,0,8.0,0.0,8.0,8.0,0.0,8.0,0.0,0.0,0.0,1.0,0.0,1.0,0.0,2,0,4,14.0,0.0,13.0,7,1,313,0.0,0.0017130620985010706,0.0,0.0,0.55,0.4375,0.0,0.0,0.6041666666666666,0.0,0.6041666666666666,0.875,0.0,0.002066974015413547,0.0,0.0021978021978021965,0.0,0.00023967127084789652,0.0014321272351250937,0.014989293361884369,0.0021413276231263384
1576543256295333013,3,4,0,4,4,0,4,0,0,0,14.0,0.0,14.0,14.0,0.0,14.0,0.0,0.0,0.0,1.0,0.0,1.0,0.0,2,0,4,15.0,0.0,22.0,7,1,313,0.0,0.0029978586723768737,0.0,0.0,0.55,0.4375,0.0,0.0,0.5833333333333334,0.0,0.5833333333333334,0.8571428571428571,0.0,0.0020851184203723705,0.0,0.002197802197802196,0.0,0.0004197127160691094,0.0014321272351250937,0.014989293361884369,0.0021413276231263384
4574498102315491386,3,4,0,4,4,0,4,0,0,0,12.0,0.0,12.0,12.0,0.0,12.0,0.0,0.0,0.0,1.0,0.0,1.0,0.0,2,0,4,14.0,0.0,20.0,7,1,313,0.0,0.002569593147751606,0.0,0.0,0.55,0.4375,0.0,0.0,0.625,0.0,0.625,0.9166666666666666,0.0,0.0020727806557395818,0.0,0.0021978021978021965,0.0,0.00035967152457583307,0.0014321272351250937,0.014989293361884369,0.0021413276231263384
9828389526900063859,3,4,0,4,4,0,4,0,0,0,11.0,0.0,11.0,11.0,0.0,11.0,0.0,0.0,0.0,1.0,0.0,1.0,0.0,2,0,4,14.0,0.0,19.0,7,1,313,0.0,0.002355460385438972,0.0,0.0,0.55,0.4375,0.0,0.0,0.5909090909090909,0.0,0.5909090909090909,0.8484848484848485,0.0,0.0020769867922165682,0.0,0.002197802197802196,0.0,0.00032966119010857664,0.0014321272351250937,0.014989293361884369,0.0021413276231263384
9328127358668771344,3,4,0,4,4,0,4,0,0,0,14.0,0.0,14.0,14.0,0.0,14.0,0.0,0.0,0.0,1.0,0.0,1.0,0.0,2,0,4,15.0,0.0,22.0,7,1,313,0.0,0.0029978586723768737,0.0,0.0,0.55,0.4375,0.0,0.0,0.5952380952380952,0.0,0.5952380952380952,0.8809523809523809,0.0,0.0020822895220931233,0.0,0.002197802197802196,0.0,0.0004197127160691094,0.0014321272351250937,0.014989293361884369,0.0021413276231263384
8885004233610795401,3,3,0,3,3,0,3,0,0,0,9.0,0.0,9.0,9.0,0.0,9.0,0.0,0.0,0.0,1.0,0.0,1.0,0.0,2,0,3,13.0,0.0,16.0,6,1,313,0.0,0.0019271948608137045,0.0,0.0,0.4166666666666667,0.2222222222222222,0.0,0.0,0.3888888888888889,0.0,0.3888888888888889,0.7777777777777778,0.0,0.0020517051659121933,0.0,0.0021978021978021965,0.0,0.00026966106001069523,0.0014321272351250937,0.01284796573875803,0.0021413276231263384
2658548578843836239,3,4,0,4,4,0,4,0,0,0,9.0,0.0,9.0,9.0,0.0,9.0,0.0,0.0,0.0,1.0,0.0,1.0,0.0,2,0,4,14.0,0.0,16.0,7,1,313,0.0,0.0019271948608137045,0.0,0.0,0.55,0.4375,0.0,0.0,0.5925925925925926,0.0,0.5925925925925926,0.8518518518518519,0.0,0.0020712545737743026,0.0,0.0021978021978021965,0.0,0.00026966106001069523,0.0014321272351250937,0.014989293361884369,0.0021413276231263384
2087981989364518870,3,4,0,4,4,0,4,0,0,0,15.0,0.0,15.0,15.0,0.0,15.0,0.0,0.0,0.0,1.0,0.0,1.0,0.0,2,0,4,14.0,0.0,23.0,7,1,313,0.0,0.0032119914346895075,0.0,0.0,0.55,0.4375,0.0,0.0,0.6111111111111112,0.0,0.6111111111111112,0.8888888888888888,0.0,0.002082793432542604,0.0,0.002197802197802196,0.0,0.0004497435665403726,0.0014321272351250937,0.014989293361884369,0.0021413276231263384
4724247318116168967,3,4,0,4,4,0,4,0,0,0,9.0,0.0,9.0,9.0,0.0,9.0,0.0,0.0,0.0,1.0,0.0,1.0,0.0,2,0,4,14.0,0.0,16.0,7,1,313,0.0,0.0019271948608137045,0.0,0.0,0.55,0.4375,0.0,0.0,0.6296296296296297,0.0,0.6296296296296297,0.9259259259259259,0.0,0.0020655967772158076,0.0,0.0021978021978021965,0.0,0.00026966106001069523,0.0014321272351250937,0.014989293361884369,0.0021413276231263384
2969677232936831962,3,3,0,3,3,0,3,0,0,0,8.0,0.0,8.0,8.0,0.0,8.0,0.0,0.0,0.0,1.0,0.0,1.0,0.0,2,0,3,13.0,0.0,13.0,6,1,313,0.0,0.0017130620985010706,0.0,0.0,0.4166666666666667,0.2222222222222222,0.0,0.0,0.375,0.0,0.375,0.75,0.0,0.002050253505830684,0.0,0.0021978021978021965,0.0,0.00023967127084789652,0.0014321272351250937,0.01284796573875803,0.0021413276231263384
2064934871487925359,3,4,0,4,4,0,4,0,0,0,10.0,0.0,10.0,10.0,0.0,10.0,0.0,0.0,0.0,1.0,0.0,1.0,0.0,2,0,4,14.0,0.0,18.0,7,1,313,0.0,0.0021413276231263384,0.0,0.0,0.55,0.4375,0.0,0.0,0.6166666666666667,0.0,0.6166666666666667,0.9,0.0,0.0020698773355765643,0.0,0.002197802197802196,0.0,0.0002996577008397283,0.0014321272351250937,0.014989293361884369,0.0021413276231263384
611513499717436384,3,4,0,4,4,0,4,0,0,0,8.0,0.0,8.0,8.0,0.0,8.0,0.0,0.0,0.0,1.0,0.0,1.0,0.0,2,0,4,14.0,0.0,13.0,7,1,313,0.0,0.0017130620985010706,0.0,0.0,0.55,0.4375,0.0,0.0,0.6041666666666666,0.0,0.6041666666666666,0.875,0.0,0.002066974015413547,0.0,0.0021978021978021965,0.0,0.00023967127084789652,0.0014321272351250937,0.014989293361884369,0.0021413276231263384
7285069963938973236,3,4,0,4,4,0,4,0,0,0,14.0,0.0,14.0,14.0,0.0,14.0,0.0,0.0,0.0,1.0,0.0,1.0,0.0,2,0,4,18.0,0.0,22.0,7,1,313,0.0,0.0029978586723768737,0.0,0.0,0.55,0.4375,0.0,0.0,0.5833333333333334,0.0,0.5833333333333334,0.8809523809523809,0.0,0.002083237271725151,0.0,0.002197802197802196,0.0,0.0004197127160691094,0.0014321272351250937,0.014989293361884369,0.0021413276231263384
9364872455914909649,3,4,0,4,4,0,4,0,0,0,13.0,0.0,13.0,13.0,0.0,13.0,0.0,0.0,0.0,1.0,0.0,1.0,0.0,2,0,4,15.0,0.0,21.0,7,1,313,0.0,0.00278372591006424,0.0,0.0,0.55,0.4375,0.0,0.0,0.5897435897435898,0.0,0.5897435897435898,0.8717948717948718,0.0,0.0020808378620116143,0.0,0.0021978021978021965,0.0,0.0003896887009859906,0.0014321272351250937,0.014989293361884369,0.0021413276231263384
4928682412649383721,3,4,0,4,4,0,4,0,0,0,13.0,0.0,13.0,13.0,0.0,13.0,0.0,0.0,0.0,1.0,0.0,1.0,0.0,2,0,4,15.0,0.0,21.0,7,1,313,0.0,0.00278372591006424,0.0,0.0,0.55,0.4375,0.0,0.0,0.6025641025641025,0.0,0.6025641025641025,0.8974358974358975,0.0,0.0020780089637323666,0.0,0.0021978021978021965,0.0,0.0003896887009859906,0.0014321272351250937,0.014989293361884369,0.0021413276231263384
5714228661496668117,3,4,0,4,4,0,4,0,0,0,13.0,0.0,13.0,13.0,0.0,13.0,0.0,0.0,0.0,1.0,0.0,1.0,0.0,2,0,4,15.0,0.0,21.0,7,1,313,0.0,0.00278372591006424,0.0,0.0,0.55,0.4375,0.0,0.0,0.5769230769230769,0.0,0.5769230769230769,0.8461538461538461,0.0,0.002083666760290861,0.0,0.0021978021978021965,0.0,0.0003896887009859906,0.0014321272351250937,0.014989293361884369,0.0021413276231263384
6316563057376135200,3,4,0,4,4,0,4,0,0,0,14.0,0.0,14.0,14.0,0.0,14.0,0.0,0.0,0.0,1.0,0.0,1.0,0.0,2,0,4,15.0,0.0,22.0,7,1,313,0.0,0.0029978586723768737,0.0,0.0,0.55,0.4375,0.0,0.0,0.5833333333333334,0.0,0.5833333333333334,0.8571428571428571,0.0,0.0020851184203723705,0.0,0.002197802197802196,0.0,0.0004197127160691094,0.0014321272351250937,0.014989293361884369,0.0021413276231263384
9042054027817111999,3,4,0,4,4,0,4,0,0,0,13.0,0.0,13.0,13.0,0.0,13.0,0.0,0.0,0.0,1.0,0.0,1.0,0.0,2,0,4,15.0,0.0,21.0,7,1,313,0.0,0.00278372591006424,0.0,0.0,0.55,0.4375,0.0,0.0,0.5897435897435898,0.0,0.5897435897435898,0.8717948717948718,0.0,0.0020808378620116143,0.0,0.0021978021978021965,0.0,0.0003896887009859906,0.0014321272351250937,0.014989293361884369,0.0021413276231263384
4325992010381310792,3,4,0,4,4,0,4,0,0,0,11.0,0.0,11.0,11.0,0.0,11.0,0.0,0.0,0.0,1.0,0.0,1.0,0.0,2,0,4,14.0,0.0,19.0,7,1,313,0.0,0.002355460385438972,0.0,0.0,0.55,0.4375,0.0,0.0,0.6060606060606061,0.0,0.6060606060606061,0.8787878787878788,0.0,0.002074157893937321,0.0,0.002197802197802196,0.0,0.00032966119010857664,0.0014321272351250937,0.014989293361884369,0.0021413276231263384
8088534525088339029,3,4,0,4,4,0,4,0,0,0,9.0,0.0,9.0,9.0,0.0,9.0,0.0,0.0,0.0,1.0,0.0,1.0,0.0,2,0,4,15.0,0.0,16.0,7,1,313,0.0,0.0019271948608137045,0.0,0.0,0.55,0.4375,0.0,0.0,0.6111111111111112,0.0,0.6111111111111112,0.8518518518518519,0.0,0.002090803981636412,0.0,0.0021978021978021965,0.0,0.00026966106001069523,0.0014321272351250937,0.014989293361884369,0.0021413276231263384
4699816449470483039,3,3,0,3,3,0,3,0,0,0,7.0,0.0,7.0,7.0,0.0,7.0,0.0,0.0,0.0,1.0,0.0,1.0,0.0,2,0,3,13.0,0.0,9.0,6,1,313,0.0,0.0014989293361884369,0.0,0.0,0.4166666666666667,0.2222222222222222,0.0,0.0,0.39285714285714285,0.0,0.39285714285714285,0.7857142857142857,0.0,0.0020459729474699277,0.0,0.002197802197802196,0.0,0.00020968833656354047,0.0014321272351250937,0.01284796573875803,0.0021413276231263384
5865231938159002515,3,4,0,4,4,0,4,0,0,0,16.0,0.0,16.0,16.0,0.0,16.0,0.0,0.0,0.0,1.0,0.0,1.0,0.0,2,0,4,15.0,0.0,24.0,7,1,313,0.0,0.003426124197002141,0.0,0.0,0.55,0.4375,0.0,0.0,0.59375,0.0,0.59375,0.875,0.0,0.002088021740535389,0.0,0.002197802197802196,0.0,0.0004797812491008635,0.0014321272351250937,0.014989293361884369,0.0021413276231263384
4701353792573515448,3,4,0,4,4,0,4,0,0,0,11.0,0.0,11.0,11.0,0.0,11.0,0.0,0.0,0.0,1.0,0.0,1.0,0.0,2,0,4,14.0,0.0,19.0,7,1,313,0.0,0.002355460385438972,0.0,0.0,0.55,0.4375,0.0,0.0,0.6060606060606061,0.0,0.6060606060606061,0.8787878787878788,0.0,0.002074157893937321,0.0,0.002197802197802196,0.0,0.00032966119010857664,0.0014321272351250937,0.014989293361884369,0.0021413276231263384
6269211698580390062,3,4,0,4,4,0,4,0,0,0,11.0,0.0,11.0,11.0,0.0,11.0,0.0,0.0,0.0,1.0,0.0,1.0,0.0,2,0,4,16.0,0.0,19.0,7,1,313,0.0,0.002355460385438972,0.0,0.0,0.55,0.4375,0.0,0.0,0.6363636363636364,0.0,0.6363636363636364,0.8787878787878788,0.0,0.002113256709661539,0.0,0.0021978021978021965,0.0,0.00032966119010857664,0.0014321272351250937,0.014989293361884369,0.0021413276231263384
1004724357162684961,3,4,0,4,4,0,4,0,0,0,10.0,0.0,10.0,10.0,0.0,10.0,0.0,0.0,0.0,1.0,0.0,1.0,0.0,2,0,4,14.0,0.0,18.0,7,1,313,0.0,0.0021413276231263384,0.0,0.0,0.55,0.4375,0.0,0.0,0.6166666666666667,0.0,0.6166666666666667,0.9,0.0,0.0020698773355765643,0.0,0.002197802197802196,0.0,0.0002996577008397283,0.0014321272351250937,0.014989293361884369,0.0021413276231263384
5411053893129728547,3,3,0,3,3,0,3,0,0,0,8.0,0.0,8.0,8.0,0.0,8.0,0.0,0.0,0.0,1.0,0.0,1.0,0.0,2,0,3,13.0,0.0,13.0,6,1,313,0.0,0.0017130620985010706,0.0,0.0,0.4166666666666667,0.2222222222222222,0.0,0.0,0.40625,0.0,0.40625,0.8125,0.0,0.002047424607551437,0.0,0.0021978021978021965,0.0,0.00023967127084789652,0.0014321272351250937,0.01284796573875803,0.0021413276231263384
8925942571399654893,3,4,0,4,4,0,4,0,0,0,14.0,0.0,14.0,14.0,0.0,14.0,0.0,0.0,0.0,1.0,0.0,1.0,0.0,2,0,4,15.0,0.0,22.0,7,1,313,0.0,0.0029978586723768737,0.0,0.0,0.55,0.4375,0.0,0.0,0.5952380952380952,0.0,0.5952380952380952,0.8809523809523809,0.0,0.0020822895220931233,0.0,0.002197802197802196,0.0,0.0004197127160691094,0.0014321272351250937,0.014989293361884369,0.0021413276231263384
1650282881851176404,3,4,0,4,4,0,4,0,0,0,15.0,0.0,15.0,15.0,0.0,15.0,0.0,0.0,0.0,1.0,0.0,1.0,0.0,2,0,4,15.0,0.0,23.0,7,1,313,0.0,0.0032119914346895075,0.0,0.0,0.55,0.4375,0.0,0.0,0.5888888888888889,0.0,0.5888888888888889,0.8666666666666667,0.0,0.0020865700804538795,0.0,0.002197802197802196,0.0,0.0004497435665403726,0.0014321272351250937,0.014989293361884369,0.0021413276231263384
5186502763290307531,3,4,0,4,4,0,4,0,0,0,11.0,0.0,11.0,11.0,0.0,11.0,0.0,0.0,0.0,1.0,0.0,1.0,0.0,2,0,4,15.0,0.0,19.0,7,1,313,0.0,0.002355460385438972,0.0,0.0,0.55,0.4375,0.0,0.0,0.5757575757575758,0.0,0.5757575757575758,0.8484848484848485,0.0,0.0020779345418485964,0.0,0.002197802197802196,0.0,0.00032966119010857664,0.0014321272351250937,0.014989293361884369,0.0021413276231263384
3182622856710736777,3,4,0,4,4,0,4,0,0,0,12.0,0.0,12.0,12.0,0.0,12.0,0.0,0.0,0.0,1.0,0.0,1.0,0.0,2,0,4,14.0,0.0,20.0,7,1,313,0.0,0.002569593147751606,0.0,0.0,0.55,0.4375,0.0,0.0,0.6111111111111112,0.0,0.6111111111111112,0.8888888888888888,0.0,0.0020756095540188295,0.0,0.002197802197802196,0.0,0.00035967152457583307,0.0014321272351250937,0.014989293361884369,0.0021413276231263384
7098189480991966917,3,3,0,3,3,0,3,0,0,0,12.0,0.0,12.0,12.0,0.0,12.0,0.0,0.0,0.0,1.0,0.0,1.0,0.0,2,0,3,14.0,0.0,20.0,6,1,313,0.0,0.002569593147751606,0.0,0.0,0.4166666666666667,0.2222222222222222,0.0,0.0,0.3541666666666667,0.0,0.3541666666666667,0.7083333333333334,0.0,0.002065494590626491,0.0,0.0021978021978021965,0.0,0.00035967152457583307,0.0014321272351250937,0.01284796573875803,0.0021413276231263384
200117198493266635,3,3,0,3,3,0,3,0,0,0,9.0,0.0,9.0,9.0,0.0,9.0,0.0,0.0,0.0,1.0,0.0,1.0,0.0,2,0,3,13.0,0.0,16.0,6,1,313,0.0,0.0019271948608137045,0.0,0.0,0.4166666666666667,0.2222222222222222,0.0,0.0,0.3888888888888889,0.0,0.3888888888888889,0.7777777777777778,0.0,0.0020517051659121933,0.0,0.0021978021978021965,0.0,0.00026966106001069523,0.0014321272351250937,0.01284796573875803,0.0021413276231263384
8728903398385039603,3,4,0,4,4,0,4,0,0,0,10.0,0.0,10.0,10.0,0.0,10.0,0.0,0.0,0.0,1.0,0.0,1.0,0.0,2,0,4,14.0,0.0,18.0,7,1,313,0.0,0.0021413276231263384,0.0,0.0,0.55,0.4375,0.0,0.0,0.6,0.0,0.6,0.8666666666666667,0.0,0.0020727062338558116,0.0,0.002197802197802196,0.0,0.0002996577008397283,0.0014321272351250937,0.014989293361884369,0.0021413276231263384
4389495244000733617,3,4,0,4,4,0,4,0,0,0,11.0,0.0,11.0,11.0,0.0,11.0,0.0,0.0,0.0,1.0,0.0,1.0,0.0,2,0,4,14.0,0.0,19.0,7,1,313,0.0,0.002355460385438972,0.0,0.0,0.55,0.4375,0.0,0.0,0.6060606060606061,0.0,0.6060606060606061,0.8787878787878788,0.0,0.002074157893937321,0.0,0.002197802197802196,0.0,0.00032966119010857664,0.0014321272351250937,0.014989293361884369,0.0021413276231263384
8322794987967515690,3,4,0,4,4,0,4,0,0,0,14.0,0.0,14.0,14.0,0.0,14.0,0.0,0.0,0.0,1.0,0.0,1.0,0.0,2,0,4,16.0,0.0,22.0,7,1,313,0.0,0.0029978586723768737,0.0,0.0,0.55,0.4375,0.0,0.0,0.6309523809523809,0.0,0.6309523809523809,0.8809523809523809,0.0,0.0021204405881853137,0.0,0.002197802197802196,0.0,0.0004197127160691094,0.0014321272351250937,0.014989293361884369,0.0021413276231263384
8413443718727498708,3,4,0,4,4,0,4,0,0,0,13.0,0.0,13.0,13.0,0.0,13.0,0.0,0.0,0.0,1.0,0.0,1.0,0.0,2,0,4,16.0,0.0,21.0,7,1,313,0.0,0.00278372591006424,0.0,0.0,0.55,0.4375,0.0,0.0,0.6410256410256411,0.0,0.6410256410256411,0.8974358974358975,0.0,0.0021161600298245575,0.0,0.0021978021978021965,0.0,0.0003896887009859906,0.0014321272351250937,0.014989293361884369,0.0021413276231263384
9561376186176565170,3,3,0,3,3,0,3,0,0,0,11.0,0.0,11.0,11.0,0.0,11.0,0.0,0.0,0.0,1.0,0.0,1.0,0.0,2,0,3,14.0,0.0,19.0,6,1,313,0.0,0.002355460385438972,0.0,0.0,0.4166666666666667,0.2222222222222222,0.0,0.0,0.38636363636363635,0.0,0.38636363636363635,0.7727272727272727,0.0,0.002058385133986487,0.0,0.002197802197802196,0.0,0.00032966119010857664,0.0014321272351250937,0.01284796573875803,0.0021413276231263384
107202683742442673,3,4,0,4,4,0,4,0,0,0,11.0,0.0,11.0,11.0,0.0,11.0,0.0,0.0,0.0,1.0,0.0,1.0,0.0,2,0,4,14.0,0.0,19.0,7,1,313,0.0,0.002355460385438972,0.0,0.0,0.55,0.4375,0.0,0.0,0.6060606060606061,0.0,0.6060606060606061,0.8787878787878788,0.0,0.002074157893937321,0.0,0.002197802197802196,0.0,0.00032966119010857664,0.0014321272351250937,0.014989293361884369,0.0021413276231263384
2753486438238562920,3,3,0,3,3,0,3,0,0,0,8.0,0.0,8.0,8.0,0.0,8.0,0.0,0.0,0.0,1.0,0.0,1.0,0.0,2,0,3,13.0,0.0,13.0,6,1,313,0.0,0.0017130620985010706,0.0,0.0,0.4166666666666667,0.2222222222222222,0.0,0.0,0.40625,0.0,0.40625,0.8125,0.0,0.002047424607551437,0.0,0.0021978021978021965,0.0,0.00023967127084789652,0.0014321272351250937,0.01284796573875803,0.0021413276231263384
2719873875973612369,3,4,0,4,4,0,4,0,0,0,9.0,0.0,9.0,9.0,0.0,9.0,0.0,0.0,0.0,1.0,0.0,1.0,0.0,2,0,4,14.0,0.0,16.0,7,1,313,0.0,0.0019271948608137045,0.0,0.0,0.55,0.4375,0.0,0.0,0.6111111111111112,0.0,0.6111111111111112,0.8888888888888888,0.0,0.002068425675495055,0.0,0.0021978021978021965,0.0,0.00026966106001069523,0.0014321272351250937,0.014989293361884369,0.0021413276231263384
9997602517105845245,3,4,0,4,4,0,4,0,0,0,11.0,0.0,11.0,11.0,0.0,11.0,0.0,0.0,0.0,1.0,0.0,1.0,0.0,2,0,4,15.0,0.0,19.0,7,1,313,0.0,0.002355460385438972,0.0,0.0,0.55,0.4375,0.0,0.0,0.5757575757575758,0.0,0.5757575757575758,0.8484848484848485,0.0,0.0020779345418485964,0.0,0.002197802197802196,0.0,0.00032966119010857664,0.0014321272351250937,0.014989293361884369,0.0021413276231263384
8889744612599415173,3,3,0,3,3,0,3,0,0,0,8.0,0.0,8.0,8.0,0.0,8.0,0.0,0.0,0.0,1.0,0.0,1.0,0.0,2,0,3,13.0,0.0,13.0,6,1,313,0.0,0.0017130620985010706,0.0,0.0,0.4166666666666667,0.2222222222222222,0.0,0.0,0.40625,0.0,0.40625,0.8125,0.0,0.002047424607551437,0.0,0.0021978021978021965,0.0,0.00023967127084789652,0.0014321272351250937,0.01284796573875803,0.0021413276231263384
1234036584408316217,3,3,0,3,3,0,3,0,0,0,9.0,0.0,9.0,9.0,0.0,9.0,0.0,0.0,0.0,1.0,0.0,1.0,0.0,2,0,3,13.0,0.0,16.0,6,1,313,0.0,0.0019271948608137045,0.0,0.0,0.4166666666666667,0.2222222222222222,0.0,0.0,0.4166666666666667,0.0,0.4166666666666667,0.8333333333333334,0.0,0.002048876267632946,0.0,0.0021978021978021965,0.0,0.00026966106001069523,0.0014321272351250937,0.01284796573875803,0.0021413276231263384
8343329955440739894,3,4,0,4,4,0,4,0,0,0,10.0,0.0,10.0,10.0,0.0,10.0,0.0,0.0,0.0,1.0,0.0,1.0,0.0,2,0,4,14.0,0.0,18.0,7,1,313,0.0,0.0021413276231263384,0.0,0.0,0.55,0.4375,0.0,0.0,0.6166666666666667,0.0,0.6166666666666667,0.9,0.0,0.0020698773355765643,0.0,0.002197802197802196,0.0,0.0002996577008397283,0.0014321272351250937,0.014989293361884369,0.0021413276231263384
5962406208712014212,3,4,0,4,4,0,4,0,0,0,9.0,0.0,9.0,9.0,0.0,9.0,0.0,0.0,0.0,1.0,0.0,1.0,0.0,2,0,4,14.0,0.0,16.0,7,1,313,0.0,0.0019271948608137045,0.0,0.0,0.55,0.4375,0.0,0.0,0.6296296296296297,0.0,0.6296296296296297,0.9259259259259259,0.0,0.0020655967772158076,0.0,0.0021978021978021965,0.0,0.00026966106001069523,0.0014321272351250937,0.014989293361884369,0.0021413276231263384
4902767597759544259,3,4,0,4,4,0,4,0,0,0,9.0,0.0,9.0,9.0,0.0,9.0,0.0,0.0,0.0,1.0,0.0,1.0,0.0,2,0,4,14.0,0.0,16.0,7,1,313,0.0,0.0019271948608137045,0.0,0.0,0.55,0.4375,0.0,0.0,0.6111111111111112,0.0,0.6111111111111112,0.8888888888888888,0.0,0.002068425675495055,0.0,0.0021978021978021965,0.0,0.00026966106001069523,0.0014321272351250937,0.014989293361884369,0.0021413276231263384
274354283771999006,3,4,0,4,4,0,4,0,0,0,10.0,0.0,10.0,10.0,0.0,10.0,0.0,0.0,0.0,1.0,0.0,1.0,0.0,2,0,4,14.0,0.0,18.0,7,1,313,0.0,0.0021413276231263384,0.0,0.0,0.55,0.4375,0.0,0.0,0.6,0.0,0.6,0.8666666666666667,0.0,0.0020727062338558116,0.0,0.002197802197802196,0.0,0.0002996577008397283,0.0014321272351250937,0.014989293361884369,0.0021413276231263384
8215280654420431194,3,3,0,3,3,0,3,0,0,0,7.0,0.0,7.0,7.0,0.0,7.0,0.0,0.0,0.0,1.0,0.0,1.0,0.0,2,0,3,13.0,0.0,9.0,6,1,313,0.0,0.0014989293361884369,0.0,0.0,0.4166666666666667,0.2222222222222222,0.0,0.0,0.39285714285714285,0.0,0.39285714285714285,0.7857142857142857,0.0,0.0020459729474699277,0.0,0.002197802197802196,0.0,0.00020968833656354047,0.0014321272351250937,0.01284796573875803,0.0021413276231263384
205945681449750545,3,3,0,3,3,0,3,0,0,0,10.0,0.0,10.0,10.0,0.0,10.0,0.0,0.0,0.0,1.0,0.0,1.0,0.0,2,0,3,14.0,0.0,18.0,6,1,313,0.0,0.0021413276231263384,0.0,0.0,0.4166666666666667,0.2222222222222222,0.0,0.0,0.375,0.0,0.375,0.75,0.0,0.002056933473904978,0.0,0.002197802197802196,0.0,0.0002996577008397283,0.0014321272351250937,0.01284796573875803,0.0021413276231263384
1836679913050380170,3,4,0,4,4,0,4,0,0,0,10.0,0.0,10.0,10.0,0.0,10.0,0.0,0.0,0.0,1.0,0.0,1.0,0.0,2,0,4,14.0,0.0,18.0,7,1,313,0.0,0.0021413276231263384,0.0,0.0,0.55,0.4375,0.0,0.0,0.6,0.0,0.6,0.8666666666666667,0.0,0.0020727062338558116,0.0,0.002197802197802196,0.0,0.0002996577008397283,0.0014321272351250937,0.014989293361884369,0.0021413276231263384
8508085203305517033,3,3,0,3,3,0,3,0,0,0,10.0,0.0,10.0,10.0,0.0,10.0,0.0,0.0,0.0,1.0,0.0,1.0,0.0,2,0,3,14.0,0.0,18.0,7,1,313,0.0,0.0021413276231263384,0.0,0.0,0.5833333333333334,0.4444444444444444,0.0,0.0,0.725,0.0,0.725,1.0,0.0,0.0020642195390180697,0.0,0.002197802197802196,0.0,0.0002996577008397283,0.0014321272351250937,0.014989293361884369,0.0021413276231263384
4667132356538588603,3,3,0,3,3,0,3,0,0,0,8.0,0.0,8.0,8.0,0.0,8.0,0.0,0.0,0.0,1.0,0.0,1.0,0.0,2,0,3,13.0,0.0,13.0,6,1,313,0.0,0.0017130620985010706,0.0,0.0,0.4166666666666667,0.2222222222222222,0.0,0.0,0.375,0.0,0.375,0.75,0.0,0.002050253505830684,0.0,0.0021978021978021965,0.0,0.00023967127084789652,0.0014321272351250937,0.01284796573875803,0.0021413276231263384
8336921538881930401,3,3,0,3,3,0,3,0,0,0,8.0,0.0,8.0,8.0,0.0,8.0,0.0,0.0,0.0,1.0,0.0,1.0,0.0,2,0,3,14.0,0.0,13.0,6,1,313,0.0,0.0017130620985010706,0.0,0.0,0.4166666666666667,0.2222222222222222,0.0,0.0,0.375,0.0,0.375,0.75,0.0,0.0020512012554627125,0.0,0.0021978021978021965,0.0,0.00023967127084789652,0.0014321272351250937,0.01284796573875803,0.0021413276231263384
9688616258852893988,3,3,0,3,3,0,3,0,0,0,9.0,0.0,9.0,9.0,0.0,9.0,0.0,0.0,0.0,1.0,0.0,1.0,0.0,2,0,3,13.0,0.0,16.0,6,1,313,0.0,0.0019271948608137045,0.0,0.0,0.4166666666666667,0.2222222222222222,0.0,0.0,0.4166666666666667,0.0,0.4166666666666667,0.8333333333333334,0.0,0.002048876267632946,0.0,0.0021978021978021965,0.0,0.00026966106001069523,0.0014321272351250937,0.01284796573875803,0.0021413276231263384
4579200512554801444,3,4,0,4,4,0,4,0,0,0,11.0,0.0,11.0,11.0,0.0,11.0,0.0,0.0,0.0,1.0,0.0,1.0,0.0,2,0,4,15.0,0.0,19.0,7,1,313,0.0,0.002355460385438972,0.0,0.0,0.55,0.4375,0.0,0.0,0.5909090909090909,0.0,0.5909090909090909,0.8787878787878788,0.0,0.002075105643569349,0.0,0.002197802197802196,0.0,0.00032966119010857664,0.0014321272351250937,0.014989293361884369,0.0021413276231263384
952330237158250731,3,4,0,4,4,0,4,0,0,0,11.0,0.0,11.0,11.0,0.0,11.0,0.0,0.0,0.0,1.0,0.0,1.0,0.0,2,0,4,14.0,0.0,19.0,7,1,313,0.0,0.002355460385438972,0.0,0.0,0.55,0.4375,0.0,0.0,0.6212121212121212,0.0,0.6212121212121212,0.9090909090909091,0.0,0.0020713289956580732,0.0,0.002197802197802196,0.0,0.00032966119010857664,0.0014321272351250937,0.014989293361884369,0.0021413276231263384
3509043665874082534,3,4,0,4,4,0,4,0,0,0,11.0,0.0,11.0,11.0,0.0,11.0,0.0,0.0,0.0,1.0,0.0,1.0,0.0,2,0,4,15.0,0.0,19.0,7,1,313,0.0,0.002355460385438972,0.0,0.0,0.55,0.4375,0.0,0.0,0.6363636363636364,0.0,0.6363636363636364,0.9090909090909091,0.0,0.0020908784035201826,0.0,0.0021978021978021965,0.0,0.00032966119010857664,0.0014321272351250937,0.014989293361884369,0.0021413276231263384
3562488264093754137,3,3,0,3,3,0,3,0,0,0,12.0,0.0,12.0,12.0,0.0,12.0,0.0,0.0,0.0,1.0,0.0,1.0,0.0,2,0,3,14.0,0.0,20.0,6,1,313,0.0,0.002569593147751606,0.0,0.0,0.4166666666666667,0.2222222222222222,0.0,0.0,0.4166666666666667,0.0,0.4166666666666667,0.8333333333333334,0.0,0.0020570078957887483,0.0,0.002197802197802196,0.0,0.00035967152457583307,0.0014321272351250937,0.01284796573875803,0.0021413276231263384
861497651926017317,3,3,0,3,3,0,3,0,0,0,8.0,0.0,8.0,8.0,0.0,8.0,0.0,0.0,0.0,1.0,0.0,1.0,0.0,2,0,3,13.0,0.0,13.0,6,1,313,0.0,0.0017130620985010706,0.0,0.0,0.4166666666666667,0.2222222222222222,0.0,0.0,0.40625,0.0,0.40625,0.8125,0.0,0.002047424607551437,0.0,0.0021978021978021965,0.0,0.00023967127084789652,0.0014321272351250937,0.01284796573875803,0.0021413276231263384
6927641152968874281,3,3,0,3,3,0,3,0,0,0,7.0,0.0,7.0,7.0,0.0,7.0,0.0,0.0,0.0,1.0,0.0,1.0,0.0,2,0,3,14.0,0.0,9.0,6,1,313,0.0,0.0014989293361884369,0.0,0.0,0.4166666666666667,0.2222222222222222,0.0,0.0,0.35714285714285715,0.0,0.35714285714285715,0.7142857142857143,0.0,0.002049749595381204,0.0,0.002197802197802196,0.0,0.00020968833656354047,0.0014321272351250937,0.01284796573875803,0.0021413276231263384
6844357722675370019,3,4,0,4,4,0,4,0,0,0,14.0,0.0,14.0,14.0,0.0,14.0,0.0,0.0,0.0,1.0,0.0,1.0,0.0,2,0,4,17.0,0.0,22.0,7,1,313,0.0,0.0029978586723768737,0.0,0.0,0.55,0.4375,0.0,0.0,0.6309523809523809,0.0,0.6309523809523809,0.9047619047619048,0.0,0.002118559439538094,0.0,0.002197802197802196,0.0,0.0004197127160691094,0.0014321272351250937,0.014989293361884369,0.0021413276231263384
4133877996853609154,3,3,0,3,3,0,3,0,0,0,6.0,0.0,6.0,6.0,0.0,6.0,0.0,0.0,0.0,1.0,0.0,1.0,0.0,2,0,3,14.0,0.0,7.0,7,1,313,0.0,0.001284796573875803,0.0,0.0,0.5833333333333334,0.4444444444444444,0.0,0.0,0.7083333333333334,0.0,0.7083333333333334,1.0,0.0,0.002058412898692034,0.0,0.002197802197802196,0.0,0.00017971226035584653,0.0014321272351250937,0.014989293361884369,0.0021413276231263384
5657007414935917635,3,4,0,4,4,0,4,0,0,0,14.0,0.0,14.0,14.0,0.0,14.0,0.0,0.0,0.0,1.0,0.0,1.0,0.0,2,0,4,15.0,0.0,22.0,7,1,313,0.0,0.0029978586723768737,0.0,0.0,0.55,0.4375,0.0,0.0,0.5952380952380952,0.0,0.5952380952380952,0.8809523809523809,0.0,0.0020822895220931233,0.0,0.002197802197802196,0.0,0.0004197127160691094,0.0014321272351250937,0.014989293361884369,0.0021413276231263384
6730559985419566876,3,4,0,4,4,0,4,0,0,0,10.0,0.0,10.0,10.0,0.0,10.0,0.0,0.0,0.0,1.0,0.0,1.0,0.0,2,0,4,15.0,0.0,18.0,7,1,313,0.0,0.0021413276231263384,0.0,0.0,0.55,0.4375,0.0,0.0,0.5833333333333334,0.0,0.5833333333333334,0.8666666666666667,0.0,0.0020736539834878397,0.0,0.002197802197802196,0.0,0.0002996577008397283,0.0014321272351250937,0.014989293361884369,0.0021413276231263384
92707768093632929,3,4,0,4,4,0,4,0,0,0,11.0,0.0,11.0,11.0,0.0,11.0,0.0,0.0,0.0,1.0,0.0,1.0,0.0,2,0,4,14.0,0.0,19.0,7,1,313,0.0,0.002355460385438972,0.0,0.0,0.55,0.4375,0.0,0.0,0.6212121212121212,0.0,0.6212121212121212,0.9090909090909091,0.0,0.0020713289956580732,0.0,0.002197802197802196,0.0,0.00032966119010857664,0.0014321272351250937,0.014989293361884369,0.0021413276231263384
2428767116780268027,3,4,0,4,4,0,4,0,0,0,10.0,0.0,10.0,10.0,0.0,10.0,0.0,0.0,0.0,1.0,0.0,1.0,0.0,2,0,4,14.0,0.0,18.0,7,1,313,0.0,0.0021413276231263384,0.0,0.0,0.55,0.4375,0.0,0.0,0.6333333333333333,0.0,0.6333333333333333,0.9333333333333333,0.0,0.0020670484372973166,0.0,0.002197802197802196,0.0,0.0002996577008397283,0.0014321272351250937,0.014989293361884369,0.0021413276231263384
2926908527681731921,3,3,0,3,3,0,3,0,0,0,6.0,0.0,6.0,6.0,0.0,6.0,0.0,0.0,0.0,1.0,0.0,1.0,0.0,2,0,3,13.0,0.0,7.0,6,1,313,0.0,0.001284796573875803,0.0,0.0,0.4166666666666667,0.2222222222222222,0.0,0.0,0.4166666666666667,0.0,0.4166666666666667,0.8333333333333334,0.0,0.002041692389109172,0.0,0.002197802197802196,0.0,0.00017971226035584653,0.0014321272351250937,0.01284796573875803,0.0021413276231263384
4074638776718375113,3,3,0,3,3,0,3,0,0,0,8.0,0.0,8.0,8.0,0.0,8.0,0.0,0.0,0.0,1.0,0.0,1.0,0.0,2,0,3,14.0,0.0,13.0,7,1,313,0.0,0.0017130620985010706,0.0,0.0,0.5833333333333334,0.4444444444444444,0.0,0.0,0.71875,0.0,0.71875,1.0,0.0,0.0020613162188550514,0.0,0.002197802197802196,0.0,0.00023967127084789652,0.0014321272351250937,0.014989293361884369,0.0021413276231263384
1089834436637173588,3,4,0,4,4,0,4,0,0,0,9.0,0.0,9.0,9.0,0.0,9.0,0.0,0.0,0.0,1.0,0.0,1.0,0.0,2,0,4,14.0,0.0,16.0,7,1,313,0.0,0.0019271948608137045,0.0,0.0,0.55,0.4375,0.0,0.0,0.6111111111111112,0.0,0.6111111111111112,0.8888888888888888,0.0,0.002068425675495055,0.0,0.0021978021978021965,0.0,0.00026966106001069523,0.0014321272351250937,0.014989293361884369,0.0021413276231263384
859865870069863107,3,4,0,4,4,0,4,0,0,0,10.0,0.0,10.0,10.0,0.0,10.0,0.0,0.0,0.0,1.0,0.0,1.0,0.0,2,0,4,17.0,0.0,18.0,7,1,313,0.0,0.0021413276231263384,0.0,0.0,0.55,0.4375,0.0,0.0,0.6,0.0,0.6,0.8666666666666667,0.0,0.002093203391349949,0.0,0.0021978021978021965,0.0,0.0002996577008397283,0.0014321272351250937,0.014989293361884369,0.0021413276231263384
9828510787498852029,3,3,0,3,3,0,3,0,0,0,10.0,0.0,10.0,10.0,0.0,10.0,0.0,0.0,0.0,1.0,0.0,1.0,0.0,2,0,3,13.0,0.0,18.0,6,1,313,0.0,0.0021413276231263384,0.0,0.0,0.4166666666666667,0.2222222222222222,0.0,0.0,0.4,0.0,0.4,0.8,0.0,0.0020531568259937027,0.0,0.002197802197802196,0.0,0.0002996577008397283,0.0014321272351250937,0.01284796573875803,0.0021413276231263384
4888506763667774558,3,3,0,3,3,0,3,0,0,0,8.0,0.0,8.0,8.0,0.0,8.0,0.0,0.0,0.0,1.0,0.0,1.0,0.0,2,0,3,13.0,0.0,13.0,6,1,313,0.0,0.0017130620985010706,0.0,0.0,0.4166666666666667,0.2222222222222222,0.0,0.0,0.40625,0.0,0.40625,0.8125,0.0,0.002047424607551437,0.0,0.0021978021978021965,0.0,0.00023967127084789652,0.0014321272351250937,0.01284796573875803,0.0021413276231263384
9206168423620969090,3,4,0,4,4,0,4,0,0,0,10.0,0.0,10.0,10.0,0.0,10.0,0.0,0.0,0.0,1.0,0.0,1.0,0.0,2,0,4,15.0,0.0,18.0,7,1,313,0.0,0.0021413276231263384,0.0,0.0,0.55,0.4375,0.0,0.0,0.5833333333333334,0.0,0.5833333333333334,0.8666666666666667,0.0,0.0020736539834878397,0.0,0.002197802197802196,0.0,0.0002996577008397283,0.0014321272351250937,0.014989293361884369,0.0021413276231263384
4134181574215474474,3,3,0,3,3,0,3,0,0,0,8.0,0.0,8.0,8.0,0.0,8.0,0.0,0.0,0.0,1.0,0.0,1.0,0.0,2,0,3,14.0,0.0,13.0,6,1,313,0.0,0.0017130620985010706,0.0,0.0,0.4166666666666667,0.2222222222222222,0.0,0.0,0.375,0.0,0.375,0.75,0.0,0.0020512012554627125,0.0,0.0021978021978021965,0.0,0.00023967127084789652,0.0014321272351250937,0.01284796573875803,0.0021413276231263384
7353935351329598334,3,3,0,3,3,0,3,0,0,0,7.0,0.0,7.0,7.0,0.0,7.0,0.0,0.0,0.0,1.0,0.0,1.0,0.0,2,0,3,13.0,0.0,9.0,6,1,313,0.0,0.0014989293361884369,0.0,0.0,0.4166666666666667,0.2222222222222222,0.0,0.0,0.39285714285714285,0.0,0.39285714285714285,0.7857142857142857,0.0,0.0020459729474699277,0.0,0.002197802197802196,0.0,0.00020968833656354047,0.0014321272351250937,0.01284796573875803,0.0021413276231263384
9571593946279461090,3,4,0,4,4,0,4,0,0,0,8.0,0.0,8.0,8.0,0.0,8.0,0.0,0.0,0.0,1.0,0.0,1.0,0.0,2,0,4,14.0,0.0,13.0,7,1,313,0.0,0.0017130620985010706,0.0,0.0,0.55,0.4375,0.0,0.0,0.625,0.0,0.625,0.9166666666666666,0.0,0.0020641451171342987,0.0,0.0021978021978021965,0.0,0.00023967127084789652,0.0014321272351250937,0.014989293361884369,0.0021413276231263384
8074863853451259412,3,4,0,4,4,0,4,0,0,0,10.0,0.0,10.0,10.0,0.0,10.0,0.0,0.0,0.0,1.0,0.0,1.0,0.0,2,0,4,14.0,0.0,18.0,7,1,313,0.0,0.0021413276231263384,0.0,0.0,0.55,0.4375,0.0,0.0,0.6166666666666667,0.0,0.6166666666666667,0.9,0.0,0.0020698773355765643,0.0,0.002197802197802196,0.0,0.0002996577008397283,0.0014321272351250937,0.014989293361884369,0.0021413276231263384
5702699983607546756,3,4,0,4,4,0,4,0,0,0,13.0,0.0,13.0,13.0,0.0,13.0,0.0,0.0,0.0,1.0,0.0,1.0,0.0,2,0,4,15.0,0.0,21.0,7,1,313,0.0,0.00278372591006424,0.0,0.0,0.55,0.4375,0.0,0.0,0.5897435897435898,0.0,0.5897435897435898,0.8717948717948718,0.0,0.0020808378620116143,0.0,0.0021978021978021965,0.0,0.0003896887009859906,0.0014321272351250937,0.014989293361884369,0.0021413276231263384
6678707382210134776,3,4,0,4,4,0,4,0,0,0,8.0,0.0,8.0,8.0,0.0,8.0,0.0,0.0,0.0,1.0,0.0,1.0,0.0,2,0,4,14.0,0.0,13.0,7,1,313,0.0,0.0017130620985010706,0.0,0.0,0.55,0.4375,0.0,0.0,0.6041666666666666,0.0,0.6041666666666666,0.875,0.0,0.002066974015413547,0.0,0.0021978021978021965,0.0,0.00023967127084789652,0.0014321272351250937,0.014989293361884369,0.0021413276231263384
4530182144063959262,3,4,0,4,4,0,4,0,0,0,12.0,0.0,12.0,12.0,0.0,12.0,0.0,0.0,0.0,1.0,0.0,1.0,0.0,2,0,4,15.0,0.0,20.0,7,1,313,0.0,0.002569593147751606,0.0,0.0,0.55,0.4375,0.0,0.0,0.5972222222222222,0.0,0.5972222222222222,0.8888888888888888,0.0,0.0020765573036508576,0.0,0.0021978021978021965,0.0,0.00035967152457583307,0.0014321272351250937,0.014989293361884369,0.0021413276231263384
8232188560533225356,3,4,0,4,4,0,4,0,0,0,9.0,0.0,9.0,9.0,0.0,9.0,0.0,0.0,0.0,1.0,0.0,1.0,0.0,2,0,4,15.0,0.0,16.0,7,1,313,0.0,0.0019271948608137045,0.0,0.0,0.55,0.4375,0.0,0.0,0.5925925925925926,0.0,0.5925925925925926,0.8888888888888888,0.0,0.002069373425127083,0.0,0.0021978021978021965,0.0,0.00026966106001069523,0.0014321272351250937,0.014989293361884369,0.0021413276231263384
5105782610069844977,3,3,0,3,3,0,3,0,0,0,7.0,0.0,7.0,7.0,0.0,7.0,0.0,0.0,0.0,1.0,0.0,1.0,0.0,2,0,3,13.0,0.0,9.0,6,1,313,0.0,0.0014989293361884369,0.0,0.0,0.4166666666666667,0.2222222222222222,0.0,0.0,0.42857142857142855,0.0,0.42857142857142855,0.8571428571428571,0.0,0.0020431440491906804,0.0,0.002197802197802196,0.0,0.00020968833656354047,0.0014321272351250937,0.01284796573875803,0.0021413276231263384
2944365526264156980,3,3,0,3,3,0,3,0,0,0,8.0,0.0,8.0,8.0,0.0,8.0,0.0,0.0,0.0,1.0,0.0,1.0,0.0,2,0,3,13.0,0.0,13.0,6,1,313,0.0,0.0017130620985010706,0.0,0.0,0.4166666666666667,0.2222222222222222,0.0,0.0,0.40625,0.0,0.40625,0.8125,0.0,0.002047424607551437,0.0,0.0021978021978021965,0.0,0.00023967127084789652,0.0014321272351250937,0.01284796573875803,0.0021413276231263384
801946329532611075,3,3,0,3,3,0,3,0,0,0,10.0,0.0,10.0,10.0,0.0,10.0,0.0,0.0,0.0,1.0,0.0,1.0,0.0,2,0,3,14.0,0.0,18.0,6,1,313,0.0,0.0021413276231263384,0.0,0.0,0.4166666666666667,0.2222222222222222,0.0,0.0,0.4,0.0,0.4,0.8,0.0,0.0020541045756257304,0.0,0.002197802197802196,0.0,0.0002996577008397283,0.0014321272351250937,0.01284796573875803,0.0021413276231263384
466863648712518511,3,3,0,3,3,0,3,0,0,0,11.0,0.0,11.0,11.0,0.0,11.0,0.0,0.0,0.0,1.0,0.0,1.0,0.0,2,0,3,14.0,0.0,19.0,6,1,313,0.0,0.002355460385438972,0.0,0.0,0.4166666666666667,0.2222222222222222,0.0,0.0,0.38636363636363635,0.0,0.38636363636363635,0.7727272727272727,0.0,0.002058385133986487,0.0,0.002197802197802196,0.0,0.00032966119010857664,0.0014321272351250937,0.01284796573875803,0.0021413276231263384
9894691303785821541,3,4,0,4,4,0,4,0,0,0,10.0,0.0,10.0,10.0,0.0,10.0,0.0,0.0,0.0,1.0,0.0,1.0,0.0,2,0,4,15.0,0.0,18.0,7,1,313,0.0,0.0021413276231263384,0.0,0.0,0.55,0.4375,0.0,0.0,0.5833333333333334,0.0,0.5833333333333334,0.8666666666666667,0.0,0.0020736539834878397,0.0,0.002197802197802196,0.0,0.0002996577008397283,0.0014321272351250937,0.014989293361884369,0.0021413276231263384
8041594844355607095,3,4,0,4,4,0,4,0,0,0,11.0,0.0,11.0,11.0,0.0,11.0,0.0,0.0,0.0,1.0,0.0,1.0,0.0,2,0,4,14.0,0.0,19.0,7,1,313,0.0,0.002355460385438972,0.0,0.0,0.55,0.4375,0.0,0.0,0.6060606060606061,0.0,0.6060606060606061,0.8787878787878788,0.0,0.002074157893937321,0.0,0.002197802197802196,0.0,0.00032966119010857664,0.0014321272351250937,0.014989293361884369,0.0021413276231263384
1328895330201682426,3,3,0,3,3,0,3,0,0,0,6.0,0.0,6.0,6.0,0.0,6.0,0.0,0.0,0.0,1.0,0.0,1.0,0.0,2,0,3,11.0,0.0,7.0,6,1,313,0.0,0.001284796573875803,0.0,0.0,0.4166666666666667,0.2222222222222222,0.0,0.0,0.375,0.0,0.375,0.75,0.0,0.002044521287388419,0.0,0.002197802197802196,0.0,0.00017971226035584653,0.0014321272351250937,0.01284796573875803,0.0021413276231263384
9095254989403266821,3,4,0,4,4,0,4,0,0,0,9.0,0.0,9.0,9.0,0.0,9.0,0.0,0.0,0.0,1.0,0.0,1.0,0.0,2,0,4,14.0,0.0,16.0,7,1,313,0.0,0.0019271948608137045,0.0,0.0,0.55,0.4375,0.0,0.0,0.6111111111111112,0.0,0.6111111111111112,0.8888888888888888,0.0,0.002068425675495055,0.0,0.0021978021978021965,0.0,0.00026966106001069523,0.0014321272351250937,0.014989293361884369,0.0021413276231263384
4753476185233156362,3,3,0,3,3,0,3,0,0,0,8.0,0.0,8.0,8.0,0.0,8.0,0.0,0.0,0.0,1.0,0.0,1.0,0.0,2,0,3,13.0,0.0,13.0,6,1,313,0.0,0.0017130620985010706,0.0,0.0,0.4166666666666667,0.2222222222222222,0.0,0.0,0.40625,0.0,0.40625,0.8125,0.0,0.002047424607551437,0.0,0.0021978021978021965,0.0,0.00023967127084789652,0.0014321272351250937,0.01284796573875803,0.0021413276231263384
2915369507078832842,3,4,0,4,4,0,4,0,0,0,12.0,0.0,12.0,12.0,0.0,12.0,0.0,0.0,0.0,1.0,0.0,1.0,0.0,2,0,4,15.0,0.0,20.0,7,1,313,0.0,0.002569593147751606,0.0,0.0,0.55,0.4375,0.0,0.0,0.5972222222222222,0.0,0.5972222222222222,0.8888888888888888,0.0,0.0020765573036508576,0.0,0.0021978021978021965,0.0,0.00035967152457583307,0.0014321272351250937,0.014989293361884369,0.0021413276231263384
2167846441639991300,3,4,0,4,4,0,4,0,0,0,10.0,0.0,10.0,10.0,0.0,10.0,0.0,0.0,0.0,1.0,0.0,1.0,0.0,2,0,4,15.0,0.0,18.0,7,1,313,0.0,0.0021413276231263384,0.0,0.0,0.55,0.4375,0.0,0.0,0.6,0.0,0.6,0.9,0.0,0.0020708250852085924,0.0,0.002197802197802196,0.0,0.0002996577008397283,0.0014321272351250937,0.014989293361884369,0.0021413276231263384
8431645294889390967,3,4,0,4,4,0,4,0,0,0,10.0,0.0,10.0,10.0,0.0,10.0,0.0,0.0,0.0,1.0,0.0,1.0,0.0,2,0,4,14.0,0.0,18.0,7,1,313,0.0,0.0021413276231263384,0.0,0.0,0.55,0.4375,0.0,0.0,0.6,0.0,0.6,0.8666666666666667,0.0,0.0020727062338558116,0.0,0.002197802197802196,0.0,0.0002996577008397283,0.0014321272351250937,0.014989293361884369,0.0021413276231263384
9876496512356443797,3,4,0,4,4,0,4,0,0,0,10.0,0.0,10.0,10.0,0.0,10.0,0.0,0.0,0.0,1.0,0.0,1.0,0.0,2,0,4,15.0,0.0,18.0,7,1,313,0.0,0.0021413276231263384,0.0,0.0,0.55,0.4375,0.0,0.0,0.5833333333333334,0.0,0.5833333333333334,0.8666666666666667,0.0,0.0020736539834878397,0.0,0.002197802197802196,0.0,0.0002996577008397283,0.0014321272351250937,0.014989293361884369,0.0021413276231263384
1584789428532191551,3,3,0,3,3,0,3,0,0,0,9.0,0.0,9.0,9.0,0.0,9.0,0.0,0.0,0.0,1.0,0.0,1.0,0.0,2,0,3,13.0,0.0,16.0,6,1,313,0.0,0.0019271948608137045,0.0,0.0,0.4166666666666667,0.2222222222222222,0.0,0.0,0.4166666666666667,0.0,0.4166666666666667,0.8333333333333334,0.0,0.002048876267632946,0.0,0.0021978021978021965,0.0,0.00026966106001069523,0.0014321272351250937,0.01284796573875803,0.0021413276231263384
100824607568897079,1,3,0,3,2,0,2,1,0,1,4.0,0.0,4.0,3.0,0.0,3.0,1.0,0.0,1.0,0.6666666666666666,0.0,0.75,0.0,1,0,3,4.0,0.0,5.0,6,1,329,0.0,0.0008565310492505353,0.0,0.0,0.5,0.3333333333333333,0.0,0.0,0.5,0.0,0.5,0.625,0.0,0.002090611916083723,0.0,0.0021978021978022017,9.85126618421317e-5,0.0,0.001505335017112319,0.01284796573875803,0.0021413276231263384
376819894102066162,1,3,0,3,2,0,2,1,0,1,3.0,0.0,3.0,2.0,0.0,2.0,1.0,0.0,1.0,0.6666666666666666,0.0,0.6666666666666666,0.0,1,0,3,6.0,0.0,4.0,9,1,329,0.0,0.0006423982869379015,0.0,0.0,0.25,0.0,0.0,0.0,0.0,0.0,0.0,0.0,0.0,0.002109683358111105,0.0,0.0021978021978022004,0.0,1.6795375777145516e-5,0.001505335017112319,0.019271948608137045,0.0021413276231263384
2110221596932401099,1,4,0,4,3,0,3,1,0,1,6.0,0.0,6.0,5.0,0.0,5.0,1.0,0.0,1.0,0.75,0.0,0.8333333333333334,0.0,2,0,4,20.0,0.0,7.0,10,1,359,0.0,0.001284796573875803,0.0,0.0,0.4,0.25,0.0,0.0,0.3333333333333333,0.0,0.3333333333333333,0.6666666666666666,0.0,0.00215560067630649,0.0,0.002197802197802201,0.0003296135115408161,0.0,0.0016425996083383665,0.021413276231263382,0.0021413276231263384
4252522573610484273,1,3,0,3,2,0,2,1,0,1,5.0,0.0,5.0,4.0,0.0,4.0,1.0,0.0,1.0,0.6666666666666666,0.0,0.8,0.0,1,0,3,20.0,0.0,6.0,9,1,338,0.0,0.0010706638115631692,0.0,0.0,0.4166666666666667,0.2222222222222222,0.0,0.0,0.35,0.0,0.35,0.7,0.0,0.0021344545043637726,0.0,0.0021978021978022004,0.00021398221667678907,0.0,0.0015465143944801332,0.019271948608137045,0.0021413276231263384
9599492837332684036,1,3,0,3,2,0,2,1,0,1,4.0,0.0,4.0,3.0,0.0,3.0,1.0,0.0,1.0,0.6666666666666666,0.0,0.75,0.0,1,0,3,6.0,0.0,5.0,6,1,329,0.0,0.0008565310492505353,0.0,0.0,0.5,0.3333333333333333,0.0,0.0,0.5625,0.0,0.5625,0.75,0.0,0.002092827811167127,0.0,0.0021978021978022017,9.85126618421317e-5,0.0,0.001505335017112319,0.01284796573875803,0.0021413276231263384
5400719543776146808,1,3,0,3,2,0,2,1,0,1,8.0,0.0,8.0,6.0,0.0,6.0,2.0,0.0,2.0,0.6666666666666666,0.0,0.75,0.0,1,0,3,9.0,0.0,13.0,6,1,329,0.0,0.0017130620985010706,0.0,0.0,0.5,0.3333333333333333,0.0,0.0,0.53125,0.0,0.53125,0.6875,0.0,0.002157062844821255,0.0,0.0021978021978022017,0.00019830750295291022,0.0,0.001505335017112319,0.01284796573875803,0.0021413276231263384
3229214674138712835,1,2,0,2,1,0,1,1,0,1,3.0,0.0,3.0,2.0,0.0,2.0,1.0,0.0,1.0,0.5,0.0,0.6666666666666666,0.0,1,0,2,6.0,0.0,4.0,15,1,345,0.0,0.0006423982869379015,0.0,0.0,0.6666666666666666,0.5,0.0,0.0,0.5,0.0,0.5,1.0,0.0,0.002134432003755828,0.0,0.002197802197802198,0.0,1.6795375777145516e-5,0.0015785427990995442,0.032119914346895075,0.0021413276231263384
6351025340949210213,1,5,0,5,4,0,4,1,0,1,6.0,0.0,6.0,5.0,0.0,5.0,1.0,0.0,1.0,0.8,0.0,0.8333333333333334,0.0,2,0,5,10.0,0.0,7.0,10,1,362,0.0,0.001284796573875803,0.0,0.0,0.3333333333333333,0.2,0.0,0.0,0.2708333333333333,0.0,0.2708333333333333,0.4166666666666667,0.0,0.002168690083772448,0.0,0.0021978021978022017,0.0003296135115408161,0.0,0.0016563260674609711,0.021413276231263382,0.0021413276231263384
7195009208105104364,1,2,0,2,1,0,1,1,0,1,3.0,0.0,3.0,2.0,0.0,2.0,1.0,0.0,1.0,0.5,0.0,0.6666666666666666,0.0,1,0,2,6.0,0.0,4.0,15,1,345,0.0,0.0006423982869379015,0.0,0.0,0.6666666666666666,0.5,0.0,0.0,0.5,0.0,0.5,1.0,0.0,0.002134432003755828,0.0,0.002197802197802198,0.0,1.6795375777145516e-5,0.0015785427990995442,0.032119914346895075,0.0021413276231263384
2307869026815984603,1,5,0,5,4,0,4,1,0,1,8.0,0.0,8.0,7.0,0.0,7.0,1.0,0.0,1.0,0.8,0.0,0.875,0.0,2,0,5,22.0,0.0,13.0,12,1,373,0.0,0.0017130620985010706,0.0,0.0,0.3333333333333333,0.2,0.0,0.0,0.234375,0.0,0.234375,0.46875,0.0,0.002255552700761506,0.0,0.0021978021978022017,0.0005613622143830765,0.0,0.0017066564175771885,0.02569593147751606,0.0021413276231263384
5548295750361300165,1,2,0,2,1,0,1,1,0,1,3.0,0.0,3.0,2.0,0.0,2.0,1.0,0.0,1.0,0.5,0.0,0.6666666666666666,0.0,1,0,2,6.0,0.0,4.0,15,1,345,0.0,0.0006423982869379015,0.0,0.0,0.6666666666666666,0.5,0.0,0.0,0.5,0.0,0.5,1.0,0.0,0.002134432003755828,0.0,0.002197802197802198,0.0,1.6795375777145516e-5,0.0015785427990995442,0.032119914346895075,0.0021413276231263384
5634585785813815857,1,4,0,4,4,0,4,0,0,0,6.0,0.0,6.0,6.0,0.0,6.0,0.0,0.0,0.0,1.0,0.0,1.0,0.0,2,0,4,11.0,0.0,7.0,11,1,128,0.0,0.001284796573875803,0.0,0.0,0.35,0.1875,0.0,0.0,0.2777777777777778,0.0,0.2777777777777778,0.5555555555555556,0.0,0.0021889606068559047,0.0,0.002197802197802203,0.00069237343592643,0.0,0.0005856622558978019,0.023554603854389723,0.0021413276231263384
965020999994556717,1,1,0,1,1,0,1,0,0,0,2.0,0.0,2.0,2.0,0.0,2.0,0.0,0.0,0.0,1.0,0.0,1.0,0.0,1,0,1,2.0,0.0,2.0,3,1,54,0.0,0.00042826552462526765,0.0,0.0,0.5,0.0,0.0,0.0,0.0,0.0,0.0,0.0,0.0,0.0020642374361482213,0.0,0.002197802197802203,0.0002301457269419105,0.0,0.0002470762642068852,0.006423982869379015,0.0021413276231263384
1412220071201539408,1,2,0,2,2,0,2,0,0,0,4.0,0.0,4.0,4.0,0.0,4.0,0.0,0.0,0.0,1.0,0.0,1.0,0.0,1,0,2,4.0,0.0,5.0,6,1,82,0.0,0.0008565310492505353,0.0,0.0,0.6666666666666666,0.5,0.0,0.0,1.0,0.0,1.0,1.0,0.0,0.0021065297800336555,0.0,0.0021978021978022034,0.0004609362790978233,0.0,0.00037518988268452937,0.01284796573875803,0.0021413276231263384
9672731012881631643,1,5,0,5,5,0,5,0,0,0,7.0,0.0,7.0,7.0,0.0,7.0,0.0,0.0,0.0,1.0,0.0,1.0,0.0,2,0,5,9.0,0.0,9.0,16,1,165,0.0,0.0014989293361884369,0.0,0.0,0.5333333333333333,0.44,0.0,0.0,0.5178571428571429,0.0,0.5178571428571429,0.7142857142857143,0.0,0.002264903371053313,0.0,0.002197802197802202,0.0008083350487196883,0.0,0.0007549552517432603,0.034261241970021415,0.0021413276231263384
6891575694992756540,1,5,0,5,5,0,5,0,0,0,7.0,0.0,7.0,7.0,0.0,7.0,0.0,0.0,0.0,1.0,0.0,1.0,0.0,2,0,5,11.0,0.0,9.0,15,1,165,0.0,0.0014989293361884369,0.0,0.0,0.5333333333333333,0.44,0.0,0.0,0.5357142857142857,0.0,0.5357142857142857,0.75,0.0,0.0022662885891131124,0.0,0.0021978021978022013,0.0008083350487196883,0.0,0.0007549552517432603,0.032119914346895075,0.0021413276231263384
9156515724422667654,1,1,0,1,1,0,1,0,0,0,2.0,0.0,2.0,2.0,0.0,2.0,0.0,0.0,0.0,1.0,0.0,1.0,0.0,1,0,1,2.0,0.0,2.0,3,1,54,0.0,0.00042826552462526765,0.0,0.0,0.5,0.0,0.0,0.0,0.0,0.0,0.0,0.0,0.0,0.0020642374361482213,0.0,0.002197802197802203,0.0002301457269419105,0.0,0.0002470762642068852,0.006423982869379015,0.0021413276231263384
3039604564532689446,1,3,0,3,3,0,3,0,0,0,4.0,0.0,4.0,4.0,0.0,4.0,0.0,0.0,0.0,1.0,0.0,1.0,0.0,1,0,3,4.0,0.0,5.0,8,1,98,0.0,0.0008565310492505353,0.0,0.0,0.3333333333333333,0.1111111111111111,0.0,0.0,0.1875,0.0,0.1875,0.375,0.0,0.0021423156038369467,0.0,0.0021978021978022026,0.0004609362790978233,0.0,0.0004483976646717546,0.017130620985010708,0.0021413276231263384
7580118604395377219,1,2,0,2,2,0,2,0,0,0,6.0,0.0,6.0,6.0,0.0,6.0,0.0,0.0,0.0,1.0,0.0,1.0,0.0,1,0,2,11.0,0.0,7.0,4,1,77,0.0,0.001284796573875803,0.0,0.0,0.3333333333333333,0.0,0.0,0.0,0.0,0.0,0.0,0.0,0.0,0.002176646057993091,0.0,0.0021978021978022013,0.00069237343592643,0.0,0.00035231245081352147,0.008565310492505354,0.0021413276231263384
2092805522196503586,1,3,0,3,3,0,3,0,0,0,4.0,0.0,4.0,4.0,0.0,4.0,0.0,0.0,0.0,1.0,0.0,1.0,0.0,1,0,3,4.0,0.0,5.0,8,1,98,0.0,0.0008565310492505353,0.0,0.0,0.3333333333333333,0.1111111111111111,0.0,0.0,0.1875,0.0,0.1875,0.375,0.0,0.0021423156038369467,0.0,0.0021978021978022026,0.0004609362790978233,0.0,0.0004483976646717546,0.017130620985010708,0.0021413276231263384
3084762865578763037,1,1,0,1,1,0,1,0,0,0,2.0,0.0,2.0,2.0,0.0,2.0,0.0,0.0,0.0,1.0,0.0,1.0,0.0,1,0,1,2.0,0.0,2.0,3,1,54,0.0,0.00042826552462526765,0.0,0.0,0.5,0.0,0.0,0.0,0.0,0.0,0.0,0.0,0.0,0.0020642374361482213,0.0,0.002197802197802203,0.0002301457269419105,0.0,0.0002470762642068852,0.006423982869379015,0.0021413276231263384
5253512442639657337,1,2,0,2,2,0,2,0,0,0,3.0,0.0,3.0,3.0,0.0,3.0,0.0,0.0,0.0,1.0,0.0,1.0,0.0,1,0,2,3.0,0.0,4.0,6,1,82,0.0,0.0006423982869379015,0.0,0.0,0.6666666666666666,0.5,0.0,0.0,1.0,0.0,1.0,1.0,0.0,0.0020853836080909384,0.0,0.002197802197802203,0.0003454602887843494,0.0,0.00037518988268452937,0.01284796573875803,0.0021413276231263384
6390857212141841729,1,2,0,2,2,0,2,0,0,0,4.0,0.0,4.0,4.0,0.0,4.0,0.0,0.0,0.0,1.0,0.0,1.0,0.0,1,0,2,4.0,0.0,5.0,15,1,122,0.0,0.0008565310492505353,0.0,0.0,0.6666666666666666,0.5,0.0,0.0,0.5,0.0,0.5,1.0,0.0,0.0021670642494816695,0.0,0.002197802197802201,0.0004609362790978233,0.0,0.0005582093376525925,0.032119914346895075,0.0021413276231263384
7003729516252980802,1,4,0,4,4,0,4,0,0,0,6.0,0.0,6.0,6.0,0.0,6.0,0.0,0.0,0.0,1.0,0.0,1.0,0.0,2,0,4,9.0,0.0,7.0,10,1,119,0.0,0.001284796573875803,0.0,0.0,0.4,0.25,0.0,0.0,0.3888888888888889,0.0,0.3888888888888889,0.5555555555555556,0.0,0.0021846079477223813,0.0,0.002197802197802203,0.00069237343592643,0.0,0.0005444828785299877,0.021413276231263382,0.0021413276231263384
2249038196890215246,1,3,0,3,3,0,3,0,0,0,5.0,0.0,5.0,5.0,0.0,5.0,0.0,0.0,0.0,1.0,0.0,1.0,0.0,2,0,3,6.0,0.0,6.0,10,1,115,0.0,0.0010706638115631692,0.0,0.0,0.5833333333333334,0.4444444444444444,0.0,0.0,0.65,0.0,0.65,1.0,0.0,0.0021320286111098964,0.0,0.002197802197802203,0.0005765739204912634,0.0,0.0005261809330331814,0.021413276231263382,0.0021413276231263384
8592339915334904193,1,2,0,2,2,0,2,0,0,0,4.0,0.0,4.0,4.0,0.0,4.0,0.0,0.0,0.0,1.0,0.0,1.0,0.0,1,0,2,4.0,0.0,5.0,15,1,122,0.0,0.0008565310492505353,0.0,0.0,0.6666666666666666,0.5,0.0,0.0,0.5,0.0,0.5,1.0,0.0,0.0021670642494816695,0.0,0.002197802197802201,0.0004609362790978233,0.0,0.0005582093376525925,0.032119914346895075,0.0021413276231263384
4124548148968720279,1,2,0,2,2,0,2,0,0,0,6.0,0.0,6.0,6.0,0.0,6.0,0.0,0.0,0.0,1.0,0.0,1.0,0.0,1,0,2,4.0,0.0,7.0,9,1,95,0.0,0.001284796573875803,0.0,0.0,0.5,0.25,0.0,0.0,0.5,0.0,0.5,1.0,0.0,0.0021487429928858065,0.0,0.002197802197802203,0.00069237343592643,0.0,0.0004346712055491499,0.019271948608137045,0.0021413276231263384
9196541366616873103,1,4,0,4,4,0,4,0,0,0,7.0,0.0,7.0,7.0,0.0,7.0,0.0,0.0,0.0,1.0,0.0,1.0,0.0,2,0,4,11.0,0.0,9.0,10,1,132,0.0,0.0014989293361884369,0.0,0.0,0.45,0.3125,0.0,0.0,0.40476190476190477,0.0,0.40476190476190477,0.6666666666666666,0.0,0.0021882329220323316,0.0,0.0021978021978022026,0.0008083350487196883,0.0,0.0006039642013946083,0.021413276231263382,0.0021413276231263384
7265097713731433639,1,4,0,4,4,0,4,0,0,0,6.0,0.0,6.0,6.0,0.0,6.0,0.0,0.0,0.0,1.0,0.0,1.0,0.0,2,0,4,11.0,0.0,7.0,15,1,148,0.0,0.001284796573875803,0.0,0.0,0.5,0.375,0.0,0.0,0.4444444444444444,0.0,0.4444444444444444,0.7222222222222222,0.0,0.0022451424171703958,0.0,0.0021978021978022013,0.00069237343592643,0.0,0.0006771719833818335,0.032119914346895075,0.0021413276231263384
282706546760904354,1,3,0,3,3,0,3,0,0,0,6.0,0.0,6.0,6.0,0.0,6.0,0.0,0.0,0.0,1.0,0.0,1.0,0.0,1,0,3,11.0,0.0,7.0,10,1,105,0.0,0.001284796573875803,0.0,0.0,0.3333333333333333,0.1111111111111111,0.0,0.0,0.16666666666666666,0.0,0.16666666666666666,0.3333333333333333,0.0,0.002279495371934485,0.0,0.002197802197802203,0.00069237343592643,0.0,0.00048042606929116563,0.021413276231263382,0.0021413276231263384
8556391111973228910,1,1,0,1,1,0,1,0,0,0,2.0,0.0,2.0,2.0,0.0,2.0,0.0,0.0,0.0,1.0,0.0,1.0,0.0,1,0,1,2.0,0.0,2.0,3,1,54,0.0,0.00042826552462526765,0.0,0.0,0.5,0.0,0.0,0.0,0.0,0.0,0.0,0.0,0.0,0.0020642374361482213,0.0,0.002197802197802203,0.0002301457269419105,0.0,0.0002470762642068852,0.006423982869379015,0.0021413276231263384
4397316033752275638,1,4,0,4,4,0,4,0,0,0,7.0,0.0,7.0,7.0,0.0,7.0,0.0,0.0,0.0,1.0,0.0,1.0,0.0,2,0,4,11.0,0.0,9.0,15,1,157,0.0,0.0014989293361884369,0.0,0.0,0.55,0.4375,0.0,0.0,0.47619047619047616,0.0,0.47619047619047616,0.6666666666666666,0.0,0.002244414732346822,0.0,0.002197802197802201,0.0008083350487196883,0.0,0.0007183513607496477,0.032119914346895075,0.0021413276231263384
6976384943792274125,1,3,0,3,3,0,3,0,0,0,4.0,0.0,4.0,4.0,0.0,4.0,0.0,0.0,0.0,1.0,0.0,1.0,0.0,1,0,3,4.0,0.0,5.0,8,1,98,0.0,0.0008565310492505353,0.0,0.0,0.3333333333333333,0.1111111111111111,0.0,0.0,0.1875,0.0,0.1875,0.375,0.0,0.0021423156038369467,0.0,0.0021978021978022026,0.0004609362790978233,0.0,0.0004483976646717546,0.017130620985010708,0.0021413276231263384
4022288910175234364,1,1,0,1,1,0,1,0,0,0,2.0,0.0,2.0,2.0,0.0,2.0,0.0,0.0,0.0,1.0,0.0,1.0,0.0,1,0,1,2.0,0.0,2.0,3,1,54,0.0,0.00042826552462526765,0.0,0.0,0.5,0.0,0.0,0.0,0.0,0.0,0.0,0.0,0.0,0.0020642374361482213,0.0,0.002197802197802203,0.0002301457269419105,0.0,0.0002470762642068852,0.006423982869379015,0.0021413276231263384
8312158394546942704,1,2,0,2,2,0,2,0,0,0,3.0,0.0,3.0,3.0,0.0,3.0,0.0,0.0,0.0,1.0,0.0,1.0,0.0,1,0,2,3.0,0.0,4.0,6,1,82,0.0,0.0006423982869379015,0.0,0.0,0.6666666666666666,0.5,0.0,0.0,1.0,0.0,1.0,1.0,0.0,0.0020853836080909384,0.0,0.002197802197802203,0.0003454602887843494,0.0,0.00037518988268452937,0.01284796573875803,0.0021413276231263384
6221339736142785102,1,3,0,3,3,0,3,0,0,0,6.0,0.0,6.0,6.0,0.0,6.0,0.0,0.0,0.0,1.0,0.0,1.0,0.0,1,0,3,6.0,0.0,7.0,16,1,123,0.0,0.001284796573875803,0.0,0.0,0.4166666666666667,0.2222222222222222,0.0,0.0,0.20833333333333334,0.0,0.20833333333333334,0.4166666666666667,0.0,0.0022862703496050567,0.0,0.0021978021978022004,0.00069237343592643,0.0,0.000562784824026794,0.034261241970021415,0.0021413276231263384
3258617451987983898,1,6,0,6,6,0,6,0,0,0,9.0,0.0,9.0,9.0,0.0,9.0,0.0,0.0,0.0,1.0,0.0,1.0,0.0,2,0,5,21.0,0.0,15.0,12,1,157,0.0,0.0019271948608137045,0.0,0.0,0.35714285714285715,0.25,0.0,0.0,0.3111111111111111,0.0,0.3111111111111111,0.5555555555555556,0.0,0.002266311089721058,0.0,0.0021978021978022026,0.0010407454614204115,0.0,0.0007183513607496477,0.02569593147751606,0.0021413276231263384
6438663606313829707,1,1,0,1,1,0,1,0,0,0,2.0,0.0,2.0,2.0,0.0,2.0,0.0,0.0,0.0,1.0,0.0,1.0,0.0,1,0,1,2.0,0.0,2.0,3,1,54,0.0,0.00042826552462526765,0.0,0.0,0.5,0.0,0.0,0.0,0.0,0.0,0.0,0.0,0.0,0.0020642374361482213,0.0,0.002197802197802203,0.0002301457269419105,0.0,0.0002470762642068852,0.006423982869379015,0.0021413276231263384
8102281250559671935,1,3,0,3,3,0,3,0,0,0,4.0,0.0,4.0,4.0,0.0,4.0,0.0,0.0,0.0,1.0,0.0,1.0,0.0,1,0,3,4.0,0.0,5.0,16,1,123,0.0,0.0008565310492505353,0.0,0.0,0.4166666666666667,0.2222222222222222,0.0,0.0,0.1875,0.0,0.1875,0.375,0.0,0.002183443536271608,0.0,0.0021978021978022013,0.0004609362790978233,0.0,0.000562784824026794,0.034261241970021415,0.0021413276231263384
7552585770556021183,1,2,0,2,2,0,2,0,0,0,2.0,0.0,2.0,2.0,0.0,2.0,0.0,0.0,0.0,1.0,0.0,1.0,0.0,1,0,2,4.0,0.0,2.0,8,1,64,0.0,0.00042826552462526765,0.0,0.0,0.3333333333333333,0.0,0.0,0.0,0.0,0.0,0.0,0.0,0.0,0.0021044550501183204,0.0,0.0021978021978022026,0.0002301457269419105,0.0,0.00029283112794890095,0.017130620985010708,0.0021413276231263384
5154561721110062288,1,2,0,2,2,0,2,0,0,0,2.0,0.0,2.0,2.0,0.0,2.0,0.0,0.0,0.0,1.0,0.0,1.0,0.0,1,0,2,4.0,0.0,2.0,8,1,64,0.0,0.00042826552462526765,0.0,0.0,0.3333333333333333,0.0,0.0,0.0,0.0,0.0,0.0,0.0,0.0,0.0021044550501183204,0.0,0.0021978021978022026,0.0002301457269419105,0.0,0.00029283112794890095,0.017130620985010708,0.0021413276231263384
8236580771423126393,1,3,0,3,3,0,3,0,0,0,4.0,0.0,4.0,4.0,0.0,4.0,0.0,0.0,0.0,1.0,0.0,1.0,0.0,2,0,3,11.0,0.0,5.0,11,1,100,0.0,0.0008565310492505353,0.0,0.0,0.3333333333333333,0.1111111111111111,0.0,0.0,0.1875,0.0,0.1875,0.375,0.0,0.002151100053137279,0.0,0.0021978021978022026,0.0004609362790978233,0.0,0.0004575486374201578,0.023554603854389723,0.0021413276231263384
7855906904220944487,1,2,0,2,2,0,2,0,0,0,2.0,0.0,2.0,2.0,0.0,2.0,0.0,0.0,0.0,1.0,0.0,1.0,0.0,1,0,2,4.0,0.0,2.0,8,1,64,0.0,0.00042826552462526765,0.0,0.0,0.3333333333333333,0.0,0.0,0.0,0.0,0.0,0.0,0.0,0.0,0.0021044550501183204,0.0,0.0021978021978022026,0.0002301457269419105,0.0,0.00029283112794890095,0.017130620985010708,0.0021413276231263384
6433053483103200927,1,4,0,4,4,0,4,0,0,0,4.0,0.0,4.0,4.0,0.0,4.0,0.0,0.0,0.0,1.0,0.0,1.0,0.0,2,0,4,6.0,0.0,5.0,16,1,122,0.0,0.0008565310492505353,0.0,0.0,0.45,0.3125,0.0,0.0,0.3333333333333333,0.0,0.3333333333333333,0.5,0.0,0.002223661150241707,0.0,0.002197802197802201,0.0004609362790978233,0.0,0.0005582093376525925,0.034261241970021415,0.0021413276231263384
3653544719634090774,1,2,0,2,2,0,2,0,0,0,2.0,0.0,2.0,2.0,0.0,2.0,0.0,0.0,0.0,1.0,0.0,1.0,0.0,1,0,2,4.0,0.0,2.0,8,1,64,0.0,0.00042826552462526765,0.0,0.0,0.3333333333333333,0.0,0.0,0.0,0.0,0.0,0.0,0.0,0.0,0.0021044550501183204,0.0,0.0021978021978022026,0.0002301457269419105,0.0,0.00029283112794890095,0.017130620985010708,0.0021413276231263384
265496055366924822,1,2,0,2,2,0,2,0,0,0,2.0,0.0,2.0,2.0,0.0,2.0,0.0,0.0,0.0,1.0,0.0,1.0,0.0,1,0,2,4.0,0.0,2.0,8,1,64,0.0,0.00042826552462526765,0.0,0.0,0.3333333333333333,0.0,0.0,0.0,0.0,0.0,0.0,0.0,0.0,0.0021044550501183204,0.0,0.0021978021978022026,0.0002301457269419105,0.0,0.00029283112794890095,0.017130620985010708,0.0021413276231263384
6648610576105992535,1,4,0,4,4,0,4,0,0,0,6.0,0.0,6.0,6.0,0.0,6.0,0.0,0.0,0.0,1.0,0.0,1.0,0.0,2,0,4,20.0,0.0,7.0,16,1,122,0.0,0.001284796573875803,0.0,0.0,0.45,0.3125,0.0,0.0,0.3888888888888889,0.0,0.3888888888888889,0.5555555555555556,0.0,0.0023264879635751558,0.0,0.0021978021978022,0.00069237343592643,0.0,0.0005582093376525925,0.034261241970021415,0.0021413276231263384
2214040774941245039,1,3,0,3,3,0,3,0,0,0,4.0,0.0,4.0,4.0,0.0,4.0,0.0,0.0,0.0,1.0,0.0,1.0,0.0,1,0,3,11.0,0.0,5.0,8,1,88,0.0,0.0008565310492505353,0.0,0.0,0.3333333333333333,0.1111111111111111,0.0,0.0,0.1875,0.0,0.1875,0.375,0.0,0.0021606593610407556,0.0,0.0021978021978022013,0.0004609362790978233,0.0,0.00040264280092973886,0.017130620985010708,0.0021413276231263384
7244699211768215180,1,4,0,4,4,0,4,0,0,0,4.0,0.0,4.0,4.0,0.0,4.0,0.0,0.0,0.0,1.0,0.0,1.0,0.0,2,0,4,6.0,0.0,5.0,16,1,122,0.0,0.0008565310492505353,0.0,0.0,0.45,0.3125,0.0,0.0,0.3333333333333333,0.0,0.3333333333333333,0.5,0.0,0.002223661150241707,0.0,0.002197802197802201,0.0004609362790978233,0.0,0.0005582093376525925,0.034261241970021415,0.0021413276231263384
6205461741298949363,1,3,0,3,3,0,3,0,0,0,4.0,0.0,4.0,4.0,0.0,4.0,0.0,0.0,0.0,1.0,0.0,1.0,0.0,1,0,3,11.0,0.0,5.0,8,1,88,0.0,0.0008565310492505353,0.0,0.0,0.3333333333333333,0.1111111111111111,0.0,0.0,0.1875,0.0,0.1875,0.375,0.0,0.0021606593610407556,0.0,0.0021978021978022013,0.0004609362790978233,0.0,0.00040264280092973886,0.017130620985010708,0.0021413276231263384
5739038084411893281,1,3,0,3,3,0,3,0,0,0,4.0,0.0,4.0,4.0,0.0,4.0,0.0,0.0,0.0,1.0,0.0,1.0,0.0,2,0,3,11.0,0.0,5.0,11,1,100,0.0,0.0008565310492505353,0.0,0.0,0.3333333333333333,0.1111111111111111,0.0,0.0,0.1875,0.0,0.1875,0.375,0.0,0.002151100053137279,0.0,0.0021978021978022026,0.0004609362790978233,0.0,0.0004575486374201578,0.023554603854389723,0.0021413276231263384
6502686347508577906,1,3,0,3,3,0,3,0,0,0,4.0,0.0,4.0,4.0,0.0,4.0,0.0,0.0,0.0,1.0,0.0,1.0,0.0,2,0,3,11.0,0.0,5.0,11,1,100,0.0,0.0008565310492505353,0.0,0.0,0.3333333333333333,0.1111111111111111,0.0,0.0,0.1875,0.0,0.1875,0.375,0.0,0.002151100053137279,0.0,0.0021978021978022026,0.0004609362790978233,0.0,0.0004575486374201578,0.023554603854389723,0.0021413276231263384
481394788064728472,1,3,0,3,3,0,3,0,0,0,4.0,0.0,4.0,4.0,0.0,4.0,0.0,0.0,0.0,1.0,0.0,1.0,0.0,1,0,3,11.0,0.0,5.0,8,1,88,0.0,0.0008565310492505353,0.0,0.0,0.3333333333333333,0.1111111111111111,0.0,0.0,0.1875,0.0,0.1875,0.375,0.0,0.0021606593610407556,0.0,0.0021978021978022013,0.0004609362790978233,0.0,0.00040264280092973886,0.017130620985010708,0.0021413276231263384
2498468253231424862,1,3,0,3,3,0,3,0,0,0,4.0,0.0,4.0,4.0,0.0,4.0,0.0,0.0,0.0,1.0,0.0,1.0,0.0,2,0,3,9.0,0.0,5.0,10,1,104,0.0,0.0008565310492505353,0.0,0.0,0.3333333333333333,0.1111111111111111,0.0,0.0,0.1875,0.0,0.1875,0.375,0.0,0.0021467473940037546,0.0,0.002197802197802203,0.0004609362790978233,0.0,0.0004758505829169641,0.021413276231263382,0.0021413276231263384
6764285230345515010,1,2,0,2,2,0,2,0,0,0,2.0,0.0,2.0,2.0,0.0,2.0,0.0,0.0,0.0,1.0,0.0,1.0,0.0,1,0,2,4.0,0.0,2.0,8,1,64,0.0,0.00042826552462526765,0.0,0.0,0.3333333333333333,0.0,0.0,0.0,0.0,0.0,0.0,0.0,0.0,0.0021044550501183204,0.0,0.0021978021978022026,0.0002301457269419105,0.0,0.00029283112794890095,0.017130620985010708,0.0021413276231263384
5250308354944718775,1,3,0,3,3,0,3,0,0,0,4.0,0.0,4.0,4.0,0.0,4.0,0.0,0.0,0.0,1.0,0.0,1.0,0.0,2,0,3,11.0,0.0,5.0,15,1,122,0.0,0.0008565310492505353,0.0,0.0,0.5833333333333334,0.4444444444444444,0.0,0.0,0.5625,0.0,0.5625,0.75,0.0,0.0022072818634517695,0.0,0.0021978021978022004,0.0004609362790978233,0.0,0.0005582093376525925,0.032119914346895075,0.0021413276231263384
7739309429069173156,1,3,0,3,3,0,3,0,0,0,4.0,0.0,4.0,4.0,0.0,4.0,0.0,0.0,0.0,1.0,0.0,1.0,0.0,2,0,3,11.0,0.0,5.0,11,1,100,0.0,0.0008565310492505353,0.0,0.0,0.3333333333333333,0.1111111111111111,0.0,0.0,0.1875,0.0,0.1875,0.375,0.0,0.002151100053137279,0.0,0.0021978021978022026,0.0004609362790978233,0.0,0.0004575486374201578,0.023554603854389723,0.0021413276231263384
5143814814071178702,1,4,0,4,4,0,4,0,0,0,6.0,0.0,6.0,6.0,0.0,6.0,0.0,0.0,0.0,1.0,0.0,1.0,0.0,2,0,3,21.0,0.0,7.0,16,1,131,0.0,0.001284796573875803,0.0,0.0,0.4,0.25,0.0,0.0,0.25,0.0,0.25,0.3333333333333333,0.0,0.002375894796219074,0.0,0.002197802197802201,0.00069237343592643,0.0,0.0005993887150204067,0.034261241970021415,0.0021413276231263384
7208471107737929127,1,5,0,5,5,0,5,0,0,0,8.0,0.0,8.0,8.0,0.0,8.0,0.0,0.0,0.0,1.0,0.0,1.0,0.0,2,0,5,11.0,0.0,13.0,15,1,154,0.0,0.0017130620985010706,0.0,0.0,0.6,0.52,0.0,0.0,0.609375,0.0,0.609375,0.78125,0.0,0.0025739451491741793,0.0,0.0021978021978022026,0.0009244589825422311,0.0,0.0007046249016270429,0.032119914346895075,0.0021413276231263384
5264833908676478602,1,2,0,2,2,0,2,0,0,0,2.0,0.0,2.0,2.0,0.0,2.0,0.0,0.0,0.0,1.0,0.0,1.0,0.0,1,0,2,4.0,0.0,2.0,8,1,64,0.0,0.00042826552462526765,0.0,0.0,0.3333333333333333,0.0,0.0,0.0,0.0,0.0,0.0,0.0,0.0,0.0021044550501183204,0.0,0.0021978021978022026,0.0002301457269419105,0.0,0.00029283112794890095,0.017130620985010708,0.0021413276231263384
6710277880366724170,1,3,0,3,3,0,3,0,0,0,4.0,0.0,4.0,4.0,0.0,4.0,0.0,0.0,0.0,1.0,0.0,1.0,0.0,2,0,3,11.0,0.0,5.0,15,1,122,0.0,0.0008565310492505353,0.0,0.0,0.5833333333333334,0.4444444444444444,0.0,0.0,0.5625,0.0,0.5625,0.75,0.0,0.0022072818634517695,0.0,0.0021978021978022004,0.0004609362790978233,0.0,0.0005582093376525925,0.032119914346895075,0.0021413276231263384
3501848354250231027,1,2,0,2,2,0,2,0,0,0,2.0,0.0,2.0,2.0,0.0,2.0,0.0,0.0,0.0,1.0,0.0,1.0,0.0,1,0,2,4.0,0.0,2.0,8,1,64,0.0,0.00042826552462526765,0.0,0.0,0.3333333333333333,0.0,0.0,0.0,0.0,0.0,0.0,0.0,0.0,0.0021044550501183204,0.0,0.0021978021978022026,0.0002301457269419105,0.0,0.00029283112794890095,0.017130620985010708,0.0021413276231263384
9584693585480431016,1,2,0,2,2,0,2,0,0,0,2.0,0.0,2.0,2.0,0.0,2.0,0.0,0.0,0.0,1.0,0.0,1.0,0.0,1,0,2,4.0,0.0,2.0,8,1,64,0.0,0.00042826552462526765,0.0,0.0,0.3333333333333333,0.0,0.0,0.0,0.0,0.0,0.0,0.0,0.0,0.0021044550501183204,0.0,0.0021978021978022026,0.0002301457269419105,0.0,0.00029283112794890095,0.017130620985010708,0.0021413276231263384
7196958572920152370,1,2,0,2,2,0,2,0,0,0,2.0,0.0,2.0,2.0,0.0,2.0,0.0,0.0,0.0,1.0,0.0,1.0,0.0,1,0,2,4.0,0.0,2.0,8,1,64,0.0,0.00042826552462526765,0.0,0.0,0.3333333333333333,0.0,0.0,0.0,0.0,0.0,0.0,0.0,0.0,0.0021044550501183204,0.0,0.0021978021978022026,0.0002301457269419105,0.0,0.00029283112794890095,0.017130620985010708,0.0021413276231263384
497531169485584359,1,2,0,2,2,0,2,0,0,0,2.0,0.0,2.0,2.0,0.0,2.0,0.0,0.0,0.0,1.0,0.0,1.0,0.0,1,0,2,4.0,0.0,2.0,8,1,64,0.0,0.00042826552462526765,0.0,0.0,0.3333333333333333,0.0,0.0,0.0,0.0,0.0,0.0,0.0,0.0,0.0021044550501183204,0.0,0.0021978021978022026,0.0002301457269419105,0.0,0.00029283112794890095,0.017130620985010708,0.0021413276231263384
3217832390995950941,1,5,0,5,5,0,5,0,0,0,6.0,0.0,6.0,6.0,0.0,6.0,0.0,0.0,0.0,1.0,0.0,1.0,0.0,2,0,5,11.0,0.0,7.0,15,1,154,0.0,0.001284796573875803,0.0,0.0,0.6,0.52,0.0,0.0,0.6041666666666666,0.0,0.6041666666666666,0.7916666666666666,0.0,0.0025316528052887455,0.0,0.002197802197802202,0.00069237343592643,0.0,0.0007046249016270429,0.032119914346895075,0.0021413276231263384
5130185036415388002,1,3,0,3,3,0,3,0,0,0,4.0,0.0,4.0,4.0,0.0,4.0,0.0,0.0,0.0,1.0,0.0,1.0,0.0,2,0,3,9.0,0.0,5.0,10,1,104,0.0,0.0008565310492505353,0.0,0.0,0.3333333333333333,0.1111111111111111,0.0,0.0,0.1875,0.0,0.1875,0.375,0.0,0.0021467473940037546,0.0,0.002197802197802203,0.0004609362790978233,0.0,0.0004758505829169641,0.021413276231263382,0.0021413276231263384
4512972475971444585,1,2,0,2,2,0,2,0,0,0,2.0,0.0,2.0,2.0,0.0,2.0,0.0,0.0,0.0,1.0,0.0,1.0,0.0,1,0,2,4.0,0.0,2.0,16,1,87,0.0,0.00042826552462526765,0.0,0.0,0.5,0.25,0.0,0.0,0.0,0.0,0.0,0.0,0.0,0.0021455829825529817,0.0,0.002197802197802199,0.0002301457269419105,0.0,0.00039806731455553727,0.034261241970021415,0.0021413276231263384
4922070466413859153,1,3,0,3,3,0,3,0,0,0,5.0,0.0,5.0,5.0,0.0,5.0,0.0,0.0,0.0,1.0,0.0,1.0,0.0,2,0,3,11.0,0.0,6.0,16,1,122,0.0,0.0010706638115631692,0.0,0.0,0.5833333333333334,0.4444444444444444,0.0,0.0,0.5,0.0,0.5,0.6,0.0,0.002287577286782701,0.0,0.0021978021978021995,0.0005765739204912634,0.0,0.0005582093376525925,0.034261241970021415,0.0021413276231263384
8723136679298456059,1,5,0,5,5,0,5,0,0,0,7.0,0.0,7.0,7.0,0.0,7.0,0.0,0.0,0.0,1.0,0.0,1.0,0.0,2,0,5,21.0,0.0,9.0,17,1,164,0.0,0.0014989293361884369,0.0,0.0,0.5333333333333333,0.44,0.0,0.0,0.5,0.0,0.5,0.8214285714285714,0.0,0.0022875997873906457,0.0,0.0021978021978022013,0.0008083350487196883,0.0,0.0007503797653690587,0.03640256959314775,0.0021413276231263384
6576556759677844321,1,6,0,6,6,0,6,0,0,0,9.0,0.0,9.0,9.0,0.0,9.0,0.0,0.0,0.0,1.0,0.0,1.0,0.0,2,0,5,21.0,0.0,13.0,17,1,174,0.0,0.0019271948608137045,0.0,0.0,0.5714285714285714,0.5,0.0,0.0,0.6,0.0,0.6,0.8222222222222222,0.0,0.002658593231638636,0.0,0.0021978021978022017,0.0010407454614204115,0.0,0.0007961346291110745,0.03640256959314775,0.0021413276231263384
6265869813452998329,1,3,0,3,3,0,3,0,0,0,3.0,0.0,3.0,3.0,0.0,3.0,0.0,0.0,0.0,1.0,0.0,1.0,0.0,2,0,3,5.0,0.0,4.0,16,1,122,0.0,0.0006423982869379015,0.0,0.0,0.5833333333333334,0.4444444444444444,0.0,0.0,0.5,0.0,0.5,0.6666666666666666,0.0,0.002184750473449252,0.0,0.0021978021978022004,0.0003454602887843494,0.0,0.0005582093376525925,0.034261241970021415,0.0021413276231263384
9555295197322365504,1,2,0,2,2,0,2,0,0,0,2.0,0.0,2.0,2.0,0.0,2.0,0.0,0.0,0.0,1.0,0.0,1.0,0.0,1,0,2,4.0,0.0,2.0,16,1,87,0.0,0.00042826552462526765,0.0,0.0,0.5,0.25,0.0,0.0,0.0,0.0,0.0,0.0,0.0,0.0021455829825529817,0.0,0.002197802197802199,0.0002301457269419105,0.0,0.00039806731455553727,0.034261241970021415,0.0021413276231263384
126121288964531918,1,3,0,3,3,0,3,0,0,0,3.0,0.0,3.0,3.0,0.0,3.0,0.0,0.0,0.0,1.0,0.0,1.0,0.0,2,0,3,5.0,0.0,4.0,16,1,122,0.0,0.0006423982869379015,0.0,0.0,0.5833333333333334,0.4444444444444444,0.0,0.0,0.5,0.0,0.5,0.6666666666666666,0.0,0.002184750473449252,0.0,0.0021978021978022004,0.0003454602887843494,0.0,0.0005582093376525925,0.034261241970021415,0.0021413276231263384
7345479007786107689,1,3,0,3,3,0,3,0,0,0,4.0,0.0,4.0,4.0,0.0,4.0,0.0,0.0,0.0,1.0,0.0,1.0,0.0,1,0,3,6.0,0.0,5.0,17,1,96,0.0,0.0008565310492505353,0.0,0.0,0.3333333333333333,0.1111111111111111,0.0,0.0,0.0,0.0,0.0,0.0,0.0,0.002314195915320287,0.0,0.0021978021978022004,0.0004609362790978233,0.0,0.0004392466919233515,0.03640256959314775,0.0021413276231263384
1195569017186835932,1,3,0,3,3,0,3,0,0,0,3.0,0.0,3.0,3.0,0.0,3.0,0.0,0.0,0.0,1.0,0.0,1.0,0.0,2,0,3,5.0,0.0,4.0,16,1,122,0.0,0.0006423982869379015,0.0,0.0,0.5833333333333334,0.4444444444444444,0.0,0.0,0.5,0.0,0.5,0.6666666666666666,0.0,0.002184750473449252,0.0,0.0021978021978022004,0.0003454602887843494,0.0,0.0005582093376525925,0.034261241970021415,0.0021413276231263384
3823393123988221228,1,3,0,3,3,0,3,0,0,0,6.0,0.0,6.0,6.0,0.0,6.0,0.0,0.0,0.0,1.0,0.0,1.0,0.0,1,0,3,20.0,0.0,7.0,16,1,109,0.0,0.001284796573875803,0.0,0.0,0.4166666666666667,0.2222222222222222,0.0,0.0,0.20833333333333334,0.0,0.20833333333333334,0.4166666666666667,0.0,0.0023046141068088647,0.0,0.002197802197802199,0.00069237343592643,0.0,0.000498728014787972,0.034261241970021415,0.0021413276231263384
3806836114527416301,1,3,0,3,3,0,3,0,0,0,4.0,0.0,4.0,4.0,0.0,4.0,0.0,0.0,0.0,1.0,0.0,1.0,0.0,2,0,3,6.0,0.0,5.0,17,1,125,0.0,0.0008565310492505353,0.0,0.0,0.5833333333333334,0.4444444444444444,0.0,0.0,0.5625,0.0,0.5625,0.75,0.0,0.0021922279855719397,0.0,0.0021978021978022013,0.0004609362790978233,0.0,0.0005719357967751972,0.03640256959314775,0.0021413276231263384
1133521277268983256,1,4,0,4,4,0,4,0,0,0,5.0,0.0,5.0,5.0,0.0,5.0,0.0,0.0,0.0,1.0,0.0,1.0,0.0,2,0,4,9.0,0.0,6.0,16,1,154,0.0,0.0010706638115631692,0.0,0.0,0.55,0.4375,0.0,0.0,0.5,0.0,0.5,0.6666666666666666,0.0,0.0022270428173346867,0.0,0.0021978021978022017,0.0005765739204912634,0.0,0.0007046249016270429,0.034261241970021415,0.0021413276231263384
8817648593655925715,1,2,0,2,2,0,2,0,0,0,4.0,0.0,4.0,4.0,0.0,4.0,0.0,0.0,0.0,1.0,0.0,1.0,0.0,1,0,2,5.0,0.0,5.0,16,1,87,0.0,0.0008565310492505353,0.0,0.0,0.5,0.25,0.0,0.0,0.0,0.0,0.0,0.0,0.0,0.0022647890826763685,0.0,0.002197802197802199,0.0004609362790978233,0.0,0.00039806731455553727,0.034261241970021415,0.0021413276231263384
4302676673876467999,1,3,0,3,3,0,3,0,0,0,3.0,0.0,3.0,3.0,0.0,3.0,0.0,0.0,0.0,1.0,0.0,1.0,0.0,2,0,3,5.0,0.0,4.0,16,1,122,0.0,0.0006423982869379015,0.0,0.0,0.5833333333333334,0.4444444444444444,0.0,0.0,0.5,0.0,0.5,0.6666666666666666,0.0,0.002184750473449252,0.0,0.0021978021978022004,0.0003454602887843494,0.0,0.0005582093376525925,0.034261241970021415,0.0021413276231263384
7621888621831253356,1,2,0,2,2,0,2,0,0,0,4.0,0.0,4.0,4.0,0.0,4.0,0.0,0.0,0.0,1.0,0.0,1.0,0.0,1,0,2,6.0,0.0,5.0,16,1,87,0.0,0.0008565310492505353,0.0,0.0,0.5,0.25,0.0,0.0,0.0,0.0,0.0,0.0,0.0,0.002248409795886431,0.0,0.0021978021978021987,0.0004609362790978233,0.0,0.00039806731455553727,0.034261241970021415,0.0021413276231263384
3942318373242237388,1,2,0,2,2,0,2,0,0,0,2.0,0.0,2.0,2.0,0.0,2.0,0.0,0.0,0.0,1.0,0.0,1.0,0.0,1,0,2,4.0,0.0,2.0,16,1,87,0.0,0.00042826552462526765,0.0,0.0,0.5,0.25,0.0,0.0,0.0,0.0,0.0,0.0,0.0,0.0021455829825529817,0.0,0.002197802197802199,0.0002301457269419105,0.0,0.00039806731455553727,0.034261241970021415,0.0021413276231263384
1138582787651266629,1,2,0,2,2,0,2,0,0,0,2.0,0.0,2.0,2.0,0.0,2.0,0.0,0.0,0.0,1.0,0.0,1.0,0.0,1,0,2,4.0,0.0,2.0,16,1,87,0.0,0.00042826552462526765,0.0,0.0,0.5,0.25,0.0,0.0,0.0,0.0,0.0,0.0,0.0,0.0021455829825529817,0.0,0.002197802197802199,0.0002301457269419105,0.0,0.00039806731455553727,0.034261241970021415,0.0021413276231263384
1492947661788265010,1,2,0,2,2,0,2,0,0,0,2.0,0.0,2.0,2.0,0.0,2.0,0.0,0.0,0.0,1.0,0.0,1.0,0.0,1,0,2,4.0,0.0,2.0,16,1,87,0.0,0.00042826552462526765,0.0,0.0,0.5,0.25,0.0,0.0,0.0,0.0,0.0,0.0,0.0,0.0021455829825529817,0.0,0.002197802197802199,0.0002301457269419105,0.0,0.00039806731455553727,0.034261241970021415,0.0021413276231263384
4671724561082596775,1,2,0,2,2,0,2,0,0,0,4.0,0.0,4.0,4.0,0.0,4.0,0.0,0.0,0.0,1.0,0.0,1.0,0.0,1,0,2,6.0,0.0,5.0,16,1,87,0.0,0.0008565310492505353,0.0,0.0,0.5,0.25,0.0,0.0,0.0,0.0,0.0,0.0,0.0,0.002248409795886431,0.0,0.0021978021978021987,0.0004609362790978233,0.0,0.00039806731455553727,0.034261241970021415,0.0021413276231263384
5220257441969227407,1,3,0,3,3,0,3,0,0,0,4.0,0.0,4.0,4.0,0.0,4.0,0.0,0.0,0.0,1.0,0.0,1.0,0.0,1,0,3,6.0,0.0,5.0,17,1,96,0.0,0.0008565310492505353,0.0,0.0,0.3333333333333333,0.1111111111111111,0.0,0.0,0.0,0.0,0.0,0.0,0.0,0.002314195915320287,0.0,0.0021978021978022004,0.0004609362790978233,0.0,0.0004392466919233515,0.03640256959314775,0.0021413276231263384
9467964587823525029,1,2,0,2,2,0,2,0,0,0,3.0,0.0,3.0,3.0,0.0,3.0,0.0,0.0,0.0,1.0,0.0,1.0,0.0,1,0,1,6.0,0.0,2.0,16,1,87,0.0,0.0006423982869379015,0.0,0.0,0.5,0.25,0.0,0.0,0.0,0.0,0.0,0.0,0.0,0.004152558888970702,0.0,0.0021978021978021987,0.0003454602887843494,0.0,0.00039806731455553727,0.034261241970021415,0.0021413276231263384
6194778129909217426,1,2,0,2,2,0,2,0,0,0,4.0,0.0,4.0,4.0,0.0,4.0,0.0,0.0,0.0,1.0,0.0,1.0,0.0,1,0,2,11.0,0.0,5.0,10,1,67,0.0,0.0008565310492505353,0.0,0.0,0.3333333333333333,0.0,0.0,0.0,0.0,0.0,0.0,0.0,0.0,0.002241634818215858,0.0,0.0021978021978022026,0.0004609362790978233,0.0,0.0003065575870715057,0.021413276231263382,0.0021413276231263384
5759281658260683226,1,3,0,3,3,0,3,0,0,0,6.0,0.0,6.0,6.0,0.0,6.0,0.0,0.0,0.0,1.0,0.0,1.0,0.0,2,0,3,21.0,0.0,7.0,18,1,132,0.0,0.001284796573875803,0.0,0.0,0.5,0.3333333333333333,0.0,0.0,0.3333333333333333,0.0,0.3333333333333333,0.3333333333333333,0.0,0.0023444616315493067,0.0,0.0021978021978022013,0.00069237343592643,0.0,0.0006039642013946083,0.03854389721627409,0.0021413276231263384
3826254149666401381,1,2,0,2,2,0,2,0,0,0,4.0,0.0,4.0,4.0,0.0,4.0,0.0,0.0,0.0,1.0,0.0,1.0,0.0,1,0,2,9.0,0.0,5.0,7,1,74,0.0,0.0008565310492505353,0.0,0.0,0.3333333333333333,0.0,0.0,0.0,0.0,0.0,0.0,0.0,0.0,0.0022372821590823343,0.0,0.0021978021978022026,0.0004609362790978233,0.0,0.00033858599169091675,0.014989293361884369,0.0021413276231263384
5310264523223349567,1,1,0,1,1,0,1,0,0,0,2.0,0.0,2.0,2.0,0.0,2.0,0.0,0.0,0.0,1.0,0.0,1.0,0.0,0,0,1,4.0,0.0,2.0,2,1,13,0.0,0.00042826552462526765,0.0,0.0,0.5,0.0,0.0,0.0,0.0,0.0,0.0,0.0,0.0,0.0021949898151969,0.0,0.0021978021978022017,0.0002301457269419105,0.0,5.948132286462051e-5,0.004282655246252677,0.0021413276231263384
825464441789931089,1,1,0,1,1,0,1,0,0,0,2.0,0.0,2.0,2.0,0.0,2.0,0.0,0.0,0.0,1.0,0.0,1.0,0.0,0,0,1,4.0,0.0,2.0,2,1,13,0.0,0.00042826552462526765,0.0,0.0,0.5,0.0,0.0,0.0,0.0,0.0,0.0,0.0,0.0,0.0021949898151969,0.0,0.0021978021978022017,0.0002301457269419105,0.0,5.948132286462051e-5,0.004282655246252677,0.0021413276231263384
4183867144332471692,1,2,0,2,2,0,2,0,0,0,4.0,0.0,4.0,4.0,0.0,4.0,0.0,0.0,0.0,1.0,0.0,1.0,0.0,0,0,2,11.0,0.0,5.0,3,1,45,0.0,0.0008565310492505353,0.0,0.0,0.3333333333333333,0.0,0.0,0.0,0.0,0.0,0.0,0.0,0.0,0.002251194126119335,0.0,0.002197802197802201,0.0004609362790978233,0.0,0.000205896886839071,0.006423982869379015,0.0021413276231263384
7384779598982666029,1,1,0,1,1,0,1,0,0,0,2.0,0.0,2.0,2.0,0.0,2.0,0.0,0.0,0.0,1.0,0.0,1.0,0.0,0,0,1,4.0,0.0,2.0,2,1,13,0.0,0.00042826552462526765,0.0,0.0,0.5,0.0,0.0,0.0,0.0,0.0,0.0,0.0,0.0,0.0021949898151969,0.0,0.0021978021978022017,0.0002301457269419105,0.0,5.948132286462051e-5,0.004282655246252677,0.0021413276231263384
4538979641959656893,1,1,0,1,1,0,1,0,0,0,2.0,0.0,2.0,2.0,0.0,2.0,0.0,0.0,0.0,1.0,0.0,1.0,0.0,0,0,1,4.0,0.0,2.0,2,1,13,0.0,0.00042826552462526765,0.0,0.0,0.5,0.0,0.0,0.0,0.0,0.0,0.0,0.0,0.0,0.0021949898151969,0.0,0.0021978021978022017,0.0002301457269419105,0.0,5.948132286462051e-5,0.004282655246252677,0.0021413276231263384
3286079429329045631,1,2,0,2,2,0,2,0,0,0,4.0,0.0,4.0,4.0,0.0,4.0,0.0,0.0,0.0,1.0,0.0,1.0,0.0,1,0,2,9.0,0.0,5.0,7,1,84,0.0,0.0008565310492505353,0.0,0.0,0.3333333333333333,0.0,0.0,0.0,0.0,0.0,0.0,0.0,0.0,0.002124873537237464,0.0,0.0021978021978022017,0.0004609362790978233,0.0,0.00038434085543293255,0.014989293361884369,0.0021413276231263384
9129022386018762250,1,2,0,2,2,0,2,0,0,0,6.0,0.0,6.0,6.0,0.0,6.0,0.0,0.0,0.0,1.0,0.0,1.0,0.0,1,0,2,21.0,0.0,7.0,15,1,108,0.0,0.001284796573875803,0.0,0.0,0.6666666666666666,0.5,0.0,0.0,0.5,0.0,0.5,1.0,0.0,0.0022882348200189274,0.0,0.0021978021978021987,0.00069237343592643,0.0,0.0004941525284137704,0.032119914346895075,0.0021413276231263384
1565353145034592900,1,2,0,2,2,0,2,0,0,0,6.0,0.0,6.0,6.0,0.0,6.0,0.0,0.0,0.0,1.0,0.0,1.0,0.0,1,0,2,21.0,0.0,7.0,9,1,80,0.0,0.001284796573875803,0.0,0.0,0.5,0.25,0.0,0.0,0.5,0.0,0.5,1.0,0.0,0.002185430507293423,0.0,0.0021978021978022013,0.00069237343592643,0.0,0.0003660389099361262,0.019271948608137045,0.0021413276231263384
8458204655675387713,1,2,0,2,2,0,2,0,0,0,4.0,0.0,4.0,4.0,0.0,4.0,0.0,0.0,0.0,1.0,0.0,1.0,0.0,1,0,2,11.0,0.0,5.0,15,1,108,0.0,0.0008565310492505353,0.0,0.0,0.6666666666666666,0.5,0.0,0.0,0.5,0.0,0.5,1.0,0.0,0.0021854080066854784,0.0,0.002197802197802199,0.0004609362790978233,0.0,0.0004941525284137704,0.032119914346895075,0.0021413276231263384
7979891225531780245,1,1,0,1,1,0,1,0,0,0,2.0,0.0,2.0,2.0,0.0,2.0,0.0,0.0,0.0,1.0,0.0,1.0,0.0,0,0,1,4.0,0.0,2.0,2,1,33,0.0,0.00042826552462526765,0.0,0.0,0.5,0.0,0.0,0.0,0.0,0.0,0.0,0.0,0.0,0.0020825811933520297,0.0,0.0021978021978022,0.0002301457269419105,0.0,0.00015099105034865206,0.004282655246252677,0.0021413276231263384
207951350329725319,1,1,0,1,1,0,1,0,0,0,2.0,0.0,2.0,2.0,0.0,2.0,0.0,0.0,0.0,1.0,0.0,1.0,0.0,0,0,1,4.0,0.0,2.0,2,1,33,0.0,0.00042826552462526765,0.0,0.0,0.5,0.0,0.0,0.0,0.0,0.0,0.0,0.0,0.0,0.0020825811933520297,0.0,0.0021978021978022,0.0002301457269419105,0.0,0.00015099105034865206,0.004282655246252677,0.0021413276231263384
1835038297634964852,1,1,0,1,1,0,1,0,0,0,2.0,0.0,2.0,2.0,0.0,2.0,0.0,0.0,0.0,1.0,0.0,1.0,0.0,0,0,1,4.0,0.0,2.0,2,1,33,0.0,0.00042826552462526765,0.0,0.0,0.5,0.0,0.0,0.0,0.0,0.0,0.0,0.0,0.0,0.0020825811933520297,0.0,0.0021978021978022,0.0002301457269419105,0.0,0.00015099105034865206,0.004282655246252677,0.0021413276231263384
6883923552563570303,1,1,0,1,1,0,1,0,0,0,2.0,0.0,2.0,2.0,0.0,2.0,0.0,0.0,0.0,1.0,0.0,1.0,0.0,0,0,1,4.0,0.0,2.0,2,1,33,0.0,0.00042826552462526765,0.0,0.0,0.5,0.0,0.0,0.0,0.0,0.0,0.0,0.0,0.0,0.0020825811933520297,0.0,0.0021978021978022,0.0002301457269419105,0.0,0.00015099105034865206,0.004282655246252677,0.0021413276231263384
2292394788092163208,1,1,0,1,1,0,1,0,0,0,2.0,0.0,2.0,2.0,0.0,2.0,0.0,0.0,0.0,1.0,0.0,1.0,0.0,0,0,1,4.0,0.0,2.0,2,1,33,0.0,0.00042826552462526765,0.0,0.0,0.5,0.0,0.0,0.0,0.0,0.0,0.0,0.0,0.0,0.0020825811933520297,0.0,0.0021978021978022,0.0002301457269419105,0.0,0.00015099105034865206,0.004282655246252677,0.0021413276231263384
8145248232862184554,1,1,0,1,1,0,1,0,0,0,2.0,0.0,2.0,2.0,0.0,2.0,0.0,0.0,0.0,1.0,0.0,1.0,0.0,0,0,1,4.0,0.0,2.0,2,1,33,0.0,0.00042826552462526765,0.0,0.0,0.5,0.0,0.0,0.0,0.0,0.0,0.0,0.0,0.0,0.0020825811933520297,0.0,0.0021978021978022,0.0002301457269419105,0.0,0.00015099105034865206,0.004282655246252677,0.0021413276231263384
9439568049721690531,1,1,0,1,1,0,1,0,0,0,2.0,0.0,2.0,2.0,0.0,2.0,0.0,0.0,0.0,1.0,0.0,1.0,0.0,0,0,1,4.0,0.0,2.0,2,1,33,0.0,0.00042826552462526765,0.0,0.0,0.5,0.0,0.0,0.0,0.0,0.0,0.0,0.0,0.0,0.0020825811933520297,0.0,0.0021978021978022,0.0002301457269419105,0.0,0.00015099105034865206,0.004282655246252677,0.0021413276231263384
3352310488009055523,1,2,0,2,2,0,2,0,0,0,4.0,0.0,4.0,4.0,0.0,4.0,0.0,0.0,0.0,1.0,0.0,1.0,0.0,1,0,2,11.0,0.0,5.0,15,1,108,0.0,0.0008565310492505353,0.0,0.0,0.6666666666666666,0.5,0.0,0.0,0.5,0.0,0.5,1.0,0.0,0.0021854080066854784,0.0,0.002197802197802199,0.0004609362790978233,0.0,0.0004941525284137704,0.032119914346895075,0.0021413276231263384
926777004448529404,1,1,0,1,1,0,1,0,0,0,2.0,0.0,2.0,2.0,0.0,2.0,0.0,0.0,0.0,1.0,0.0,1.0,0.0,1,0,1,4.0,0.0,2.0,9,1,57,0.0,0.00042826552462526765,0.0,0.0,0.5,0.0,0.0,0.0,0.0,0.0,0.0,0.0,0.0,0.002073021885448553,0.0,0.002197802197802203,0.0002301457269419105,0.0,0.0002608027233294899,0.019271948608137045,0.0021413276231263384
6789938827480828519,1,1,0,1,1,0,1,0,0,0,2.0,0.0,2.0,2.0,0.0,2.0,0.0,0.0,0.0,1.0,0.0,1.0,0.0,1,0,1,4.0,0.0,2.0,9,1,57,0.0,0.00042826552462526765,0.0,0.0,0.5,0.0,0.0,0.0,0.0,0.0,0.0,0.0,0.0,0.002073021885448553,0.0,0.002197802197802203,0.0002301457269419105,0.0,0.0002608027233294899,0.019271948608137045,0.0021413276231263384
2322401438691072700,1,2,0,2,2,0,2,0,0,0,4.0,0.0,4.0,4.0,0.0,4.0,0.0,0.0,0.0,1.0,0.0,1.0,0.0,2,0,2,11.0,0.0,5.0,17,1,125,0.0,0.0008565310492505353,0.0,0.0,0.8333333333333334,0.75,0.0,0.0,1.0,0.0,1.0,1.0,0.0,0.002175848698782002,0.0,0.002197802197802201,0.0004609362790978233,0.0,0.0005719357967751972,0.03640256959314775,0.0021413276231263384
350269451593628697,1,2,0,2,2,0,2,0,0,0,4.0,0.0,4.0,4.0,0.0,4.0,0.0,0.0,0.0,1.0,0.0,1.0,0.0,2,0,2,11.0,0.0,5.0,17,1,125,0.0,0.0008565310492505353,0.0,0.0,0.8333333333333334,0.75,0.0,0.0,1.0,0.0,1.0,1.0,0.0,0.002175848698782002,0.0,0.002197802197802201,0.0004609362790978233,0.0,0.0005719357967751972,0.03640256959314775,0.0021413276231263384
3808591776965460423,1,1,0,1,1,0,1,0,0,0,2.0,0.0,2.0,2.0,0.0,2.0,0.0,0.0,0.0,1.0,0.0,1.0,0.0,1,0,1,4.0,0.0,2.0,9,1,57,0.0,0.00042826552462526765,0.0,0.0,0.5,0.0,0.0,0.0,0.0,0.0,0.0,0.0,0.0,0.002073021885448553,0.0,0.002197802197802203,0.0002301457269419105,0.0,0.0002608027233294899,0.019271948608137045,0.0021413276231263384
9013612718524225951,1,1,0,1,1,0,1,0,0,0,2.0,0.0,2.0,2.0,0.0,2.0,0.0,0.0,0.0,1.0,0.0,1.0,0.0,1,0,1,4.0,0.0,2.0,9,1,57,0.0,0.00042826552462526765,0.0,0.0,0.5,0.0,0.0,0.0,0.0,0.0,0.0,0.0,0.0,0.002073021885448553,0.0,0.002197802197802203,0.0002301457269419105,0.0,0.0002608027233294899,0.019271948608137045,0.0021413276231263384
6480842657197634011,1,2,0,2,2,0,2,0,0,0,4.0,0.0,4.0,4.0,0.0,4.0,0.0,0.0,0.0,1.0,0.0,1.0,0.0,2,0,2,11.0,0.0,5.0,17,1,125,0.0,0.0008565310492505353,0.0,0.0,0.8333333333333334,0.75,0.0,0.0,1.0,0.0,1.0,1.0,0.0,0.002175848698782002,0.0,0.002197802197802201,0.0004609362790978233,0.0,0.0005719357967751972,0.03640256959314775,0.0021413276231263384
4607584355995513732,1,1,0,1,1,0,1,0,0,0,2.0,0.0,2.0,2.0,0.0,2.0,0.0,0.0,0.0,1.0,0.0,1.0,0.0,1,0,1,4.0,0.0,2.0,9,1,57,0.0,0.00042826552462526765,0.0,0.0,0.5,0.0,0.0,0.0,0.0,0.0,0.0,0.0,0.0,0.002073021885448553,0.0,0.002197802197802203,0.0002301457269419105,0.0,0.0002608027233294899,0.019271948608137045,0.0021413276231263384
1979256997540475729,1,1,0,1,1,0,1,0,0,0,2.0,0.0,2.0,2.0,0.0,2.0,0.0,0.0,0.0,1.0,0.0,1.0,0.0,1,0,1,4.0,0.0,2.0,9,1,57,0.0,0.00042826552462526765,0.0,0.0,0.5,0.0,0.0,0.0,0.0,0.0,0.0,0.0,0.0,0.002073021885448553,0.0,0.002197802197802203,0.0002301457269419105,0.0,0.0002608027233294899,0.019271948608137045,0.0021413276231263384
546492611174488634,1,2,0,2,2,0,2,0,0,0,4.0,0.0,4.0,4.0,0.0,4.0,0.0,0.0,0.0,1.0,0.0,1.0,0.0,2,0,2,9.0,0.0,5.0,10,1,99,0.0,0.0008565310492505353,0.0,0.0,0.5,0.25,0.0,0.0,0.5,0.0,0.5,1.0,0.0,0.0021153142293339876,0.0,0.0021978021978022034,0.0004609362790978233,0.0,0.0004529731510459562,0.021413276231263382,0.0021413276231263384
2354824693436168968,1,2,0,2,2,0,2,0,0,0,4.0,0.0,4.0,4.0,0.0,4.0,0.0,0.0,0.0,1.0,0.0,1.0,0.0,2,0,2,11.0,0.0,5.0,17,1,125,0.0,0.0008565310492505353,0.0,0.0,0.8333333333333334,0.75,0.0,0.0,1.0,0.0,1.0,1.0,0.0,0.002175848698782002,0.0,0.002197802197802201,0.0004609362790978233,0.0,0.0005719357967751972,0.03640256959314775,0.0021413276231263384
3797117737402791575,1,1,0,1,1,0,1,0,0,0,2.0,0.0,2.0,2.0,0.0,2.0,0.0,0.0,0.0,1.0,0.0,1.0,0.0,1,0,1,4.0,0.0,2.0,9,1,57,0.0,0.00042826552462526765,0.0,0.0,0.5,0.0,0.0,0.0,0.0,0.0,0.0,0.0,0.0,0.002073021885448553,0.0,0.002197802197802203,0.0002301457269419105,0.0,0.0002608027233294899,0.019271948608137045,0.0021413276231263384
6188627848581230782,1,1,0,1,1,0,1,0,0,0,2.0,0.0,2.0,2.0,0.0,2.0,0.0,0.0,0.0,1.0,0.0,1.0,0.0,1,0,1,4.0,0.0,2.0,9,1,57,0.0,0.00042826552462526765,0.0,0.0,0.5,0.0,0.0,0.0,0.0,0.0,0.0,0.0,0.0,0.002073021885448553,0.0,0.002197802197802203,0.0002301457269419105,0.0,0.0002608027233294899,0.019271948608137045,0.0021413276231263384
5687181632705664945,1,2,0,2,2,0,2,0,0,0,4.0,0.0,4.0,4.0,0.0,4.0,0.0,0.0,0.0,1.0,0.0,1.0,0.0,2,0,2,9.0,0.0,5.0,10,1,99,0.0,0.0008565310492505353,0.0,0.0,0.5,0.25,0.0,0.0,0.5,0.0,0.5,1.0,0.0,0.0021153142293339876,0.0,0.0021978021978022034,0.0004609362790978233,0.0,0.0004529731510459562,0.021413276231263382,0.0021413276231263384
1572492698594359,1,1,0,1,1,0,1,0,0,0,4.0,0.0,4.0,4.0,0.0,4.0,0.0,0.0,0.0,1.0,0.0,1.0,0.0,1,0,1,11.0,0.0,5.0,9,1,57,0.0,0.0008565310492505353,0.0,0.0,0.5,0.0,0.0,0.0,0.0,0.0,0.0,0.0,0.0,0.002119666888467512,0.0,0.002197802197802203,0.0004609362790978233,0.0,0.0002608027233294899,0.019271948608137045,0.0021413276231263384
6787160741120621921,1,1,0,1,1,0,1,0,0,0,2.0,0.0,2.0,2.0,0.0,2.0,0.0,0.0,0.0,1.0,0.0,1.0,0.0,1,0,1,4.0,0.0,2.0,9,1,57,0.0,0.00042826552462526765,0.0,0.0,0.5,0.0,0.0,0.0,0.0,0.0,0.0,0.0,0.0,0.002073021885448553,0.0,0.002197802197802203,0.0002301457269419105,0.0,0.0002608027233294899,0.019271948608137045,0.0021413276231263384
5403451535959441894,1,1,0,1,1,0,1,0,0,0,2.0,0.0,2.0,2.0,0.0,2.0,0.0,0.0,0.0,1.0,0.0,1.0,0.0,1,0,1,4.0,0.0,2.0,9,1,57,0.0,0.00042826552462526765,0.0,0.0,0.5,0.0,0.0,0.0,0.0,0.0,0.0,0.0,0.0,0.002073021885448553,0.0,0.002197802197802203,0.0002301457269419105,0.0,0.0002608027233294899,0.019271948608137045,0.0021413276231263384
2687869185560356331,1,2,0,2,2,0,2,0,0,0,6.0,0.0,6.0,6.0,0.0,6.0,0.0,0.0,0.0,1.0,0.0,1.0,0.0,2,0,2,9.0,0.0,7.0,10,1,99,0.0,0.001284796573875803,0.0,0.0,0.5,0.25,0.0,0.0,0.5,0.0,0.5,1.0,0.0,0.002157606573219422,0.0,0.0021978021978022034,0.00069237343592643,0.0,0.0004529731510459562,0.021413276231263382,0.0021413276231263384
5265638965372513915,1,1,0,1,1,0,1,0,0,0,2.0,0.0,2.0,2.0,0.0,2.0,0.0,0.0,0.0,1.0,0.0,1.0,0.0,1,0,1,4.0,0.0,2.0,9,1,57,0.0,0.00042826552462526765,0.0,0.0,0.5,0.0,0.0,0.0,0.0,0.0,0.0,0.0,0.0,0.002073021885448553,0.0,0.002197802197802203,0.0002301457269419105,0.0,0.0002608027233294899,0.019271948608137045,0.0021413276231263384
7874544543620768521,1,1,0,1,1,0,1,0,0,0,2.0,0.0,2.0,2.0,0.0,2.0,0.0,0.0,0.0,1.0,0.0,1.0,0.0,1,0,1,4.0,0.0,2.0,9,1,57,0.0,0.00042826552462526765,0.0,0.0,0.5,0.0,0.0,0.0,0.0,0.0,0.0,0.0,0.0,0.002073021885448553,0.0,0.002197802197802203,0.0002301457269419105,0.0,0.0002608027233294899,0.019271948608137045,0.0021413276231263384
8227059227550435258,1,1,0,1,1,0,1,0,0,0,4.0,0.0,4.0,4.0,0.0,4.0,0.0,0.0,0.0,1.0,0.0,1.0,0.0,1,0,1,11.0,0.0,5.0,9,1,57,0.0,0.0008565310492505353,0.0,0.0,0.5,0.0,0.0,0.0,0.0,0.0,0.0,0.0,0.0,0.002119666888467512,0.0,0.002197802197802203,0.0004609362790978233,0.0,0.0002608027233294899,0.019271948608137045,0.0021413276231263384
7076590904829992563,1,1,0,1,1,0,1,0,0,0,2.0,0.0,2.0,2.0,0.0,2.0,0.0,0.0,0.0,1.0,0.0,1.0,0.0,1,0,1,4.0,0.0,2.0,6,1,62,0.0,0.00042826552462526765,0.0,0.0,0.5,0.0,0.0,0.0,0.0,0.0,0.0,0.0,0.0,0.002068669226315029,0.0,0.0021978021978022034,0.0002301457269419105,0.0,0.0002836801552004978,0.01284796573875803,0.0021413276231263384
5936064935841332035,1,1,0,1,1,0,1,0,0,0,2.0,0.0,2.0,2.0,0.0,2.0,0.0,0.0,0.0,1.0,0.0,1.0,0.0,1,0,1,4.0,0.0,2.0,6,1,62,0.0,0.00042826552462526765,0.0,0.0,0.5,0.0,0.0,0.0,0.0,0.0,0.0,0.0,0.0,0.002068669226315029,0.0,0.0021978021978022034,0.0002301457269419105,0.0,0.0002836801552004978,0.01284796573875803,0.0021413276231263384
3734753228758574571,1,1,0,1,1,0,1,0,0,0,2.0,0.0,2.0,2.0,0.0,2.0,0.0,0.0,0.0,1.0,0.0,1.0,0.0,1,0,1,4.0,0.0,2.0,6,1,62,0.0,0.00042826552462526765,0.0,0.0,0.5,0.0,0.0,0.0,0.0,0.0,0.0,0.0,0.0,0.002068669226315029,0.0,0.0021978021978022034,0.0002301457269419105,0.0,0.0002836801552004978,0.01284796573875803,0.0021413276231263384
8297944143170370386,1,1,0,1,1,0,1,0,0,0,4.0,0.0,4.0,4.0,0.0,4.0,0.0,0.0,0.0,1.0,0.0,1.0,0.0,1,0,1,7.0,0.0,5.0,6,1,62,0.0,0.0008565310492505353,0.0,0.0,0.5,0.0,0.0,0.0,0.0,0.0,0.0,0.0,0.0,0.0021109615702004634,0.0,0.0021978021978022034,0.0004609362790978233,0.0,0.0002836801552004978,0.01284796573875803,0.0021413276231263384
1145460285381368740,1,1,0,1,1,0,1,0,0,0,2.0,0.0,2.0,2.0,0.0,2.0,0.0,0.0,0.0,1.0,0.0,1.0,0.0,1,0,1,4.0,0.0,2.0,6,1,62,0.0,0.00042826552462526765,0.0,0.0,0.5,0.0,0.0,0.0,0.0,0.0,0.0,0.0,0.0,0.002068669226315029,0.0,0.0021978021978022034,0.0002301457269419105,0.0,0.0002836801552004978,0.01284796573875803,0.0021413276231263384
2003246646190295787,1,1,0,1,1,0,1,0,0,0,2.0,0.0,2.0,2.0,0.0,2.0,0.0,0.0,0.0,1.0,0.0,1.0,0.0,1,0,1,4.0,0.0,2.0,6,1,62,0.0,0.00042826552462526765,0.0,0.0,0.5,0.0,0.0,0.0,0.0,0.0,0.0,0.0,0.0,0.002068669226315029,0.0,0.0021978021978022034,0.0002301457269419105,0.0,0.0002836801552004978,0.01284796573875803,0.0021413276231263384
2227224322936186474,1,3,0,3,3,0,3,0,0,0,4.0,0.0,4.0,4.0,0.0,4.0,0.0,0.0,0.0,1.0,0.0,1.0,0.0,2,0,3,9.0,0.0,5.0,15,1,127,0.0,0.0008565310492505353,0.0,0.0,0.8333333333333334,0.7777777777777778,0.0,0.0,1.0,0.0,1.0,1.0,0.0,0.00245357463760002,0.0,0.0021978021978022017,0.0004609362790978233,0.0,0.0005810867695236004,0.032119914346895075,0.0021413276231263384
4719784141072904652,1,2,0,2,2,0,2,0,0,0,4.0,0.0,4.0,4.0,0.0,4.0,0.0,0.0,0.0,1.0,0.0,1.0,0.0,2,0,2,9.0,0.0,5.0,15,1,127,0.0,0.0008565310492505353,0.0,0.0,0.8333333333333334,0.75,0.0,0.0,1.0,0.0,1.0,1.0,0.0,0.002171496039648478,0.0,0.002197802197802201,0.0004609362790978233,0.0,0.0005810867695236004,0.032119914346895075,0.0021413276231263384
6748237572324386132,1,1,0,1,1,0,1,0,0,0,2.0,0.0,2.0,2.0,0.0,2.0,0.0,0.0,0.0,1.0,0.0,1.0,0.0,1,0,1,4.0,0.0,2.0,6,1,62,0.0,0.00042826552462526765,0.0,0.0,0.5,0.0,0.0,0.0,0.0,0.0,0.0,0.0,0.0,0.002068669226315029,0.0,0.0021978021978022034,0.0002301457269419105,0.0,0.0002836801552004978,0.01284796573875803,0.0021413276231263384
1336315899391909588,1,1,0,1,1,0,1,0,0,0,2.0,0.0,2.0,2.0,0.0,2.0,0.0,0.0,0.0,1.0,0.0,1.0,0.0,1,0,1,4.0,0.0,2.0,15,1,86,0.0,0.00042826552462526765,0.0,0.0,1.0,1.0,0.0,0.0,0.0,0.0,0.0,0.0,0.0,0.0021292036957630436,0.0,0.0021978021978021982,0.0002301457269419105,0.0,0.0003934918281813357,0.032119914346895075,0.0021413276231263384
1220299719959973885,1,1,0,1,1,0,1,0,0,0,2.0,0.0,2.0,2.0,0.0,2.0,0.0,0.0,0.0,1.0,0.0,1.0,0.0,1,0,1,4.0,0.0,2.0,15,1,86,0.0,0.00042826552462526765,0.0,0.0,1.0,1.0,0.0,0.0,0.0,0.0,0.0,0.0,0.0,0.0021292036957630436,0.0,0.0021978021978021982,0.0002301457269419105,0.0,0.0003934918281813357,0.032119914346895075,0.0021413276231263384
2846338152974555569,1,1,0,1,1,0,1,0,0,0,2.0,0.0,2.0,2.0,0.0,2.0,0.0,0.0,0.0,1.0,0.0,1.0,0.0,1,0,1,4.0,0.0,2.0,15,1,86,0.0,0.00042826552462526765,0.0,0.0,1.0,1.0,0.0,0.0,0.0,0.0,0.0,0.0,0.0,0.0021292036957630436,0.0,0.0021978021978021982,0.0002301457269419105,0.0,0.0003934918281813357,0.032119914346895075,0.0021413276231263384
6226948674273608980,1,1,0,1,1,0,1,0,0,0,2.0,0.0,2.0,2.0,0.0,2.0,0.0,0.0,0.0,1.0,0.0,1.0,0.0,1,0,1,4.0,0.0,2.0,15,1,86,0.0,0.00042826552462526765,0.0,0.0,1.0,1.0,0.0,0.0,0.0,0.0,0.0,0.0,0.0,0.0021292036957630436,0.0,0.0021978021978021982,0.0002301457269419105,0.0,0.0003934918281813357,0.032119914346895075,0.0021413276231263384
294313545934690339,1,1,0,1,1,0,1,0,0,0,2.0,0.0,2.0,2.0,0.0,2.0,0.0,0.0,0.0,1.0,0.0,1.0,0.0,1,0,1,4.0,0.0,2.0,15,1,86,0.0,0.00042826552462526765,0.0,0.0,1.0,1.0,0.0,0.0,0.0,0.0,0.0,0.0,0.0,0.0021292036957630436,0.0,0.0021978021978021982,0.0002301457269419105,0.0,0.0003934918281813357,0.032119914346895075,0.0021413276231263384
6450563929054809393,1,1,0,1,1,0,1,0,0,0,2.0,0.0,2.0,2.0,0.0,2.0,0.0,0.0,0.0,1.0,0.0,1.0,0.0,1,0,1,4.0,0.0,2.0,15,1,86,0.0,0.00042826552462526765,0.0,0.0,1.0,1.0,0.0,0.0,0.0,0.0,0.0,0.0,0.0,0.0021292036957630436,0.0,0.0021978021978021982,0.0002301457269419105,0.0,0.0003934918281813357,0.032119914346895075,0.0021413276231263384
8107658251090528097,1,1,0,1,1,0,1,0,0,0,2.0,0.0,2.0,2.0,0.0,2.0,0.0,0.0,0.0,1.0,0.0,1.0,0.0,1,0,1,4.0,0.0,2.0,15,1,86,0.0,0.00042826552462526765,0.0,0.0,1.0,1.0,0.0,0.0,0.0,0.0,0.0,0.0,0.0,0.0021292036957630436,0.0,0.0021978021978021982,0.0002301457269419105,0.0,0.0003934918281813357,0.032119914346895075,0.0021413276231263384
3172932978259541086,1,1,0,1,1,0,1,0,0,0,4.0,0.0,4.0,4.0,0.0,4.0,0.0,0.0,0.0,1.0,0.0,1.0,0.0,1,0,1,11.0,0.0,5.0,15,1,86,0.0,0.0008565310492505353,0.0,0.0,1.0,1.0,0.0,0.0,0.0,0.0,0.0,0.0,0.0,0.0022320305090964923,0.0,0.0021978021978021982,0.0004609362790978233,0.0,0.0003934918281813357,0.032119914346895075,0.0021413276231263384
2234403091820349,1,1,0,1,1,0,1,0,0,0,2.0,0.0,2.0,2.0,0.0,2.0,0.0,0.0,0.0,1.0,0.0,1.0,0.0,1,0,1,4.0,0.0,2.0,15,1,86,0.0,0.00042826552462526765,0.0,0.0,1.0,1.0,0.0,0.0,0.0,0.0,0.0,0.0,0.0,0.0021292036957630436,0.0,0.0021978021978021982,0.0002301457269419105,0.0,0.0003934918281813357,0.032119914346895075,0.0021413276231263384
8831799066229236551,1,1,0,1,1,0,1,0,0,0,4.0,0.0,4.0,4.0,0.0,4.0,0.0,0.0,0.0,1.0,0.0,1.0,0.0,1,0,1,11.0,0.0,5.0,15,1,86,0.0,0.0008565310492505353,0.0,0.0,1.0,1.0,0.0,0.0,0.0,0.0,0.0,0.0,0.0,0.0022320305090964923,0.0,0.0021978021978021982,0.0004609362790978233,0.0,0.0003934918281813357,0.032119914346895075,0.0021413276231263384
9910584801329631654,1,1,0,1,1,0,1,0,0,0,2.0,0.0,2.0,2.0,0.0,2.0,0.0,0.0,0.0,1.0,0.0,1.0,0.0,1,0,1,4.0,0.0,2.0,15,1,86,0.0,0.00042826552462526765,0.0,0.0,1.0,1.0,0.0,0.0,0.0,0.0,0.0,0.0,0.0,0.0021292036957630436,0.0,0.0021978021978021982,0.0002301457269419105,0.0,0.0003934918281813357,0.032119914346895075,0.0021413276231263384
6631020539785638235,1,1,0,1,1,0,1,0,0,0,2.0,0.0,2.0,2.0,0.0,2.0,0.0,0.0,0.0,1.0,0.0,1.0,0.0,1,0,1,4.0,0.0,2.0,15,1,86,0.0,0.00042826552462526765,0.0,0.0,1.0,1.0,0.0,0.0,0.0,0.0,0.0,0.0,0.0,0.0021292036957630436,0.0,0.0021978021978021982,0.0002301457269419105,0.0,0.0003934918281813357,0.032119914346895075,0.0021413276231263384
9762339333769678898,3,2,0,2,2,0,2,0,0,0,5.0,0.0,5.0,5.0,0.0,5.0,0.0,0.0,0.0,1.0,0.0,1.0,0.0,2,0,2,6.0,0.0,6.0,6,1,258,0.0,0.0010706638115631692,0.0,0.0,0.5,0.25,0.0,0.0,0.5,0.0,0.5,1.0,0.0,0.0020392929793956347,0.0,0.002197802197802196,0.0,0.0001497430454081572,0.001180475484544007,0.01284796573875803,0.0021413276231263384
6689643043239407053,3,3,0,3,3,0,3,0,0,0,7.0,0.0,7.0,7.0,0.0,7.0,0.0,0.0,0.0,1.0,0.0,1.0,0.0,2,0,3,15.0,0.0,9.0,7,1,258,0.0,0.0014989293361884369,0.0,0.0,0.6666666666666666,0.5555555555555556,0.0,0.0,0.8571428571428571,0.0,0.8571428571428571,1.0,0.0,0.002098015624865733,0.0,0.002197802197802196,0.0,0.00020968833656354047,0.001180475484544007,0.014989293361884369,0.0021413276231263384
4478661297328661910,3,3,0,3,3,0,3,0,0,0,9.0,0.0,9.0,9.0,0.0,9.0,0.0,0.0,0.0,1.0,0.0,1.0,0.0,2,0,3,14.0,0.0,16.0,7,1,258,0.0,0.0019271948608137045,0.0,0.0,0.6666666666666666,0.5555555555555556,0.0,0.0,0.8055555555555556,0.0,0.8055555555555556,1.0,0.0,0.0020813695371666415,0.0,0.0021978021978021965,0.0,0.00026966106001069523,0.001180475484544007,0.014989293361884369,0.0021413276231263384
6064588207401823800,3,3,0,3,3,0,3,0,0,0,8.0,0.0,8.0,8.0,0.0,8.0,0.0,0.0,0.0,1.0,0.0,1.0,0.0,2,0,3,13.0,0.0,13.0,7,1,258,0.0,0.0017130620985010706,0.0,0.0,0.6666666666666666,0.5555555555555556,0.0,0.0,0.78125,0.0,0.78125,1.0,0.0,0.0020631973675022705,0.0,0.0021978021978021965,0.0,0.00023967127084789652,0.001180475484544007,0.014989293361884369,0.0021413276231263384
2356413677015838693,3,3,0,3,3,0,3,0,0,0,8.0,0.0,8.0,8.0,0.0,8.0,0.0,0.0,0.0,1.0,0.0,1.0,0.0,2,0,3,13.0,0.0,13.0,7,1,258,0.0,0.0017130620985010706,0.0,0.0,0.6666666666666666,0.5555555555555556,0.0,0.0,0.78125,0.0,0.78125,1.0,0.0,0.002060368469223023,0.0,0.002197802197802196,0.0,0.00023967127084789652,0.001180475484544007,0.014989293361884369,0.0021413276231263384
6296071889333851718,3,3,0,3,3,0,3,0,0,0,7.0,0.0,7.0,7.0,0.0,7.0,0.0,0.0,0.0,1.0,0.0,1.0,0.0,2,0,3,13.0,0.0,9.0,7,1,258,0.0,0.0014989293361884369,0.0,0.0,0.6666666666666666,0.5555555555555556,0.0,0.0,0.7857142857142857,0.0,0.7857142857142857,1.0,0.0,0.002061745707420762,0.0,0.002197802197802196,0.0,0.00020968833656354047,0.001180475484544007,0.014989293361884369,0.0021413276231263384
6055729569879680999,3,3,0,3,3,0,3,0,0,0,9.0,0.0,9.0,9.0,0.0,9.0,0.0,0.0,0.0,1.0,0.0,1.0,0.0,2,0,3,15.0,0.0,16.0,7,1,258,0.0,0.0019271948608137045,0.0,0.0,0.6666666666666666,0.5555555555555556,0.0,0.0,0.8333333333333334,0.0,0.8333333333333334,1.0,0.0,0.002103747843307998,0.0,0.0021978021978021965,0.0,0.00026966106001069523,0.001180475484544007,0.014989293361884369,0.0021413276231263384
956202136096335914,3,2,0,2,2,0,2,0,0,0,6.0,0.0,6.0,6.0,0.0,6.0,0.0,0.0,0.0,1.0,0.0,1.0,0.0,2,0,2,11.0,0.0,7.0,6,1,258,0.0,0.001284796573875803,0.0,0.0,0.5,0.25,0.0,0.0,0.5,0.0,0.5,1.0,0.0,0.0020407446394771437,0.0,0.002197802197802196,0.0,0.00017971226035584653,0.001180475484544007,0.01284796573875803,0.0021413276231263384
6484345795641549488,3,2,0,2,2,0,2,0,0,0,5.0,0.0,5.0,5.0,0.0,5.0,0.0,0.0,0.0,1.0,0.0,1.0,0.0,2,0,2,5.0,0.0,6.0,6,1,258,0.0,0.0010706638115631692,0.0,0.0,0.5,0.25,0.0,0.0,0.5,0.0,0.5,1.0,0.0,0.0020421218776748816,0.0,0.002197802197802196,0.0,0.0001497430454081572,0.001180475484544007,0.01284796573875803,0.0021413276231263384
8523634802771083962,3,3,0,3,3,0,3,0,0,0,7.0,0.0,7.0,7.0,0.0,7.0,0.0,0.0,0.0,1.0,0.0,1.0,0.0,2,0,3,11.0,0.0,9.0,7,1,258,0.0,0.0014989293361884369,0.0,0.0,0.6666666666666666,0.5555555555555556,0.0,0.0,0.7857142857142857,0.0,0.7857142857142857,1.0,0.0,0.0020645746057000093,0.0,0.002197802197802196,0.0,0.00020968833656354047,0.001180475484544007,0.014989293361884369,0.0021413276231263384
1055693901620305959,3,2,0,2,2,0,2,0,0,0,6.0,0.0,6.0,6.0,0.0,6.0,0.0,0.0,0.0,1.0,0.0,1.0,0.0,2,0,2,11.0,0.0,7.0,6,1,258,0.0,0.001284796573875803,0.0,0.0,0.5,0.25,0.0,0.0,0.5,0.0,0.5,1.0,0.0,0.0020407446394771437,0.0,0.002197802197802196,0.0,0.00017971226035584653,0.001180475484544007,0.01284796573875803,0.0021413276231263384
9868668785853035290,3,3,0,3,3,0,3,0,0,0,11.0,0.0,11.0,11.0,0.0,11.0,0.0,0.0,0.0,1.0,0.0,1.0,0.0,2,0,3,15.0,0.0,19.0,7,1,258,0.0,0.002355460385438972,0.0,0.0,0.6666666666666666,0.5555555555555556,0.0,0.0,0.8181818181818182,0.0,0.8181818181818182,1.0,0.0,0.002106651163471016,0.0,0.002197802197802196,0.0,0.00032966119010857664,0.001180475484544007,0.014989293361884369,0.0021413276231263384
2395227063995923690,3,2,0,2,2,0,2,0,0,0,6.0,0.0,6.0,6.0,0.0,6.0,0.0,0.0,0.0,1.0,0.0,1.0,0.0,2,0,2,11.0,0.0,7.0,6,1,258,0.0,0.001284796573875803,0.0,0.0,0.5,0.25,0.0,0.0,0.5,0.0,0.5,1.0,0.0,0.0020407446394771437,0.0,0.002197802197802196,0.0,0.00017971226035584653,0.001180475484544007,0.01284796573875803,0.0021413276231263384
8015433703060589521,3,3,0,3,3,0,3,0,0,0,10.0,0.0,10.0,10.0,0.0,10.0,0.0,0.0,0.0,1.0,0.0,1.0,0.0,2,0,3,13.0,0.0,18.0,7,1,258,0.0,0.0021413276231263384,0.0,0.0,0.6666666666666666,0.5555555555555556,0.0,0.0,0.775,0.0,0.775,1.0,0.0,0.002068929585944536,0.0,0.002197802197802196,0.0,0.0002996577008397283,0.001180475484544007,0.014989293361884369,0.0021413276231263384
8581380982725227400,3,2,0,2,2,0,2,0,0,0,6.0,0.0,6.0,6.0,0.0,6.0,0.0,0.0,0.0,1.0,0.0,1.0,0.0,2,0,2,13.0,0.0,7.0,7,1,258,0.0,0.001284796573875803,0.0,0.0,0.6666666666666666,0.5,0.0,0.0,1.0,0.0,1.0,1.0,0.0,0.002054636250780758,0.0,0.002197802197802196,0.0,0.00017971226035584653,0.001180475484544007,0.014989293361884369,0.0021413276231263384
4871594002520466915,3,3,0,3,3,0,3,0,0,0,8.0,0.0,8.0,8.0,0.0,8.0,0.0,0.0,0.0,1.0,0.0,1.0,0.0,2,0,3,13.0,0.0,13.0,7,1,258,0.0,0.0017130620985010706,0.0,0.0,0.6666666666666666,0.5555555555555556,0.0,0.0,0.78125,0.0,0.78125,1.0,0.0,0.0020631973675022705,0.0,0.0021978021978021965,0.0,0.00023967127084789652,0.001180475484544007,0.014989293361884369,0.0021413276231263384
2529323494721887526,3,3,0,3,3,0,3,0,0,0,8.0,0.0,8.0,8.0,0.0,8.0,0.0,0.0,0.0,1.0,0.0,1.0,0.0,2,0,3,13.0,0.0,13.0,7,1,258,0.0,0.0017130620985010706,0.0,0.0,0.6666666666666666,0.5555555555555556,0.0,0.0,0.78125,0.0,0.78125,1.0,0.0,0.0020660262657815178,0.0,0.0021978021978021965,0.0,0.00023967127084789652,0.001180475484544007,0.014989293361884369,0.0021413276231263384
8818480135742538890,3,3,0,3,3,0,3,0,0,0,8.0,0.0,8.0,8.0,0.0,8.0,0.0,0.0,0.0,1.0,0.0,1.0,0.0,2,0,3,13.0,0.0,13.0,7,1,258,0.0,0.0017130620985010706,0.0,0.0,0.6666666666666666,0.5555555555555556,0.0,0.0,0.78125,0.0,0.78125,1.0,0.0,0.002060368469223023,0.0,0.002197802197802196,0.0,0.00023967127084789652,0.001180475484544007,0.014989293361884369,0.0021413276231263384
3250146850518326877,3,3,0,3,3,0,3,0,0,0,8.0,0.0,8.0,8.0,0.0,8.0,0.0,0.0,0.0,1.0,0.0,1.0,0.0,2,0,3,13.0,0.0,13.0,7,1,258,0.0,0.0017130620985010706,0.0,0.0,0.6666666666666666,0.5555555555555556,0.0,0.0,0.78125,0.0,0.78125,1.0,0.0,0.002060368469223023,0.0,0.002197802197802196,0.0,0.00023967127084789652,0.001180475484544007,0.014989293361884369,0.0021413276231263384
9436855725976937811,3,3,0,3,3,0,3,0,0,0,6.0,0.0,6.0,6.0,0.0,6.0,0.0,0.0,0.0,1.0,0.0,1.0,0.0,2,0,3,13.0,0.0,7.0,7,1,258,0.0,0.001284796573875803,0.0,0.0,0.6666666666666666,0.5555555555555556,0.0,0.0,0.7916666666666666,0.0,0.7916666666666666,1.0,0.0,0.0020574651490600053,0.0,0.002197802197802196,0.0,0.00017971226035584653,0.001180475484544007,0.014989293361884369,0.0021413276231263384
3561775368354968838,3,3,0,3,3,0,3,0,0,0,9.0,0.0,9.0,9.0,0.0,9.0,0.0,0.0,0.0,1.0,0.0,1.0,0.0,2,0,3,15.0,0.0,16.0,7,1,258,0.0,0.0019271948608137045,0.0,0.0,0.6666666666666666,0.5555555555555556,0.0,0.0,0.8333333333333334,0.0,0.8333333333333334,1.0,0.0,0.002103747843307998,0.0,0.0021978021978021965,0.0,0.00026966106001069523,0.001180475484544007,0.014989293361884369,0.0021413276231263384
2389114974892924696,3,3,0,3,3,0,3,0,0,0,5.0,0.0,5.0,5.0,0.0,5.0,0.0,0.0,0.0,1.0,0.0,1.0,0.0,2,0,3,11.0,0.0,6.0,7,1,258,0.0,0.0010706638115631692,0.0,0.0,0.6666666666666666,0.5555555555555556,0.0,0.0,0.8,0.0,0.8,1.0,0.0,0.0020560134889784963,0.0,0.002197802197802196,0.0,0.0001497430454081572,0.001180475484544007,0.014989293361884369,0.0021413276231263384
7491139359429068184,3,3,0,3,3,0,3,0,0,0,7.0,0.0,7.0,7.0,0.0,7.0,0.0,0.0,0.0,1.0,0.0,1.0,0.0,2,0,3,13.0,0.0,9.0,7,1,258,0.0,0.0014989293361884369,0.0,0.0,0.6666666666666666,0.5555555555555556,0.0,0.0,0.7857142857142857,0.0,0.7857142857142857,1.0,0.0,0.002061745707420762,0.0,0.002197802197802196,0.0,0.00020968833656354047,0.001180475484544007,0.014989293361884369,0.0021413276231263384
6608076383801838319,3,3,0,3,3,0,3,0,0,0,9.0,0.0,9.0,9.0,0.0,9.0,0.0,0.0,0.0,1.0,0.0,1.0,0.0,2,0,3,13.0,0.0,16.0,7,1,258,0.0,0.0019271948608137045,0.0,0.0,0.6666666666666666,0.5555555555555556,0.0,0.0,0.7777777777777778,0.0,0.7777777777777778,1.0,0.0,0.0020646490275837794,0.0,0.0021978021978021965,0.0,0.00026966106001069523,0.001180475484544007,0.014989293361884369,0.0021413276231263384
5937591846442539693,3,3,0,3,3,0,3,0,0,0,5.0,0.0,5.0,5.0,0.0,5.0,0.0,0.0,0.0,1.0,0.0,1.0,0.0,2,0,3,6.0,0.0,6.0,7,1,258,0.0,0.0010706638115631692,0.0,0.0,0.6666666666666666,0.5555555555555556,0.0,0.0,0.8,0.0,0.8,1.0,0.0,0.0020588423872577436,0.0,0.0021978021978021965,0.0,0.0001497430454081572,0.001180475484544007,0.014989293361884369,0.0021413276231263384
4217087321656477355,3,2,0,2,2,0,2,0,0,0,7.0,0.0,7.0,7.0,0.0,7.0,0.0,0.0,0.0,1.0,0.0,1.0,0.0,2,0,2,12.0,0.0,9.0,6,1,258,0.0,0.0014989293361884369,0.0,0.0,0.5,0.25,0.0,0.0,0.5,0.0,0.5,1.0,0.0,0.0020421962995586522,0.0,0.002197802197802196,0.0,0.00020968833656354047,0.001180475484544007,0.01284796573875803,0.0021413276231263384
7726180503314159644,3,3,0,3,3,0,3,0,0,0,5.0,0.0,5.0,5.0,0.0,5.0,0.0,0.0,0.0,1.0,0.0,1.0,0.0,2,0,3,11.0,0.0,6.0,7,1,258,0.0,0.0010706638115631692,0.0,0.0,0.6666666666666666,0.5555555555555556,0.0,0.0,0.8,0.0,0.8,1.0,0.0,0.0020560134889784963,0.0,0.002197802197802196,0.0,0.0001497430454081572,0.001180475484544007,0.014989293361884369,0.0021413276231263384
9623572504360777409,3,2,0,2,2,0,2,0,0,0,3.0,0.0,3.0,3.0,0.0,3.0,0.0,0.0,0.0,1.0,0.0,1.0,0.0,2,0,2,5.0,0.0,4.0,6,1,258,0.0,0.0006423982869379015,0.0,0.0,0.5,0.25,0.0,0.0,0.5,0.0,0.5,1.0,0.0,0.002033560760953369,0.0,0.002197802197802196,0.0,8.982521195621818e-5,0.001180475484544007,0.01284796573875803,0.0021413276231263384
7926143698484050541,3,3,0,3,3,0,3,0,0,0,8.0,0.0,8.0,8.0,0.0,8.0,0.0,0.0,0.0,1.0,0.0,1.0,0.0,2,0,3,13.0,0.0,13.0,7,1,258,0.0,0.0017130620985010706,0.0,0.0,0.6666666666666666,0.5555555555555556,0.0,0.0,0.78125,0.0,0.78125,1.0,0.0,0.002060368469223023,0.0,0.002197802197802196,0.0,0.00023967127084789652,0.001180475484544007,0.014989293361884369,0.0021413276231263384
8427346302517868102,3,1,0,1,1,0,1,0,0,0,2.0,0.0,2.0,2.0,0.0,2.0,0.0,0.0,0.0,1.0,0.0,1.0,0.0,1,0,1,4.0,0.0,2.0,5,1,258,0.0,0.00042826552462526765,0.0,0.0,0.5,0.0,0.0,0.0,0.0,0.0,0.0,0.0,0.0,0.002029280202592613,0.0,0.002197802197802196,0.0,5.9876599747932246e-5,0.001180475484544007,0.010706638115631691,0.0021413276231263384
5165224311620548915,3,3,0,3,3,0,3,0,0,0,7.0,0.0,7.0,7.0,0.0,7.0,0.0,0.0,0.0,1.0,0.0,1.0,0.0,2,0,3,13.0,0.0,9.0,7,1,258,0.0,0.0014989293361884369,0.0,0.0,0.6666666666666666,0.5555555555555556,0.0,0.0,0.7857142857142857,0.0,0.7857142857142857,1.0,0.0,0.002058916809141514,0.0,0.002197802197802196,0.0,0.00020968833656354047,0.001180475484544007,0.014989293361884369,0.0021413276231263384
589326327834452874,3,3,0,3,3,0,3,0,0,0,6.0,0.0,6.0,6.0,0.0,6.0,0.0,0.0,0.0,1.0,0.0,1.0,0.0,2,0,3,13.0,0.0,7.0,7,1,258,0.0,0.001284796573875803,0.0,0.0,0.6666666666666666,0.5555555555555556,0.0,0.0,0.7916666666666666,0.0,0.7916666666666666,1.0,0.0,0.0020574651490600053,0.0,0.002197802197802196,0.0,0.00017971226035584653,0.001180475484544007,0.014989293361884369,0.0021413276231263384
505553444537236205,3,3,0,3,3,0,3,0,0,0,7.0,0.0,7.0,7.0,0.0,7.0,0.0,0.0,0.0,1.0,0.0,1.0,0.0,2,0,3,13.0,0.0,9.0,7,1,258,0.0,0.0014989293361884369,0.0,0.0,0.6666666666666666,0.5555555555555556,0.0,0.0,0.7857142857142857,0.0,0.7857142857142857,1.0,0.0,0.002061745707420762,0.0,0.002197802197802196,0.0,0.00020968833656354047,0.001180475484544007,0.014989293361884369,0.0021413276231263384
