node,community,in_degree,out_degree,total_degree,in_degree_in_group,out_degree_in_group,total_degree_in_group,in_degree_between,out_degree_between,total_degree_between,weighted_in_degree,weighted_out_degree,weighted_total_degree,weighted_in_degree_in_group,weighted_out_degree_in_group,weighted_total_degree_in_group,weighted_in_degree_between,weighted_out_degree_between,weighted_total_degree_between,in_group_indegree_ratio,in_group_outdegree_ratio,in_group_indegree_strength_fraction,in_group_outdegree_strength_fraction,k_core_in,k_core_out,k_core_undirected,s_core_in,s_core_out,s_core_undirected,in_reach_2,out_reach_2,undirected_reach_2,out_degree_normalized,in_degree_normalized,in_out_ratio,weighted_in_out_ratio,ego_density,density_clustering_coefficient,cg_cycle,cg_middleman,cg_in,cg_out,cg_total,barrat_local,r_norm_ranked,page_rank,salsa_hub,salsa_authority,modularity_vitality_hub,modularity_vitality_bridge,undirected_reach_2_normalized,in_reach_2_normalized,out_reach_2_normalized
3237320422878733185,5,1,96,97,1,82,83,0,14,14,1.0,98.0,99.0,1.0,84.0,85.0,0.0,14.0,14.0,1.0,0.8541666666666666,1.0,0.8571428571428571,1,4,11,1.0,94.0,52.0,14,389,442,0.0019438659129227412,1.983536645839532e-5,0.010416666666655815,0.010204081632642649,0.03608247422680412,0.026145180146668084,0.041237113402061855,0.28865979381443296,0.0,0.027175080558539205,0.029987373737373736,0.05808080808080808,0.0,0.0005457074489218299,0.004999999999999999,0.0006548788474132283,0.000668616886817186,0.0,4.3471003444123024e-6,0.0013884756520876724,0.038579787761578895
2298426527133167631,5,13,130,143,0,113,113,13,17,30,13.0,131.0,144.0,0.0,114.0,114.0,13.0,17.0,30.0,0.0,0.8692307692307693,0.0,0.8702290076335878,4,4,12,17.0,102.0,55.0,57,345,811,0.002598433006049787,0.00025785976395913915,0.09999999999992308,0.0992366412212983,0.017968142968142968,0.011100787324563549,0.0017683465959328027,0.030061892130857647,0.10256410256410256,0.009971004201432038,0.011663732394366197,0.022838419405320814,0.0,0.0006545524894458191,0.005,0.0006548788474132289,2.7900024958116276e-6,0.0,7.976240677190898e-6,0.005653079440642666,0.034216007140731926
2136735006556740672,4,5,18,23,3,18,21,2,0,2,6.0,18.0,24.0,4.0,18.0,22.0,2.0,0.0,2.0,0.6,1.0,0.6666666666666666,1.0,3,2,14,17.0,17.0,67.0,35,116,241,0.00035703659625111573,0.00011901219875037192,0.2777777777762346,0.3333333333314815,0.12450592885375494,0.08264462809917356,0.05102040816326531,0.28061224489795916,0.16666666666666666,0.042483660130718956,0.094106463878327,0.18253968253968253,0.48863636363636365,0.0006306739824973197,0.004999999999999999,0.0006548788474132285,0.0,2.3252405016660482e-5,2.3702515452564814e-6,0.003471189130219181,0.011504512545869285
2101303336580794907,4,8,31,39,6,22,28,2,9,11,14.0,32.0,46.0,11.0,23.0,34.0,3.0,9.0,12.0,0.75,0.7096774193548387,0.7857142857142857,0.71875,3,4,12,46.0,31.0,65.0,27,268,379,0.0006347317266686502,0.00027769513041753447,0.2580645161281998,0.4374999999986328,0.09743954480796586,0.07158509861212564,0.02342606149341142,0.3367496339677892,0.23979591836734693,0.0296875,0.10051694428489374,0.17391304347826086,0.7272727272727273,0.0007609544136055699,0.004999999999999999,0.0006548788474132285,0.0,0.0009954204316712234,3.7274910193037613e-6,0.002677774471883368,0.026579391054249727
2118514889134643790,4,13,22,35,10,14,24,3,8,11,27.0,22.0,49.0,20.0,14.0,34.0,7.0,8.0,15.0,0.7692307692307693,0.6363636363636364,0.7407407407407407,0.6363636363636364,4,4,13,48.0,21.0,94.0,57,263,459,0.000436378062084697,0.0005355548943766736,0.590909090906405,1.2272727272671489,0.11647727272727272,0.0859375,0.036613272311212815,0.1945080091533181,0.14814814814814814,0.08441558441558442,0.11325301204819277,0.1718235681369322,0.8863636363636364,0.0012765322237314513,0.004999999999999999,0.0006548788474132288,0.0,0.0014527671579643853,4.514296511505083e-6,0.005653079440642666,0.026083506892789845
2148339629432266027,4,8,24,32,2,18,20,6,6,12,8.0,24.0,32.0,2.0,18.0,20.0,6.0,6.0,12.0,0.25,0.75,0.25,0.75,4,4,14,17.0,25.0,95.0,48,278,475,0.0004760487950014877,0.00015868293166716255,0.3333333333319445,0.3333333333319445,0.07291666666666667,0.0439453125,0.015625,0.03125,0.16071428571428573,0.04528985507246377,0.04334677419354839,0.08064516129032258,0.0,0.0017700246253958985,0.005,0.0006548788474132285,0.0,0.0010142876261484135,4.671657609945348e-6,0.0047604879500148765,0.027571159377169495
2174859783520381988,4,2,42,44,2,25,27,0,17,17,2.0,42.0,44.0,2.0,25.0,27.0,0.0,17.0,17.0,1.0,0.5952380952380952,1.0,0.5952380952380952,0,4,12,3.0,47.0,42.0,3,488,589,0.0008330853912526034,3.967073291679064e-5,0.047619047618934235,0.047619047618934235,0.029292929292929294,0.007231404958677686,0.0,0.03571428571428571,0.0,0.005226480836236934,0.006342494714587738,0.011627906976744186,0.0,0.0005698292410027095,0.004999999999999999,0.0006548788474132287,0.0,0.0011242716869499514,5.792855436332231e-6,0.0002975304968759298,0.04839829415848458
1878305908224690747,3,12,40,52,8,39,47,4,1,5,12.0,41.0,53.0,8.0,40.0,48.0,4.0,1.0,5.0,0.6666666666666666,0.975,0.6666666666666666,0.975609756097561,4,3,12,34.0,48.0,42.0,60,108,327,0.0008132500247942081,0.00023802439750074384,0.29999999999925,0.2926829268285544,0.04600301659125189,0.02691272587466359,0.002061855670103093,0.0577319587628866,0.17424242424242425,0.015634771732332707,0.02850796001480933,0.052075471698113204,0.17045454545454544,0.0007593972438692269,0.004999999999999999,0.0006548788474132286,0.0,0.0010742680558900597,3.2160674493729024e-6,0.005950609937518596,0.010711097887533471
2135695114418399276,3,16,25,41,8,25,33,8,0,8,17.0,25.0,42.0,8.0,25.0,33.0,9.0,0.0,9.0,0.5,1.0,0.47058823529411764,1.0,4,3,14,44.0,26.0,61.0,72,169,471,0.0004958841614598829,0.0003372012297927204,0.6399999999974401,0.67999999999728,0.13170731707317074,0.109375,0.019441069258809233,0.2648845686512758,0.12156862745098039,0.075,0.11501787842669844,0.21794871794871795,0.375,0.0012329356053419316,0.005,0.0006548788474132288,0.0,0.000508235997054074,4.6323173353352815e-6,0.007140731925022315,0.016760884657344044
9529544724177857268,5,5,43,48,5,38,43,0,5,5,6.0,43.0,49.0,6.0,38.0,44.0,0.0,5.0,5.0,1.0,0.8837209302325582,1.0,0.8837209302325582,2,4,11,13.0,56.0,38.0,29,263,429,0.0008529207577109987,0.00011901219875037192,0.11627906976717144,0.13953488372060574,0.07185374149659864,0.05251736111111111,0.004228329809725159,0.3657505285412262,0.0,0.02602436323366556,0.0584020842379505,0.116804168475901,0.0,0.0005844674727047191,0.004999999999999999,0.0006548788474132289,0.0006267312648660095,0.0,4.219244451929587e-6,0.0028761281364673213,0.026083506892789845
9960497462055909638,1,15,87,101,10,85,94,5,2,7,27.0,90.0,116.0,22.0,88.0,109.0,5.0,2.0,7.0,0.6666666666666666,0.9770114942528736,0.8148148148148148,0.9777777777777777,4,5,14,38.0,88.0,105.0,54,320,617,0.0017653476147971834,0.0005157195279182783,0.17241379310325008,0.29999999999966664,0.07982456140350877,0.06947368421052631,0.03200692041522491,0.30853517877739334,0.1937869822485207,0.06622604097818903,0.10175006595725969,0.18122109158186864,0.5,0.0007408698038878229,0.004999999999999998,0.000654878847413228,0.001380811230543344,0.0,6.0682373586026936e-6,0.005355548943766736,0.03173658633343251
1916703924144834272,1,6,109,115,6,92,98,0,17,17,6.0,114.0,120.0,6.0,95.0,101.0,0.0,19.0,19.0,1.0,0.8440366972477065,1.0,0.8333333333333334,4,5,14,17.0,98.0,96.0,37,790,852,0.0022612317762570663,0.00011901219875037192,0.05504587155958252,0.052631578947322254,0.04168607359105729,0.03304879003837419,0.035982008995502246,0.24512743628185907,0.26666666666666666,0.029361598440545807,0.040728283123720385,0.07098214285714285,0.056818181818181816,0.0005851754394889277,0.004999999999999999,0.000654878847413228,2.6354537699835312e-5,0.0,8.379478491944076e-6,0.003669542794803134,0.07834969751066151
1916703923276612670,1,10,85,95,10,79,89,0,6,6,11.0,94.0,105.0,11.0,88.0,99.0,0.0,6.0,6.0,1.0,0.9294117647058824,1.0,0.9361702127659575,4,5,14,26.0,89.0,100.0,39,474,563,0.00186452444708916,0.0002181890310423485,0.11764705882339101,0.11702127659562019,0.07732784259894761,0.06717539599953752,0.046063202999464384,0.3995715050883771,0.3282828282828283,0.054267983789260385,0.088927195295072,0.16200828157349897,0.125,0.000633974838814048,0.004999999999999999,0.0006548788474132281,0.0011665442710451224,0.0,5.537143651366801e-6,0.003867896459387087,0.047009818506396905
1916703923041733782,1,13,74,87,3,74,77,10,0,10,13.0,77.0,90.0,3.0,77.0,80.0,10.0,0.0,10.0,0.23076923076923078,1.0,0.23076923076923078,1.0,4,5,14,37.0,79.0,97.0,78,268,476,0.0015273232172964397,0.00025785976395913915,0.17567567567543826,0.16883116883094956,0.04445964432284542,0.03294117647058824,0.010209290454313425,0.0709545686574783,0.27564102564102566,0.037626756804839,0.04317476732161324,0.07552910052910053,0.2159090909090909,0.0006991095767504646,0.0049999999999999975,0.0006548788474132281,0.0003915936424031541,0.0,4.681492678597864e-6,0.007735792918774174,0.026579391054249727
1904382736286613747,5,14,128,142,1,72,73,13,56,69,15.0,134.0,149.0,1.0,75.0,76.0,14.0,59.0,73.0,0.07142857142857142,0.5625,0.06666666666666667,0.5597014925373134,4,4,13,29.0,101.0,83.0,80,651,955,0.002657939105424973,0.0002975304968759298,0.10937499999991457,0.11194029850737916,0.02830778855176728,0.021056500735139677,0.01215323645970938,0.10673712021136063,0.24358974358974358,0.019185568221882714,0.028526526335841507,0.05094792534169402,0.2727272727272727,0.0007746048618254278,0.005,0.0006548788474132287,0.0,0.004741393951683381,9.392490563153277e-6,0.007934146583358127,0.06456411782207676
1902933184790659377,2,5,169,174,0,100,100,5,69,74,5.0,178.0,183.0,0.0,108.0,108.0,5.0,70.0,75.0,0.0,0.591715976331361,0.0,0.6067415730337079,3,4,11,13.0,104.0,76.0,36,530,776,0.003530695229594367,9.917683229197659e-5,0.029585798816550542,0.02808988764043366,0.015106732348111659,0.009446426212181266,0.0011527377521613833,0.09394812680115273,0.05,0.011085473515248797,0.01310843677943081,0.02549038188192931,0.0,0.0005709456001708362,0.005000000000000001,0.0006548788474132287,0.0,0.003714766698493799,7.63201327435282e-6,0.0035703659625111574,0.052563721114747594
2565740590717209290,3,25,15,40,16,14,30,9,1,10,37.0,17.0,54.0,28.0,16.0,44.0,9.0,1.0,10.0,0.64,0.9333333333333333,0.7567567567567568,0.9411764705882353,4,2,14,53.0,18.0,84.0,76,61,425,0.0003372012297927204,0.0007339085589606268,1.6666666666555556,2.1764705882224917,0.1106612685560054,0.08587257617728532,0.005149330587023687,0.2564366632337796,0.10191441441441441,0.06722689075630252,0.11134954697186457,0.20770770770770772,0.9204545454545454,0.0013053290804507884,0.004999999999999999,0.0006548788474132287,0.0,0.00040647866606746685,4.179904177319521e-6,0.007537439254190221,0.006049786769810573
5237356040096834240,3,13,53,66,8,50,58,5,3,8,13.0,54.0,67.0,8.0,51.0,59.0,5.0,3.0,8.0,0.6153846153846154,0.9433962264150944,0.6153846153846154,0.9444444444444444,4,3,14,43.0,58.0,50.0,78,142,439,0.0010711097887533471,0.00025785976395913915,0.24528301886746173,0.24074074074029492,0.04855769230769231,0.033203125,0.005767844268204758,0.06344628695025234,0.057692307692307696,0.03311965811965812,0.0344748333716387,0.06823027718550106,0.3522727272727273,0.0007078629846815283,0.005,0.0006548788474132286,3.5495915438166215e-5,0.0,4.317595138454752e-6,0.007735792918774174,0.014083110185460676
5512410017053180841,5,11,75,86,10,59,69,1,16,17,14.0,75.0,89.0,13.0,59.0,72.0,1.0,16.0,17.0,0.9090909090909091,0.7866666666666666,0.9285714285714286,0.7866666666666666,4,3,11,31.0,80.0,50.0,66,211,453,0.001487652484379649,0.00027769513041753447,0.1466666666664711,0.18666666666641776,0.04719887955182073,0.035572562358276646,0.004810261892036344,0.27792624265098875,0.15714285714285714,0.0075675675675675675,0.04344663404311599,0.08284824692026534,0.22727272727272727,0.0006541965100329223,0.004999999999999999,0.0006548788474132286,0.0016199982546351022,0.0,4.455286099589984e-6,0.006545670931270455,0.02092631161360706
5314959693612765610,5,11,56,67,6,42,48,5,14,19,12.0,56.0,68.0,7.0,42.0,49.0,5.0,14.0,19.0,0.5454545454545454,0.75,0.5833333333333334,0.75,4,3,11,31.0,69.0,51.0,57,219,538,0.0011107805216701379,0.00023802439750074384,0.19642857142822065,0.21428571428533164,0.05096153846153846,0.035400390625,0.0046801872074883,0.2059282371294852,0.1125,0.01525974025974026,0.04361892012494422,0.07866479925303455,0.4659090909090909,0.0006418505743475272,0.004999999999999998,0.0006548788474132285,0.0,0.00042591964129612414,5.291266935053888e-6,0.005653079440642666,0.021719726271942873
7367825719839431021,6,4,26,30,2,26,28,2,0,2,4.0,27.0,31.0,2.0,27.0,29.0,2.0,0.0,2.0,0.5,1.0,0.5,1.0,3,1,7,9.0,26.0,21.0,35,58,208,0.0005355548943766736,7.934146583358127e-5,0.15384615384556213,0.14814814814759947,0.07816091954022988,0.04518430439952437,0.0,0.27751196172248804,0.08333333333333333,0.023703703703703703,0.05133928571428571,0.09907834101382489,0.3522727272727273,0.0006241708189382392,0.005,0.000654878847413229,0.0011355044941979697,0.0,2.0456942797234363e-6,0.003471189130219181,0.005752256272934643
2193051420489150085,4,3,3,6,3,3,6,0,0,0,3.0,4.0,7.0,3.0,4.0,7.0,0.0,0.0,0.0,1.0,1.0,1.0,1.0,3,2,4,5.0,4.0,15.0,25,9,31,7.934146583358127e-5,5.950609937518596e-5,0.9999999999666667,0.74999999998125,0.65,0.4375,0.4375,0.75,0.8333333333333334,0.375,0.5833333333333334,0.8571428571428571,0.9886363636363636,0.002370960758037397,0.004999999999999999,0.0006548788474132294,4.819373688447204e-5,0.0,3.0488712822801215e-7,0.002479420807299415,0.0008925914906277894
2145222257508572858,4,16,3,19,11,3,14,5,0,5,21.0,3.0,24.0,15.0,3.0,18.0,6.0,0.0,6.0,0.6875,1.0,0.7142857142857143,1.0,4,2,11,45.0,3.0,40.0,65,10,301,5.950609937518596e-5,0.0004165426956263017,5.333333333155555,6.999999999766667,0.16013071895424835,0.10380622837370242,0.10476190476190476,0.2,0.10634920634920635,0.5,0.12323943661971831,0.1796875,1.0,0.00353771269473174,0.005,0.0006548788474132289,0.0,0.0005799649032565135,2.9603556644074726e-6,0.006446494098978479,0.0009917683229197659
2166999090283578271,4,6,7,13,4,6,10,2,1,3,7.0,8.0,15.0,5.0,7.0,12.0,2.0,1.0,3.0,0.6666666666666666,0.8571428571428571,0.7142857142857143,0.875,3,2,6,17.0,9.0,29.0,33,35,138,0.00015868293166716255,0.00013884756520876723,0.8571428571306122,0.8749999999890625,0.17424242424242425,0.08264462809917356,0.0989010989010989,0.18681318681318682,0.04285714285714286,0.22916666666666666,0.14655172413793102,0.2,0.9545454545454546,0.0034580550397289573,0.005,0.0006548788474132292,0.0,0.0002160192538415151,1.3572394740472798e-6,0.0032728354656352274,0.003471189130219181
9473079814715521220,3,1,29,30,1,29,30,0,0,0,1.0,29.0,30.0,1.0,29.0,30.0,0.0,0.0,0.0,1.0,1.0,1.0,1.0,1,3,14,1.0,31.0,49.0,16,215,252,0.0005752256272934642,1.983536645839532e-5,0.03448275862057075,0.03448275862057075,0.11827956989247312,0.08888888888888889,0.034482758620689655,0.7241379310344828,0.0,0.07019704433497537,0.09080459770114943,0.17701149425287357,0.0,0.0005583003209795163,0.004999999999999999,0.0006548788474132287,0.00024761317514132575,0.0,2.4784373004341633e-6,0.0015868293166716254,0.02132301894277497
1916703922605526935,1,12,63,75,12,55,67,0,8,8,15.0,66.0,81.0,15.0,58.0,73.0,0.0,8.0,8.0,1.0,0.873015873015873,1.0,0.8787878787878788,4,5,14,34.0,75.0,102.0,39,430,537,0.0013091341862540911,0.0002975304968759298,0.19047619047588812,0.2272727272723829,0.08329979879275654,0.06918367346938775,0.053395240858966915,0.3476494486360998,0.4727272727272727,0.044965786901270774,0.10158862876254181,0.16514582215065307,0.7159090909090909,0.0006595253365014597,0.004999999999999999,0.000654878847413228,0.0005972060848277172,0.0,5.281431866401372e-6,0.003867896459387087,0.04264603788554994
1916703921842161332,1,7,83,90,5,78,83,2,5,7,8.0,89.0,97.0,6.0,84.0,90.0,2.0,5.0,7.0,0.7142857142857143,0.9397590361445783,0.75,0.9438202247191011,4,5,14,21.0,86.0,104.0,49,520,572,0.0017653476147971834,0.00015868293166716255,0.08433734939748874,0.0898876404493372,0.058276333789329685,0.046505190311418684,0.06666666666666667,0.23921568627450981,0.3020833333333333,0.058303644834201154,0.07365734833545992,0.12199312714776632,0.5,0.0006264934407530439,0.004999999999999998,0.0006548788474132281,0.0009065602957217811,0.0,5.62565926923945e-6,0.0048596647823068535,0.05157195279182783
5015364137811829106,2,4,50,54,4,47,51,0,3,3,10.0,56.0,66.0,10.0,52.0,62.0,0.0,4.0,4.0,1.0,0.94,1.0,0.9285714285714286,3,4,11,15.0,65.0,77.0,21,332,447,0.0011107805216701379,0.00019835366458395318,0.07999999999983999,0.1785714285711097,0.09014675052410902,0.07262370950516198,0.030513176144244106,0.7059639389736477,0.23333333333333334,0.05138483965014577,0.11831187410586552,0.22173659673659674,0.06818181818181818,0.000587057388898673,0.005,0.0006548788474132302,0.0009986210860848388,0.0,4.396275687674885e-6,0.0020827134781315083,0.03292670832093623
1916703922643272195,1,23,89,112,19,84,103,4,5,9,30.0,92.0,122.0,26.0,87.0,113.0,4.0,5.0,9.0,0.8260869565217391,0.9438202247191011,0.8666666666666667,0.9456521739130435,4,5,14,39.0,90.0,104.0,57,427,647,0.0018248537141723694,0.0005950609937518596,0.2584269662918445,0.3260869565213847,0.06549865229110512,0.05596371882086168,0.02727082022236207,0.28214810153136144,0.31666666666666665,0.026185770750988144,0.08566886045995711,0.14281210592686003,0.7045454545454546,0.0009196280609551017,0.004999999999999998,0.000654878847413228,0.001160080876045022,0.0,6.363289418178189e-6,0.005653079440642666,0.042348507388674
1878305906848960454,3,4,30,34,1,30,31,3,0,3,4.0,30.0,34.0,1.0,30.0,31.0,3.0,0.0,3.0,0.25,1.0,0.25,1.0,3,3,14,5.0,33.0,46.0,42,182,430,0.0005950609937518596,7.934146583358127e-5,0.1333333333328889,0.1333333333328889,0.07815126050420168,0.05103806228373702,0.008333333333333333,0.09166666666666666,0.3333333333333333,0.047126436781609195,0.05080213903743316,0.0944741532976827,0.0,0.0006532014884234877,0.005,0.0006548788474132293,0.0,3.439654408043946e-5,4.229079520582104e-6,0.0041654269562630165,0.018050183477139742
3969178591202755167,5,9,91,100,2,86,88,7,5,12,9.0,94.0,103.0,2.0,89.0,91.0,7.0,5.0,12.0,0.2222222222222222,0.945054945054945,0.2222222222222222,0.9468085106382979,4,4,11,24.0,94.0,54.0,57,365,668,0.00186452444708916,0.00017851829812555786,0.09890109890099022,0.09574468085096197,0.027623762376237624,0.0179,0.0018018018018018018,0.06246246246246246,0.2777777777777778,0.016843971631205674,0.02118270079435128,0.04060017652250662,0.0,0.0006203266241095603,0.004999999999999999,0.0006548788474132284,0.0009502229964593045,0.0,6.5698258598810355e-6,0.005653079440642666,0.036199543786571454
7266316155456485195,3,1,36,37,1,34,35,0,2,2,1.0,37.0,38.0,1.0,34.0,35.0,0.0,3.0,3.0,1.0,0.9444444444444444,1.0,0.918918918918919,1,3,14,1.0,40.0,57.0,20,365,394,0.0007339085589606268,1.983536645839532e-5,0.027777777777700616,0.02702702702695398,0.08633633633633633,0.06018518518518518,0.028169014084507043,0.36619718309859156,0.0,0.06602316602316602,0.07284040995607613,0.1368421052631579,0.23863636363636365,0.000571550135269725,0.004999999999999999,0.0006548788474132291,8.653258720681123e-6,0.0,3.875017049091509e-6,0.0019835366458395317,0.036199543786571454
3749197198391181231,3,2,39,41,2,37,39,0,2,2,2.0,39.0,41.0,2.0,37.0,39.0,0.0,2.0,2.0,1.0,0.9487179487179487,1.0,0.9487179487179487,2,3,14,3.0,46.0,55.0,25,269,329,0.0007735792918774175,3.967073291679064e-5,0.05128205128191979,0.05128205128191979,0.056910569105691054,0.03390838786436645,0.01282051282051282,0.07692307692307693,0.0,0.03171390013495277,0.032926829268292684,0.06341463414634146,0.0,0.0005744344779807781,0.005,0.0006548788474132287,0.00012513867629537767,0.0,3.2357375866779355e-6,0.002479420807299415,0.026678567886541705
6720859994332495317,3,18,62,80,7,60,67,11,2,13,18.0,63.0,81.0,7.0,61.0,68.0,11.0,2.0,13.0,0.3888888888888889,0.967741935483871,0.3888888888888889,0.9682539682539683,4,3,14,47.0,66.0,92.0,69,410,602,0.0012496280868789051,0.00035703659625111573,0.290322580644693,0.2857142857138322,0.06669912366114898,0.05440499671268902,0.010240427426536063,0.13045414069456812,0.13071895424836602,0.04852979443143378,0.0601250977326036,0.1122334455667789,0.29545454545454547,0.0008412657027693697,0.005,0.0006548788474132285,0.0,0.00047643345506809265,5.920711328814945e-6,0.006843201428146385,0.0406625012397104
1879393072714875959,3,0,57,57,0,35,35,0,22,22,0.0,58.0,58.0,0.0,36.0,36.0,0.0,22.0,22.0,0.0,0.6140350877192983,0.0,0.6206896551724138,0,3,13,0.0,68.0,45.0,1,348,388,0.0011504512545869284,0.0,0.0,0.0,0.0411373260738052,0.024315173899661435,0.0,0.0,0.0,0.025092364532019705,0.025092364532019705,0.04956896551724138,0.0,0.0005363071481958003,0.005,0.0,0.0,0.001991765055427197,3.81600663717641e-6,9.917683229197659e-5,0.03451353763760785
3405086085938091791,3,10,37,47,7,37,44,3,0,3,19.0,37.0,56.0,13.0,37.0,50.0,6.0,0.0,6.0,0.7,1.0,0.6842105263157895,1.0,4,3,14,51.0,41.0,84.0,67,155,372,0.0007339085589606268,0.00037687196270951104,0.2702702702695398,0.5135135135121256,0.10869565217391304,0.0888468809073724,0.011204481792717087,0.36881419234360413,0.16374269005847952,0.04354354354354354,0.11247086247086246,0.20992063492063492,0.23863636363636365,0.0007407202916541568,0.005,0.0006548788474132285,5.32779160169472e-5,0.0,3.6586455387361456e-6,0.006644847763562432,0.015372409005256372
1879393071993457920,3,0,109,109,0,85,85,0,24,24,0.0,115.0,115.0,0.0,90.0,90.0,0.0,25.0,25.0,0.0,0.7798165137614679,0.0,0.782608695652174,0,3,14,0.0,99.0,62.0,1,459,493,0.0022810671427154617,0.0,0.0,0.0,0.023936613844870724,0.014981903880144769,0.0,0.0,0.0,0.0178341384863124,0.0178341384863124,0.03470209339774557,0.0,0.0005363071481958003,0.005,0.0,0.0,0.0013714739405441545,4.848688845690644e-6,9.917683229197659e-5,0.04552216602201726
8566397647292004077,5,10,64,74,9,56,65,1,8,9,10.0,66.0,76.0,9.0,58.0,67.0,1.0,8.0,9.0,0.9,0.875,0.9,0.8787878787878788,4,4,11,26.0,73.0,53.0,70,278,550,0.0013091341862540911,0.00019835366458395318,0.15624999999975586,0.15151515151492195,0.058409436834094365,0.044945987654320986,0.016216216216216217,0.29266409266409266,0.24444444444444444,0.022967772967772967,0.057279451560526794,0.10452186805040771,0.2840909090909091,0.0006354343064636899,0.004999999999999999,0.0006548788474132287,0.0007511709611144335,0.0,5.409287758884086e-6,0.006942378260438362,0.027571159377169495
1878305908874808640,2,5,158,163,3,153,156,2,5,7,5.0,173.0,178.0,3.0,167.0,170.0,2.0,6.0,8.0,0.6,0.9683544303797469,0.6,0.9653179190751445,4,4,11,13.0,103.0,82.0,46,500,637,0.0034315183973023904,9.917683229197659e-5,0.03164556962023314,0.02890173410402954,0.026416685836975692,0.02029242698969947,0.01639344262295082,0.22829386763812992,0.15,0.0293251353042966,0.03472318579159151,0.06246488764044944,0.011363636363636364,0.0005665467611369105,0.005000000000000001,0.0006548788474132291,0.0037422007811849234,0.0,6.264938731653023e-6,0.0045621342854309235,0.049588416145988294
1904382733551929932,2,8,84,92,8,82,90,0,2,2,21.0,88.0,109.0,21.0,85.0,106.0,0.0,3.0,3.0,1.0,0.9761904761904762,1.0,0.9659090909090909,4,4,11,38.0,84.0,81.0,31,294,365,0.001745512248338788,0.0004165426956263017,0.09523809523798185,0.23863636363609245,0.05512016718913271,0.04359889021006738,0.02819779321618308,0.4086636697997548,0.41836734693877553,0.037376779846659366,0.08779551424530208,0.15212289310859825,0.5795454545454546,0.000671756601903776,0.005,0.0006548788474132301,0.002365222829672997,0.0,3.58980005816853e-6,0.0030744818010512744,0.02915798869384112
9813835955562699662,7,11,69,79,8,57,64,3,12,15,17.0,85.0,99.0,14.0,66.0,77.0,3.0,19.0,22.0,0.7272727272727273,0.8260869565217391,0.8235294117647058,0.7764705882352941,4,4,12,22.0,69.0,75.0,48,429,551,0.0016265000495884162,0.00027769513041753447,0.1594202898548414,0.1999999999997647,0.07405405405405406,0.0606281957633309,0.06253553155201819,0.35076748152359294,0.23809523809523808,0.06252275209319258,0.0998780322536929,0.15996004566210045,0.5227272727272727,0.0007534635230726577,0.004999999999999998,0.0006548788474132284,0.0012118585637636015,0.0,5.419122827536603e-6,0.0047604879500148765,0.04254686105325796
2150433372187452130,4,7,67,74,6,41,47,1,26,27,7.0,73.0,80.0,6.0,44.0,50.0,1.0,29.0,30.0,0.8571428571428571,0.6119402985074627,0.8571428571428571,0.6027397260273972,3,4,16,13.0,62.0,108.0,38,357,527,0.0014479817514628582,0.00013884756520876723,0.10447761194014257,0.09589041095877275,0.060882800608828,0.047453703703703706,0.02564102564102564,0.21743589743589745,0.23809523809523808,0.04514321295143213,0.05929734361610968,0.10404929577464789,0.25,0.0006886616994134826,0.004999999999999999,0.0006548788474132288,0.0,0.0037059756014338197,5.1830811798762065e-6,0.0037687196270951104,0.035406129128235646
9472933996962382959,2,8,17,25,8,16,24,0,1,1,9.0,17.0,26.0,9.0,16.0,25.0,0.0,1.0,1.0,1.0,0.9411764705882353,1.0,0.9411764705882353,4,3,10,15.0,18.0,34.0,40,311,487,0.0003372012297927204,0.00017851829812555786,0.4705882352913495,0.5294117647027682,0.1503623188405797,0.10964083175803403,0.0456140350877193,0.34385964912280703,0.3412698412698413,0.07352941176470588,0.15645161290322582,0.2534965034965035,0.8181818181818182,0.0005997324696899326,0.005000000000000001,0.0006548788474132298,0.0005279406921792074,0.0,4.789678433775545e-6,0.0039670732916790635,0.03084399484280472
1879393070294762567,2,0,95,95,0,94,94,0,1,1,0.0,103.0,103.0,0.0,102.0,102.0,0.0,1.0,1.0,0.0,0.9894736842105263,0.0,0.9902912621359223,0,4,11,0.0,97.0,65.0,1,421,455,0.0020430427452147177,0.0,0.0,0.0,0.051096491228070175,0.04110803324099723,0.0,0.0,0.0,0.0579942160710597,0.0579942160710597,0.11165048543689321,0.0,0.0005363071481958003,0.005,0.0,0.0024184732835871303,0.0,4.474956236895017e-6,9.917683229197659e-5,0.04175344639492214
4629132298893459923,1,16,87,103,9,81,90,7,6,13,18.0,89.0,107.0,11.0,83.0,94.0,7.0,6.0,13.0,0.5625,0.9310344827586207,0.6111111111111112,0.9325842696629213,4,5,14,40.0,87.0,104.0,60,485,802,0.0017653476147971834,0.00035703659625111573,0.1839080459768001,0.20224719101100871,0.05375552282768778,0.043362737804229994,0.03393817204301075,0.22849462365591397,0.3333333333333333,0.03436111836948001,0.06821100917431193,0.1091316199376947,0.5568181818181818,0.000738399566015588,0.0049999999999999975,0.0006548788474132283,0.0005882600909208335,0.0,7.88772505931825e-6,0.005950609937518596,0.04810076366160865
1916703924459406665,1,16,90,105,13,90,102,3,0,3,21.0,93.0,113.0,18.0,93.0,110.0,3.0,0.0,3.0,0.8125,1.0,0.8571428571428571,1.0,4,5,14,35.0,94.0,101.0,62,265,551,0.0018248537141723694,0.00039670732916790636,0.17777777777758025,0.2258064516126604,0.06891089108910892,0.0591,0.022878932316491896,0.3479504289799809,0.2785714285714286,0.03223814229249012,0.08005727675084613,0.14366883116883117,0.4772727272727273,0.0007060703955926597,0.004999999999999998,0.0006548788474132283,0.0017623761406100336,0.0,5.419122827536603e-6,0.006148963602102549,0.026281860557373797
1916703921301098260,1,7,81,88,7,79,86,0,2,2,12.0,84.0,96.0,12.0,82.0,94.0,0.0,2.0,2.0,1.0,0.9753086419753086,1.0,0.9761904761904762,4,4,14,27.0,84.0,67.0,38,203,323,0.0016661707825052067,0.00023802439750074384,0.08641975308631306,0.1428571428569728,0.05732890704800817,0.046616735537190084,0.007692307692307693,0.37564102564102564,0.2638888888888889,0.022767857142857142,0.05639367816091954,0.11003352490421456,0.0,0.0006406461954940465,0.0049999999999999975,0.0006548788474132279,0.001555004355481282,0.0,3.1767271747628363e-6,0.0037687196270951104,0.02013289695527125
1916703924157418377,1,23,47,69,20,45,64,3,2,5,48.0,47.0,94.0,45.0,45.0,89.0,3.0,2.0,5.0,0.8695652173913043,0.9574468085106383,0.9375,0.9574468085106383,4,5,14,43.0,60.0,104.0,54,220,455,0.0009124268570861847,0.00093226222354458,0.48936170212661834,1.0212765957425078,0.12524801587301587,0.10985134794658605,0.03133903133903134,0.36657169990503324,0.315096251266464,0.04106280193236715,0.1648166023166023,0.284772806104752,0.8068181818181818,0.0009264925367385608,0.004999999999999996,0.0006548788474132279,0.0011778020987412985,0.0,4.474956236895017e-6,0.005355548943766736,0.02181890310423485
1916703924773981248,1,15,60,75,9,60,69,6,0,6,17.0,61.0,78.0,11.0,61.0,72.0,6.0,0.0,6.0,0.6,1.0,0.6470588235294118,1.0,4,5,14,37.0,72.0,99.0,76,231,555,0.0012099573539621144,0.0003372012297927204,0.24999999999958333,0.27868852458970705,0.06807511737089202,0.05415592144415791,0.04155844155844156,0.19792207792207792,0.17016806722689076,0.04890247290914143,0.07757723012842763,0.1261904761904762,0.5454545454545454,0.0007710710217432274,0.004999999999999997,0.0006548788474132285,0.0008150605573985503,0.0,5.458463102146669e-6,0.007537439254190221,0.022909848259446593
7512744886319227793,1,5,97,102,0,92,92,5,5,10,5.0,102.0,107.0,0.0,97.0,97.0,5.0,5.0,10.0,0.0,0.9484536082474226,0.0,0.9509803921568627,4,5,14,11.0,96.0,84.0,53,430,723,0.0020232073787563227,9.917683229197659e-5,0.05154639175252418,0.049019607843089195,0.04092899295640586,0.031526336024605923,0.0,0.027135678391959798,0.3,0.04442401960784314,0.04205607476635514,0.08179883408901638,0.0,0.0005982997801698443,0.004999999999999998,0.0006548788474132288,0.0008820921089713885,0.0,7.110754635769444e-6,0.00525637211147476,0.04264603788554994
1916703921699553659,1,2,51,53,2,45,47,0,6,6,2.0,55.0,57.0,2.0,49.0,51.0,0.0,6.0,6.0,1.0,0.8823529411764706,1.0,0.8909090909090909,2,5,13,3.0,64.0,55.0,19,491,568,0.0010909451552117426,3.967073291679064e-5,0.03921568627443291,0.03636363636357025,0.07329462989840348,0.055103550295857985,0.04807692307692308,0.34134615384615385,0.5,0.06,0.06976351351351351,0.1286549707602339,0.07954545454545454,0.000549756249952607,0.004999999999999997,0.0006548788474132285,0.0002956791701499428,0.0,5.586318994629384e-6,0.0018843598135475552,0.04869582465536051
4773309988788637902,1,15,65,80,13,63,76,2,2,4,19.0,68.0,87.0,17.0,66.0,83.0,2.0,2.0,4.0,0.8666666666666667,0.9692307692307692,0.8947368421052632,0.9705882352941176,4,5,14,38.0,75.0,103.0,71,300,664,0.0013488049191708817,0.00037687196270951104,0.23076923076887573,0.27941176470547147,0.08684684684684685,0.07341124908692476,0.05180884323358642,0.31889236266190263,0.3609022556390977,0.05434283088235294,0.10901268776432842,0.17839710281845378,0.7840909090909091,0.000700069645168534,0.004999999999999997,0.0006548788474132281,0.0011503801259581392,0.0,6.530485585270969e-6,0.007041555092730338,0.02975304968759298
5590914151766636868,5,20,51,71,7,51,58,13,0,13,27.0,51.0,78.0,7.0,51.0,58.0,20.0,0.0,20.0,0.35,1.0,0.25925925925925924,1.0,4,4,11,44.0,64.0,75.0,73,220,672,0.0010116036893781614,0.0005355548943766736,0.3921568627443291,0.5294117647048443,0.06687370600414079,0.052930056710775046,0.0071040534893439195,0.1374843292937735,0.20857699805068225,0.027450980392156862,0.06414956011730205,0.11349924585218703,0.36363636363636365,0.0007618671711239548,0.004999999999999998,0.0006548788474132294,0.0,0.00043665073030407786,6.609166134491102e-6,0.007239908757314292,0.02181890310423485
2898036231190367107,3,11,53,64,8,52,60,3,1,4,11.0,60.0,71.0,8.0,57.0,65.0,3.0,3.0,6.0,0.7272727272727273,0.9811320754716981,0.7272727272727273,0.95,4,3,14,31.0,59.0,87.0,52,412,548,0.0011901219875037191,0.0002181890310423485,0.20754716981092916,0.18333333333302776,0.0817028027498678,0.06584251545283526,0.021035598705501618,0.20388349514563106,0.1,0.06826923076923076,0.0812807881773399,0.1544600938967136,0.4431818181818182,0.000714261535105346,0.004999999999999999,0.0006548788474132287,0.0,1.057370613744002e-5,5.389617621579053e-6,0.005157195279182783,0.04086085490429436
3978792445691766996,5,19,40,59,5,36,41,14,4,18,21.0,41.0,62.0,5.0,37.0,42.0,16.0,4.0,20.0,0.2631578947368421,0.9,0.23809523809523808,0.9024390243902439,4,4,12,23.0,54.0,67.0,73,275,682,0.0008132500247942081,0.0004165426956263017,0.4749999999988125,0.5121951219499702,0.07922077922077922,0.06115702479338843,0.011180124223602485,0.11366459627329192,0.25793650793650796,0.05472170106316448,0.07959297463061053,0.12843488649940263,0.75,0.0008348004486251683,0.004999999999999998,0.0006548788474132288,0.0,0.0007072036051510855,6.707516821016267e-6,0.007239908757314292,0.027273628880293565
1904020555497586878,5,0,75,75,0,68,68,0,7,7,0.0,78.0,78.0,0.0,71.0,71.0,0.0,7.0,7.0,0.0,0.9066666666666666,0.0,0.9102564102564102,0,4,11,0.0,78.0,39.0,1,385,419,0.001547158583754835,0.0,0.0,0.0,0.0356140350877193,0.022755555555555557,0.0,0.0,0.0,0.028153153153153154,0.028153153153153154,0.05492030492030492,0.0,0.0005363071481958003,0.004999999999999999,0.0,0.001147235661952184,0.0,4.120893765404422e-6,9.917683229197659e-5,0.03818308043241099
6309357381393519603,5,27,61,88,12,49,61,15,12,27,36.0,61.0,97.0,21.0,49.0,70.0,15.0,12.0,27.0,0.4444444444444444,0.8032786885245902,0.5833333333333334,0.8032786885245902,4,4,13,46.0,71.0,69.0,84,239,944,0.0012099573539621144,0.0007140731925022315,0.4426229508189465,0.590163934425262,0.06060191518467852,0.04913494809688582,0.007561929595827901,0.1867014341590613,0.12232905982905982,0.025683060109289616,0.06891234728976396,0.12371134020618557,0.4318181818181818,0.0008910288588938849,0.004999999999999999,0.000654878847413228,0.0,0.0007428316697274395,9.284304807975595e-6,0.008330853912526033,0.023703262917782405
2170930596707731090,7,7,35,42,7,30,37,0,5,5,9.0,36.0,45.0,9.0,31.0,40.0,0.0,5.0,5.0,1.0,0.8571428571428571,1.0,0.8611111111111112,4,4,12,18.0,37.0,65.0,21,208,274,0.0007140731925022315,0.00017851829812555786,0.19999999999942855,0.24999999999930556,0.1717948717948718,0.14858645627876396,0.07130124777183601,0.6078431372549019,0.5,0.10743464052287582,0.18977705274605763,0.32923976608187133,0.6818181818181818,0.0006596206319185647,0.004999999999999998,0.0006548788474132284,0.0011862213272105793,0.0,2.6948088107895266e-6,0.0020827134781315083,0.02062878111673113
1916703921733110960,7,8,40,48,5,32,37,3,8,11,11.0,46.0,57.0,8.0,34.0,42.0,3.0,12.0,15.0,0.625,0.8,0.7272727272727273,0.7391304347826086,4,4,12,18.0,43.0,72.0,28,302,413,0.0009124268570861847,0.0002181890310423485,0.1999999999995,0.23913043478208884,0.14534883720930233,0.12276906435911303,0.08196721311475409,0.44136191677175285,0.34415584415584416,0.14297658862876253,0.18412162162162163,0.29365079365079366,0.8636363636363636,0.0006990865517359964,0.004999999999999998,0.0006548788474132284,0.00034839561831845334,0.0,4.061883353489323e-6,0.002776951304175345,0.02995140335217693
1335396187246860936,4,0,20,20,0,19,19,0,1,1,0.0,20.0,20.0,0.0,19.0,19.0,0.0,1.0,1.0,0.0,0.95,0.0,0.95,0,1,7,0.0,21.0,18.0,1,107,125,0.00039670732916790636,0.0,0.0,0.0,0.05714285714285714,0.01,0.0,0.0,0.0,0.010526315789473684,0.010526315789473684,0.021052631578947368,0.0,0.0005363071481958003,0.004999999999999999,0.0,4.1170670003976007e-5,0.0,1.2293835815645651e-6,9.917683229197659e-5,0.010611921055241495
5076814480112746347,7,4,53,57,4,47,51,0,6,6,4.0,58.0,62.0,4.0,49.0,53.0,0.0,9.0,9.0,1.0,0.8867924528301887,1.0,0.8448275862068966,4,4,12,9.0,60.0,68.0,21,338,398,0.0011504512545869284,7.934146583358127e-5,0.07547169811306514,0.0689655172412604,0.0788961038961039,0.06148760330578512,0.0639269406392694,0.5114155251141552,0.6666666666666666,0.0606763925729443,0.0914598961338719,0.1484468339307049,0.3409090909090909,0.000610389485334972,0.004999999999999999,0.0006548788474132285,0.001393071079155761,0.0,3.914357323701575e-6,0.0020827134781315083,0.03352176931468809
2565740591207941962,2,14,76,90,13,72,85,1,4,5,30.0,80.0,110.0,29.0,76.0,105.0,1.0,4.0,5.0,0.9285714285714286,0.9473684210526315,0.9666666666666667,0.95,4,4,11,43.0,79.0,82.0,41,326,588,0.0015868293166716254,0.0005950609937518596,0.18421052631554707,0.37499999999953126,0.04911080711354309,0.0372318339100346,0.018316100443131464,0.24224519940915806,0.3038461538461538,0.01525,0.06659846547314578,0.11807359307359307,0.6590909090909091,0.000825148806063587,0.005,0.0006548788474132299,0.0021553788810959595,0.0,5.7830203676797145e-6,0.0040662501239710405,0.03233164732718437
2862279854695400489,4,11,2,13,6,2,8,5,0,5,13.0,2.0,15.0,7.0,2.0,9.0,6.0,0.0,6.0,0.5454545454545454,1.0,0.5384615384615384,1.0,3,0,9,31.0,2.0,31.0,43,3,425,3.967073291679064e-5,0.00025785976395913915,5.499999999725,6.499999999675,0.13736263736263737,0.07100591715976332,0.0,0.1875,0.06923076923076923,0.0,0.075,0.13333333333333333,0.0,0.0007886084168635896,0.0049999999999999975,0.0006548788474132292,0.0,0.0005049623904244127,4.179904177319521e-6,0.0042646037885549935,0.0002975304968759298
1896425303245324845,4,4,16,20,3,16,19,1,0,1,4.0,16.0,20.0,3.0,16.0,19.0,1.0,0.0,1.0,0.75,1.0,0.75,1.0,1,0,8,9.0,16.0,25.0,11,19,170,0.0003173658633343251,7.934146583358127e-5,0.24999999999843753,0.24999999999843753,0.09047619047619047,0.045,0.0,0.28125,0.0,0.0,0.04736842105263158,0.09473684210526316,0.0,0.0005840834180250837,0.004999999999999999,0.0006548788474132286,3.289935853612036e-5,0.0,1.6719616709278085e-6,0.0010909451552117426,0.0018843598135475552
1879393073557932416,4,0,25,25,0,25,25,0,0,0,0.0,25.0,25.0,0.0,25.0,25.0,0.0,0.0,0.0,0.0,1.0,0.0,1.0,0,0,8,0.0,25.0,23.0,1,31,45,0.0004958841614598829,0.0,0.0,0.0,0.055384615384615386,0.0176,0.0,0.0,0.0,0.018333333333333333,0.018333333333333333,0.03666666666666667,0.0,0.0005363071481958003,0.005,0.0,0.00017570435050739963,0.0,4.4257808936324345e-7,9.917683229197659e-5,0.0030744818010512744
1879393071024571753,2,0,44,44,0,19,19,0,25,25,0.0,44.0,44.0,0.0,19.0,19.0,0.0,25.0,25.0,0.0,0.4318181818181818,0.0,0.4318181818181818,0,3,9,0.0,54.0,28.0,1,242,287,0.000872756124169394,0.0,0.0,0.0,0.028282828282828285,0.006198347107438017,0.0,0.0,0.0,0.006342494714587738,0.006342494714587738,0.011627906976744186,0.0,0.0005363071481958003,0.005,0.0,0.0,0.0017700356463624667,2.8226647032722415e-6,9.917683229197659e-5,0.024000793414658335
2150956220499996811,3,4,24,28,1,24,25,3,0,3,4.0,24.0,28.0,1.0,24.0,25.0,3.0,0.0,3.0,0.25,1.0,0.25,1.0,3,3,14,5.0,25.0,49.0,42,157,387,0.0004760487950014877,7.934146583358127e-5,0.16666666666597224,0.16666666666597224,0.11822660098522167,0.08673469387755102,0.020833333333333332,0.10416666666666667,0.3333333333333333,0.09057971014492754,0.0873015873015873,0.16666666666666666,0.0,0.0006532014884234877,0.005,0.0006548788474132293,0.0,8.512620558709383e-5,3.8061715685238935e-6,0.0041654269562630165,0.015570762669840326
1878305908543455715,3,14,42,56,7,40,47,7,2,9,16.0,44.0,60.0,8.0,41.0,49.0,8.0,3.0,11.0,0.5,0.9523809523809523,0.5,0.9318181818181818,4,3,14,50.0,46.0,60.0,54,163,366,0.000872756124169394,0.0003173658633343251,0.33333333333253967,0.3636363636355372,0.056818181818181816,0.03933884297520661,0.004665629860031105,0.03188180404354588,0.09134615384615384,0.05044345898004435,0.04047907822922984,0.0787037037037037,0.14772727272727273,0.0009683037070722423,0.005,0.000654878847413229,0.0,0.0007962044916093314,3.5996351268210464e-6,0.005355548943766736,0.016165823663592184
1916703922756521105,1,5,44,49,0,42,42,5,2,7,5.0,46.0,51.0,0.0,44.0,44.0,5.0,2.0,7.0,0.0,0.9545454545454546,0.0,0.9565217391304348,2,5,14,7.0,57.0,66.0,17,287,458,0.0009124268570861847,9.917683229197659e-5,0.11363636363610537,0.10869565217367674,0.06653061224489797,0.04748021657642649,0.0,0.0,0.25,0.06420626895854398,0.05392156862745098,0.10089869281045752,0.0,0.0006064478484966807,0.004999999999999996,0.0006548788474132286,0.0,8.082133749975906e-5,4.504461442852566e-6,0.0016860061489636022,0.02846375086779728
5365921320522173802,1,0,81,81,0,77,77,0,4,4,0.0,89.0,89.0,0.0,85.0,85.0,0.0,4.0,4.0,0.0,0.9506172839506173,0.0,0.9550561797752809,0,5,14,0.0,85.0,83.0,1,399,430,0.0017653476147971834,0.0,0.0,0.0,0.051791629027401385,0.04008535284255449,0.0,0.0,0.0,0.05372191011235955,0.05372191011235955,0.10224719101123596,0.0,0.0005363071481958003,0.004999999999999998,0.0,0.0011031166143645743,0.0,4.229079520582104e-6,9.917683229197659e-5,0.03957155608449866
1916703921233989618,1,9,97,106,7,91,98,2,6,8,10.0,105.0,115.0,8.0,99.0,107.0,2.0,6.0,8.0,0.7777777777777778,0.9381443298969072,0.8,0.9428571428571428,4,5,14,20.0,95.0,100.0,49,255,436,0.0020827134781315083,0.00019835366458395318,0.09278350515454352,0.09523809523800453,0.06117216117216117,0.051960059171597635,0.032460732984293195,0.2942408376963351,0.31875,0.052628968253968254,0.07191383595691798,0.12773322076825666,0.09090909090909091,0.0006323107470586113,0.004999999999999999,0.0006548788474132283,0.001031234230515543,0.0,4.288089932497203e-6,0.0048596647823068535,0.025290092234454033
1916703921082991091,1,14,54,68,11,52,63,3,2,5,16.0,54.0,70.0,13.0,52.0,65.0,3.0,2.0,5.0,0.7857142857142857,0.9629629629629629,0.8125,0.9629629629629629,4,5,14,41.0,64.0,98.0,59,261,608,0.0010711097887533471,0.0003173658633343251,0.25925925925877913,0.2962962962957476,0.10096153846153846,0.0859375,0.03910614525139665,0.36250775915580385,0.3269230769230769,0.04716981132075472,0.11247596667378765,0.19229024943310657,0.6477272727272727,0.00065911842518767,0.004999999999999996,0.0006548788474132281,0.0007333787894041599,0.0,5.979721740730044e-6,0.005851433105226619,0.025885153228205893
3892073680592447814,1,8,54,62,8,54,62,0,0,0,9.0,56.0,65.0,9.0,56.0,65.0,0.0,0.0,0.0,1.0,1.0,1.0,1.0,4,5,14,22.0,66.0,84.0,35,257,296,0.0011107805216701379,0.00017851829812555786,0.1481481481478738,0.1607142857139987,0.10367231638418078,0.08761850043091066,0.05070118662351672,0.47357065803667747,0.5158730158730159,0.05761455525606469,0.11280949974734715,0.19389920424403184,0.4659090909090909,0.0006022923343566357,0.004999999999999996,0.0006548788474132281,0.0010673233450865238,0.0,2.91118032114489e-6,0.003471189130219181,0.025488445899037985
4320550255085467179,3,7,31,38,4,31,35,3,0,3,14.0,31.0,45.0,8.0,31.0,39.0,6.0,0.0,6.0,0.5714285714285714,1.0,0.5714285714285714,1.0,4,3,12,37.0,33.0,64.0,50,135,338,0.0006148963602102549,0.00027769513041753447,0.22580645161217483,0.45161290322434966,0.04267425320056899,0.016070124178232285,0.0,0.08333333333333333,0.023809523809523808,0.008602150537634409,0.022262334536702767,0.04197530864197531,0.3068181818181818,0.0006920502566827141,0.004999999999999998,0.0006548788474132285,0.0,4.3084747614385854e-5,3.324253204550584e-6,0.00495884161459883,0.01338887235941684
8032717308198409122,7,6,37,42,6,29,34,0,8,8,7.0,40.0,46.0,7.0,32.0,38.0,0.0,8.0,8.0,1.0,0.7837837837837838,1.0,0.8,4,4,12,18.0,39.0,53.0,20,189,222,0.0007735792918774175,0.00011901219875037192,0.16216216216172388,0.1749999999995625,0.1194331983805668,0.09349030470914127,0.0798004987531172,0.6109725685785536,0.5208333333333334,0.09816849816849817,0.15921787709497207,0.26666666666666666,0.7727272727272727,0.0006668724004679386,0.004999999999999999,0.0006548788474132288,0.0012248600329106685,0.0,2.1833852408586677e-6,0.0019835366458395317,0.018744421303183576
3557238859449551278,7,12,25,37,8,22,30,4,3,7,19.0,27.0,46.0,15.0,24.0,39.0,4.0,3.0,7.0,0.6666666666666666,0.88,0.7894736842105263,0.8888888888888888,4,4,12,20.0,27.0,65.0,39,150,269,0.0005355548943766736,0.00037687196270951104,0.47999999999808,0.7037037037010975,0.16399286987522282,0.1349862258953168,0.050955414012738856,0.47770700636942676,0.2799043062200957,0.10802469135802469,0.2046285018270402,0.35733695652173914,0.9318181818181818,0.0008828553623515469,0.004999999999999999,0.0006548788474132285,0.0009815526802463559,0.0,2.645633467526944e-6,0.003867896459387087,0.01487652484379649
9350686928456564573,7,4,35,39,4,26,30,0,9,9,7.0,38.0,45.0,7.0,29.0,36.0,0.0,9.0,9.0,1.0,0.7428571428571429,1.0,0.7631578947368421,3,4,12,17.0,38.0,50.0,21,148,212,0.0007537439254190221,0.00013884756520876723,0.11428571428538775,0.1842105263153047,0.09743954480796586,0.07158509861212564,0.06201550387596899,0.5400516795865633,0.4523809523809524,0.08823529411764706,0.1411764705882353,0.23765432098765432,0.875,0.0008572757765353172,0.004999999999999999,0.0006548788474132291,0.0010601395701798078,0.0,2.0850345543335024e-6,0.0020827134781315083,0.014678171179212536
1879393074149330760,4,0,51,51,0,39,39,0,12,12,0.0,53.0,53.0,0.0,41.0,41.0,0.0,12.0,12.0,0.0,0.7647058823529411,0.0,0.7735849056603774,0,4,11,0.0,55.0,41.0,1,332,389,0.0010512744222949519,0.0,0.0,0.0,0.04411764705882353,0.025374855824682813,0.0,0.0,0.0,0.03132075471698113,0.03132075471698113,0.059245283018867924,0.0,0.0005363071481958003,0.004999999999999999,0.0,0.0,0.0001450502418713917,3.825841705828927e-6,9.917683229197659e-5,0.03292670832093623
1919965413735663944,7,6,35,41,6,28,34,0,7,7,7.0,42.0,49.0,7.0,31.0,38.0,0.0,11.0,11.0,1.0,0.8,1.0,0.7380952380952381,4,4,12,17.0,42.0,71.0,18,262,290,0.0008330853912526034,0.00013884756520876723,0.17142857142808163,0.16666666666626984,0.1629129129129129,0.13580246913580246,0.12215320910973085,0.6645962732919255,0.6857142857142857,0.140406162464986,0.2130010277492292,0.33527696793002915,0.8295454545454546,0.0006582970644511036,0.004999999999999998,0.0006548788474132286,0.0005084086614263184,0.0,2.852169909229791e-6,0.0017851829812555787,0.025984330060497867
7401464662114937284,5,0,28,28,0,20,20,0,8,8,0.0,28.0,28.0,0.0,20.0,20.0,0.0,8.0,8.0,0.0,0.7142857142857143,0.0,0.7142857142857143,0,4,9,0.0,31.0,28.0,1,264,294,0.0005553902608350689,0.0,0.0,0.0,0.04926108374384237,0.015306122448979591,0.0,0.0,0.0,0.015873015873015872,0.015873015873015872,0.031746031746031744,0.0,0.0005363071481958003,0.004999999999999999,0.0,0.0,0.00037552195691148427,2.8915101838398573e-6,9.917683229197659e-5,0.02618268372508182
6957687175838436904,2,5,44,49,5,38,43,0,6,6,5.0,44.0,49.0,5.0,38.0,43.0,0.0,6.0,6.0,1.0,0.8636363636363636,1.0,0.8636363636363636,3,3,10,13.0,55.0,33.0,28,260,540,0.000872756124169394,9.917683229197659e-5,0.11363636363610537,0.11363636363610537,0.054285714285714284,0.03498542274052478,0.00909090909090909,0.16818181818181818,0.4,0.019027484143763214,0.0352891156462585,0.06547619047619048,0.0,0.00056693671417568,0.005,0.0006548788474132299,0.0004517035365499966,0.0,5.310937072358921e-6,0.002776951304175345,0.025785976395913915
1930837047644260393,2,3,10,13,3,9,12,0,1,1,4.0,10.0,14.0,4.0,9.0,13.0,0.0,1.0,1.0,1.0,0.9,1.0,0.9,2,1,7,9.0,13.0,23.0,16,83,136,0.00019835366458395318,7.934146583358127e-5,0.299999999997,0.399999999996,0.1794871794871795,0.10416666666666667,0.0,0.4925373134328358,0.1875,0.03333333333333333,0.12727272727272726,0.24675324675324675,0.7613636363636364,0.0005819810793256857,0.004999999999999999,0.0006548788474132288,1.06270739655967e-5,0.0,1.3375693367422468e-6,0.0015868293166716254,0.008231677080234057
4931727163523758852,5,9,81,90,4,65,69,5,16,21,10.0,81.0,91.0,4.0,65.0,69.0,6.0,16.0,22.0,0.4444444444444444,0.8024691358024691,0.4,0.8024691358024691,4,4,11,18.0,83.0,53.0,44,409,700,0.001606664683130021,0.00019835366458395318,0.11111111111097394,0.12345679012330438,0.04082397003745318,0.02992046458780457,0.002602472348731295,0.1594014313597918,0.1125,0.019598765432098767,0.03217240953439546,0.06118881118881119,0.022727272727272728,0.000614561144841734,0.004999999999999999,0.0006548788474132283,0.0,0.00010591151217076433,6.8845480567615645e-6,0.0043637806208469705,0.04056332440741843
3236935206867737348,3,10,37,47,9,35,44,1,2,3,13.0,37.0,50.0,12.0,35.0,47.0,1.0,2.0,3.0,0.9,0.9459459459459459,0.9230769230769231,0.9459459459459459,4,3,12,43.0,44.0,47.0,53,231,341,0.0007339085589606268,0.00025785976395913915,0.2702702702695398,0.35135135135040174,0.07505285412262157,0.051379123850730124,0.0356718192627824,0.2235434007134364,0.1581196581196581,0.05105105105105105,0.0853711790393013,0.13857142857142857,0.7954545454545454,0.000766144828382222,0.004999999999999999,0.0006548788474132286,9.490890948482544e-5,0.0,3.3537584105081335e-6,0.00525637211147476,0.022909848259446593
3955480808513426347,4,35,43,78,29,40,69,6,3,9,38.0,47.0,85.0,32.0,44.0,76.0,6.0,3.0,9.0,0.8285714285714286,0.9302325581395349,0.8421052631578947,0.9361702127659575,4,5,16,55.0,58.0,120.0,115,247,765,0.00093226222354458,0.0007537439254190221,0.8139534883702001,0.8085106382961521,0.08644946316179193,0.0729968099080503,0.021752450980392156,0.1951593137254902,0.11068111455108359,0.09979736575481256,0.10627871362940276,0.17859477124183007,0.8522727272727273,0.001251971909885751,0.004999999999999998,0.0006548788474132281,0.0,0.0003692735339360098,7.523827519175138e-6,0.01140533571357731,0.024496677576118217
1080208440601867506,4,16,71,86,13,70,82,3,1,4,18.0,73.0,90.0,15.0,72.0,86.0,3.0,1.0,4.0,0.8125,0.9859154929577465,0.8333333333333334,0.9863013698630136,4,5,16,45.0,77.0,119.0,67,216,557,0.001428146385004463,0.0003372012297927204,0.22535211267573893,0.24657534246541565,0.07228915662650602,0.06067644070256931,0.01323918799646955,0.2912621359223301,0.09033613445378151,0.0464975845410628,0.07996520342612419,0.14579336804604,0.26136363636363635,0.0007858742440267551,0.004999999999999999,0.0006548788474132284,0.000270976828847469,0.0,5.478133239451702e-6,0.006644847763562432,0.021422195775066943
9322083079055277402,3,21,58,79,12,57,69,9,1,10,23.0,61.0,84.0,13.0,60.0,73.0,10.0,1.0,11.0,0.5714285714285714,0.9827586206896551,0.5652173913043478,0.9836065573770492,4,3,14,45.0,63.0,84.0,93,292,746,0.0012099573539621144,0.00045621342854309236,0.3620689655166171,0.3770491803272507,0.043745727956254275,0.03064404432132964,0.012279355333844973,0.10782808902532617,0.1,0.025740580960598218,0.0446278465535687,0.07476190476190477,0.5454545454545454,0.000890996857340523,0.005,0.0006548788474132289,0.0,0.0004257447895334998,7.336961214777324e-6,0.009223445403153823,0.028959635029257167
1718687240063542179,3,6,20,26,5,20,25,1,0,1,6.0,20.0,26.0,5.0,20.0,25.0,1.0,0.0,1.0,0.8333333333333334,1.0,0.8333333333333334,1.0,4,3,10,17.0,20.0,33.0,58,139,404,0.00039670732916790636,0.00011901219875037192,0.2999999999985,0.2999999999985,0.08615384615384615,0.048,0.058823529411764705,0.11764705882352941,0.23333333333333334,0.010526315789473684,0.04938271604938271,0.08493589743589744,0.4431818181818182,0.00063204746884833,0.004999999999999999,0.0006548788474132288,0.00011443457415483138,0.0,3.973367735616674e-6,0.005752256272934643,0.013785579688584747
1919965411693038381,3,22,29,50,16,28,43,6,1,7,28.0,29.0,56.0,22.0,28.0,49.0,6.0,1.0,7.0,0.7272727272727273,0.9655172413793104,0.7857142857142857,0.9655172413793104,4,3,14,57.0,28.0,90.0,82,291,619,0.0005553902608350689,0.0005355548943766736,0.7586206896525566,0.965517241375981,0.10938775510204081,0.09079550187421907,0.011160714285714286,0.2418154761904762,0.13425925925925927,0.01984126984126984,0.09753787878787878,0.18787878787878787,0.0,0.0009339063302514758,0.004999999999999999,0.0006548788474132286,0.0,0.000155403380073027,6.087907495907727e-6,0.008132500247942081,0.02886045819696519
6558187388025349563,3,0,27,27,0,27,27,0,0,0,0.0,28.0,28.0,0.0,28.0,28.0,0.0,0.0,0.0,0.0,1.0,0.0,1.0,0,3,11,0.0,29.0,34.0,1,165,194,0.0005553902608350689,0.0,0.0,0.0,0.11904761904761904,0.08641975308641975,0.0,0.0,0.0,0.08447802197802198,0.08447802197802198,0.16346153846153846,0.0,0.0005363071481958003,0.004999999999999999,0.0,0.00023064300867059462,0.0,1.908003318588205e-6,9.917683229197659e-5,0.01636417732817614
4241135379352794236,4,13,12,25,6,9,15,7,3,10,14.0,13.0,27.0,7.0,10.0,17.0,7.0,3.0,10.0,0.46153846153846156,0.75,0.5,0.7692307692307693,4,3,12,20.0,13.0,43.0,59,65,495,0.00025785976395913915,0.00027769513041753447,1.0833333333243056,1.0769230769147928,0.10666666666666667,0.06770833333333333,0.0,0.218562874251497,0.05357142857142857,0.08041958041958042,0.08837209302325581,0.1642512077294686,0.6704545454545454,0.0008088997618800725,0.005000000000000001,0.0006548788474132291,0.0,0.0008371267336496624,4.868358982995677e-6,0.005851433105226619,0.006446494098978479
2112527149263456857,4,0,66,66,0,59,59,0,7,7,0.0,67.0,67.0,0.0,60.0,60.0,0.0,7.0,7.0,0.0,0.8939393939393939,0.0,0.8955223880597015,0,5,16,0.0,67.0,96.0,1,569,611,0.0013289695527124864,0.0,0.0,0.0,0.04341926729986431,0.028925619834710745,0.0,0.0,0.0,0.029850746268656716,0.029850746268656716,0.058323765786452354,0.0,0.0005363071481958003,0.004999999999999999,0.0,0.0,0.00011100200508518121,6.009226946687594e-6,9.917683229197659e-5,0.05643161757413468
2120574164687856558,4,14,46,60,7,29,36,7,17,24,23.0,47.0,70.0,14.0,29.0,43.0,9.0,18.0,27.0,0.5,0.6304347826086957,0.6086956521739131,0.6170212765957447,4,4,16,56.0,52.0,114.0,67,560,901,0.00093226222354458,0.00045621342854309236,0.3043478260862949,0.48936170212661834,0.07890122735242548,0.0624256837098692,0.011111111111111112,0.23801169590643276,0.11036789297658862,0.02955082742316785,0.07480601357904947,0.14335839598997493,0.38636363636363635,0.0007619136344663033,0.005,0.0006548788474132287,0.0,0.0018555618819730002,8.861396855917385e-6,0.006644847763562432,0.055539026083506894
2151979444777686194,5,0,54,54,0,14,14,0,40,40,0.0,55.0,55.0,0.0,14.0,14.0,0.0,41.0,41.0,0.0,0.25925925925925924,0.0,0.2545454545454545,0,4,14,0.0,53.0,65.0,1,560,625,0.0010909451552117426,0.0,0.0,0.0,0.036026936026936025,0.018175582990397805,0.0,0.0,0.0,0.018524871355060035,0.018524871355060035,0.034648370497427104,0.0,0.0005363071481958003,0.004999999999999999,0.0,0.0,0.0031923723244995372,6.146917907822826e-6,9.917683229197659e-5,0.055539026083506894
2132981522563531714,4,0,70,70,0,39,39,0,31,31,0.0,76.0,76.0,0.0,41.0,41.0,0.0,35.0,35.0,0.0,0.5571428571428572,0.0,0.5394736842105263,0,5,16,0.0,63.0,113.0,1,899,943,0.0015074878508380442,0.0,0.0,0.0,0.04949698189134809,0.035918367346938776,0.0,0.0,0.0,0.041189931350114416,0.041189931350114416,0.08085430968726164,0.0,0.0005363071481958003,0.004999999999999999,0.0,0.0,0.0029091734768994515,9.274469739323078e-6,9.917683229197659e-5,0.08915997223048695
8156280828537257116,2,19,211,229,6,82,87,13,129,142,31.0,221.0,251.0,6.0,88.0,93.0,25.0,133.0,158.0,0.3157894736842105,0.3886255924170616,0.1935483870967742,0.39819004524886875,4,5,16,58.0,105.0,112.0,82,1092,1220,0.0043637806208469705,0.0005950609937518596,0.09004739336488624,0.1402714932126062,0.020900064061499038,0.016388827444750547,0.009075827071337953,0.11749780423538597,0.11960784313725491,0.012733797303175294,0.02282461180534748,0.041873873873873875,0.14772727272727273,0.0008910483155811515,0.005000000000000001,0.0006548788474132287,0.0,0.012405915530549039,1.1998783756070155e-5,0.008132500247942081,0.10830110086283844
2188189847940236239,4,4,4,8,4,4,8,0,0,0,8.0,4.0,12.0,8.0,4.0,12.0,0.0,0.0,0.0,1.0,1.0,1.0,1.0,2,3,4,9.0,7.0,24.0,7,31,62,7.934146583358127e-5,0.00015868293166716255,0.999999999975,1.99999999995,0.38095238095238093,0.2222222222222222,0.21428571428571427,0.42857142857142855,0.16666666666666666,0.5,0.30128205128205127,0.36666666666666664,0.9886363636363636,0.0017360414654810075,0.004999999999999999,0.0006548788474132294,8.309441400111695e-5,0.0,6.097742564560243e-7,0.0006942378260438362,0.0030744818010512744
6680208971039230209,3,12,28,40,12,28,40,0,0,0,16.0,28.0,44.0,16.0,28.0,44.0,0.0,0.0,0.0,1.0,1.0,1.0,1.0,4,3,14,43.0,30.0,59.0,64,133,254,0.0005553902608350689,0.0003173658633343251,0.428571428569898,0.5714285714265307,0.15519568151147098,0.13157894736842105,0.017994858611825194,0.4832904884318766,0.15625,0.062169312169312166,0.15760233918128655,0.29606879606879605,0.6136363636363636,0.0008280853115297589,0.004999999999999999,0.000654878847413229,0.0003682714124401132,0.0,2.4981074377391964e-6,0.006347317266686502,0.013190518694832887
4806644822604594858,3,9,29,38,8,26,34,1,3,4,10.0,30.0,40.0,9.0,27.0,36.0,1.0,3.0,4.0,0.8888888888888888,0.896551724137931,0.9,0.9,4,3,12,34.0,33.0,46.0,52,178,374,0.0005950609937518596,0.00019835366458395318,0.31034482758513676,0.33333333333222226,0.10873015873015873,0.08081632653061224,0.04528985507246377,0.2898550724637681,0.18125,0.08214285714285714,0.11956521739130435,0.19926470588235295,0.7613636363636364,0.000694578103263741,0.004999999999999999,0.0006548788474132287,1.3358037606048256e-5,0.0,3.6783156760411786e-6,0.005157195279182783,0.017653476147971834
1904382736672489982,2,11,51,62,10,49,59,1,2,3,20.0,51.0,71.0,19.0,49.0,68.0,1.0,2.0,3.0,0.9090909090909091,0.9607843137254902,0.95,0.9607843137254902,4,3,11,42.0,64.0,75.0,43,245,459,0.0010116036893781614,0.00039670732916790636,0.215686274509381,0.3921568627443291,0.10232681121099947,0.08734211233539371,0.01394169835234474,0.5373891001267427,0.4275,0.006666666666666667,0.1241913123844732,0.23286384976525823,0.10227272727272728,0.0007291660126211936,0.005,0.0006548788474132297,0.0014595124778298274,0.0,4.514296511505083e-6,0.0042646037885549935,0.024298323911534265
7584007130202075500,4,1,15,16,1,12,13,0,3,3,1.0,18.0,19.0,1.0,15.0,16.0,0.0,3.0,3.0,1.0,0.8,1.0,0.8333333333333334,1,3,8,1.0,15.0,30.0,14,65,89,0.00035703659625111573,1.983536645839532e-5,0.06666666666622222,0.05555555555524692,0.1125,0.04888888888888889,0.0,0.8,0.0,0.06944444444444445,0.10460992907801418,0.17293233082706766,0.48863636363636365,0.0005984913867908227,0.005,0.0006548788474132296,0.0,0.0001878772064912715,8.753211100739704e-7,0.0013884756520876724,0.006446494098978479
1930837047526818979,5,16,102,118,12,37,49,4,65,69,18.0,108.0,126.0,14.0,37.0,51.0,4.0,71.0,75.0,0.75,0.3627450980392157,0.7777777777777778,0.3425925925925926,4,4,16,34.0,91.0,109.0,71,670,1014,0.0021422195775066943,0.00035703659625111573,0.15686274509788542,0.16666666666651234,0.04016521862982481,0.0320310255673657,0.008978675645342313,0.15488215488215487,0.12407407407407407,0.014393105977264392,0.0327296160629494,0.06437389770723104,0.0,0.0007603417300350977,0.005,0.0006548788474132286,0.0,0.005529274538377371,9.972759613651752e-6,0.007041555092730338,0.06644847763562432
6484311817373704831,3,23,38,61,13,35,48,10,3,13,27.0,41.0,68.0,15.0,38.0,53.0,12.0,3.0,15.0,0.5652173913043478,0.9210526315789473,0.5555555555555556,0.926829268292683,4,3,14,54.0,41.0,88.0,97,136,615,0.0008132500247942081,0.0005355548943766736,0.605263157893144,0.6585365853642474,0.08531073446327683,0.06923297902901465,0.007641365257259297,0.16454406520631687,0.20033670033670034,0.02043506921555702,0.0783014236622484,0.1447768762677485,0.42045454545454547,0.000983676739039083,0.004999999999999999,0.0006548788474132286,0.0,0.0004917273584733595,6.0485672212976605e-6,0.00962015273232173,0.013488049191708817
1878305908476349798,3,24,115,138,23,100,122,1,15,16,25.0,118.0,142.0,24.0,103.0,126.0,1.0,15.0,16.0,0.9583333333333334,0.8695652173913043,0.96,0.8728813559322034,4,3,14,53.0,100.0,84.0,76,427,532,0.0023207378756322523,0.0004760487950014877,0.20869565217373157,0.21186440677948146,0.04645943216249579,0.039007292667759624,0.009230201218386561,0.20915635960863946,0.13068181818181818,0.014560169427426065,0.04450589585724721,0.08435418009886095,0.32954545454545453,0.0009583069709664895,0.005,0.0006548788474132289,0.0,3.677570765692195e-6,5.232256523138789e-6,0.007537439254190221,0.042348507388674
4810911834462241451,3,13,40,53,7,37,44,6,3,9,13.0,43.0,56.0,7.0,40.0,47.0,6.0,3.0,9.0,0.5384615384615384,0.925,0.5384615384615384,0.9302325581395349,4,3,14,37.0,45.0,65.0,79,170,441,0.0008529207577109987,0.00025785976395913915,0.3249999999991875,0.3023255813946457,0.07232704402515723,0.05482378070487718,0.009267840593141797,0.14457831325301204,0.15384615384615385,0.04800238521168754,0.06438873626373626,0.12190934065934066,0.0,0.0007782619889578727,0.005,0.0006548788474132286,0.0,6.264916230924733e-5,4.3372652757597855e-6,0.007834969751066151,0.016860061489636022
1879393070173130685,3,0,67,67,0,57,57,0,10,10,0.0,67.0,67.0,0.0,57.0,57.0,0.0,10.0,10.0,0.0,0.8507462686567164,0.0,0.8507462686567164,0,3,14,0.0,72.0,55.0,1,246,288,0.0013289695527124864,0.0,0.0,0.0,0.03753292361720808,0.023167743372688794,0.0,0.0,0.0,0.023066485753052916,0.023066485753052916,0.04477611940298507,0.0,0.0005363071481958003,0.005,0.0,0.0004645691991761458,0.0,2.832499771924758e-6,9.917683229197659e-5,0.024397500743826243
1904382737284860992,4,24,42,66,10,34,44,14,8,22,51.0,43.0,94.0,21.0,35.0,56.0,30.0,8.0,38.0,0.4166666666666667,0.8095238095238095,0.4117647058823529,0.813953488372093,4,2,13,45.0,51.0,95.0,95,193,829,0.0008529207577109987,0.0010116036893781614,0.5714285714272108,1.1860465116251486,0.06746031746031746,0.051902242378432856,0.013915243516761544,0.16002530044275776,0.14066496163682865,0.04055587067498582,0.08387996064283372,0.13658201784488674,0.5909090909090909,0.0012518638092700065,0.005,0.0006548788474132286,0.0,0.0029592844482662084,8.153271912936196e-6,0.009421799067737777,0.019141128632351484
1916703921892492025,4,14,67,81,12,62,74,2,5,7,14.0,69.0,83.0,12.0,64.0,76.0,2.0,5.0,7.0,0.8571428571428571,0.9253731343283582,0.8571428571428571,0.927536231884058,4,5,16,34.0,74.0,118.0,70,429,631,0.001368640285629277,0.00027769513041753447,0.20895522388028515,0.20289855072434362,0.07570061517429938,0.06267313019390582,0.030110935023771792,0.34178552562070785,0.2692307692307692,0.036780851998243304,0.08575954140896062,0.1442570281124498,0.625,0.0007121667197592332,0.0049999999999999975,0.0006548788474132284,0.0,7.237353882683095e-5,6.205928319737924e-6,0.006942378260438362,0.04254686105325796
1916703924476185775,4,14,80,94,9,55,64,5,25,30,14.0,81.0,95.0,9.0,56.0,65.0,5.0,25.0,30.0,0.6428571428571429,0.6875,0.6428571428571429,0.691358024691358,4,5,14,34.0,80.0,95.0,82,546,886,0.001606664683130021,0.00027769513041753447,0.17499999999978125,0.1728395061726261,0.03962131837307153,0.028946124763705103,0.010222222222222223,0.09644444444444444,0.08791208791208792,0.020237537115174245,0.03006454535160231,0.057952573742047424,0.18181818181818182,0.0007674670214337611,0.0049999999999999975,0.0006548788474132286,0.0,0.002263452027034041,8.713870826129637e-6,0.008132500247942081,0.05415055043141922
2512265208738653233,3,8,33,41,5,27,32,3,6,9,8.0,35.0,43.0,5.0,29.0,34.0,3.0,6.0,9.0,0.625,0.8181818181818182,0.625,0.8285714285714286,4,3,12,31.0,35.0,44.0,46,126,311,0.0006942378260438362,0.00015868293166716255,0.2424242424235078,0.2285714285707755,0.04878048780487805,0.02558001189767995,0.0,0.03676470588235294,0.10714285714285714,0.030357142857142857,0.029069767441860465,0.05581395348837209,0.0,0.0007468827530486906,0.004999999999999999,0.0006548788474132289,0.0,6.749526247118443e-5,3.058706350932638e-6,0.0045621342854309235,0.012496280868789051
2190163503876502603,4,3,7,10,1,3,4,2,4,6,3.0,9.0,12.0,1.0,5.0,6.0,2.0,4.0,6.0,0.3333333333333333,0.42857142857142855,0.3333333333333333,0.5555555555555556,1,4,9,5.0,12.0,33.0,21,200,451,0.00017851829812555786,5.950609937518596e-5,0.4285714285653061,0.3333333333296296,0.19090909090909092,0.11,0.0,0.25,0.16666666666666666,0.09259259259259259,0.1111111111111111,0.18518518518518517,0.0,0.0005571520668566949,0.004999999999999998,0.0006548788474132288,0.0,0.0005266197070660228,4.435615962284951e-6,0.0020827134781315083,0.01983536645839532
4436135120098424187,3,13,46,59,10,39,49,3,7,10,15.0,48.0,63.0,12.0,41.0,53.0,3.0,7.0,10.0,0.7692307692307693,0.8478260869565217,0.8,0.8541666666666666,4,2,14,43.0,55.0,62.0,78,96,459,0.0009520975900029754,0.0002975304968759298,0.28260869565155955,0.31249999999934897,0.04350282485875706,0.027291008330939386,0.0045662100456621,0.0684931506849315,0.13055555555555556,0.021296296296296296,0.03215654077723043,0.05993431855500821,0.0,0.0007172829100063399,0.005,0.0006548788474132284,0.0003264582075421796,0.0,4.514296511505083e-6,0.007735792918774174,0.009520975900029753
1930474659896099869,6,9,29,38,6,28,34,3,1,4,9.0,30.0,39.0,6.0,29.0,35.0,3.0,1.0,4.0,0.6666666666666666,0.9655172413793104,0.6666666666666666,0.9666666666666667,4,2,7,26.0,31.0,23.0,41,97,367,0.0005950609937518596,0.00017851829812555786,0.31034482758513676,0.299999999999,0.07467994310099574,0.04894083272461651,0.0,0.24053030303030304,0.08333333333333333,0.01130952380952381,0.05486111111111111,0.10683760683760683,0.3181818181818182,0.0017242886694117084,0.005,0.0006548788474132299,0.0010104159803651092,0.0,3.609470195473563e-6,0.0040662501239710405,0.00962015273232173
1916703921733108069,5,12,78,90,8,71,79,4,7,11,22.0,79.0,101.0,17.0,72.0,89.0,5.0,7.0,12.0,0.6666666666666666,0.9102564102564102,0.7727272727272727,0.9113924050632911,4,4,11,45.0,82.0,54.0,63,270,514,0.0015669939502132302,0.000436378062084697,0.1538461538459566,0.27848101265787534,0.04082397003745318,0.02992046458780457,0.0101427498121713,0.19120961682945153,0.08471074380165289,0.01611047180667434,0.04300656503838878,0.08269576957695769,0.03409090909090909,0.000743087359018254,0.004999999999999999,0.0006548788474132286,0.0010812616226011373,0.0,5.055225287393492e-6,0.006248140434394526,0.02677774471883368
9704650923168236169,2,11,90,101,6,78,84,5,12,17,11.0,98.0,109.0,6.0,85.0,91.0,5.0,13.0,18.0,0.5454545454545454,0.8666666666666667,0.5454545454545454,0.8673469387755102,4,4,11,37.0,92.0,78.0,30,437,653,0.0019438659129227412,0.0002181890310423485,0.12222222222208642,0.11224489795906914,0.030505050505050504,0.020508111417202327,0.024745269286754003,0.15235322658903444,0.17272727272727273,0.01393029121761064,0.029652070136785093,0.052143793297135366,0.11363636363636363,0.0006503066143108634,0.005000000000000001,0.0006548788474132292,0.000522063446095955,0.0,6.422299830093288e-6,0.002975304968759298,0.043340275711593775
1902933183981160074,5,0,91,91,0,83,83,0,8,8,0.0,96.0,96.0,0.0,88.0,88.0,0.0,8.0,8.0,0.0,0.9120879120879121,0.0,0.9166666666666666,0,4,11,0.0,93.0,50.0,1,451,490,0.0019041951800059507,0.0,0.0,0.0,0.03380315336837076,0.023185605603188022,0.0,0.0,0.0,0.02957175925925926,0.02957175925925926,0.05787037037037037,0.0,0.0005363071481958003,0.004999999999999999,0.0,0.001431702266208812,0.0,4.819183639733095e-6,9.917683229197659e-5,0.04472875136368144
1902933185386253334,5,0,74,74,0,72,72,0,2,2,0.0,78.0,78.0,0.0,76.0,76.0,0.0,2.0,2.0,0.0,0.972972972972973,0.0,0.9743589743589743,0,4,11,0.0,81.0,38.0,1,388,407,0.001547158583754835,0.0,0.0,0.0,0.03099099099099099,0.01789627465303141,0.0,0.0,0.0,0.02291886195995785,0.02291886195995785,0.045310853530031614,0.0,0.0005363071481958003,0.004999999999999999,0.0,0.0014858615384404361,0.0,4.002872941574224e-6,9.917683229197659e-5,0.03848061092928692
1930474662064557903,6,0,18,18,0,14,14,0,4,4,0.0,18.0,18.0,0.0,14.0,14.0,0.0,4.0,4.0,0.0,0.7777777777777778,0.0,0.7777777777777778,0,2,7,0.0,19.0,16.0,1,116,148,0.00035703659625111573,0.0,0.0,0.0,0.08187134502923976,0.030864197530864196,0.0,0.0,0.0,0.029411764705882353,0.029411764705882353,0.058823529411764705,0.0,0.0005363071481958003,0.004999999999999999,0.0,0.000317616379029273,0.0,1.455590160572445e-6,9.917683229197659e-5,0.011504512545869285
1904020558551038961,3,19,27,46,15,25,40,4,2,6,31.0,27.0,58.0,24.0,25.0,49.0,7.0,2.0,9.0,0.7894736842105263,0.9259259259259259,0.7741935483870968,0.9259259259259259,4,3,14,58.0,27.0,91.0,76,173,492,0.0005355548943766736,0.0006148963602102549,0.7037037037010975,1.1481481481438958,0.13434343434343435,0.11363636363636363,0.01858736059479554,0.3092936802973978,0.16577060931899643,0.038461538461538464,0.13051823416506717,0.2526062550120289,0.6477272727272727,0.0009521546841649962,0.005,0.0006548788474132283,0.0,0.00014666831773446631,4.838853777038128e-6,0.007537439254190221,0.017157591986511952
8305658743108495238,3,18,26,43,15,21,35,3,5,8,30.0,27.0,56.0,27.0,22.0,48.0,3.0,5.0,8.0,0.8333333333333334,0.8076923076923077,0.9,0.8148148148148148,4,2,14,54.0,26.0,85.0,87,70,464,0.0005157195279182783,0.0005752256272934642,0.6923076923050296,1.111111111106996,0.11614401858304298,0.09339678762641285,0.0051635111876075735,0.29862306368330466,0.22306034482758622,0.01201923076923077,0.12777777777777777,0.245,0.6704545454545454,0.0011310367805632104,0.004999999999999999,0.0006548788474132286,0.00026377788003861813,0.0,4.563471854767665e-6,0.008628384409401963,0.006942378260438362
2195538980273694426,4,12,22,33,6,17,22,6,5,11,12.0,22.0,33.0,6.0,17.0,22.0,6.0,5.0,11.0,0.5,0.7727272727272727,0.5,0.7727272727272727,4,3,16,45.0,22.0,111.0,67,255,554,0.0004165426956263017,0.0002181890310423485,0.5454545454520662,0.5454545454520662,0.1553030303030303,0.1279296875,0.03463203463203463,0.329004329004329,0.13636363636363635,0.06904761904761905,0.12903225806451613,0.25201612903225806,0.0,0.0014695028604583091,0.004999999999999999,0.0006548788474132289,0.0,0.0008157651938022203,5.448628033494152e-6,0.006644847763562432,0.025290092234454033
2165485641524156466,4,4,41,45,1,16,17,3,25,28,4.0,43.0,47.0,1.0,18.0,19.0,3.0,25.0,28.0,0.25,0.3902439024390244,0.25,0.4186046511627907,3,4,12,9.0,47.0,55.0,39,478,688,0.0008529207577109987,7.934146583358127e-5,0.09756097560951814,0.09302325581373715,0.04595959595959596,0.023760330578512397,0.024096385542168676,0.12650602409638553,0.25,0.018604651162790697,0.029069767441860465,0.05442850074220683,0.1590909090909091,0.0006109539032332674,0.004999999999999998,0.0006548788474132293,0.0,0.0020712393552643205,6.766527232931366e-6,0.003867896459387087,0.04740652583556481
2136344268482747396,4,9,13,22,5,13,18,4,0,4,11.0,13.0,24.0,7.0,13.0,20.0,4.0,0.0,4.0,0.5555555555555556,1.0,0.6363636363636364,1.0,3,2,14,15.0,15.0,65.0,35,69,259,0.00025785976395913915,0.0002181890310423485,0.6923076923023669,0.8461538461473372,0.13043478260869565,0.09090909090909091,0.0,0.3038461538461538,0.11931818181818182,0.0,0.0992063492063492,0.18055555555555555,0.0,0.0010391625848342675,0.004999999999999999,0.0006548788474132287,0.0,0.00019658601797634123,2.547282781001779e-6,0.003471189130219181,0.006843201428146385
2151059798332820411,4,7,9,15,6,5,10,1,4,5,7.0,11.0,17.0,6.0,7.0,12.0,1.0,4.0,5.0,0.8571428571428571,0.5555555555555556,0.8571428571428571,0.6363636363636364,3,3,10,11.0,14.0,42.0,36,211,400,0.00019835366458395318,0.00011901219875037192,0.7777777777691358,0.6363636363578512,0.20476190476190476,0.14285714285714285,0.07407407407407407,0.2962962962962963,0.23333333333333334,0.05714285714285714,0.14903846153846154,0.25961538461538464,0.0,0.0006680553816022307,0.0049999999999999975,0.0006548788474132286,0.0,0.0004043560179751715,3.934027461006608e-6,0.0035703659625111574,0.02092631161360706
9488648834342455630,3,4,24,28,4,21,25,0,3,3,4.0,27.0,31.0,4.0,24.0,28.0,0.0,3.0,3.0,1.0,0.875,1.0,0.8888888888888888,3,2,10,9.0,25.0,32.0,38,49,234,0.0005355548943766736,7.934146583358127e-5,0.16666666666597224,0.14814814814759947,0.0960591133004926,0.06377551020408163,0.0,0.3627450980392157,0.16666666666666666,0.040257648953301126,0.07646356033452807,0.14695340501792115,0.0,0.0005835996386545737,0.004999999999999999,0.0006548788474132286,0.0002561231978528422,0.0,2.3014060646888657e-6,0.0037687196270951104,0.0048596647823068535
2187744589507925486,4,0,18,18,0,18,18,0,0,0,0.0,18.0,18.0,0.0,18.0,18.0,0.0,0.0,0.0,0.0,1.0,0.0,1.0,0,3,13,0.0,17.0,42.0,1,109,144,0.00035703659625111573,0.0,0.0,0.0,0.11695906432748537,0.06790123456790123,0.0,0.0,0.0,0.0718954248366013,0.0718954248366013,0.1437908496732026,0.0,0.0005363071481958003,0.004999999999999999,0.0,1.8678681948602893e-5,0.0,1.416249885962379e-6,9.917683229197659e-5,0.01081027471982545
2122126010251549397,4,6,26,32,5,10,15,1,16,17,6.0,28.0,34.0,5.0,12.0,17.0,1.0,16.0,17.0,0.8333333333333334,0.38461538461538464,0.8333333333333334,0.42857142857142855,3,4,13,10.0,23.0,83.0,41,613,710,0.0005553902608350689,0.00011901219875037192,0.23076923076834321,0.214285714284949,0.1,0.06777777777777778,0.0375,0.18125,0.06666666666666667,0.05142857142857143,0.06952380952380953,0.12271805273833672,0.6136363636363636,0.00061527273264418,0.004999999999999999,0.0006548788474132284,0.0,0.0011965098795202467,6.98289874328673e-6,0.0040662501239710405,0.06079539819498165
2165979620280036993,3,12,37,49,2,28,30,10,9,19,13.0,44.0,57.0,2.0,31.0,33.0,11.0,13.0,24.0,0.16666666666666666,0.7567567567567568,0.15384615384615385,0.7045454545454546,4,4,14,18.0,34.0,93.0,52,478,639,0.000872756124169394,0.00025785976395913915,0.32432432432344777,0.29545454545387395,0.06037414965986394,0.040364583333333336,0.013902681231380337,0.0506454816285998,0.0944055944055944,0.04513888888888889,0.04297732260424287,0.07950727883538634,0.14772727272727273,0.0007675586486451792,0.004999999999999999,0.0006548788474132286,0.0,0.00204949917168451,6.2846088689580564e-6,0.005157195279182783,0.04740652583556481
2128085351688608208,4,3,4,7,3,4,7,0,0,0,3.0,6.0,9.0,3.0,6.0,9.0,0.0,0.0,0.0,1.0,1.0,1.0,1.0,2,3,4,5.0,8.0,23.0,13,7,16,0.00011901219875037192,5.950609937518596e-5,0.74999999998125,0.49999999999166667,0.6,0.3125,0.45454545454545453,0.5909090909090909,0.6666666666666666,0.4166666666666667,0.5,0.7037037037037037,0.9886363636363636,0.0019187452884920557,0.005,0.0006548788474132294,6.21062621738444e-5,0.0,1.5736109844026434e-7,0.0012892988197956957,0.0006942378260438362
2154699689901894325,4,9,2,11,3,2,5,6,0,6,9.0,2.0,11.0,3.0,2.0,5.0,6.0,0.0,6.0,0.3333333333333333,1.0,0.3333333333333333,1.0,3,1,8,18.0,2.0,28.0,33,10,346,3.967073291679064e-5,0.00017851829812555786,4.499999999775,4.499999999775,0.10606060606060606,0.024793388429752067,0.05555555555555555,0.05555555555555555,0.013888888888888888,0.0,0.02727272727272727,0.05454545454545454,0.0,0.0020096738069308707,0.004999999999999999,0.0006548788474132286,0.0,0.0005526723328470595,3.402933753770716e-6,0.0032728354656352274,0.0009917683229197659
2115501027362009683,3,11,59,70,5,39,44,6,20,26,11.0,60.0,71.0,5.0,39.0,44.0,6.0,21.0,27.0,0.45454545454545453,0.6610169491525424,0.45454545454545453,0.65,4,4,16,17.0,61.0,95.0,57,318,474,0.0011901219875037191,0.0002181890310423485,0.1864406779657857,0.18333333333302776,0.06436487638533675,0.050173010380622836,0.011494252873563218,0.17624521072796934,0.09090909090909091,0.0353448275862069,0.05219611848825332,0.10258566323313012,0.3181818181818182,0.0008595854135954675,0.005,0.000654878847413229,0.0,0.0022106296997669306,4.661822541292831e-6,0.005653079440642666,0.03153823266884856
6035572992339839985,7,9,27,35,7,25,31,2,2,4,13.0,30.0,42.0,11.0,28.0,38.0,2.0,2.0,4.0,0.7777777777777778,0.9259259259259259,0.8461538461538461,0.9333333333333333,4,4,12,22.0,33.0,70.0,46,158,256,0.0005752256272934642,0.00023802439750074384,0.3333333333320988,0.4333333333318889,0.2010752688172043,0.1688888888888889,0.12075471698113208,0.6226415094339622,0.47023809523809523,0.17724137931034484,0.2725914861837192,0.4449116904962153,0.9090909090909091,0.0007181110361951758,0.004999999999999998,0.0006548788474132284,0.0011822390179265785,0.0,2.5177775750442294e-6,0.0045621342854309235,0.015669939502132302
1919965415530825190,7,8,43,51,5,31,36,3,12,15,9.0,45.0,54.0,6.0,33.0,39.0,3.0,12.0,15.0,0.625,0.7209302325581395,0.6666666666666666,0.7333333333333333,4,4,12,18.0,49.0,67.0,37,346,451,0.0008925914906277894,0.00017851829812555786,0.1860465116274743,0.19999999999955556,0.08040816326530613,0.060807996668054975,0.03099730458221024,0.1765498652291105,0.12698412698412698,0.06296296296296296,0.07569573283858998,0.13618827160493827,0.3977272727272727,0.0011241009881284732,0.0049999999999999975,0.0006548788474132289,0.00035375010643179383,0.0,4.435615962284951e-6,0.003669542794803134,0.034315183973023904
2107057388197100031,7,5,36,41,3,30,33,2,6,8,5.0,41.0,46.0,3.0,31.0,34.0,2.0,10.0,12.0,0.6,0.8333333333333334,0.6,0.7560975609756098,3,4,12,13.0,41.0,66.0,24,212,346,0.0008132500247942081,9.917683229197659e-5,0.1388888888885031,0.12195121951189768,0.12564102564102564,0.10190664036817883,0.04473684210526316,0.4342105263157895,0.2,0.0951219512195122,0.12615803814713897,0.21681922196796338,0.42045454545454547,0.0006055829322004723,0.004999999999999999,0.0006548788474132284,0.00026264519304985967,0.0,3.402933753770716e-6,0.0023802439750074383,0.02102548844589904
1919965415480495212,7,10,38,47,10,36,45,0,2,2,15.0,42.0,56.0,15.0,40.0,54.0,0.0,2.0,2.0,1.0,0.9473684210526315,1.0,0.9523809523809523,4,4,12,21.0,41.0,69.0,29,185,238,0.0008132500247942081,0.00027769513041753447,0.2631578947361496,0.3571428571420068,0.1701219512195122,0.145,0.09205983889528194,0.5995397008055235,0.53125,0.11991869918699187,0.21855921855921856,0.3585081585081585,0.8977272727272727,0.000791640594751263,0.004999999999999999,0.0006548788474132285,0.0020063800254442876,0.0,2.340746339298932e-6,0.0028761281364673213,0.01834771397401567
1916703924513932045,4,6,58,64,2,55,57,4,3,7,6.0,59.0,65.0,2.0,56.0,58.0,4.0,3.0,7.0,0.3333333333333333,0.9482758620689655,0.3333333333333333,0.9491525423728814,3,5,16,13.0,69.0,115.0,43,248,584,0.0011702866210453239,0.00011901219875037192,0.1034482758618906,0.10169491525406492,0.08076923076923077,0.06640625,0.005698005698005698,0.06267806267806268,0.16666666666666666,0.07865001486767767,0.07167277167277167,0.1374847374847375,0.0,0.0005831976979977727,0.004999999999999999,0.0006548788474132286,0.0,0.0001199846880974853,5.743680093069648e-6,0.0042646037885549935,0.024595854408410195
9200237741451852618,3,0,32,32,0,30,30,0,2,2,0.0,32.0,32.0,0.0,30.0,30.0,0.0,2.0,2.0,0.0,0.9375,0.0,0.9375,0,3,14,0.0,33.0,46.0,1,193,237,0.0006347317266686502,0.0,0.0,0.0,0.07102272727272728,0.0419921875,0.0,0.0,0.0,0.04233870967741935,0.04233870967741935,0.08064516129032258,0.0,0.0005363071481958003,0.005,0.0,0.00015634033268330239,0.0,2.3309112706464153e-6,9.917683229197659e-5,0.019141128632351484
6438770485746396752,3,6,31,37,2,30,32,4,1,5,6.0,31.0,37.0,2.0,30.0,32.0,4.0,1.0,5.0,0.3333333333333333,0.967741935483871,0.3333333333333333,0.967741935483871,4,3,14,9.0,33.0,55.0,50,174,407,0.0006148963602102549,0.00011901219875037192,0.19354838709614985,0.19354838709614985,0.10810810810810811,0.08400292184075968,0.010752688172043012,0.12903225806451613,0.2,0.08709677419354839,0.08483483483483484,0.16516516516516516,0.0,0.000746365646774499,0.005,0.0006548788474132293,0.0,0.00022558374163994532,4.002872941574224e-6,0.00495884161459883,0.017256768818803926
2160392296943158826,4,9,27,36,7,15,22,2,12,14,10.0,27.0,37.0,7.0,15.0,22.0,3.0,12.0,15.0,0.7777777777777778,0.5555555555555556,0.7,0.5555555555555556,4,4,16,17.0,27.0,110.0,56,329,602,0.0005355548943766736,0.00019835366458395318,0.3333333333320988,0.37037037036899867,0.14603174603174604,0.12081632653061225,0.029354207436399216,0.4344422700587084,0.1,0.05982905982905983,0.13031709203402939,0.25119236883942764,0.3522727272727273,0.0006501180171403321,0.004999999999999999,0.0006548788474132285,0.0,0.0013578879858691106,5.920711328814945e-6,0.00555390260835069,0.0326291778240603
2130345945473058957,4,0,19,19,0,13,13,0,6,6,0.0,22.0,22.0,0.0,16.0,16.0,0.0,6.0,6.0,0.0,0.6842105263157895,0.0,0.7272727272727273,0,4,9,0.0,21.0,33.0,1,246,288,0.000436378062084697,0.0,0.0,0.0,0.08947368421052632,0.04155124653739612,0.0,0.0,0.0,0.06313131313131314,0.06313131313131314,0.10606060606060606,0.0,0.0005363071481958003,0.005,0.0,0.0,0.00038034959653954203,2.832499771924758e-6,9.917683229197659e-5,0.024397500743826243
2190108552495250360,3,4,12,16,0,10,10,4,2,6,4.0,12.0,16.0,0.0,10.0,10.0,4.0,2.0,6.0,0.0,0.8333333333333334,0.0,0.8333333333333334,3,3,10,9.0,15.0,30.0,31,159,306,0.00023802439750074384,7.934146583358127e-5,0.33333333333055554,0.33333333333055554,0.125,0.0703125,0.041666666666666664,0.0625,0.25,0.05303030303030303,0.0625,0.125,0.0,0.0006462664993983435,0.0049999999999999975,0.0006548788474132289,0.0,0.0007261631889438069,3.0095310076700552e-6,0.0030744818010512744,0.01576911633442428
2182757477198597507,4,0,20,20,0,17,17,0,3,3,0.0,21.0,21.0,0.0,18.0,18.0,0.0,3.0,3.0,0.0,0.85,0.0,0.8571428571428571,0,3,12,0.0,19.0,43.0,1,182,217,0.0004165426956263017,0.0,0.0,0.0,0.07857142857142857,0.0325,0.0,0.0,0.0,0.03383458646616541,0.03383458646616541,0.06766917293233082,0.0,0.0005363071481958003,0.005,0.0,0.0,6.684330090289681e-5,2.134209897596085e-6,9.917683229197659e-5,0.018050183477139742
2121914735466416080,4,0,13,13,0,6,6,0,7,7,0.0,14.0,14.0,0.0,7.0,7.0,0.0,7.0,7.0,0.0,0.46153846153846156,0.0,0.5,0,3,8,0.0,14.0,25.0,1,163,196,0.00027769513041753447,0.0,0.0,0.0,0.12087912087912088,0.05325443786982249,0.0,0.0,0.0,0.05654761904761905,0.05654761904761905,0.10119047619047619,0.0,0.0005363071481958003,0.005,0.0,0.0,0.0003250308005688929,1.927673455893238e-6,9.917683229197659e-5,0.016165823663592184
2138572560382813575,1,6,55,61,0,17,17,6,38,44,6.0,55.0,61.0,0.0,17.0,17.0,6.0,38.0,44.0,0.0,0.3090909090909091,0.0,0.3090909090909091,4,4,14,17.0,62.0,67.0,41,363,618,0.0010909451552117426,0.00011901219875037192,0.10909090909071074,0.10909090909071074,0.0412568306010929,0.025,0.00911854103343465,0.11246200607902736,0.23333333333333334,0.015151515151515152,0.025150355385456534,0.0477910530702973,0.07954545454545454,0.0006684160636357498,0.005,0.0006548788474132292,0.0,0.003605960388692986,6.07807242725521e-6,0.0040662501239710405,0.036001190121987506
3057282570599352581,7,0,7,7,0,6,6,0,1,1,0.0,7.0,7.0,0.0,6.0,6.0,0.0,1.0,1.0,0.0,0.8571428571428571,0.0,0.8571428571428571,0,2,4,0.0,10.0,8.0,1,65,76,0.00013884756520876723,0.0,0.0,0.0,0.21428571428571427,0.10204081632653061,0.0,0.0,0.0,0.11904761904761904,0.11904761904761904,0.19047619047619047,0.0,0.0005363071481958003,0.004999999999999998,0.0,0.0001516378973744903,0.0,7.474652175912555e-7,9.917683229197659e-5,0.006446494098978479
1930474662219745024,6,9,35,44,2,34,36,7,1,8,16.0,36.0,52.0,2.0,35.0,37.0,14.0,1.0,15.0,0.2222222222222222,0.9714285714285714,0.125,0.9722222222222222,4,2,10,19.0,38.0,54.0,30,111,298,0.0007140731925022315,0.0003173658633343251,0.2571428571421224,0.44444444444320985,0.05656565656565657,0.03512396694214876,0.0,0.003393665158371041,0.203125,0.04779411764705882,0.038461538461538464,0.06663685152057246,0.0,0.0008313231916421221,0.005,0.0006548788474132285,0.0004268935481325231,0.0,2.930850458449923e-6,0.002975304968759298,0.011008628384409401
8447012646109488083,3,1,16,17,1,11,12,0,5,5,1.0,17.0,18.0,1.0,12.0,13.0,0.0,5.0,5.0,1.0,0.6875,1.0,0.7058823529411765,1,1,8,1.0,18.0,24.0,15,32,92,0.0003372012297927204,1.983536645839532e-5,0.06249999999960938,0.05882352941141869,0.0915032679738562,0.03806228373702422,0.0,0.696969696969697,0.0,0.0,0.03993055555555555,0.0798611111111111,0.0,0.0005494075436988803,0.0049999999999999975,0.0006548788474132284,0.0001467871280669275,0.0,9.048263160315199e-7,0.001487652484379649,0.003173658633343251
4863544601288085546,2,6,73,79,6,72,78,0,1,1,12.0,76.0,88.0,12.0,74.0,86.0,0.0,2.0,2.0,1.0,0.9863013698630136,1.0,0.9736842105263158,4,4,11,34.0,78.0,80.0,31,410,447,0.0015074878508380442,0.00023802439750074384,0.08219178082180521,0.1578947368418975,0.07631578947368421,0.0632888888888889,0.025757575757575757,0.6325757575757576,0.48333333333333334,0.04961622807017544,0.10726795096322242,0.18703931203931204,0.45454545454545453,0.000613049713954993,0.005,0.0006548788474132298,0.0017960967716617038,0.0,4.396275687674885e-6,0.0030744818010512744,0.0406625012397104
2145889629582761834,4,6,2,8,6,2,8,0,0,0,6.0,2.0,8.0,6.0,2.0,8.0,0.0,0.0,0.0,1.0,1.0,1.0,1.0,3,1,6,13.0,2.0,17.0,38,4,119,3.967073291679064e-5,0.00011901219875037192,2.99999999985,2.99999999985,0.2916666666666667,0.203125,0.08333333333333333,0.08333333333333333,0.3333333333333333,0.5,0.23214285714285715,0.35714285714285715,0.0,0.002787047532844216,0.0049999999999999975,0.0006548788474132289,0.0,5.146667573485697e-5,1.170373169649466e-6,0.0037687196270951104,0.00039670732916790636
2121552781220010656,4,6,5,11,4,5,9,2,0,2,10.0,8.0,18.0,6.0,8.0,14.0,4.0,0.0,4.0,0.6666666666666666,1.0,0.6,1.0,3,2,6,19.0,9.0,31.0,49,8,288,0.00015868293166716255,0.00019835366458395318,1.199999999976,1.249999999984375,0.25555555555555554,0.14814814814814814,0.11827956989247312,0.15053763440860216,0.18,0.421875,0.2,0.25,0.9545454545454546,0.0017944522342426149,0.005,0.0006548788474132293,0.0,0.0002852138412288152,2.832499771924758e-6,0.0048596647823068535,0.0007934146583358127
1879393072442247635,3,0,63,63,0,59,59,0,4,4,0.0,74.0,74.0,0.0,67.0,67.0,0.0,7.0,7.0,0.0,0.9365079365079365,0.0,0.9054054054054054,0,3,14,0.0,63.0,89.0,1,457,482,0.0014678171179212537,0.0,0.0,0.0,0.07043650793650794,0.05568153187200806,0.0,0.0,0.0,0.07519616390584133,0.07519616390584133,0.14646904969485613,0.0,0.0005363071481958003,0.004999999999999999,0.0,1.8525041646233475e-5,0.0,4.740503090512963e-6,9.917683229197659e-5,0.0453238123574333
1878305907058672588,3,8,78,85,8,70,77,0,8,8,9.0,86.0,94.0,9.0,78.0,86.0,0.0,8.0,8.0,1.0,0.8974358974358975,1.0,0.9069767441860465,4,3,14,37.0,76.0,86.0,49,305,385,0.0016860061489636022,0.00015868293166716255,0.10256410256397107,0.10465116279057599,0.04861111111111111,0.0359375,0.02835696413678065,0.25020850708924103,0.3020833333333333,0.03900928792569659,0.05624756714674971,0.09568531373349666,0.5113636363636364,0.0006658053858099104,0.004999999999999999,0.0006548788474132287,0.0006068904776478368,0.0,3.7865014312188605e-6,0.0048596647823068535,0.03024893384905286
2136631122923758976,4,12,35,47,5,15,20,7,20,27,12.0,41.0,53.0,5.0,17.0,22.0,7.0,24.0,31.0,0.4166666666666667,0.42857142857142855,0.4166666666666667,0.4146341463414634,4,4,16,47.0,35.0,107.0,55,495,620,0.0008132500247942081,0.00023802439750074384,0.34285714285616326,0.2926829268285544,0.12171717171717172,0.10020661157024793,0.05414364640883978,0.26077348066298345,0.22727272727272727,0.06814921090387374,0.11003702180172768,0.1970162351908732,0.6363636363636364,0.000716515457261469,0.004999999999999999,0.0006548788474132286,0.0,0.002354292080572362,6.097742564560243e-6,0.005454725776058713,0.04909253198452841
2265479360495033505,6,0,16,16,0,14,14,0,2,2,0.0,17.0,17.0,0.0,14.0,14.0,0.0,3.0,3.0,0.0,0.875,0.0,0.8235294117647058,0,1,5,0.0,18.0,13.0,1,62,93,0.0003372012297927204,0.0,0.0,0.0,0.1323529411764706,0.078125,0.0,0.0,0.0,0.09019607843137255,0.09019607843137255,0.1803921568627451,0.0,0.0005363071481958003,0.005,0.0,0.00037978527718862676,0.0,9.146613846840364e-7,9.917683229197659e-5,0.006148963602102549
6141378005191237454,6,0,9,9,0,8,8,0,1,1,0.0,9.0,9.0,0.0,8.0,8.0,0.0,1.0,1.0,0.0,0.8888888888888888,0.0,0.8888888888888888,0,1,5,0.0,12.0,11.0,1,46,67,0.00017851829812555786,0.0,0.0,0.0,0.16666666666666666,0.07407407407407407,0.0,0.0,0.0,0.08333333333333333,0.08333333333333333,0.16666666666666666,0.0,0.0005363071481958003,0.005000000000000001,0.0,0.0002704759382561317,0.0,6.589495997186069e-7,9.917683229197659e-5,0.0045621342854309235
1930474663125716610,6,16,23,38,7,21,27,9,2,11,16.0,25.0,40.0,7.0,21.0,27.0,9.0,4.0,13.0,0.4375,0.9130434782608695,0.4375,0.84,4,1,10,34.0,26.0,50.0,69,61,486,0.0004760487950014877,0.0002975304968759298,0.695652173910019,0.6399999999974401,0.08819345661450925,0.06281957633308985,0.005797101449275362,0.17681159420289855,0.10952380952380952,0.015873015873015872,0.06695156695156695,0.1267806267806268,0.0,0.0007768132295893714,0.005,0.0006548788474132287,0.0,5.837730034818911e-5,4.779843365123029e-6,0.006843201428146385,0.006049786769810573
7624270571429387422,4,14,11,24,8,10,17,6,1,7,21.0,12.0,32.0,14.0,11.0,24.0,7.0,1.0,8.0,0.5714285714285714,0.9090909090909091,0.6666666666666666,0.9166666666666666,4,2,12,26.0,15.0,74.0,45,133,348,0.0002181890310423485,0.00039670732916790636,1.2727272727157024,1.7499999999854168,0.2012987012987013,0.1564625850340136,0.050746268656716415,0.34626865671641793,0.325,0.1717171717171717,0.23961424332344214,0.3629032258064516,0.9659090909090909,0.0008227712524033387,0.004999999999999999,0.0006548788474132287,0.0,0.000739740673877054,3.422603891075749e-6,0.0044629574531389465,0.013190518694832887
1511468348870526351,4,10,30,40,5,29,34,5,1,6,12.0,33.0,45.0,6.0,32.0,38.0,6.0,1.0,7.0,0.5,0.9666666666666667,0.5,0.9696969696969697,4,2,10,24.0,35.0,73.0,40,140,301,0.0006545670931270456,0.00023802439750074384,0.33333333333222226,0.3636363636352617,0.11522048364153627,0.08911614317019723,0.033873343151693665,0.3946980854197349,0.42592592592592593,0.08098223615464994,0.15424311926605505,0.24691358024691357,0.8409090909090909,0.0008069690467253377,0.004999999999999999,0.0006548788474132289,0.0,0.00034566082137599263,2.9603556644074726e-6,0.0039670732916790635,0.013884756520876724
2112204335366981389,4,3,55,58,3,45,48,0,10,10,3.0,61.0,64.0,3.0,50.0,53.0,0.0,11.0,11.0,1.0,0.8181818181818182,1.0,0.819672131147541,2,5,12,5.0,60.0,74.0,10,531,598,0.0012099573539621144,5.950609937518596e-5,0.05454545454535537,0.049180327868771835,0.06715063520871144,0.05047706986765158,0.028985507246376812,0.5884057971014492,0.3333333333333333,0.04948391013964785,0.07448559670781893,0.12890625,0.045454545454545456,0.000560833967269608,0.004999999999999999,0.0006548788474132281,0.0,0.00043170448511897774,5.881371054204879e-6,0.0009917683229197659,0.05266289794703957
2130079179277932503,4,1,44,45,1,32,33,0,12,12,1.0,46.0,47.0,1.0,34.0,35.0,0.0,12.0,12.0,1.0,0.7272727272727273,1.0,0.7391304347826086,1,4,15,1.0,47.0,84.0,20,260,318,0.0009124268570861847,1.983536645839532e-5,0.022727272727221075,0.021739130434735347,0.07474747474747474,0.05320247933884298,0.11363636363636363,0.4772727272727273,0.0,0.0634479271991911,0.07333010648596322,0.12469074715487383,0.13636363636363635,0.0005622290626224649,0.004999999999999999,0.0006548788474132286,0.0,0.0009945948284233452,3.1275518315002536e-6,0.0019835366458395317,0.025785976395913915
2197213409514956764,4,19,38,57,15,31,46,4,7,11,21.0,40.0,61.0,17.0,32.0,49.0,4.0,8.0,12.0,0.7894736842105263,0.8157894736842105,0.8095238095238095,0.8,4,4,16,47.0,36.0,109.0,68,316,588,0.0007934146583358127,0.0004165426956263017,0.49999999999868416,0.5249999999986875,0.12627551020408162,0.10416666666666667,0.03901170351105332,0.2626788036410923,0.13095238095238096,0.10574324324324325,0.12897526501766785,0.23020579002441577,0.9431818181818182,0.0010375238699728295,0.004999999999999999,0.0006548788474132288,0.0,0.0015779490615095426,5.7830203676797145e-6,0.006744024595854409,0.031339879004264604
2125913685376514297,4,8,19,27,8,18,26,0,1,1,8.0,19.0,27.0,8.0,18.0,26.0,0.0,1.0,1.0,1.0,0.9473684210526315,1.0,0.9473684210526315,3,2,15,14.0,20.0,67.0,36,88,274,0.00037687196270951104,0.00015868293166716255,0.42105263157673134,0.42105263157673134,0.14682539682539683,0.11522633744855967,0.0,0.47368421052631576,0.21428571428571427,0.0,0.11965811965811966,0.23076923076923078,0.0,0.0007821214817762676,0.004999999999999999,0.0006548788474132286,0.0,0.00028209104820930975,2.6948088107895266e-6,0.0035703659625111574,0.008727561241693941
2103131198931770766,4,1,3,4,1,3,4,0,0,0,1.0,4.0,5.0,1.0,4.0,5.0,0.0,0.0,0.0,1.0,1.0,1.0,1.0,1,2,4,1.0,9.0,9.0,7,24,51,7.934146583358127e-5,1.983536645839532e-5,0.3333333333222222,0.24999999999375,0.3,0.125,0.0,0.42857142857142855,0.0,0.125,0.16666666666666666,0.3333333333333333,0.0,0.0005713227322569535,0.004999999999999997,0.000654878847413229,3.434478139807684e-5,0.0,5.015885012783425e-7,0.0006942378260438362,0.0023802439750074383
7616729521328757908,3,7,19,26,7,18,25,0,1,1,7.0,19.0,26.0,7.0,18.0,25.0,0.0,1.0,1.0,1.0,0.9473684210526315,1.0,0.9473684210526315,4,3,11,17.0,20.0,36.0,53,150,290,0.00037687196270951104,0.00013884756520876723,0.3684210526296399,0.3684210526296399,0.1276923076923077,0.0912,0.030303030303030304,0.2196969696969697,0.23809523809523808,0.04678362573099415,0.09104938271604938,0.18108974358974358,0.45454545454545453,0.0006554104453171601,0.004999999999999999,0.0006548788474132287,0.0,0.00021891632808668238,2.852169909229791e-6,0.00525637211147476,0.01487652484379649
7700357011642429494,3,0,34,34,0,33,33,0,1,1,0.0,34.0,34.0,0.0,33.0,33.0,0.0,1.0,1.0,0.0,0.9705882352941176,0.0,0.9705882352941176,0,3,10,0.0,38.0,30.0,1,162,198,0.0006744024595854408,0.0,0.0,0.0,0.06218487394957983,0.03460207612456748,0.0,0.0,0.0,0.034759358288770054,0.034759358288770054,0.0677361853832442,0.0,0.0005363071481958003,0.004999999999999999,0.0,0.0,0.00025991181972406796,1.947343593198271e-6,9.917683229197659e-5,0.01606664683130021
1930474663570309857,4,14,54,68,8,46,54,6,8,14,14.0,55.0,69.0,8.0,47.0,55.0,6.0,8.0,14.0,0.5714285714285714,0.8518518518518519,0.5714285714285714,0.8545454545454545,4,5,16,29.0,66.0,116.0,78,248,567,0.0010909451552117426,0.00027769513041753447,0.25925925925877913,0.2545454545449917,0.09064969271290606,0.0768545333036311,0.01115485564304462,0.24671916010498687,0.0989010989010989,0.06449399656946826,0.08710235879679723,0.16183574879227053,0.07954545454545454,0.0007574134473907165,0.004999999999999998,0.0006548788474132284,0.0,0.0008176609321737249,5.576483925976867e-6,0.007735792918774174,0.024595854408410195
5404499415151897775,3,13,35,48,13,34,47,0,1,1,14.0,35.0,49.0,14.0,34.0,48.0,0.0,1.0,1.0,1.0,0.9714285714285714,1.0,0.9714285714285714,4,3,14,38.0,40.0,58.0,73,160,283,0.0006942378260438362,0.00027769513041753447,0.3714285714275102,0.3999999999988571,0.0927536231884058,0.07111111111111111,0.014909478168264111,0.21192758253461128,0.15178571428571427,0.04789915966386555,0.08228123639529822,0.1525974025974026,0.6931818181818182,0.0008752865142410383,0.004999999999999999,0.0006548788474132287,0.0,0.000565605260950619,2.7833244286621754e-6,0.007239908757314292,0.015868293166716254
1879393072647768022,3,0,48,48,0,47,47,0,1,1,0.0,55.0,55.0,0.0,52.0,52.0,0.0,3.0,3.0,0.0,0.9791666666666666,0.0,0.9454545454545454,0,3,14,0.0,55.0,63.0,1,424,448,0.0010909451552117426,0.0,0.0,0.0,0.0824829931972789,0.06336805555555555,0.0,0.0,0.0,0.07446808510638298,0.07446808510638298,0.14622823984526112,0.0,0.0005363071481958003,0.004999999999999999,0.0,0.00016576166878135012,0.0,4.406110756327402e-6,9.917683229197659e-5,0.04205097689179808
1133332191469884248,7,5,3,8,4,3,7,1,0,1,9.0,4.0,13.0,6.0,4.0,10.0,3.0,0.0,3.0,0.8,1.0,0.6666666666666666,1.0,3,1,5,15.0,6.0,28.0,23,42,169,7.934146583358127e-5,0.00017851829812555786,1.6666666666111112,2.24999999994375,0.2361111111111111,0.140625,0.0,0.10638297872340426,0.2222222222222222,0.0,0.11538461538461539,0.16483516483516483,0.0,0.0007187471856200134,0.004999999999999999,0.0006548788474132284,0.00014135084710886758,0.0,1.662126602275292e-6,0.0022810671427154617,0.0041654269562630165
1879393071838266959,4,0,62,62,0,61,61,0,1,1,0.0,64.0,64.0,0.0,63.0,63.0,0.0,1.0,1.0,0.0,0.9838709677419355,0.0,0.984375,0,4,14,0.0,74.0,55.0,1,129,174,0.0012694634533373004,0.0,0.0,0.0,0.048899129544290834,0.03355879292403746,0.0,0.0,0.0,0.04034323770491803,0.04034323770491803,0.0786372950819672,0.0,0.0005363071481958003,0.004999999999999999,0.0,0.0004699149831114413,0.0,1.7113019455378746e-6,9.917683229197659e-5,0.012793811365664981
1916703923549242550,4,15,84,98,12,82,93,3,2,5,26.0,87.0,111.0,23.0,85.0,106.0,3.0,2.0,5.0,0.8,0.9761904761904762,0.8846153846153846,0.9770114942528736,4,5,16,53.0,91.0,121.0,78,269,424,0.0016860061489636022,0.0004760487950014877,0.178571428571216,0.29885057471230014,0.06603553062178588,0.05517485822306238,0.01926721415034744,0.4096651926721415,0.3189102564102564,0.024390243902439025,0.09078292496171517,0.15838290150216755,0.6022727272727273,0.0008402507844218783,0.004999999999999999,0.000654878847413228,0.0,0.0010847340545162565,4.170069108667005e-6,0.007735792918774174,0.026678567886541705
1916703922697800989,4,15,43,57,13,40,52,2,3,5,19.0,43.0,61.0,15.0,40.0,54.0,4.0,3.0,7.0,0.8666666666666667,0.9302325581395349,0.7894736842105263,0.9302325581395349,4,5,16,45.0,56.0,120.0,73,211,414,0.0008330853912526034,0.00035703659625111573,0.3488372093015143,0.44186046511525146,0.14695210449927432,0.128698224852071,0.03073463268365817,0.5247376311844077,0.31837606837606836,0.06097560975609756,0.16717325227963525,0.28823529411764703,0.7386363636363636,0.0007489383837495261,0.004999999999999999,0.000654878847413228,0.0,0.00022669220121651623,4.0717184221418395e-6,0.007239908757314292,0.02092631161360706
2112454600398992726,4,7,54,61,3,36,39,4,18,22,7.0,55.0,62.0,3.0,37.0,40.0,4.0,18.0,22.0,0.42857142857142855,0.6666666666666666,0.42857142857142855,0.6727272727272727,4,4,16,17.0,56.0,100.0,62,333,639,0.0010909451552117426,0.00013884756520876723,0.12962962962938956,0.12727272727249586,0.06345848757271286,0.048105348024724534,0.010484927916120577,0.21100917431192662,0.14285714285714285,0.034476843910806174,0.05134408602150538,0.09973118279569892,0.0,0.0006897846157554394,0.005,0.0006548788474132291,0.0,0.002921634278778229,6.2846088689580564e-6,0.006148963602102549,0.033025885153228206
9003702909481739102,6,11,23,34,4,19,23,7,4,11,14.0,23.0,37.0,7.0,19.0,26.0,7.0,4.0,11.0,0.36363636363636365,0.8260869565217391,0.5,0.8260869565217391,4,2,10,26.0,24.0,37.0,59,185,538,0.00045621342854309236,0.00027769513041753447,0.478260869563138,0.6086956521712665,0.08522727272727272,0.0546875,0.014059753954305799,0.18453427065026362,0.08571428571428572,0.02766798418972332,0.06790123456790123,0.12554489973844812,0.7045454545454546,0.000809740405082599,0.004999999999999999,0.0006548788474132293,0.0003255633026756355,0.0,5.291266935053888e-6,0.005851433105226619,0.01834771397401567
Canada_MOD,6,0,36,36,0,32,32,0,4,4,0.0,36.0,36.0,0.0,32.0,32.0,0.0,4.0,4.0,0.0,0.8888888888888888,0.0,0.8888888888888888,0,2,7,0.0,40.0,19.0,1,186,219,0.0007140731925022315,0.0,0.0,0.0,0.06306306306306306,0.037037037037037035,0.0,0.0,0.0,0.0373015873015873,0.0373015873015873,0.07142857142857142,0.0,0.0005363071481958003,0.005,0.0,0.0008719850093866777,0.0,2.153880034901118e-6,9.917683229197659e-5,0.018446890806307646
2147778787555104057,4,0,2,2,0,2,2,0,0,0,0.0,2.0,2.0,0.0,2.0,2.0,0.0,0.0,0.0,0.0,1.0,0.0,1.0,0,1,2,0.0,2.0,2.0,1,10,18,3.967073291679064e-5,0.0,0.0,0.0,0.3333333333333333,0.0,0.0,0.0,0.0,0.0,0.0,0.0,0.0,0.0005363071481958003,0.004999999999999999,0.0,1.3690371305163929e-5,0.0,1.7703123574529738e-7,9.917683229197659e-5,0.0009917683229197659
1878305910103740128,3,9,24,33,4,24,28,5,0,5,9.0,25.0,34.0,4.0,25.0,29.0,5.0,0.0,5.0,0.4444444444444444,1.0,0.4444444444444444,1.0,4,3,12,20.0,26.0,42.0,60,113,277,0.0004958841614598829,0.00017851829812555786,0.3749999999984375,0.35999999999856,0.06684491978609626,0.03856749311294766,0.0,0.04081632653061224,0.027777777777777776,0.06173913043478261,0.042738970588235295,0.08272058823529412,0.0,0.0007829133297600977,0.004999999999999998,0.0006548788474132289,0.0,0.00015159893870952956,2.724314016747076e-6,0.005950609937518596,0.011206982048993355
7681502312925247204,6,0,16,16,0,16,16,0,0,0,0.0,16.0,16.0,0.0,16.0,16.0,0.0,0.0,0.0,0.0,1.0,0.0,1.0,0,1,5,0.0,17.0,10.0,1,32,37,0.0003173658633343251,0.0,0.0,0.0,0.09926470588235294,0.04296875,0.0,0.0,0.0,0.04583333333333333,0.04583333333333333,0.09166666666666666,0.0,0.0005363071481958003,0.005000000000000001,0.0,0.0007062454316301148,0.0,3.6389754014311124e-7,9.917683229197659e-5,0.003173658633343251
1879393073868309745,4,0,64,64,0,59,59,0,5,5,0.0,66.0,66.0,0.0,61.0,61.0,0.0,5.0,5.0,0.0,0.921875,0.0,0.9242424242424242,0,5,15,0.0,76.0,84.0,1,214,254,0.0013091341862540911,0.0,0.0,0.0,0.06153846153846154,0.046875,0.0,0.0,0.0,0.05663780663780664,0.05663780663780664,0.10822510822510822,0.0,0.0005363071481958003,0.004999999999999999,0.0,0.0,2.2579226007124475e-5,2.4981074377391964e-6,9.917683229197659e-5,0.02122384211048299
1916703921418535064,4,12,62,74,7,47,54,5,15,20,15.0,64.0,79.0,8.0,48.0,56.0,7.0,16.0,23.0,0.5833333333333334,0.7580645161290323,0.5333333333333333,0.75,4,5,16,32.0,73.0,117.0,77,473,615,0.0012694634533373004,0.0002975304968759298,0.19354838709646202,0.2343749999996338,0.08209255533199195,0.06816326530612245,0.03139810426540284,0.3056872037914692,0.2696969696969697,0.049820696721311473,0.09093277748827515,0.15428361768482848,0.5340909090909091,0.0007221797941090424,0.004999999999999999,0.0006548788474132281,0.0,0.0017073176238362464,6.0485672212976605e-6,0.007636616086482198,0.04691064167410493
1623874686283727234,2,4,39,43,4,38,42,0,1,1,4.0,40.0,44.0,4.0,39.0,43.0,0.0,1.0,1.0,1.0,0.9743589743589743,1.0,0.975,3,3,10,9.0,51.0,33.0,26,212,350,0.0007934146583358127,7.934146583358127e-5,0.10256410256383958,0.09999999999975,0.09136212624584718,0.0691609977324263,0.03503184713375796,0.5127388535031847,0.4166666666666667,0.04342105263157895,0.08504875406283857,0.15465631929046564,0.19318181818181818,0.0005645291663766772,0.005,0.0006548788474132302,0.0009901382057991848,0.0,3.4422740283807823e-6,0.0025785976395913913,0.02102548844589904
2130369746885841466,3,0,30,30,0,19,19,0,11,11,0.0,32.0,32.0,0.0,20.0,20.0,0.0,12.0,12.0,0.0,0.6333333333333333,0.0,0.625,0,4,12,0.0,32.0,42.0,1,274,300,0.0006347317266686502,0.0,0.0,0.0,0.06666666666666667,0.035555555555555556,0.0,0.0,0.0,0.03933189655172414,0.03933189655172414,0.07650862068965517,0.0,0.0005363071481958003,0.004999999999999999,0.0,0.0,0.0009511101923113108,2.950520595754956e-6,9.917683229197659e-5,0.027174452048001587
8424219824736116448,2,13,58,71,9,57,66,4,1,5,20.0,59.0,79.0,16.0,58.0,74.0,4.0,1.0,5.0,0.6923076923076923,0.9827586206896551,0.8,0.9830508474576272,4,4,11,38.0,70.0,79.0,56,328,560,0.0011702866210453239,0.00039670732916790636,0.2241379310340963,0.33898305084688307,0.08735733099209833,0.07284473156605034,0.027139874739039668,0.35908141962421714,0.23541666666666666,0.05144216473386857,0.10862475086066316,0.19006520905255084,0.5681818181818182,0.0006751299266113225,0.005,0.0006548788474132296,0.0013375901579907312,0.0,5.507638445409252e-6,0.00555390260835069,0.032530000991768324
2143260562340720473,4,6,58,64,2,51,53,4,7,11,6.0,66.0,72.0,2.0,57.0,59.0,4.0,9.0,13.0,0.3333333333333333,0.8793103448275862,0.3333333333333333,0.8636363636363636,4,5,15,13.0,60.0,112.0,42,533,652,0.0013091341862540911,0.00011901219875037192,0.1034482758618906,0.09090909090895316,0.05764145954521417,0.04138672399892502,0.06002728512960437,0.17598908594815826,0.3333333333333333,0.04891015417331207,0.06198895027624309,0.10046296296296296,0.4090909090909091,0.0006007683208176964,0.004999999999999998,0.0006548788474132288,0.0,0.0006839648633040207,6.412464761440772e-6,0.0041654269562630165,0.05286125161162353
2199529490684720904,4,3,4,7,2,4,6,1,0,1,3.0,6.0,9.0,2.0,6.0,8.0,1.0,0.0,1.0,0.6666666666666666,1.0,0.6666666666666666,1.0,2,3,4,5.0,8.0,23.0,30,7,117,0.00011901219875037192,5.950609937518596e-5,0.74999999998125,0.49999999999166667,0.43333333333333335,0.24,0.32,0.52,0.3333333333333333,0.5,0.4387755102040816,0.4722222222222222,0.9772727272727273,0.001299627867657836,0.005000000000000001,0.0006548788474132289,0.0,3.982278935121819e-5,1.1507030323444329e-6,0.002975304968759298,0.0006942378260438362
7968729569099259203,3,17,45,61,11,44,54,6,1,7,18.0,46.0,63.0,12.0,45.0,56.0,6.0,1.0,7.0,0.6470588235294118,0.9777777777777777,0.6666666666666666,0.9782608695652174,4,3,14,49.0,51.0,88.0,65,224,457,0.0008925914906277894,0.0003372012297927204,0.3777777777769383,0.39130434782523627,0.06838106370543542,0.0514268727705113,0.014354066985645933,0.18318523581681476,0.11568627450980393,0.03669250645994832,0.0670681631535724,0.11884550084889643,0.3977272727272727,0.0008701225638125747,0.005,0.0006548788474132286,6.703743256508687e-6,0.0,4.49462637420005e-6,0.006446494098978479,0.02221561043340276
2126267591212803991,4,11,50,61,7,31,38,4,19,23,16.0,52.0,68.0,12.0,32.0,44.0,4.0,20.0,24.0,0.6363636363636364,0.62,0.75,0.6153846153846154,4,4,16,45.0,50.0,106.0,57,360,637,0.0010314390558365566,0.0003173658633343251,0.21999999999956,0.30769230769171596,0.08153126826417299,0.06480380499405469,0.024193548387096774,0.30791788856304986,0.23125,0.03355572998430141,0.08570726915520628,0.14912280701754385,0.6704545454545454,0.0007874588390526098,0.005,0.0006548788474132288,0.0,0.0020614289943025055,6.264938731653023e-6,0.005653079440642666,0.03570365962511157
1879393072186395281,4,0,56,56,0,52,52,0,4,4,0.0,57.0,57.0,0.0,53.0,53.0,0.0,4.0,4.0,0.0,0.9285714285714286,0.0,0.9298245614035088,0,5,16,0.0,68.0,99.0,1,248,292,0.0011306158881285331,0.0,0.0,0.0,0.09398496240601503,0.0778061224489796,0.0,0.0,0.0,0.08437001594896332,0.08437001594896332,0.16108452950558214,0.0,0.0005363071481958003,0.004999999999999998,0.0,0.00012175445325568468,0.0,2.871840046534824e-6,9.917683229197659e-5,0.024595854408410195
2102239812507096394,4,3,70,73,3,60,63,0,10,10,5.0,78.0,83.0,5.0,67.0,72.0,0.0,11.0,11.0,1.0,0.8571428571428571,1.0,0.8589743589743589,2,5,16,7.0,69.0,113.0,10,605,659,0.001547158583754835,9.917683229197659e-5,0.04285714285708163,0.06410256410248191,0.064358372456964,0.05078357468756199,0.020761245674740483,0.5899653979238755,0.2,0.05165366034931252,0.07646566164154103,0.13201376936316694,0.20454545454545456,0.0005799296881800002,0.004999999999999999,0.0006548788474132281,0.0,0.0002693062476474273,6.481310242008387e-6,0.0009917683229197659,0.06000198353664584
7690570530706020000,7,4,3,7,4,3,7,0,0,0,5.0,3.0,8.0,5.0,3.0,8.0,0.0,0.0,0.0,1.0,1.0,1.0,1.0,3,1,4,13.0,5.0,9.0,18,46,75,5.950609937518596e-5,9.917683229197659e-5,1.3333333332888888,1.6666666666111112,0.2857142857142857,0.1388888888888889,0.0,0.32,0.23333333333333334,0.0,0.16304347826086957,0.325,0.9772727272727273,0.0010152998417415605,0.0049999999999999975,0.000654878847413229,0.0003144239292913742,0.0,7.37630148938739e-7,0.0017851829812555787,0.0045621342854309235
2186887389832312514,4,11,3,14,6,3,9,5,0,5,13.0,3.0,16.0,8.0,3.0,11.0,5.0,0.0,5.0,0.5454545454545454,1.0,0.6153846153846154,1.0,4,3,9,20.0,5.0,28.0,36,40,271,5.950609937518596e-5,0.00025785976395913915,3.6666666665444443,4.333333333188889,0.17582417582417584,0.10650887573964497,0.07246376811594203,0.10144927536231885,0.13846153846153847,0.0,0.11707317073170732,0.14583333333333334,0.9772727272727273,0.0021980582555600806,0.004999999999999998,0.0006548788474132289,0.0,0.0003771192207511209,2.665303604831977e-6,0.0035703659625111574,0.0039670732916790635
9155933307207621100,6,0,8,8,0,8,8,0,0,0,0.0,8.0,8.0,0.0,8.0,8.0,0.0,0.0,0.0,0.0,1.0,0.0,1.0,0,1,2,0.0,11.0,3.0,1,44,52,0.00015868293166716255,0.0,0.0,0.0,0.1111111111111111,0.0,0.0,0.0,0.0,0.0,0.0,0.0,0.0,0.0005363071481958003,0.005000000000000001,0.0,0.00035210420262776765,0.0,5.114235699308591e-7,9.917683229197659e-5,0.0043637806208469705
1927749397570438458,6,0,8,8,0,8,8,0,0,0,0.0,8.0,8.0,0.0,8.0,8.0,0.0,0.0,0.0,0.0,1.0,0.0,1.0,0,1,2,0.0,11.0,3.0,1,44,52,0.00015868293166716255,0.0,0.0,0.0,0.1111111111111111,0.0,0.0,0.0,0.0,0.0,0.0,0.0,0.0,0.0005363071481958003,0.005000000000000001,0.0,0.00035210420262776765,0.0,5.114235699308591e-7,9.917683229197659e-5,0.0043637806208469705
7686471080249372445,6,0,1,1,0,1,1,0,0,0,0.0,1.0,1.0,0.0,1.0,1.0,0.0,0.0,0.0,0.0,1.0,0.0,1.0,0,1,1,0.0,1.0,1.0,1,31,38,1.983536645839532e-5,0.0,0.0,0.0,0.5,0.0,0.0,0.0,0.0,0.0,0.0,0.0,0.0,0.0005363071481958003,0.005000000000000003,0.0,4.390192994718767e-5,0.0,3.7373260879562777e-7,9.917683229197659e-5,0.0030744818010512744
8846865398634717977,6,0,1,1,0,1,1,0,0,0,0.0,1.0,1.0,0.0,1.0,1.0,0.0,0.0,0.0,0.0,1.0,0.0,1.0,0,1,1,0.0,1.0,1.0,1,31,38,1.983536645839532e-5,0.0,0.0,0.0,0.5,0.0,0.0,0.0,0.0,0.0,0.0,0.0,0.0,0.0005363071481958003,0.005000000000000003,0.0,4.390192994718767e-5,0.0,3.7373260879562777e-7,9.917683229197659e-5,0.0030744818010512744
1930837050303450882,2,0,2,2,0,2,2,0,0,0,0.0,2.0,2.0,0.0,2.0,2.0,0.0,0.0,0.0,0.0,1.0,0.0,1.0,0,0,2,0.0,2.0,2.0,1,3,13,3.967073291679064e-5,0.0,0.0,0.0,0.3333333333333333,0.0,0.0,0.0,0.0,0.0,0.0,0.0,0.0,0.0005363071481958003,0.005000000000000001,0.0,4.900521652839718e-5,0.0,1.2785589248271477e-7,9.917683229197659e-5,0.0002975304968759298
1930837051217807894,2,0,4,4,0,4,4,0,0,0,0.0,4.0,4.0,0.0,4.0,4.0,0.0,0.0,0.0,0.0,1.0,0.0,1.0,0,0,3,0.0,9.0,6.0,1,5,18,7.934146583358127e-5,0.0,0.0,0.0,0.2,0.0,0.0,0.0,0.0,0.0,0.0,0.0,0.0,0.0005363071481958003,0.005000000000000001,0.0,9.810406318866427e-5,0.0,1.7703123574529738e-7,9.917683229197659e-5,0.0004958841614598829
1930837051553352659,2,0,4,4,0,4,4,0,0,0,0.0,4.0,4.0,0.0,4.0,4.0,0.0,0.0,0.0,0.0,1.0,0.0,1.0,0,0,3,0.0,9.0,6.0,1,5,18,7.934146583358127e-5,0.0,0.0,0.0,0.2,0.0,0.0,0.0,0.0,0.0,0.0,0.0,0.0,0.0005363071481958003,0.005000000000000001,0.0,9.810406318866427e-5,0.0,1.7703123574529738e-7,9.917683229197659e-5,0.0004958841614598829
1930837049443617384,2,0,3,3,0,3,3,0,0,0,0.0,3.0,3.0,0.0,3.0,3.0,0.0,0.0,0.0,0.0,1.0,0.0,1.0,0,0,3,0.0,5.0,4.0,1,4,16,5.950609937518596e-5,0.0,0.0,0.0,0.25,0.0,0.0,0.0,0.0,0.0,0.0,0.0,0.0,0.0005363071481958003,0.005000000000000001,0.0,7.354292941652574e-5,0.0,1.5736109844026434e-7,9.917683229197659e-5,0.00039670732916790636
1930837047828810296,2,0,3,3,0,3,3,0,0,0,0.0,3.0,3.0,0.0,3.0,3.0,0.0,0.0,0.0,0.0,1.0,0.0,1.0,0,0,3,0.0,5.0,4.0,1,4,16,5.950609937518596e-5,0.0,0.0,0.0,0.25,0.0,0.0,0.0,0.0,0.0,0.0,0.0,0.0,0.0005363071481958003,0.005000000000000001,0.0,7.354292941652574e-5,0.0,1.5736109844026434e-7,9.917683229197659e-5,0.00039670732916790636
1435699851667965822,5,2,0,2,2,0,2,0,0,0,2.0,0.0,2.0,2.0,0.0,2.0,0.0,0.0,0.0,1.0,0.0,1.0,0.0,1,0,2,2.0,0.0,2.0,18,1,192,0.0,3.967073291679064e-5,0.0,0.0,0.5,0.25,0.0,0.0,0.5,0.0,0.5,1.0,0.0,0.0005489079264210608,0.0,0.0006548788474132285,4.18943087797663e-5,0.0,1.888333181283172e-6,0.0017851829812555787,9.917683229197659e-5
1750955898634768081,5,4,0,4,4,0,4,0,0,0,4.0,0.0,4.0,4.0,0.0,4.0,0.0,0.0,0.0,1.0,0.0,1.0,0.0,3,0,4,5.0,0.0,7.0,44,1,251,0.0,7.934146583358127e-5,0.0,0.0,0.3,0.125,0.0,0.0,0.16666666666666666,0.0,0.16666666666666666,0.3333333333333333,0.0,0.0005766141684376852,0.0,0.0006548788474132287,8.387615567384543e-5,0.0,2.4686022317816468e-6,0.0043637806208469705,9.917683229197659e-5
1254897282222917916,5,10,0,10,9,0,9,1,0,1,10.0,0.0,10.0,9.0,0.0,9.0,1.0,0.0,1.0,0.9,0.0,0.9,0.0,4,0,10,29.0,0.0,30.0,70,1,491,0.0,0.00019835366458395318,0.0,0.0,0.4090909090909091,0.35,0.0,0.0,0.3888888888888889,0.0,0.3888888888888889,0.6444444444444445,0.0,0.0006355052295381232,0.0,0.0006548788474132288,0.00010488698616650804,0.0,4.829018708385611e-6,0.006942378260438362,9.917683229197659e-5
1769732353472597654,5,6,0,6,6,0,6,0,0,0,6.0,0.0,6.0,6.0,0.0,6.0,0.0,0.0,0.0,1.0,0.0,1.0,0.0,3,0,6,13.0,0.0,14.0,36,1,231,0.0,0.00011901219875037192,0.0,0.0,0.30952380952380953,0.19444444444444445,0.0,0.0,0.23333333333333334,0.0,0.23333333333333334,0.4,0.0,0.0005936969781125904,0.0,0.0006548788474132281,0.00012594564166568123,0.0,2.271900858731316e-6,0.0035703659625111574,9.917683229197659e-5
1666231705968576460,5,1,0,1,1,0,1,0,0,0,1.0,0.0,1.0,1.0,0.0,1.0,0.0,0.0,0.0,1.0,0.0,1.0,0.0,1,0,1,1.0,0.0,1.0,3,1,98,0.0,1.983536645839532e-5,0.0,0.0,0.5,0.0,0.0,0.0,0.0,0.0,0.0,0.0,0.0,0.0005418721174626282,0.0,0.0006548788474132281,2.093621843213267e-5,0.0,9.63836727946619e-7,0.0002975304968759298,9.917683229197659e-5
1670980827007158419,5,11,0,11,11,0,11,0,0,0,11.0,0.0,11.0,11.0,0.0,11.0,0.0,0.0,0.0,1.0,0.0,1.0,0.0,4,0,11,29.0,0.0,33.0,61,1,374,0.0,0.0002181890310423485,0.0,0.0,0.3181818181818182,0.256198347107438,0.0,0.0,0.2818181818181818,0.0,0.2818181818181818,0.4909090909090909,0.0,0.0006386278361029881,0.0,0.0006548788474132286,0.0002315034415308892,0.0,3.6783156760411786e-6,0.006049786769810573,9.917683229197659e-5
1500712776429995029,5,9,0,9,8,0,8,1,0,1,9.0,0.0,9.0,8.0,0.0,8.0,1.0,0.0,1.0,0.8888888888888888,0.0,0.8888888888888888,0.0,4,0,9,24.0,0.0,28.0,57,1,457,0.0,0.00017851829812555786,0.0,0.0,0.35555555555555557,0.2839506172839506,0.0,0.0,0.3194444444444444,0.0,0.3194444444444444,0.5555555555555556,0.0,0.0006201237518907896,0.0,0.0006548788474132289,8.377458604902355e-5,0.0,4.49462637420005e-6,0.005653079440642666,9.917683229197659e-5
1808933164068898676,5,3,0,3,3,0,3,0,0,0,3.0,0.0,3.0,3.0,0.0,3.0,0.0,0.0,0.0,1.0,0.0,1.0,0.0,2,0,3,3.0,0.0,4.0,32,1,183,0.0,5.950609937518596e-5,0.0,0.0,0.5833333333333334,0.4444444444444444,0.0,0.0,0.6666666666666666,0.0,0.6666666666666666,1.0,0.0,0.0005662016702145513,0.0,0.0006548788474132284,6.287428365403525e-5,0.0,1.7998175634105232e-6,0.003173658633343251,9.917683229197659e-5
1765810407978569303,5,8,0,8,7,0,7,1,0,1,8.0,0.0,8.0,7.0,0.0,7.0,1.0,0.0,1.0,0.875,0.0,0.875,0.0,4,0,8,17.0,0.0,23.0,61,1,469,0.0,0.00015868293166716255,0.0,0.0,0.3611111111111111,0.28125,0.0,0.0,0.32142857142857145,0.0,0.32142857142857145,0.5714285714285714,0.0,0.0006036345691787535,0.0,0.0006548788474132289,6.268415232646429e-5,0.0,4.612647198030248e-6,0.006049786769810573,9.917683229197659e-5
1627453308828386033,5,8,0,8,7,0,7,1,0,1,8.0,0.0,8.0,7.0,0.0,7.0,1.0,0.0,1.0,0.875,0.0,0.875,0.0,4,0,8,17.0,0.0,23.0,41,1,454,0.0,0.00015868293166716255,0.0,0.0,0.25,0.15625,0.0,0.0,0.17857142857142858,0.0,0.17857142857142858,0.35714285714285715,0.0,0.0005850273806712011,0.0,0.0006548788474132288,6.268415232646429e-5,0.0,4.4651211682425e-6,0.0040662501239710405,9.917683229197659e-5
1304208130627863475,5,3,0,3,3,0,3,0,0,0,3.0,0.0,3.0,3.0,0.0,3.0,0.0,0.0,0.0,1.0,0.0,1.0,0.0,1,0,3,3.0,0.0,4.0,18,1,231,0.0,5.950609937518596e-5,0.0,0.0,0.25,0.0,0.0,0.0,0.0,0.0,0.0,0.0,0.0,0.000553737027022795,0.0,0.0006548788474132288,6.287428365403525e-5,0.0,2.271900858731316e-6,0.0017851829812555787,9.917683229197659e-5
1293000026808650055,5,9,0,9,9,0,9,0,0,0,9.0,0.0,9.0,9.0,0.0,9.0,0.0,0.0,0.0,1.0,0.0,1.0,0.0,4,0,9,26.0,0.0,28.0,58,1,301,0.0,0.00017851829812555786,0.0,0.0,0.28888888888888886,0.20987654320987653,0.0,0.0,0.2361111111111111,0.0,0.2361111111111111,0.4166666666666667,0.0,0.0006234870442063659,0.0,0.0006548788474132286,0.0001892144151710573,0.0,2.9603556644074726e-6,0.005752256272934643,9.917683229197659e-5
1227141866168781055,5,6,0,6,6,0,6,0,0,0,6.0,0.0,6.0,6.0,0.0,6.0,0.0,0.0,0.0,1.0,0.0,1.0,0.0,4,0,6,13.0,0.0,14.0,40,1,286,0.0,0.00011901219875037192,0.0,0.0,0.30952380952380953,0.19444444444444445,0.0,0.0,0.23333333333333334,0.0,0.23333333333333334,0.4666666666666667,0.0,0.00058538343711444,0.0,0.0006548788474132286,0.00012594564166568123,0.0,2.812829634619725e-6,0.0039670732916790635,9.917683229197659e-5
1287693004701697564,5,7,0,7,7,0,7,0,0,0,7.0,0.0,7.0,7.0,0.0,7.0,0.0,0.0,0.0,1.0,0.0,1.0,0.0,4,0,7,17.0,0.0,15.0,46,1,273,0.0,0.00013884756520876723,0.0,0.0,0.3392857142857143,0.24489795918367346,0.0,0.0,0.2857142857142857,0.0,0.2857142857142857,0.5238095238095238,0.0,0.0005969936380035509,0.0,0.0006548788474132286,0.0001470132809149316,0.0,2.68497374213701e-6,0.0045621342854309235,9.917683229197659e-5
1819341368397400341,5,8,0,8,8,0,8,0,0,0,8.0,0.0,8.0,8.0,0.0,8.0,0.0,0.0,0.0,1.0,0.0,1.0,0.0,4,0,8,26.0,0.0,23.0,49,1,298,0.0,0.00015868293166716255,0.0,0.0,0.375,0.296875,0.0,0.0,0.3392857142857143,0.0,0.3392857142857143,0.6071428571428571,0.0,0.0006064943764756464,0.0,0.0006548788474132286,0.00016810286786395068,0.0,2.930850458449923e-6,0.0048596647823068535,9.917683229197659e-5
1711588411715879101,5,12,0,12,12,0,12,0,0,0,12.0,0.0,12.0,12.0,0.0,12.0,0.0,0.0,0.0,1.0,0.0,1.0,0.0,4,0,11,32.0,0.0,37.0,64,1,400,0.0,0.00023802439750074384,0.0,0.0,0.33974358974358976,0.2847222222222222,0.0,0.0,0.3106060606060606,0.0,0.3106060606060606,0.5757575757575758,0.0,0.0006406924427095778,0.0,0.0006548788474132285,0.0002526809459389989,0.0,3.934027461006608e-6,0.006347317266686502,9.917683229197659e-5
1388137183566629244,5,5,0,5,5,0,5,0,0,0,5.0,0.0,5.0,5.0,0.0,5.0,0.0,0.0,0.0,1.0,0.0,1.0,0.0,3,0,5,9.0,0.0,9.0,34,1,289,0.0,9.917683229197659e-5,0.0,0.0,0.3,0.16,0.0,0.0,0.2,0.0,0.2,0.4,0.0,0.0005715033290974897,0.0,0.0006548788474132286,0.0001048999374662074,0.0,2.8423348405772746e-6,0.0033720122979272044,9.917683229197659e-5
1221471144700282399,5,5,0,5,5,0,5,0,0,0,5.0,0.0,5.0,5.0,0.0,5.0,0.0,0.0,0.0,1.0,0.0,1.0,0.0,3,0,5,9.0,0.0,9.0,34,1,280,0.0,9.917683229197659e-5,0.0,0.0,0.3,0.16,0.0,0.0,0.2,0.0,0.2,0.4,0.0,0.0005690493074686502,0.0,0.0006548788474132285,0.0001048999374662074,0.0,2.753819222704626e-6,0.0033720122979272044,9.917683229197659e-5
1491068508262367394,5,9,0,9,9,0,9,0,0,0,9.0,0.0,9.0,9.0,0.0,9.0,0.0,0.0,0.0,1.0,0.0,1.0,0.0,4,0,9,26.0,0.0,28.0,56,1,415,0.0,0.00017851829812555786,0.0,0.0,0.32222222222222224,0.24691358024691357,0.0,0.0,0.2777777777777778,0.0,0.2777777777777778,0.5277777777777778,0.0,0.0006027169106479157,0.0,0.0006548788474132287,0.0001892144151710573,0.0,4.0815534907943565e-6,0.00555390260835069,9.917683229197659e-5
1541316506950830498,5,10,0,10,10,0,10,0,0,0,10.0,0.0,10.0,10.0,0.0,10.0,0.0,0.0,0.0,1.0,0.0,1.0,0.0,4,0,10,26.0,0.0,30.0,59,1,392,0.0,0.00019835366458395318,0.0,0.0,0.34545454545454546,0.28,0.0,0.0,0.3111111111111111,0.0,0.3111111111111111,0.6,0.0,0.0006213360946448629,0.0,0.0006548788474132288,0.00021034793550211983,0.0,3.855346911786476e-6,0.005851433105226619,9.917683229197659e-5
1788350665827811357,5,4,0,4,4,0,4,0,0,0,4.0,0.0,4.0,4.0,0.0,4.0,0.0,0.0,0.0,1.0,0.0,1.0,0.0,1,0,4,5.0,0.0,7.0,19,1,257,0.0,7.934146583358127e-5,0.0,0.0,0.2,0.0,0.0,0.0,0.0,0.0,0.0,0.0,0.0,0.0005593200744398549,0.0,0.0006548788474132286,8.387615567384543e-5,0.0,2.527612643696746e-6,0.0018843598135475552,9.917683229197659e-5
1427816192650774225,5,9,0,9,8,0,8,1,0,1,9.0,0.0,9.0,8.0,0.0,8.0,1.0,0.0,1.0,0.8888888888888888,0.0,0.8888888888888888,0.0,4,0,9,26.0,0.0,28.0,49,1,412,0.0,0.00017851829812555786,0.0,0.0,0.3,0.2222222222222222,0.0,0.0,0.25,0.0,0.25,0.4722222222222222,0.0,0.0006059925310599946,0.0,0.0006548788474132289,8.377458604902355e-5,0.0,4.0520482848368064e-6,0.0048596647823068535,9.917683229197659e-5
1440698257549295848,5,6,0,6,5,0,5,1,0,1,6.0,0.0,6.0,5.0,0.0,5.0,1.0,0.0,1.0,0.8333333333333334,0.0,0.8333333333333334,0.0,4,0,6,13.0,0.0,14.0,45,1,413,0.0,0.00011901219875037192,0.0,0.0,0.3333333333333333,0.2222222222222222,0.0,0.0,0.26666666666666666,0.0,0.26666666666666666,0.5333333333333333,0.0,0.000579494599523971,0.0,0.0006548788474132293,2.0569133421743935e-5,0.0,4.061883353489323e-6,0.0044629574531389465,9.917683229197659e-5
1260576585262566884,5,12,0,12,11,0,11,1,0,1,12.0,0.0,12.0,11.0,0.0,11.0,1.0,0.0,1.0,0.9166666666666666,0.0,0.9166666666666666,0.0,4,0,11,26.0,0.0,37.0,62,1,482,0.0,0.00023802439750074384,0.0,0.0,0.33974358974358976,0.2847222222222222,0.0,0.0,0.3106060606060606,0.0,0.3106060606060606,0.5454545454545454,0.0,0.0006469146400640311,0.0,0.0006548788474132286,0.00014717773627803687,0.0,4.740503090512963e-6,0.006148963602102549,9.917683229197659e-5
1391202519534797982,5,5,0,5,5,0,5,0,0,0,5.0,0.0,5.0,5.0,0.0,5.0,0.0,0.0,0.0,1.0,0.0,1.0,0.0,2,0,5,9.0,0.0,9.0,29,1,275,0.0,9.917683229197659e-5,0.0,0.0,0.16666666666666666,0.0,0.0,0.0,0.0,0.0,0.0,0.0,0.0,0.0005659151766779641,0.0,0.0006548788474132285,0.0001048999374662074,0.0,2.704643879442043e-6,0.0028761281364673213,9.917683229197659e-5
1235468493780943459,5,7,0,7,6,0,6,1,0,1,7.0,0.0,7.0,6.0,0.0,6.0,1.0,0.0,1.0,0.8571428571428571,0.0,0.8571428571428571,0.0,4,0,7,15.0,0.0,15.0,47,1,372,0.0,0.00013884756520876723,0.0,0.0,0.19642857142857142,0.08163265306122448,0.0,0.0,0.09523809523809523,0.0,0.09523809523809523,0.19047619047619047,0.0,0.0005981456364503631,0.0,0.000654878847413229,4.161567233584851e-5,0.0,3.6586455387361456e-6,0.0046613111177229,9.917683229197659e-5
1864197683841860635,5,7,0,7,6,0,6,1,0,1,7.0,0.0,7.0,6.0,0.0,6.0,1.0,0.0,1.0,0.8571428571428571,0.0,0.8571428571428571,0.0,4,0,7,15.0,0.0,15.0,45,1,405,0.0,0.00013884756520876723,0.0,0.0,0.375,0.2857142857142857,0.0,0.0,0.3333333333333333,0.0,0.3333333333333333,0.5714285714285714,0.0,0.0005990662961561417,0.0,0.0006548788474132287,4.161567233584851e-5,0.0,3.983202804269191e-6,0.0044629574531389465,9.917683229197659e-5
1224845171900812546,5,1,0,1,1,0,1,0,0,0,1.0,0.0,1.0,1.0,0.0,1.0,0.0,0.0,0.0,1.0,0.0,1.0,0.0,1,0,1,1.0,0.0,1.0,3,1,98,0.0,1.983536645839532e-5,0.0,0.0,0.5,0.0,0.0,0.0,0.0,0.0,0.0,0.0,0.0,0.0005418721174626282,0.0,0.0006548788474132281,2.093621843213267e-5,0.0,9.63836727946619e-7,0.0002975304968759298,9.917683229197659e-5
1525089259655004704,5,4,0,4,4,0,4,0,0,0,4.0,0.0,4.0,4.0,0.0,4.0,0.0,0.0,0.0,1.0,0.0,1.0,0.0,2,0,4,5.0,0.0,7.0,30,1,199,0.0,7.934146583358127e-5,0.0,0.0,0.4,0.25,0.0,0.0,0.3333333333333333,0.0,0.3333333333333333,0.5,0.0,0.0005778090223089202,0.0,0.0006548788474132283,8.387615567384543e-5,0.0,1.9571786618507875e-6,0.002975304968759298,9.917683229197659e-5
1300125197847757234,5,10,0,10,9,0,9,1,0,1,10.0,0.0,10.0,9.0,0.0,9.0,1.0,0.0,1.0,0.9,0.0,0.9,0.0,4,0,10,25.0,0.0,30.0,66,1,414,0.0,0.00019835366458395318,0.0,0.0,0.3090909090909091,0.24,0.0,0.0,0.26666666666666666,0.0,0.26666666666666666,0.4666666666666667,0.0,0.0006319452131622019,0.0,0.0006548788474132288,0.00010488698616650804,0.0,4.0717184221418395e-6,0.006545670931270455,9.917683229197659e-5
1543129895956120958,5,4,0,4,4,0,4,0,0,0,4.0,0.0,4.0,4.0,0.0,4.0,0.0,0.0,0.0,1.0,0.0,1.0,0.0,2,0,4,5.0,0.0,7.0,27,1,263,0.0,7.934146583358127e-5,0.0,0.0,0.35,0.1875,0.0,0.0,0.25,0.0,0.25,0.5,0.0,0.0005611658096727581,0.0,0.0006548788474132286,8.387615567384543e-5,0.0,2.5866230556118447e-6,0.002677774471883368,9.917683229197659e-5
1723197708270833378,5,6,0,6,6,0,6,0,0,0,6.0,0.0,6.0,6.0,0.0,6.0,0.0,0.0,0.0,1.0,0.0,1.0,0.0,4,0,6,13.0,0.0,14.0,43,1,319,0.0,0.00011901219875037192,0.0,0.0,0.38095238095238093,0.2777777777777778,0.0,0.0,0.3333333333333333,0.0,0.3333333333333333,0.6666666666666666,0.0,0.0005867318999771249,0.0,0.0006548788474132284,0.00012594564166568123,0.0,3.13738690015277e-6,0.0042646037885549935,9.917683229197659e-5
1245071649116520649,5,4,0,4,4,0,4,0,0,0,4.0,0.0,4.0,4.0,0.0,4.0,0.0,0.0,0.0,1.0,0.0,1.0,0.0,3,0,4,5.0,0.0,7.0,44,1,251,0.0,7.934146583358127e-5,0.0,0.0,0.3,0.125,0.0,0.0,0.16666666666666666,0.0,0.16666666666666666,0.3333333333333333,0.0,0.0005766141684376852,0.0,0.0006548788474132287,8.387615567384543e-5,0.0,2.4686022317816468e-6,0.0043637806208469705,9.917683229197659e-5
1646899100479653707,5,10,0,10,10,0,10,0,0,0,10.0,0.0,10.0,10.0,0.0,10.0,0.0,0.0,0.0,1.0,0.0,1.0,0.0,4,0,10,26.0,0.0,30.0,51,1,300,0.0,0.00019835366458395318,0.0,0.0,0.2727272727272727,0.2,0.0,0.0,0.2222222222222222,0.0,0.2222222222222222,0.4222222222222222,0.0,0.0006283393813053256,0.0,0.0006548788474132286,0.00021034793550211983,0.0,2.950520595754956e-6,0.0050580184468908065,9.917683229197659e-5
1621134434939961720,5,4,0,4,4,0,4,0,0,0,4.0,0.0,4.0,4.0,0.0,4.0,0.0,0.0,0.0,1.0,0.0,1.0,0.0,2,0,4,5.0,0.0,7.0,37,1,252,0.0,7.934146583358127e-5,0.0,0.0,0.2,0.0,0.0,0.0,0.0,0.0,0.0,0.0,0.0,0.0005748688709508477,0.0,0.0006548788474132287,8.387615567384543e-5,0.0,2.4784373004341633e-6,0.003669542794803134,9.917683229197659e-5
1788229947983135703,5,1,0,1,1,0,1,0,0,0,1.0,0.0,1.0,1.0,0.0,1.0,0.0,0.0,0.0,1.0,0.0,1.0,0.0,1,0,1,1.0,0.0,1.0,3,1,98,0.0,1.983536645839532e-5,0.0,0.0,0.5,0.0,0.0,0.0,0.0,0.0,0.0,0.0,0.0,0.0005418721174626282,0.0,0.0006548788474132281,2.093621843213267e-5,0.0,9.63836727946619e-7,0.0002975304968759298,9.917683229197659e-5
1431712476516321518,5,7,0,7,7,0,7,0,0,0,7.0,0.0,7.0,7.0,0.0,7.0,0.0,0.0,0.0,1.0,0.0,1.0,0.0,4,0,7,17.0,0.0,15.0,54,1,338,0.0,0.00013884756520876723,0.0,0.0,0.35714285714285715,0.2653061224489796,0.0,0.0,0.30952380952380953,0.0,0.30952380952380953,0.5714285714285714,0.0,0.0005931340578498091,0.0,0.0006548788474132288,0.0001470132809149316,0.0,3.324253204550584e-6,0.005355548943766736,9.917683229197659e-5
1241838697867906959,5,3,0,3,3,0,3,0,0,0,3.0,0.0,3.0,3.0,0.0,3.0,0.0,0.0,0.0,1.0,0.0,1.0,0.0,1,0,3,3.0,0.0,4.0,14,1,203,0.0,5.950609937518596e-5,0.0,0.0,0.25,0.0,0.0,0.0,0.0,0.0,0.0,0.0,0.0,0.0005540502671177971,0.0,0.000654878847413228,6.287428365403525e-5,0.0,1.9965189364608536e-6,0.0013884756520876724,9.917683229197659e-5
1346346195139692314,5,9,0,9,8,0,8,1,0,1,9.0,0.0,9.0,8.0,0.0,8.0,1.0,0.0,1.0,0.8888888888888888,0.0,0.8888888888888888,0.0,4,0,9,26.0,0.0,28.0,56,1,440,0.0,0.00017851829812555786,0.0,0.0,0.32222222222222224,0.24691358024691357,0.0,0.0,0.2777777777777778,0.0,0.2777777777777778,0.5277777777777778,0.0,0.0006056010796692806,0.0,0.0006548788474132289,8.377458604902355e-5,0.0,4.327430207107269e-6,0.00555390260835069,9.917683229197659e-5
1514162347898310464,5,6,0,6,5,0,5,1,0,1,6.0,0.0,6.0,5.0,0.0,5.0,1.0,0.0,1.0,0.8333333333333334,0.0,0.8333333333333334,0.0,4,0,6,13.0,0.0,14.0,41,1,439,0.0,0.00011901219875037192,0.0,0.0,0.3333333333333333,0.2222222222222222,0.0,0.0,0.26666666666666666,0.0,0.26666666666666666,0.5333333333333333,0.0,0.0005752244303328663,0.0,0.000654878847413229,2.0569133421743935e-5,0.0,4.317595138454752e-6,0.0040662501239710405,9.917683229197659e-5
1833266567064849652,2,12,0,12,7,0,7,5,0,5,12.0,0.0,12.0,7.0,0.0,7.0,5.0,0.0,5.0,0.5833333333333334,0.0,0.5833333333333334,0.0,4,0,11,26.0,0.0,37.0,53,1,539,0.0,0.00023802439750074384,0.0,0.0,0.25,0.1875,0.0,0.0,0.19696969696969696,0.0,0.19696969696969696,0.30303030303030304,0.0,0.0006228561343558301,0.0,0.0006548788474132293,0.0,0.00048563134007983955,5.301102003706405e-6,0.00525637211147476,9.917683229197659e-5
1424606761339323310,5,11,0,11,10,0,10,1,0,1,11.0,0.0,11.0,10.0,0.0,10.0,1.0,0.0,1.0,0.9090909090909091,0.0,0.9090909090909091,0.0,4,0,11,26.0,0.0,33.0,55,1,432,0.0,0.0002181890310423485,0.0,0.0,0.25,0.18181818181818182,0.0,0.0,0.2,0.0,0.2,0.4,0.0,0.0006184857075440085,0.0,0.0006548788474132288,0.00012602136534989317,0.0,4.248749657887137e-6,0.005454725776058713,9.917683229197659e-5
1817818751937019977,5,6,0,6,6,0,6,0,0,0,6.0,0.0,6.0,6.0,0.0,6.0,0.0,0.0,0.0,1.0,0.0,1.0,0.0,4,0,6,13.0,0.0,14.0,56,1,304,0.0,0.00011901219875037192,0.0,0.0,0.40476190476190477,0.3055555555555556,0.0,0.0,0.36666666666666664,0.0,0.36666666666666664,0.6,0.0,0.0005979076258048441,0.0,0.0006548788474132285,0.00012594564166568123,0.0,2.989860870365022e-6,0.00555390260835069,9.917683229197659e-5
1729727014551684544,5,6,0,6,6,0,6,0,0,0,6.0,0.0,6.0,6.0,0.0,6.0,0.0,0.0,0.0,1.0,0.0,1.0,0.0,3,0,6,13.0,0.0,14.0,42,1,369,0.0,0.00011901219875037192,0.0,0.0,0.30952380952380953,0.19444444444444445,0.0,0.0,0.23333333333333334,0.0,0.23333333333333334,0.4666666666666667,0.0,0.000578845254025424,0.0,0.000654878847413229,0.00012594564166568123,0.0,3.629140332778596e-6,0.0041654269562630165,9.917683229197659e-5
1365840794698648959,5,8,0,8,7,0,7,1,0,1,8.0,0.0,8.0,7.0,0.0,7.0,1.0,0.0,1.0,0.875,0.0,0.875,0.0,4,0,8,15.0,0.0,23.0,48,1,425,0.0,0.00015868293166716255,0.0,0.0,0.2916666666666667,0.203125,0.0,0.0,0.23214285714285715,0.0,0.23214285714285715,0.4642857142857143,0.0,0.0006027001721446035,0.0,0.0006548788474132292,6.268415232646429e-5,0.0,4.179904177319521e-6,0.0047604879500148765,9.917683229197659e-5
1551526614943141268,5,7,0,7,6,0,6,1,0,1,7.0,0.0,7.0,6.0,0.0,6.0,1.0,0.0,1.0,0.8571428571428571,0.0,0.8571428571428571,0.0,4,0,7,15.0,0.0,15.0,36,1,345,0.0,0.00013884756520876723,0.0,0.0,0.35714285714285715,0.2653061224489796,0.0,0.0,0.30952380952380953,0.0,0.30952380952380953,0.5714285714285714,0.0,0.0005933292401003897,0.0,0.0006548788474132286,4.161567233584851e-5,0.0,3.3930986851181996e-6,0.0035703659625111574,9.917683229197659e-5
1752832234005463375,5,6,0,6,6,0,6,0,0,0,6.0,0.0,6.0,6.0,0.0,6.0,0.0,0.0,0.0,1.0,0.0,1.0,0.0,3,0,6,13.0,0.0,14.0,33,1,284,0.0,0.00011901219875037192,0.0,0.0,0.30952380952380953,0.19444444444444445,0.0,0.0,0.23333333333333334,0.0,0.23333333333333334,0.4666666666666667,0.0,0.0005756196937319163,0.0,0.0006548788474132285,0.00012594564166568123,0.0,2.793159497314692e-6,0.0032728354656352274,9.917683229197659e-5
1805384669424779952,5,12,0,12,11,0,11,1,0,1,12.0,0.0,12.0,11.0,0.0,11.0,1.0,0.0,1.0,0.9166666666666666,0.0,0.9166666666666666,0.0,4,0,11,26.0,0.0,37.0,63,1,448,0.0,0.00023802439750074384,0.0,0.0,0.30128205128205127,0.24305555555555555,0.0,0.0,0.26515151515151514,0.0,0.26515151515151514,0.4696969696969697,0.0,0.000641031514315989,0.0,0.0006548788474132288,0.00014717773627803687,0.0,4.406110756327402e-6,0.006248140434394526,9.917683229197659e-5
1628720122782812429,5,8,0,8,7,0,7,1,0,1,8.0,0.0,8.0,7.0,0.0,7.0,1.0,0.0,1.0,0.875,0.0,0.875,0.0,4,0,8,15.0,0.0,23.0,53,1,392,0.0,0.00015868293166716255,0.0,0.0,0.3611111111111111,0.28125,0.0,0.0,0.32142857142857145,0.0,0.32142857142857145,0.5714285714285714,0.0,0.0006112995775356168,0.0,0.000654878847413229,6.268415232646429e-5,0.0,3.855346911786476e-6,0.00525637211147476,9.917683229197659e-5
1506494158657816884,4,12,0,12,9,0,9,3,0,3,12.0,0.0,12.0,9.0,0.0,9.0,3.0,0.0,3.0,0.75,0.0,0.75,0.0,4,0,11,35.0,0.0,37.0,66,1,328,0.0,0.00023802439750074384,0.0,0.0,0.3269230769230769,0.2708333333333333,0.0,0.0,0.2727272727272727,0.0,0.2727272727272727,0.45454545454545453,0.0,0.0006659772536706317,0.0,0.0006548788474132281,0.0,0.00021753149058478805,3.225902518025419e-6,0.006545670931270455,9.917683229197659e-5
1731179785016576308,5,3,0,3,3,0,3,0,0,0,3.0,0.0,3.0,3.0,0.0,3.0,0.0,0.0,0.0,1.0,0.0,1.0,0.0,1,0,3,3.0,0.0,4.0,13,1,200,0.0,5.950609937518596e-5,0.0,0.0,0.3333333333333333,0.1111111111111111,0.0,0.0,0.16666666666666666,0.0,0.16666666666666666,0.3333333333333333,0.0,0.0005563260015217865,0.0,0.0006548788474132281,6.287428365403525e-5,0.0,1.967013730503304e-6,0.0012892988197956957,9.917683229197659e-5
1781093256512145493,4,10,0,10,7,0,7,3,0,3,10.0,0.0,10.0,7.0,0.0,7.0,3.0,0.0,3.0,0.7,0.0,0.7,0.0,4,0,10,31.0,0.0,30.0,60,1,302,0.0,0.00019835366458395318,0.0,0.0,0.3181818181818182,0.25,0.0,0.0,0.25555555555555554,0.0,0.25555555555555554,0.4444444444444444,0.0,0.0006404452657001292,0.0,0.0006548788474132283,0.0,0.00023141954258798503,2.970190733059989e-6,0.005950609937518596,9.917683229197659e-5
1316087832715985021,5,9,0,9,8,0,8,1,0,1,9.0,0.0,9.0,8.0,0.0,8.0,1.0,0.0,1.0,0.8888888888888888,0.0,0.8888888888888888,0.0,4,0,9,25.0,0.0,28.0,48,1,356,0.0,0.00017851829812555786,0.0,0.0,0.2777777777777778,0.19753086419753085,0.0,0.0,0.2222222222222222,0.0,0.2222222222222222,0.4166666666666667,0.0,0.000612691345623668,0.0,0.0006548788474132287,8.377458604902355e-5,0.0,3.5012844402958815e-6,0.0047604879500148765,9.917683229197659e-5
1794944417371524323,5,7,0,7,7,0,7,0,0,0,7.0,0.0,7.0,7.0,0.0,7.0,0.0,0.0,0.0,1.0,0.0,1.0,0.0,4,0,7,15.0,0.0,15.0,59,1,297,0.0,0.00013884756520876723,0.0,0.0,0.30357142857142855,0.20408163265306123,0.0,0.0,0.23809523809523808,0.0,0.23809523809523808,0.42857142857142855,0.0,0.0006088096693567236,0.0,0.0006548788474132287,0.0001470132809149316,0.0,2.9210153897974064e-6,0.005851433105226619,9.917683229197659e-5
1233960114738694867,4,8,0,8,5,0,5,3,0,3,8.0,0.0,8.0,5.0,0.0,5.0,3.0,0.0,3.0,0.625,0.0,0.625,0.0,4,0,8,30.0,0.0,23.0,53,1,296,0.0,0.00015868293166716255,0.0,0.0,0.3333333333333333,0.25,0.0,0.0,0.26785714285714285,0.0,0.26785714285714285,0.4642857142857143,0.0,0.0006194048405529613,0.0,0.0006548788474132283,0.0,0.00040309102973112854,2.91118032114489e-6,0.00525637211147476,9.917683229197659e-5
1265567953768678013,5,7,0,7,7,0,7,0,0,0,7.0,0.0,7.0,7.0,0.0,7.0,0.0,0.0,0.0,1.0,0.0,1.0,0.0,4,0,7,17.0,0.0,15.0,57,1,324,0.0,0.00013884756520876723,0.0,0.0,0.3392857142857143,0.24489795918367346,0.0,0.0,0.2857142857142857,0.0,0.2857142857142857,0.47619047619047616,0.0,0.0006079156019105169,0.0,0.0006548788474132286,0.0001470132809149316,0.0,3.186562243415353e-6,0.005653079440642666,9.917683229197659e-5
1354276806915524443,5,7,0,7,7,0,7,0,0,0,7.0,0.0,7.0,7.0,0.0,7.0,0.0,0.0,0.0,1.0,0.0,1.0,0.0,4,0,7,17.0,0.0,15.0,35,1,251,0.0,0.00013884756520876723,0.0,0.0,0.3392857142857143,0.24489795918367346,0.0,0.0,0.2857142857142857,0.0,0.2857142857142857,0.5238095238095238,0.0,0.0005951469871094799,0.0,0.0006548788474132283,0.0001470132809149316,0.0,2.4686022317816468e-6,0.003471189130219181,9.917683229197659e-5
1358925416462550732,4,11,0,11,8,0,8,3,0,3,11.0,0.0,11.0,8.0,0.0,8.0,3.0,0.0,3.0,0.7272727272727273,0.0,0.7272727272727273,0.0,4,0,11,32.0,0.0,33.0,73,1,316,0.0,0.0002181890310423485,0.0,0.0,0.36363636363636365,0.30578512396694213,0.0,0.0,0.3181818181818182,0.0,0.3181818181818182,0.4909090909090909,0.0,0.0006739789781159373,0.0,0.0006548788474132283,0.0,0.0002244834729026035,3.1078816941952206e-6,0.007239908757314292,9.917683229197659e-5
1645445990196448138,5,9,0,9,9,0,9,0,0,0,9.0,0.0,9.0,9.0,0.0,9.0,0.0,0.0,0.0,1.0,0.0,1.0,0.0,4,0,9,26.0,0.0,28.0,66,1,311,0.0,0.00017851829812555786,0.0,0.0,0.28888888888888886,0.20987654320987653,0.0,0.0,0.2361111111111111,0.0,0.2361111111111111,0.3888888888888889,0.0,0.0006303043910640128,0.0,0.0006548788474132286,0.0001892144151710573,0.0,3.058706350932638e-6,0.006545670931270455,9.917683229197659e-5
1252742159421932703,5,6,0,6,6,0,6,0,0,0,6.0,0.0,6.0,6.0,0.0,6.0,0.0,0.0,0.0,1.0,0.0,1.0,0.0,4,0,6,13.0,0.0,14.0,38,1,231,0.0,0.00011901219875037192,0.0,0.0,0.38095238095238093,0.2777777777777778,0.0,0.0,0.3333333333333333,0.0,0.3333333333333333,0.6666666666666666,0.0,0.0005910431105033532,0.0,0.0006548788474132281,0.00012594564166568123,0.0,2.271900858731316e-6,0.0037687196270951104,9.917683229197659e-5
1677258782150754487,5,1,0,1,1,0,1,0,0,0,1.0,0.0,1.0,1.0,0.0,1.0,0.0,0.0,0.0,1.0,0.0,1.0,0.0,1,0,1,1.0,0.0,1.0,3,1,98,0.0,1.983536645839532e-5,0.0,0.0,0.5,0.0,0.0,0.0,0.0,0.0,0.0,0.0,0.0,0.0005418721174626282,0.0,0.0006548788474132281,2.093621843213267e-5,0.0,9.63836727946619e-7,0.0002975304968759298,9.917683229197659e-5
1787889074623742593,5,11,0,11,11,0,11,0,0,0,11.0,0.0,11.0,11.0,0.0,11.0,0.0,0.0,0.0,1.0,0.0,1.0,0.0,4,0,11,30.0,0.0,33.0,70,1,385,0.0,0.0002181890310423485,0.0,0.0,0.2878787878787879,0.2231404958677686,0.0,0.0,0.24545454545454545,0.0,0.24545454545454545,0.45454545454545453,0.0,0.000648648252370762,0.0,0.0006548788474132286,0.0002315034415308892,0.0,3.7865014312188605e-6,0.006942378260438362,9.917683229197659e-5
1441020034611675967,5,4,0,4,4,0,4,0,0,0,4.0,0.0,4.0,4.0,0.0,4.0,0.0,0.0,0.0,1.0,0.0,1.0,0.0,2,0,4,5.0,0.0,7.0,27,1,254,0.0,7.934146583358127e-5,0.0,0.0,0.25,0.0625,0.0,0.0,0.08333333333333333,0.0,0.08333333333333333,0.16666666666666666,0.0,0.0005651914936679246,0.0,0.0006548788474132287,8.387615567384543e-5,0.0,2.4981074377391964e-6,0.002677774471883368,9.917683229197659e-5
1595062140861943066,4,15,0,15,12,0,12,3,0,3,15.0,0.0,15.0,12.0,0.0,12.0,3.0,0.0,3.0,0.8,0.0,0.8,0.0,4,0,13,37.0,0.0,50.0,79,1,350,0.0,0.0002975304968759298,0.0,0.0,0.37083333333333335,0.3288888888888889,0.0,0.0,0.3380952380952381,0.0,0.3380952380952381,0.5428571428571428,0.0,0.0007137538944200546,0.0,0.000654878847413228,0.0,0.00019657997024979945,3.4422740283807823e-6,0.007834969751066151,9.917683229197659e-5
1462510558304537554,5,1,0,1,1,0,1,0,0,0,1.0,0.0,1.0,1.0,0.0,1.0,0.0,0.0,0.0,1.0,0.0,1.0,0.0,1,0,1,1.0,0.0,1.0,3,1,98,0.0,1.983536645839532e-5,0.0,0.0,0.5,0.0,0.0,0.0,0.0,0.0,0.0,0.0,0.0,0.0005418721174626282,0.0,0.0006548788474132281,2.093621843213267e-5,0.0,9.63836727946619e-7,0.0002975304968759298,9.917683229197659e-5
1657272101687528136,4,15,0,15,12,0,12,3,0,3,15.0,0.0,15.0,12.0,0.0,12.0,3.0,0.0,3.0,0.8,0.0,0.8,0.0,4,0,13,37.0,0.0,50.0,79,1,350,0.0,0.0002975304968759298,0.0,0.0,0.37083333333333335,0.3288888888888889,0.0,0.0,0.3380952380952381,0.0,0.3380952380952381,0.5428571428571428,0.0,0.0007137538944200546,0.0,0.000654878847413228,0.0,0.00019657997024979945,3.4422740283807823e-6,0.007834969751066151,9.917683229197659e-5
1381216258237663045,5,2,0,2,2,0,2,0,0,0,2.0,0.0,2.0,2.0,0.0,2.0,0.0,0.0,0.0,1.0,0.0,1.0,0.0,1,0,2,2.0,0.0,2.0,4,1,155,0.0,3.967073291679064e-5,0.0,0.0,0.3333333333333333,0.0,0.0,0.0,0.0,0.0,0.0,0.0,0.0,0.0005474551648796879,0.0,0.000654878847413228,4.18943087797663e-5,0.0,1.5244356411400607e-6,0.00039670732916790636,9.917683229197659e-5
1424190401878688477,5,9,0,9,9,0,9,0,0,0,9.0,0.0,9.0,9.0,0.0,9.0,0.0,0.0,0.0,1.0,0.0,1.0,0.0,4,0,9,25.0,0.0,28.0,52,1,327,0.0,0.00017851829812555786,0.0,0.0,0.3,0.2222222222222222,0.0,0.0,0.25,0.0,0.25,0.4722222222222222,0.0,0.0006153286483215441,0.0,0.0006548788474132287,0.0001892144151710573,0.0,3.2160674493729024e-6,0.005157195279182783,9.917683229197659e-5
1555094585284231497,5,8,0,8,7,0,7,1,0,1,8.0,0.0,8.0,7.0,0.0,7.0,1.0,0.0,1.0,0.875,0.0,0.875,0.0,4,0,8,15.0,0.0,23.0,46,1,348,0.0,0.00015868293166716255,0.0,0.0,0.3472222222222222,0.265625,0.0,0.0,0.30357142857142855,0.0,0.30357142857142855,0.5357142857142857,0.0,0.0006141100371769054,0.0,0.0006548788474132288,6.268415232646429e-5,0.0,3.422603891075749e-6,0.0045621342854309235,9.917683229197659e-5
1492954728953283643,5,8,0,8,7,0,7,1,0,1,8.0,0.0,8.0,7.0,0.0,7.0,1.0,0.0,1.0,0.875,0.0,0.875,0.0,4,0,8,17.0,0.0,23.0,42,1,409,0.0,0.00015868293166716255,0.0,0.0,0.3194444444444444,0.234375,0.0,0.0,0.26785714285714285,0.0,0.26785714285714285,0.5,0.0,0.0005928262830813787,0.0,0.0006548788474132287,6.268415232646429e-5,0.0,4.022543078879257e-6,0.0041654269562630165,9.917683229197659e-5
1214516368628515203,4,15,0,15,12,0,12,3,0,3,15.0,0.0,15.0,12.0,0.0,12.0,3.0,0.0,3.0,0.8,0.0,0.8,0.0,4,0,13,37.0,0.0,50.0,79,1,350,0.0,0.0002975304968759298,0.0,0.0,0.37083333333333335,0.3288888888888889,0.0,0.0,0.3380952380952381,0.0,0.3380952380952381,0.5428571428571428,0.0,0.0007137538944200546,0.0,0.000654878847413228,0.0,0.00019657997024979945,3.4422740283807823e-6,0.007834969751066151,9.917683229197659e-5
1308963209939519762,5,9,0,9,9,0,9,0,0,0,9.0,0.0,9.0,9.0,0.0,9.0,0.0,0.0,0.0,1.0,0.0,1.0,0.0,4,0,9,25.0,0.0,28.0,52,1,327,0.0,0.00017851829812555786,0.0,0.0,0.3,0.2222222222222222,0.0,0.0,0.25,0.0,0.25,0.4722222222222222,0.0,0.0006153286483215441,0.0,0.0006548788474132287,0.0001892144151710573,0.0,3.2160674493729024e-6,0.005157195279182783,9.917683229197659e-5
1718113399897853921,5,4,0,4,4,0,4,0,0,0,4.0,0.0,4.0,4.0,0.0,4.0,0.0,0.0,0.0,1.0,0.0,1.0,0.0,1,0,4,5.0,0.0,7.0,25,1,196,0.0,7.934146583358127e-5,0.0,0.0,0.2,0.0,0.0,0.0,0.0,0.0,0.0,0.0,0.0,0.000574674891518234,0.0,0.0006548788474132283,8.387615567384543e-5,0.0,1.927673455893238e-6,0.002479420807299415,9.917683229197659e-5
1252507353064934497,5,4,0,4,4,0,4,0,0,0,4.0,0.0,4.0,4.0,0.0,4.0,0.0,0.0,0.0,1.0,0.0,1.0,0.0,1,0,4,5.0,0.0,7.0,25,1,196,0.0,7.934146583358127e-5,0.0,0.0,0.2,0.0,0.0,0.0,0.0,0.0,0.0,0.0,0.0,0.000574674891518234,0.0,0.0006548788474132283,8.387615567384543e-5,0.0,1.927673455893238e-6,0.002479420807299415,9.917683229197659e-5
1251371119009597381,5,6,0,6,6,0,6,0,0,0,6.0,0.0,6.0,6.0,0.0,6.0,0.0,0.0,0.0,1.0,0.0,1.0,0.0,3,0,6,13.0,0.0,14.0,34,1,271,0.0,0.00011901219875037192,0.0,0.0,0.21428571428571427,0.08333333333333333,0.0,0.0,0.1,0.0,0.1,0.2,0.0,0.0005801748418110139,0.0,0.0006548788474132285,0.00012594564166568123,0.0,2.665303604831977e-6,0.0033720122979272044,9.917683229197659e-5
1549561347904114407,5,6,0,6,5,0,5,1,0,1,6.0,0.0,6.0,5.0,0.0,5.0,1.0,0.0,1.0,0.8333333333333334,0.0,0.8333333333333334,0.0,3,0,6,13.0,0.0,14.0,34,1,309,0.0,0.00011901219875037192,0.0,0.0,0.2857142857142857,0.16666666666666666,0.0,0.0,0.2,0.0,0.2,0.3333333333333333,0.0,0.0005828351206831166,0.0,0.0006548788474132285,1.1732856000534753e-5,0.0,3.039036213627605e-6,0.0033720122979272044,9.917683229197659e-5
1238247665364370783,4,9,0,9,6,0,6,3,0,3,9.0,0.0,9.0,6.0,0.0,6.0,3.0,0.0,3.0,0.6666666666666666,0.0,0.6666666666666666,0.0,4,0,9,31.0,0.0,28.0,75,1,336,0.0,0.00017851829812555786,0.0,0.0,0.35555555555555557,0.2839506172839506,0.0,0.0,0.3055555555555556,0.0,0.3055555555555556,0.4722222222222222,0.0,0.0006460918852026332,0.0,0.0006548788474132281,0.0,0.00023833970939068916,3.304583067245551e-6,0.007438262421898245,9.917683229197659e-5
1698918991793227691,5,4,0,4,4,0,4,0,0,0,4.0,0.0,4.0,4.0,0.0,4.0,0.0,0.0,0.0,1.0,0.0,1.0,0.0,3,0,4,5.0,0.0,7.0,44,1,276,0.0,7.934146583358127e-5,0.0,0.0,0.3,0.125,0.0,0.0,0.16666666666666666,0.0,0.16666666666666666,0.3333333333333333,0.0,0.0005691734985763043,0.0,0.0006548788474132287,8.387615567384543e-5,0.0,2.7144789480945597e-6,0.0043637806208469705,9.917683229197659e-5
1392530535888192120,5,4,0,4,4,0,4,0,0,0,4.0,0.0,4.0,4.0,0.0,4.0,0.0,0.0,0.0,1.0,0.0,1.0,0.0,1,0,4,5.0,0.0,7.0,25,1,196,0.0,7.934146583358127e-5,0.0,0.0,0.2,0.0,0.0,0.0,0.0,0.0,0.0,0.0,0.0,0.000574674891518234,0.0,0.0006548788474132283,8.387615567384543e-5,0.0,1.927673455893238e-6,0.002479420807299415,9.917683229197659e-5
1436518939994621119,5,4,0,4,4,0,4,0,0,0,4.0,0.0,4.0,4.0,0.0,4.0,0.0,0.0,0.0,1.0,0.0,1.0,0.0,1,0,4,5.0,0.0,7.0,25,1,196,0.0,7.934146583358127e-5,0.0,0.0,0.2,0.0,0.0,0.0,0.0,0.0,0.0,0.0,0.0,0.000574674891518234,0.0,0.0006548788474132283,8.387615567384543e-5,0.0,1.927673455893238e-6,0.002479420807299415,9.917683229197659e-5
1380251675582795268,5,4,0,4,4,0,4,0,0,0,4.0,0.0,4.0,4.0,0.0,4.0,0.0,0.0,0.0,1.0,0.0,1.0,0.0,2,0,4,5.0,0.0,7.0,29,1,202,0.0,7.934146583358127e-5,0.0,0.0,0.4,0.25,0.0,0.0,0.3333333333333333,0.0,0.3333333333333333,0.5,0.0,0.0005766742851854896,0.0,0.0006548788474132283,8.387615567384543e-5,0.0,1.986683867808337e-6,0.0028761281364673213,9.917683229197659e-5
1410622570159410475,5,3,0,3,3,0,3,0,0,0,3.0,0.0,3.0,3.0,0.0,3.0,0.0,0.0,0.0,1.0,0.0,1.0,0.0,2,0,3,3.0,0.0,4.0,26,1,254,0.0,5.950609937518596e-5,0.0,0.0,0.4166666666666667,0.2222222222222222,0.0,0.0,0.3333333333333333,0.0,0.3333333333333333,0.6666666666666666,0.0,0.0005555030286591699,0.0,0.0006548788474132284,6.287428365403525e-5,0.0,2.4981074377391964e-6,0.0025785976395913913,9.917683229197659e-5
1344757470525918537,5,11,0,11,3,0,3,8,0,8,11.0,0.0,11.0,3.0,0.0,3.0,8.0,0.0,8.0,0.2727272727272727,0.0,0.2727272727272727,0.0,4,0,11,30.0,0.0,33.0,60,1,377,0.0,0.0002181890310423485,0.0,0.0,0.1893939393939394,0.11570247933884298,0.0,0.0,0.12727272727272726,0.0,0.12727272727272726,0.23636363636363636,0.0,0.0006467168990863812,0.0,0.0006548788474132283,0.0,0.0002244834729026035,3.7078208819987282e-6,0.005950609937518596,9.917683229197659e-5
1846797720459675351,5,5,0,5,4,0,4,1,0,1,5.0,0.0,5.0,4.0,0.0,4.0,1.0,0.0,1.0,0.8,0.0,0.8,0.0,3,0,5,9.0,0.0,9.0,38,1,424,0.0,9.917683229197659e-5,0.0,0.0,0.3333333333333333,0.2,0.0,0.0,0.25,0.0,0.25,0.5,0.0,0.0005665072521251203,0.0,0.0006548788474132293,0.0,4.554770632880789e-7,4.170069108667005e-6,0.0037687196270951104,9.917683229197659e-5
1760159610351651412,5,10,0,10,9,0,9,1,0,1,10.0,0.0,10.0,9.0,0.0,9.0,1.0,0.0,1.0,0.9,0.0,0.9,0.0,4,0,10,25.0,0.0,30.0,47,1,431,0.0,0.00019835366458395318,0.0,0.0,0.2636363636363636,0.19,0.0,0.0,0.2111111111111111,0.0,0.2111111111111111,0.4,0.0,0.0006106706653430121,0.0,0.000654878847413229,0.00010488698616650804,0.0,4.23891458923462e-6,0.0046613111177229,9.917683229197659e-5
1711467789811715405,5,4,0,4,4,0,4,0,0,0,4.0,0.0,4.0,4.0,0.0,4.0,0.0,0.0,0.0,1.0,0.0,1.0,0.0,3,0,4,9.0,0.0,7.0,35,1,282,0.0,7.934146583358127e-5,0.0,0.0,0.3,0.125,0.0,0.0,0.16666666666666666,0.0,0.16666666666666666,0.3333333333333333,0.0,0.0005602431301321731,0.0,0.000654878847413229,8.387615567384543e-5,0.0,2.773489360009659e-6,0.003471189130219181,9.917683229197659e-5
1666484042024881988,5,3,0,3,3,0,3,0,0,0,3.0,0.0,3.0,3.0,0.0,3.0,0.0,0.0,0.0,1.0,0.0,1.0,0.0,3,0,3,5.0,0.0,4.0,34,1,218,0.0,5.950609937518596e-5,0.0,0.0,0.3333333333333333,0.1111111111111111,0.0,0.0,0.16666666666666666,0.0,0.16666666666666666,0.3333333333333333,0.0,0.0005594180937149,0.0,0.0006548788474132288,6.287428365403525e-5,0.0,2.1440449662486016e-6,0.0033720122979272044,9.917683229197659e-5
1219281737893284922,5,8,0,8,7,0,7,1,0,1,8.0,0.0,8.0,7.0,0.0,7.0,1.0,0.0,1.0,0.875,0.0,0.875,0.0,4,0,8,25.0,0.0,23.0,54,1,421,0.0,0.00015868293166716255,0.0,0.0,0.3055555555555556,0.21875,0.0,0.0,0.25,0.0,0.25,0.4642857142857143,0.0,0.0005936623454054386,0.0,0.000654878847413229,6.268415232646429e-5,0.0,4.140563902709455e-6,0.005355548943766736,9.917683229197659e-5
1223405236748553484,5,4,0,4,4,0,4,0,0,0,4.0,0.0,4.0,4.0,0.0,4.0,0.0,0.0,0.0,1.0,0.0,1.0,0.0,2,0,4,9.0,0.0,7.0,30,1,229,0.0,7.934146583358127e-5,0.0,0.0,0.3,0.125,0.0,0.0,0.16666666666666666,0.0,0.16666666666666666,0.3333333333333333,0.0,0.0005711561452343027,0.0,0.0006548788474132289,8.387615567384543e-5,0.0,2.252230721426283e-6,0.002975304968759298,9.917683229197659e-5
1687882329931909192,5,8,0,8,8,0,8,0,0,0,8.0,0.0,8.0,8.0,0.0,8.0,0.0,0.0,0.0,1.0,0.0,1.0,0.0,4,0,8,26.0,0.0,23.0,48,1,349,0.0,0.00015868293166716255,0.0,0.0,0.2916666666666667,0.203125,0.0,0.0,0.23214285714285715,0.0,0.23214285714285715,0.4642857142857143,0.0,0.0005979038895780512,0.0,0.0006548788474132286,0.00016810286786395068,0.0,3.4324389597282657e-6,0.0047604879500148765,9.917683229197659e-5
1508793884149286150,5,7,0,7,7,0,7,0,0,0,7.0,0.0,7.0,7.0,0.0,7.0,0.0,0.0,0.0,1.0,0.0,1.0,0.0,4,0,7,20.0,0.0,15.0,47,1,292,0.0,0.00013884756520876723,0.0,0.0,0.32142857142857145,0.22448979591836735,0.0,0.0,0.2619047619047619,0.0,0.2619047619047619,0.42857142857142855,0.0,0.0005989673008872983,0.0,0.0006548788474132286,0.0001470132809149316,0.0,2.871840046534824e-6,0.0046613111177229,9.917683229197659e-5
1827867078636341708,5,2,0,2,2,0,2,0,0,0,2.0,0.0,2.0,2.0,0.0,2.0,0.0,0.0,0.0,1.0,0.0,1.0,0.0,2,0,2,3.0,0.0,2.0,26,1,185,0.0,3.967073291679064e-5,0.0,0.0,0.3333333333333333,0.0,0.0,0.0,0.0,0.0,0.0,0.0,0.0,0.0005509224006494511,0.0,0.0006548788474132291,4.18943087797663e-5,0.0,1.8194877007155562e-6,0.0025785976395913913,9.917683229197659e-5
1678161872085321263,6,4,0,4,2,0,2,2,0,2,4.0,0.0,4.0,2.0,0.0,2.0,2.0,0.0,2.0,0.5,0.0,0.5,0.0,2,0,4,9.0,0.0,7.0,34,1,194,0.0,7.934146583358127e-5,0.0,0.0,0.3,0.125,0.0,0.0,0.16666666666666666,0.0,0.16666666666666666,0.3333333333333333,0.0,0.0006614758664418537,0.0,0.0006548788474132296,0.0,6.84570792300887e-5,1.908003318588205e-6,0.0033720122979272044,9.917683229197659e-5
1454236180806635028,5,3,0,3,3,0,3,0,0,0,3.0,0.0,3.0,3.0,0.0,3.0,0.0,0.0,0.0,1.0,0.0,1.0,0.0,3,0,3,5.0,0.0,4.0,35,1,259,0.0,5.950609937518596e-5,0.0,0.0,0.4166666666666667,0.2222222222222222,0.0,0.0,0.3333333333333333,0.0,0.3333333333333333,0.6666666666666666,0.0,0.0005566994274991248,0.0,0.0006548788474132294,6.287428365403525e-5,0.0,2.547282781001779e-6,0.003471189130219181,9.917683229197659e-5
1298285601312736636,5,1,0,1,1,0,1,0,0,0,1.0,0.0,1.0,1.0,0.0,1.0,0.0,0.0,0.0,1.0,0.0,1.0,0.0,1,0,1,1.0,0.0,1.0,15,1,144,0.0,1.983536645839532e-5,0.0,0.0,0.5,0.0,0.0,0.0,0.0,0.0,0.0,0.0,0.0,0.0005413006147811243,0.0,0.00065487884741323,2.093621843213267e-5,0.0,1.416249885962379e-6,0.001487652484379649,9.917683229197659e-5
1850518196071695915,5,5,0,5,5,0,5,0,0,0,5.0,0.0,5.0,5.0,0.0,5.0,0.0,0.0,0.0,1.0,0.0,1.0,0.0,4,0,5,13.0,0.0,9.0,46,1,288,0.0,9.917683229197659e-5,0.0,0.0,0.3333333333333333,0.2,0.0,0.0,0.25,0.0,0.25,0.5,0.0,0.0005803458577327642,0.0,0.000654878847413229,0.0001048999374662074,0.0,2.832499771924758e-6,0.0045621342854309235,9.917683229197659e-5
1381331397666409334,5,1,0,1,1,0,1,0,0,0,1.0,0.0,1.0,1.0,0.0,1.0,0.0,0.0,0.0,1.0,0.0,1.0,0.0,1,0,1,1.0,0.0,1.0,15,1,144,0.0,1.983536645839532e-5,0.0,0.0,0.5,0.0,0.0,0.0,0.0,0.0,0.0,0.0,0.0,0.0005413006147811243,0.0,0.00065487884741323,2.093621843213267e-5,0.0,1.416249885962379e-6,0.001487652484379649,9.917683229197659e-5
1861939432806942652,6,5,0,5,3,0,3,2,0,2,5.0,0.0,5.0,3.0,0.0,3.0,2.0,0.0,2.0,0.6,0.0,0.6,0.0,3,0,5,13.0,0.0,9.0,42,1,252,0.0,9.917683229197659e-5,0.0,0.0,0.3,0.16,0.0,0.0,0.15,0.0,0.15,0.3,0.0,0.0006705049690671135,0.0,0.0006548788474132297,0.0,1.741707354419031e-5,2.4784373004341633e-6,0.0041654269562630165,9.917683229197659e-5
1543444401106190637,5,10,0,10,10,0,10,0,0,0,10.0,0.0,10.0,10.0,0.0,10.0,0.0,0.0,0.0,1.0,0.0,1.0,0.0,4,0,10,31.0,0.0,30.0,57,1,362,0.0,0.00019835366458395318,0.0,0.0,0.35454545454545455,0.29,0.0,0.0,0.32222222222222224,0.0,0.32222222222222224,0.5777777777777777,0.0,0.0006297953998618421,0.0,0.0006548788474132286,0.00021034793550211983,0.0,3.5602948522109807e-6,0.005653079440642666,9.917683229197659e-5
1812651181927829211,5,6,0,6,6,0,6,0,0,0,6.0,0.0,6.0,6.0,0.0,6.0,0.0,0.0,0.0,1.0,0.0,1.0,0.0,4,0,6,15.0,0.0,14.0,43,1,247,0.0,0.00011901219875037192,0.0,0.0,0.2619047619047619,0.1388888888888889,0.0,0.0,0.16666666666666666,0.0,0.16666666666666666,0.3333333333333333,0.0,0.0005957350587197119,0.0,0.0006548788474132288,0.00012594564166568123,0.0,2.4292619571715806e-6,0.0042646037885549935,9.917683229197659e-5
1765034490339528252,4,5,0,5,3,0,3,2,0,2,5.0,0.0,5.0,3.0,0.0,3.0,2.0,0.0,2.0,0.6,0.0,0.6,0.0,4,0,5,13.0,0.0,9.0,38,1,248,0.0,9.917683229197659e-5,0.0,0.0,0.6,0.52,0.0,0.0,0.6,0.0,0.6,0.7,0.0,0.0006753616633031786,0.0,0.0006548788474132296,0.0,0.0001658027615469848,2.439097025824097e-6,0.0037687196270951104,9.917683229197659e-5
1777734924409768515,5,1,0,1,1,0,1,0,0,0,1.0,0.0,1.0,1.0,0.0,1.0,0.0,0.0,0.0,1.0,0.0,1.0,0.0,1,0,1,1.0,0.0,1.0,15,1,144,0.0,1.983536645839532e-5,0.0,0.0,0.5,0.0,0.0,0.0,0.0,0.0,0.0,0.0,0.0,0.0005413006147811243,0.0,0.00065487884741323,2.093621843213267e-5,0.0,1.416249885962379e-6,0.001487652484379649,9.917683229197659e-5
1685506494377756591,5,1,0,1,1,0,1,0,0,0,1.0,0.0,1.0,1.0,0.0,1.0,0.0,0.0,0.0,1.0,0.0,1.0,0.0,1,0,1,1.0,0.0,1.0,15,1,144,0.0,1.983536645839532e-5,0.0,0.0,0.5,0.0,0.0,0.0,0.0,0.0,0.0,0.0,0.0,0.0005413006147811243,0.0,0.00065487884741323,2.093621843213267e-5,0.0,1.416249885962379e-6,0.001487652484379649,9.917683229197659e-5
1853146614902816902,5,1,0,1,1,0,1,0,0,0,1.0,0.0,1.0,1.0,0.0,1.0,0.0,0.0,0.0,1.0,0.0,1.0,0.0,1,0,1,1.0,0.0,1.0,15,1,144,0.0,1.983536645839532e-5,0.0,0.0,0.5,0.0,0.0,0.0,0.0,0.0,0.0,0.0,0.0,0.0005413006147811243,0.0,0.00065487884741323,2.093621843213267e-5,0.0,1.416249885962379e-6,0.001487652484379649,9.917683229197659e-5
1410958446727004822,5,3,0,3,3,0,3,0,0,0,3.0,0.0,3.0,3.0,0.0,3.0,0.0,0.0,0.0,1.0,0.0,1.0,0.0,2,0,3,5.0,0.0,4.0,29,1,201,0.0,5.950609937518596e-5,0.0,0.0,0.4166666666666667,0.2222222222222222,0.0,0.0,0.3333333333333333,0.0,0.3333333333333333,0.6666666666666666,0.0,0.0005642847022594599,0.0,0.000654878847413229,6.287428365403525e-5,0.0,1.9768487991558206e-6,0.0028761281364673213,9.917683229197659e-5
1446227531471522792,5,2,0,2,1,0,1,1,0,1,2.0,0.0,2.0,1.0,0.0,1.0,1.0,0.0,1.0,0.5,0.0,0.5,0.0,2,0,2,3.0,0.0,2.0,20,1,282,0.0,3.967073291679064e-5,0.0,0.0,0.5,0.25,0.0,0.0,0.5,0.0,0.5,1.0,0.0,0.00054450617317383,0.0,0.0006548788474132306,0.0,5.98424104273354e-5,2.773489360009659e-6,0.0019835366458395317,9.917683229197659e-5
1422179990723626533,5,9,0,9,8,0,8,1,0,1,9.0,0.0,9.0,8.0,0.0,8.0,1.0,0.0,1.0,0.8888888888888888,0.0,0.8888888888888888,0.0,4,0,9,25.0,0.0,28.0,57,1,439,0.0,0.00017851829812555786,0.0,0.0,0.3111111111111111,0.2345679012345679,0.0,0.0,0.2638888888888889,0.0,0.2638888888888889,0.4722222222222222,0.0,0.0006149632866187172,0.0,0.000654878847413229,8.377458604902355e-5,0.0,4.317595138454752e-6,0.005653079440642666,9.917683229197659e-5
1385198546604524614,5,2,0,2,2,0,2,0,0,0,2.0,0.0,2.0,2.0,0.0,2.0,0.0,0.0,0.0,1.0,0.0,1.0,0.0,2,0,2,3.0,0.0,2.0,25,1,204,0.0,3.967073291679064e-5,0.0,0.0,0.3333333333333333,0.0,0.0,0.0,0.0,0.0,0.0,0.0,0.0,0.0005478957170192337,0.0,0.0006548788474132289,4.18943087797663e-5,0.0,2.00635400511337e-6,0.002479420807299415,9.917683229197659e-5
1279474860975720887,5,3,0,3,3,0,3,0,0,0,3.0,0.0,3.0,3.0,0.0,3.0,0.0,0.0,0.0,1.0,0.0,1.0,0.0,3,0,3,5.0,0.0,4.0,39,1,284,0.0,5.950609937518596e-5,0.0,0.0,0.3333333333333333,0.1111111111111111,0.0,0.0,0.16666666666666666,0.0,0.16666666666666666,0.3333333333333333,0.0,0.0005549315259776662,0.0,0.0006548788474132289,6.287428365403525e-5,0.0,2.793159497314692e-6,0.003867896459387087,9.917683229197659e-5
1746448262321144991,5,1,0,1,1,0,1,0,0,0,1.0,0.0,1.0,1.0,0.0,1.0,0.0,0.0,0.0,1.0,0.0,1.0,0.0,1,0,1,1.0,0.0,1.0,15,1,144,0.0,1.983536645839532e-5,0.0,0.0,0.5,0.0,0.0,0.0,0.0,0.0,0.0,0.0,0.0,0.0005413006147811243,0.0,0.00065487884741323,2.093621843213267e-5,0.0,1.416249885962379e-6,0.001487652484379649,9.917683229197659e-5
1427112488557611821,6,6,0,6,3,0,3,3,0,3,6.0,0.0,6.0,3.0,0.0,3.0,3.0,0.0,3.0,0.5,0.0,0.5,0.0,4,0,5,17.0,0.0,12.0,47,1,262,0.0,0.00011901219875037192,0.0,0.0,0.35714285714285715,0.25,0.0,0.0,0.26666666666666666,0.0,0.26666666666666666,0.4666666666666667,0.0,0.000699599917767181,0.0,0.0006548788474132294,0.0,9.910225426301711e-5,2.5767879869593282e-6,0.0046613111177229,9.917683229197659e-5
1384859801476924952,5,4,0,4,2,0,2,2,0,2,4.0,0.0,4.0,2.0,0.0,2.0,2.0,0.0,2.0,0.5,0.0,0.5,0.0,3,0,4,9.0,0.0,7.0,41,1,251,0.0,7.934146583358127e-5,0.0,0.0,0.4,0.25,0.0,0.0,0.25,0.0,0.25,0.5,0.0,0.0006109524632851423,0.0,0.0006548788474132297,0.0,0.00010735901596392594,2.4686022317816468e-6,0.0040662501239710405,9.917683229197659e-5
1612206947392553769,5,3,0,3,2,0,2,1,0,1,3.0,0.0,3.0,2.0,0.0,2.0,1.0,0.0,1.0,0.6666666666666666,0.0,0.6666666666666666,0.0,3,0,3,5.0,0.0,4.0,33,1,361,0.0,5.950609937518596e-5,0.0,0.0,0.4166666666666667,0.2222222222222222,0.0,0.0,0.3333333333333333,0.0,0.3333333333333333,0.6666666666666666,0.0,0.0005515419821322628,0.0,0.0006548788474132301,0.0,4.243896329703123e-5,3.550459783558464e-6,0.0032728354656352274,9.917683229197659e-5
1713468627505646235,5,5,0,5,4,0,4,1,0,1,5.0,0.0,5.0,4.0,0.0,4.0,1.0,0.0,1.0,0.8,0.0,0.8,0.0,4,0,5,13.0,0.0,9.0,46,1,339,0.0,9.917683229197659e-5,0.0,0.0,0.3333333333333333,0.2,0.0,0.0,0.25,0.0,0.25,0.4,0.0,0.0005801803430702705,0.0,0.0006548788474132293,0.0,4.554770632880789e-7,3.3340882732031004e-6,0.0045621342854309235,9.917683229197659e-5
1276143764007554853,5,1,0,1,1,0,1,0,0,0,1.0,0.0,1.0,1.0,0.0,1.0,0.0,0.0,0.0,1.0,0.0,1.0,0.0,1,0,1,1.0,0.0,1.0,15,1,144,0.0,1.983536645839532e-5,0.0,0.0,0.5,0.0,0.0,0.0,0.0,0.0,0.0,0.0,0.0,0.0005413006147811243,0.0,0.00065487884741323,2.093621843213267e-5,0.0,1.416249885962379e-6,0.001487652484379649,9.917683229197659e-5
1764545595327908232,5,2,0,2,2,0,2,0,0,0,2.0,0.0,2.0,2.0,0.0,2.0,0.0,0.0,0.0,1.0,0.0,1.0,0.0,2,0,2,3.0,0.0,2.0,31,1,235,0.0,3.967073291679064e-5,0.0,0.0,0.3333333333333333,0.0,0.0,0.0,0.0,0.0,0.0,0.0,0.0,0.0005483364237395571,0.0,0.0006548788474132293,4.18943087797663e-5,0.0,2.3112411333413823e-6,0.0030744818010512744,9.917683229197659e-5
1351155837606824986,5,6,0,6,6,0,6,0,0,0,6.0,0.0,6.0,6.0,0.0,6.0,0.0,0.0,0.0,1.0,0.0,1.0,0.0,4,0,6,17.0,0.0,14.0,46,1,349,0.0,0.00011901219875037192,0.0,0.0,0.30952380952380953,0.19444444444444445,0.0,0.0,0.23333333333333334,0.0,0.23333333333333334,0.4666666666666667,0.0,0.0005774973152050711,0.0,0.0006548788474132285,0.00012594564166568123,0.0,3.4324389597282657e-6,0.0045621342854309235,9.917683229197659e-5
1258089959055688795,5,8,0,8,8,0,8,0,0,0,8.0,0.0,8.0,8.0,0.0,8.0,0.0,0.0,0.0,1.0,0.0,1.0,0.0,4,0,8,26.0,0.0,23.0,60,1,325,0.0,0.00015868293166716255,0.0,0.0,0.3055555555555556,0.21875,0.0,0.0,0.25,0.0,0.25,0.42857142857142855,0.0,0.0006111476087660837,0.0,0.0006548788474132288,0.00016810286786395068,0.0,3.1963973120678694e-6,0.005950609937518596,9.917683229197659e-5
1659528020664257191,5,1,0,1,1,0,1,0,0,0,1.0,0.0,1.0,1.0,0.0,1.0,0.0,0.0,0.0,1.0,0.0,1.0,0.0,1,0,1,1.0,0.0,1.0,15,1,144,0.0,1.983536645839532e-5,0.0,0.0,0.5,0.0,0.0,0.0,0.0,0.0,0.0,0.0,0.0,0.0005413006147811243,0.0,0.00065487884741323,2.093621843213267e-5,0.0,1.416249885962379e-6,0.001487652484379649,9.917683229197659e-5
1800362443659019980,5,1,0,1,1,0,1,0,0,0,1.0,0.0,1.0,1.0,0.0,1.0,0.0,0.0,0.0,1.0,0.0,1.0,0.0,1,0,1,1.0,0.0,1.0,15,1,144,0.0,1.983536645839532e-5,0.0,0.0,0.5,0.0,0.0,0.0,0.0,0.0,0.0,0.0,0.0,0.0005413006147811243,0.0,0.00065487884741323,2.093621843213267e-5,0.0,1.416249885962379e-6,0.001487652484379649,9.917683229197659e-5
1797828174378172696,4,4,0,4,2,0,2,2,0,2,4.0,0.0,4.0,2.0,0.0,2.0,2.0,0.0,2.0,0.5,0.0,0.5,0.0,4,0,4,9.0,0.0,7.0,38,1,247,0.0,7.934146583358127e-5,0.0,0.0,0.55,0.4375,0.0,0.0,0.5,0.0,0.5,0.6666666666666666,0.0,0.0006509233120367052,0.0,0.0006548788474132296,0.0,0.0001726635128155296,2.4292619571715806e-6,0.0037687196270951104,9.917683229197659e-5
1857579001657165544,6,6,0,6,3,0,3,3,0,3,6.0,0.0,6.0,3.0,0.0,3.0,3.0,0.0,3.0,0.5,0.0,0.5,0.0,4,0,5,17.0,0.0,12.0,47,1,262,0.0,0.00011901219875037192,0.0,0.0,0.35714285714285715,0.25,0.0,0.0,0.26666666666666666,0.0,0.26666666666666666,0.4666666666666667,0.0,0.000699599917767181,0.0,0.0006548788474132294,0.0,9.910225426301711e-5,2.5767879869593282e-6,0.0046613111177229,9.917683229197659e-5
1687436987541229064,5,7,0,7,6,0,6,1,0,1,7.0,0.0,7.0,6.0,0.0,6.0,1.0,0.0,1.0,0.8571428571428571,0.0,0.8571428571428571,0.0,4,0,7,17.0,0.0,15.0,48,1,396,0.0,0.00013884756520876723,0.0,0.0,0.26785714285714285,0.16326530612244897,0.0,0.0,0.19047619047619047,0.0,0.19047619047619047,0.38095238095238093,0.0,0.0005913991128130145,0.0,0.000654878847413229,4.161567233584851e-5,0.0,3.894687186396542e-6,0.0047604879500148765,9.917683229197659e-5
1415274362579190450,5,3,0,3,3,0,3,0,0,0,3.0,0.0,3.0,3.0,0.0,3.0,0.0,0.0,0.0,1.0,0.0,1.0,0.0,1,0,3,5.0,0.0,4.0,17,1,219,0.0,5.950609937518596e-5,0.0,0.0,0.25,0.0,0.0,0.0,0.0,0.0,0.0,0.0,0.0,0.0005550435007308101,0.0,0.0006548788474132288,6.287428365403525e-5,0.0,2.153880034901118e-6,0.0016860061489636022,9.917683229197659e-5
1226903394032026410,5,2,0,2,2,0,2,0,0,0,2.0,0.0,2.0,2.0,0.0,2.0,0.0,0.0,0.0,1.0,0.0,1.0,0.0,1,0,2,3.0,0.0,2.0,16,1,199,0.0,3.967073291679064e-5,0.0,0.0,0.3333333333333333,0.0,0.0,0.0,0.0,0.0,0.0,0.0,0.0,0.0005468836621981843,0.0,0.000654878847413229,4.18943087797663e-5,0.0,1.9571786618507875e-6,0.0015868293166716254,9.917683229197659e-5
1581369675151835968,5,1,0,1,1,0,1,0,0,0,1.0,0.0,1.0,1.0,0.0,1.0,0.0,0.0,0.0,1.0,0.0,1.0,0.0,1,0,1,1.0,0.0,1.0,15,1,144,0.0,1.983536645839532e-5,0.0,0.0,0.5,0.0,0.0,0.0,0.0,0.0,0.0,0.0,0.0,0.0005413006147811243,0.0,0.00065487884741323,2.093621843213267e-5,0.0,1.416249885962379e-6,0.001487652484379649,9.917683229197659e-5
1556725475433251650,6,2,0,2,1,0,1,1,0,1,2.0,0.0,2.0,1.0,0.0,1.0,1.0,0.0,1.0,0.5,0.0,0.5,0.0,2,0,2,3.0,0.0,2.0,31,1,175,0.0,3.967073291679064e-5,0.0,0.0,0.5,0.25,0.0,0.0,0.0,0.0,0.0,0.0,0.0,0.0005736476392567782,0.0,0.0006548788474132298,0.0,3.071964779433056e-5,1.7211370141903911e-6,0.0030744818010512744,9.917683229197659e-5
1263704618362208950,5,9,0,9,7,0,7,2,0,2,9.0,0.0,9.0,7.0,0.0,7.0,2.0,0.0,2.0,0.7777777777777778,0.0,0.7777777777777778,0.0,4,0,9,25.0,0.0,28.0,80,1,599,0.0,0.00017851829812555786,0.0,0.0,0.3,0.2222222222222222,0.0,0.0,0.2361111111111111,0.0,0.2361111111111111,0.4166666666666667,0.0,0.0006149137229553883,0.0,0.0006548788474132289,0.0,2.1655240857509916e-5,5.891206122857396e-6,0.007934146583358127,9.917683229197659e-5
1554884816074179898,6,6,0,6,3,0,3,3,0,3,6.0,0.0,6.0,3.0,0.0,3.0,3.0,0.0,3.0,0.5,0.0,0.5,0.0,4,0,5,17.0,0.0,12.0,47,1,262,0.0,0.00011901219875037192,0.0,0.0,0.35714285714285715,0.25,0.0,0.0,0.26666666666666666,0.0,0.26666666666666666,0.4666666666666667,0.0,0.000699599917767181,0.0,0.0006548788474132294,0.0,9.910225426301711e-5,2.5767879869593282e-6,0.0046613111177229,9.917683229197659e-5
1691274645476478850,5,1,0,1,1,0,1,0,0,0,1.0,0.0,1.0,1.0,0.0,1.0,0.0,0.0,0.0,1.0,0.0,1.0,0.0,1,0,1,1.0,0.0,1.0,15,1,144,0.0,1.983536645839532e-5,0.0,0.0,0.5,0.0,0.0,0.0,0.0,0.0,0.0,0.0,0.0,0.0005413006147811243,0.0,0.00065487884741323,2.093621843213267e-5,0.0,1.416249885962379e-6,0.001487652484379649,9.917683229197659e-5
1410550698445111980,5,1,0,1,1,0,1,0,0,0,1.0,0.0,1.0,1.0,0.0,1.0,0.0,0.0,0.0,1.0,0.0,1.0,0.0,1,0,1,1.0,0.0,1.0,15,1,144,0.0,1.983536645839532e-5,0.0,0.0,0.5,0.0,0.0,0.0,0.0,0.0,0.0,0.0,0.0,0.0005413006147811243,0.0,0.00065487884741323,2.093621843213267e-5,0.0,1.416249885962379e-6,0.001487652484379649,9.917683229197659e-5
1391686330592789207,5,6,0,6,6,0,6,0,0,0,6.0,0.0,6.0,6.0,0.0,6.0,0.0,0.0,0.0,1.0,0.0,1.0,0.0,4,0,6,17.0,0.0,14.0,44,1,320,0.0,0.00011901219875037192,0.0,0.0,0.30952380952380953,0.19444444444444445,0.0,0.0,0.23333333333333334,0.0,0.23333333333333334,0.4666666666666667,0.0,0.0005768438061358115,0.0,0.0006548788474132288,0.00012594564166568123,0.0,3.1472219688052867e-6,0.0043637806208469705,9.917683229197659e-5
1368169265231823662,5,6,0,6,6,0,6,0,0,0,6.0,0.0,6.0,6.0,0.0,6.0,0.0,0.0,0.0,1.0,0.0,1.0,0.0,4,0,6,15.0,0.0,14.0,54,1,310,0.0,0.00011901219875037192,0.0,0.0,0.30952380952380953,0.19444444444444445,0.0,0.0,0.23333333333333334,0.0,0.23333333333333334,0.4666666666666667,0.0,0.0005909029608548523,0.0,0.000654878847413229,0.00012594564166568123,0.0,3.0488712822801214e-6,0.005355548943766736,9.917683229197659e-5
1218217397471677776,5,1,0,1,1,0,1,0,0,0,1.0,0.0,1.0,1.0,0.0,1.0,0.0,0.0,0.0,1.0,0.0,1.0,0.0,1,0,1,1.0,0.0,1.0,15,1,144,0.0,1.983536645839532e-5,0.0,0.0,0.5,0.0,0.0,0.0,0.0,0.0,0.0,0.0,0.0,0.0005413006147811243,0.0,0.00065487884741323,2.093621843213267e-5,0.0,1.416249885962379e-6,0.001487652484379649,9.917683229197659e-5
1597334098844583249,5,7,0,7,7,0,7,0,0,0,7.0,0.0,7.0,7.0,0.0,7.0,0.0,0.0,0.0,1.0,0.0,1.0,0.0,4,0,7,17.0,0.0,15.0,45,1,262,0.0,0.00013884756520876723,0.0,0.0,0.32142857142857145,0.22448979591836735,0.0,0.0,0.2619047619047619,0.0,0.2619047619047619,0.47619047619047616,0.0,0.0006032896242128384,0.0,0.0006548788474132286,0.0001470132809149316,0.0,2.5767879869593282e-6,0.0044629574531389465,9.917683229197659e-5
1389168134002312491,5,7,0,7,7,0,7,0,0,0,7.0,0.0,7.0,7.0,0.0,7.0,0.0,0.0,0.0,1.0,0.0,1.0,0.0,4,0,7,17.0,0.0,15.0,38,1,332,0.0,0.00013884756520876723,0.0,0.0,0.3392857142857143,0.24489795918367346,0.0,0.0,0.2857142857142857,0.0,0.2857142857142857,0.5238095238095238,0.0,0.000595834741294424,0.0,0.0006548788474132287,0.0001470132809149316,0.0,3.2652427926354847e-6,0.0037687196270951104,9.917683229197659e-5
1717344097653493004,5,4,0,4,3,0,3,1,0,1,4.0,0.0,4.0,3.0,0.0,3.0,1.0,0.0,1.0,0.75,0.0,0.75,0.0,3,0,4,9.0,0.0,7.0,27,1,340,0.0,7.934146583358127e-5,0.0,0.0,0.4,0.25,0.0,0.0,0.3333333333333333,0.0,0.3333333333333333,0.6666666666666666,0.0,0.0005588063987986361,0.0,0.0006548788474132294,0.0,2.1458171758914624e-5,3.343923341855617e-6,0.002677774471883368,9.917683229197659e-5
1391118811788215533,5,11,0,11,8,0,8,3,0,3,11.0,0.0,11.0,8.0,0.0,8.0,3.0,0.0,3.0,0.7272727272727273,0.0,0.7272727272727273,0.0,4,0,11,29.0,0.0,33.0,78,1,559,0.0,0.0002181890310423485,0.0,0.0,0.30303030303030304,0.2396694214876033,0.0,0.0,0.2545454545454545,0.0,0.2545454545454545,0.41818181818181815,0.0,0.0006424665015082365,0.0,0.000654878847413229,0.0,8.49127675027761e-5,5.497803376756735e-6,0.007735792918774174,9.917683229197659e-5
1666792997473223561,5,8,0,8,8,0,8,0,0,0,8.0,0.0,8.0,8.0,0.0,8.0,0.0,0.0,0.0,1.0,0.0,1.0,0.0,4,0,8,25.0,0.0,23.0,48,1,302,0.0,0.00015868293166716255,0.0,0.0,0.3194444444444444,0.234375,0.0,0.0,0.26785714285714285,0.0,0.26785714285714285,0.5,0.0,0.0006046867832634785,0.0,0.0006548788474132285,0.00016810286786395068,0.0,2.970190733059989e-6,0.0047604879500148765,9.917683229197659e-5
1786581821874506041,5,5,0,5,5,0,5,0,0,0,5.0,0.0,5.0,5.0,0.0,5.0,0.0,0.0,0.0,1.0,0.0,1.0,0.0,4,0,5,13.0,0.0,9.0,43,1,291,0.0,9.917683229197659e-5,0.0,0.0,0.3,0.16,0.0,0.0,0.2,0.0,0.2,0.4,0.0,0.000577211726942078,0.0,0.000654878847413229,0.0001048999374662074,0.0,2.8620049778823077e-6,0.0042646037885549935,9.917683229197659e-5
1425766816742903513,5,9,0,9,9,0,9,0,0,0,9.0,0.0,9.0,9.0,0.0,9.0,0.0,0.0,0.0,1.0,0.0,1.0,0.0,4,0,9,26.0,0.0,28.0,56,1,328,0.0,0.00017851829812555786,0.0,0.0,0.24444444444444444,0.16049382716049382,0.0,0.0,0.18055555555555555,0.0,0.18055555555555555,0.3611111111111111,0.0,0.0006157165255524652,0.0,0.0006548788474132288,0.0001892144151710573,0.0,3.225902518025419e-6,0.00555390260835069,9.917683229197659e-5
1588773090169454954,6,5,0,5,2,0,2,3,0,3,5.0,0.0,5.0,2.0,0.0,2.0,3.0,0.0,3.0,0.4,0.0,0.4,0.0,3,0,5,13.0,0.0,9.0,36,1,242,0.0,9.917683229197659e-5,0.0,0.0,0.3333333333333333,0.2,0.0,0.0,0.25,0.0,0.25,0.4,0.0,0.0006672528932915271,0.0,0.0006548788474132296,0.0,0.00014308957479969298,2.380086613908998e-6,0.0035703659625111574,9.917683229197659e-5
1438811902334468581,5,8,0,8,7,0,7,1,0,1,8.0,0.0,8.0,7.0,0.0,7.0,1.0,0.0,1.0,0.875,0.0,0.875,0.0,4,0,8,17.0,0.0,23.0,41,1,377,0.0,0.00015868293166716255,0.0,0.0,0.2222222222222222,0.125,0.0,0.0,0.14285714285714285,0.0,0.14285714285714285,0.25,0.0,0.0006021157895641995,0.0,0.000654878847413229,6.268415232646429e-5,0.0,3.7078208819987282e-6,0.0040662501239710405,9.917683229197659e-5
1542568605978198324,5,1,0,1,1,0,1,0,0,0,1.0,0.0,1.0,1.0,0.0,1.0,0.0,0.0,0.0,1.0,0.0,1.0,0.0,1,0,1,1.0,0.0,1.0,15,1,144,0.0,1.983536645839532e-5,0.0,0.0,0.5,0.0,0.0,0.0,0.0,0.0,0.0,0.0,0.0,0.0005413006147811243,0.0,0.00065487884741323,2.093621843213267e-5,0.0,1.416249885962379e-6,0.001487652484379649,9.917683229197659e-5
1759720894936125046,5,9,0,9,8,0,8,1,0,1,9.0,0.0,9.0,8.0,0.0,8.0,1.0,0.0,1.0,0.8888888888888888,0.0,0.8888888888888888,0.0,4,0,9,26.0,0.0,28.0,45,1,456,0.0,0.00017851829812555786,0.0,0.0,0.3,0.2222222222222222,0.0,0.0,0.25,0.0,0.25,0.5,0.0,0.0005965678355170994,0.0,0.0006548788474132289,8.377458604902355e-5,0.0,4.484791305547533e-6,0.0044629574531389465,9.917683229197659e-5
1672371954524358032,5,10,0,10,9,0,9,1,0,1,10.0,0.0,10.0,9.0,0.0,9.0,1.0,0.0,1.0,0.9,0.0,0.9,0.0,4,0,10,26.0,0.0,30.0,48,1,424,0.0,0.00019835366458395318,0.0,0.0,0.2545454545454545,0.18,0.0,0.0,0.2,0.0,0.2,0.4,0.0,0.0006156688670492966,0.0,0.0006548788474132291,0.00010488698616650804,0.0,4.170069108667005e-6,0.0047604879500148765,9.917683229197659e-5
1336356407221422767,5,6,0,6,6,0,6,0,0,0,6.0,0.0,6.0,6.0,0.0,6.0,0.0,0.0,0.0,1.0,0.0,1.0,0.0,4,0,6,17.0,0.0,14.0,55,1,319,0.0,0.00011901219875037192,0.0,0.0,0.30952380952380953,0.19444444444444445,0.0,0.0,0.23333333333333334,0.0,0.23333333333333334,0.4666666666666667,0.0,0.0005853081753140804,0.0,0.0006548788474132288,0.00012594564166568123,0.0,3.13738690015277e-6,0.005454725776058713,9.917683229197659e-5
1257676853963918575,5,1,0,1,1,0,1,0,0,0,1.0,0.0,1.0,1.0,0.0,1.0,0.0,0.0,0.0,1.0,0.0,1.0,0.0,1,0,1,1.0,0.0,1.0,15,1,144,0.0,1.983536645839532e-5,0.0,0.0,0.5,0.0,0.0,0.0,0.0,0.0,0.0,0.0,0.0,0.0005413006147811243,0.0,0.00065487884741323,2.093621843213267e-5,0.0,1.416249885962379e-6,0.001487652484379649,9.917683229197659e-5
1566786490329989567,5,1,0,1,1,0,1,0,0,0,1.0,0.0,1.0,1.0,0.0,1.0,0.0,0.0,0.0,1.0,0.0,1.0,0.0,1,0,1,1.0,0.0,1.0,15,1,144,0.0,1.983536645839532e-5,0.0,0.0,0.5,0.0,0.0,0.0,0.0,0.0,0.0,0.0,0.0,0.0005413006147811243,0.0,0.00065487884741323,2.093621843213267e-5,0.0,1.416249885962379e-6,0.001487652484379649,9.917683229197659e-5
1871641527638296625,5,10,0,10,10,0,10,0,0,0,10.0,0.0,10.0,10.0,0.0,10.0,0.0,0.0,0.0,1.0,0.0,1.0,0.0,4,0,10,31.0,0.0,30.0,54,1,307,0.0,0.00019835366458395318,0.0,0.0,0.3181818181818182,0.25,0.0,0.0,0.2777777777777778,0.0,0.2777777777777778,0.4888888888888889,0.0,0.0006330331091512246,0.0,0.0006548788474132287,0.00021034793550211983,0.0,3.0193660763225718e-6,0.005355548943766736,9.917683229197659e-5
1451221992744160817,5,7,0,7,6,0,6,1,0,1,7.0,0.0,7.0,6.0,0.0,6.0,1.0,0.0,1.0,0.8571428571428571,0.0,0.8571428571428571,0.0,4,0,7,17.0,0.0,15.0,56,1,430,0.0,0.00013884756520876723,0.0,0.0,0.3392857142857143,0.24489795918367346,0.0,0.0,0.2857142857142857,0.0,0.2857142857142857,0.5238095238095238,0.0,0.000589925033221282,0.0,0.0006548788474132292,4.161567233584851e-5,0.0,4.229079520582104e-6,0.00555390260835069,9.917683229197659e-5
1721325493480850056,5,5,0,5,4,0,4,1,0,1,5.0,0.0,5.0,4.0,0.0,4.0,1.0,0.0,1.0,0.8,0.0,0.8,0.0,4,0,5,13.0,0.0,9.0,39,1,393,0.0,9.917683229197659e-5,0.0,0.0,0.36666666666666664,0.24,0.0,0.0,0.3,0.0,0.3,0.6,0.0,0.0005686221640995766,0.0,0.0006548788474132296,0.0,4.554770632880789e-7,3.865181980438993e-6,0.003867896459387087,9.917683229197659e-5
1312052665265424554,2,14,0,14,7,0,7,7,0,7,14.0,0.0,14.0,7.0,0.0,7.0,7.0,0.0,7.0,0.5,0.0,0.5,0.0,4,0,11,30.0,0.0,40.0,83,1,635,0.0,0.00027769513041753447,0.0,0.0,0.2619047619047619,0.20918367346938777,0.0,0.0,0.21978021978021978,0.0,0.21978021978021978,0.3626373626373626,0.0,0.0006569817585264406,0.0,0.0006548788474132293,0.0,0.00041855395715928445,6.24526859434799e-6,0.008231677080234057,9.917683229197659e-5
1408390207295720465,4,4,0,4,2,0,2,2,0,2,4.0,0.0,4.0,2.0,0.0,2.0,2.0,0.0,2.0,0.5,0.0,0.5,0.0,4,0,4,9.0,0.0,7.0,31,1,236,0.0,7.934146583358127e-5,0.0,0.0,0.6,0.5,0.0,0.0,0.5833333333333334,0.0,0.5833333333333334,0.6666666666666666,0.0,0.0006462667146031111,0.0,0.0006548788474132297,0.0,0.0001726635128155296,2.3210762019938988e-6,0.0030744818010512744,9.917683229197659e-5
1831235378246323855,4,5,0,5,3,0,3,2,0,2,5.0,0.0,5.0,3.0,0.0,3.0,2.0,0.0,2.0,0.6,0.0,0.6,0.0,4,0,5,13.0,0.0,9.0,38,1,248,0.0,9.917683229197659e-5,0.0,0.0,0.6,0.52,0.0,0.0,0.6,0.0,0.6,0.7,0.0,0.0006753616633031786,0.0,0.0006548788474132296,0.0,0.0001658027615469848,2.439097025824097e-6,0.0037687196270951104,9.917683229197659e-5
1844351529151104429,5,9,0,9,8,0,8,1,0,1,9.0,0.0,9.0,8.0,0.0,8.0,1.0,0.0,1.0,0.8888888888888888,0.0,0.8888888888888888,0.0,4,0,9,24.0,0.0,28.0,61,1,440,0.0,0.00017851829812555786,0.0,0.0,0.2777777777777778,0.19753086419753085,0.0,0.0,0.2222222222222222,0.0,0.2222222222222222,0.4166666666666667,0.0,0.0006125352373556334,0.0,0.000654878847413229,8.377458604902355e-5,0.0,4.327430207107269e-6,0.006049786769810573,9.917683229197659e-5
1435394343295779450,5,9,0,9,9,0,9,0,0,0,9.0,0.0,9.0,9.0,0.0,9.0,0.0,0.0,0.0,1.0,0.0,1.0,0.0,4,0,9,25.0,0.0,28.0,54,1,392,0.0,0.00017851829812555786,0.0,0.0,0.28888888888888886,0.20987654320987653,0.0,0.0,0.2361111111111111,0.0,0.2361111111111111,0.4722222222222222,0.0,0.0006057967921570936,0.0,0.0006548788474132288,0.0001892144151710573,0.0,3.855346911786476e-6,0.005355548943766736,9.917683229197659e-5
1387009232867430396,2,11,0,11,5,0,5,6,0,6,11.0,0.0,11.0,5.0,0.0,5.0,6.0,0.0,6.0,0.45454545454545453,0.0,0.45454545454545453,0.0,4,0,11,31.0,0.0,33.0,64,1,646,0.0,0.0002181890310423485,0.0,0.0,0.26515151515151514,0.19834710743801653,0.0,0.0,0.20909090909090908,0.0,0.20909090909090908,0.38181818181818183,0.0,0.0006108084034843499,0.0,0.0006548788474132292,0.0,0.00038342734246998855,6.353454349525673e-6,0.006347317266686502,9.917683229197659e-5
1373757742249938744,5,7,0,7,6,0,6,1,0,1,7.0,0.0,7.0,6.0,0.0,6.0,1.0,0.0,1.0,0.8571428571428571,0.0,0.8571428571428571,0.0,4,0,7,17.0,0.0,15.0,44,1,382,0.0,0.00013884756520876723,0.0,0.0,0.23214285714285715,0.12244897959183673,0.0,0.0,0.14285714285714285,0.0,0.14285714285714285,0.2857142857142857,0.0,0.0005891602697357408,0.0,0.000654878847413229,4.161567233584851e-5,0.0,3.756996225261311e-6,0.0043637806208469705,9.917683229197659e-5
1406109609235581864,5,2,0,2,2,0,2,0,0,0,2.0,0.0,2.0,2.0,0.0,2.0,0.0,0.0,0.0,1.0,0.0,1.0,0.0,2,0,2,3.0,0.0,2.0,26,1,185,0.0,3.967073291679064e-5,0.0,0.0,0.5,0.25,0.0,0.0,0.5,0.0,0.5,1.0,0.0,0.0005500177929888704,0.0,0.0006548788474132291,4.18943087797663e-5,0.0,1.8194877007155562e-6,0.0025785976395913913,9.917683229197659e-5
1795550467695051809,5,5,0,5,5,0,5,0,0,0,5.0,0.0,5.0,5.0,0.0,5.0,0.0,0.0,0.0,1.0,0.0,1.0,0.0,4,0,5,13.0,0.0,9.0,56,1,341,0.0,9.917683229197659e-5,0.0,0.0,0.4,0.28,0.0,0.0,0.35,0.0,0.35,0.7,0.0,0.0005822951547245203,0.0,0.0006548788474132292,0.0001048999374662074,0.0,3.3537584105081335e-6,0.00555390260835069,9.917683229197659e-5
1307654527821808029,5,4,0,4,4,0,4,0,0,0,4.0,0.0,4.0,4.0,0.0,4.0,0.0,0.0,0.0,1.0,0.0,1.0,0.0,2,0,4,9.0,0.0,7.0,28,1,247,0.0,7.934146583358127e-5,0.0,0.0,0.3,0.125,0.0,0.0,0.16666666666666666,0.0,0.16666666666666666,0.3333333333333333,0.0,0.0005631554058990567,0.0,0.0006548788474132286,8.387615567384543e-5,0.0,2.4292619571715806e-6,0.002776951304175345,9.917683229197659e-5
1417482264551361092,4,4,0,4,2,0,2,2,0,2,4.0,0.0,4.0,2.0,0.0,2.0,2.0,0.0,2.0,0.5,0.0,0.5,0.0,4,0,4,9.0,0.0,7.0,38,1,247,0.0,7.934146583358127e-5,0.0,0.0,0.55,0.4375,0.0,0.0,0.5,0.0,0.5,0.6666666666666666,0.0,0.0006509233120367052,0.0,0.0006548788474132296,0.0,0.00014444749398001555,2.4292619571715806e-6,0.0037687196270951104,9.917683229197659e-5
1752271121488544423,5,12,0,12,12,0,12,0,0,0,12.0,0.0,12.0,12.0,0.0,12.0,0.0,0.0,0.0,1.0,0.0,1.0,0.0,4,0,11,29.0,0.0,37.0,66,1,408,0.0,0.00023802439750074384,0.0,0.0,0.32051282051282054,0.2638888888888889,0.0,0.0,0.2878787878787879,0.0,0.2878787878787879,0.5151515151515151,0.0,0.0006482975586969071,0.0,0.0006548788474132286,0.0002526809459389989,0.0,4.01270801022674e-6,0.006545670931270455,9.917683229197659e-5
1640848591369013403,5,2,0,2,2,0,2,0,0,0,2.0,0.0,2.0,2.0,0.0,2.0,0.0,0.0,0.0,1.0,0.0,1.0,0.0,2,0,2,3.0,0.0,2.0,20,1,164,0.0,3.967073291679064e-5,0.0,0.0,0.5,0.25,0.0,0.0,0.5,0.0,0.5,1.0,0.0,0.0005548844015334303,0.0,0.0006548788474132294,4.18943087797663e-5,0.0,1.6129512590127095e-6,0.0019835366458395317,9.917683229197659e-5
1242377563406336824,5,8,0,8,7,0,7,1,0,1,8.0,0.0,8.0,7.0,0.0,7.0,1.0,0.0,1.0,0.875,0.0,0.875,0.0,4,0,8,25.0,0.0,23.0,54,1,435,0.0,0.00015868293166716255,0.0,0.0,0.3055555555555556,0.21875,0.0,0.0,0.25,0.0,0.25,0.5,0.0,0.0005926478882442454,0.0,0.0006548788474132289,6.268415232646429e-5,0.0,4.278254863844686e-6,0.005355548943766736,9.917683229197659e-5
1666730989444924945,5,3,0,3,3,0,3,0,0,0,3.0,0.0,3.0,3.0,0.0,3.0,0.0,0.0,0.0,1.0,0.0,1.0,0.0,2,0,3,5.0,0.0,4.0,30,1,224,0.0,5.950609937518596e-5,0.0,0.0,0.25,0.0,0.0,0.0,0.0,0.0,0.0,0.0,0.0,0.0005631013097818607,0.0,0.0006548788474132289,6.287428365403525e-5,0.0,2.203055378163701e-6,0.002975304968759298,9.917683229197659e-5
1317742909444853180,5,1,0,1,1,0,1,0,0,0,1.0,0.0,1.0,1.0,0.0,1.0,0.0,0.0,0.0,1.0,0.0,1.0,0.0,1,0,1,1.0,0.0,1.0,15,1,144,0.0,1.983536645839532e-5,0.0,0.0,0.5,0.0,0.0,0.0,0.0,0.0,0.0,0.0,0.0,0.0005413006147811243,0.0,0.00065487884741323,2.093621843213267e-5,0.0,1.416249885962379e-6,0.001487652484379649,9.917683229197659e-5
1565959529961622140,5,7,0,7,7,0,7,0,0,0,7.0,0.0,7.0,7.0,0.0,7.0,0.0,0.0,0.0,1.0,0.0,1.0,0.0,4,0,7,17.0,0.0,15.0,43,1,285,0.0,0.00013884756520876723,0.0,0.0,0.30357142857142855,0.20408163265306123,0.0,0.0,0.23809523809523808,0.0,0.23809523809523808,0.42857142857142855,0.0,0.0005988646955242255,0.0,0.0006548788474132286,0.0001470132809149316,0.0,2.8029945659672085e-6,0.0042646037885549935,9.917683229197659e-5
1334175459738388439,5,6,0,6,6,0,6,0,0,0,6.0,0.0,6.0,6.0,0.0,6.0,0.0,0.0,0.0,1.0,0.0,1.0,0.0,3,0,6,15.0,0.0,14.0,38,1,273,0.0,0.00011901219875037192,0.0,0.0,0.2619047619047619,0.1388888888888889,0.0,0.0,0.16666666666666666,0.0,0.16666666666666666,0.3333333333333333,0.0,0.0005833342948894717,0.0,0.0006548788474132285,0.00012594564166568123,0.0,2.68497374213701e-6,0.0037687196270951104,9.917683229197659e-5
1719876843647009778,5,4,0,4,4,0,4,0,0,0,4.0,0.0,4.0,4.0,0.0,4.0,0.0,0.0,0.0,1.0,0.0,1.0,0.0,3,0,4,9.0,0.0,7.0,39,1,242,0.0,7.934146583358127e-5,0.0,0.0,0.35,0.1875,0.0,0.0,0.25,0.0,0.25,0.3333333333333333,0.0,0.0005725016105078903,0.0,0.0006548788474132287,8.387615567384543e-5,0.0,2.380086613908998e-6,0.003867896459387087,9.917683229197659e-5
1614330024108753233,5,5,0,5,5,0,5,0,0,0,5.0,0.0,5.0,5.0,0.0,5.0,0.0,0.0,0.0,1.0,0.0,1.0,0.0,4,0,5,13.0,0.0,9.0,41,1,260,0.0,9.917683229197659e-5,0.0,0.0,0.3333333333333333,0.2,0.0,0.0,0.25,0.0,0.25,0.4,0.0,0.0005812187887156364,0.0,0.0006548788474132287,0.0001048999374662074,0.0,2.5571178496542956e-6,0.0040662501239710405,9.917683229197659e-5
1371029141817658116,5,8,0,8,8,0,8,0,0,0,8.0,0.0,8.0,8.0,0.0,8.0,0.0,0.0,0.0,1.0,0.0,1.0,0.0,4,0,8,25.0,0.0,23.0,49,1,363,0.0,0.00015868293166716255,0.0,0.0,0.2916666666666667,0.203125,0.0,0.0,0.23214285714285715,0.0,0.23214285714285715,0.42857142857142855,0.0,0.0006017076985092137,0.0,0.0006548788474132286,0.00016810286786395068,0.0,3.570129920863497e-6,0.0048596647823068535,9.917683229197659e-5
1714757462411709857,6,5,0,5,2,0,2,3,0,3,5.0,0.0,5.0,2.0,0.0,2.0,3.0,0.0,3.0,0.4,0.0,0.4,0.0,3,0,5,13.0,0.0,9.0,36,1,242,0.0,9.917683229197659e-5,0.0,0.0,0.3333333333333333,0.2,0.0,0.0,0.25,0.0,0.25,0.4,0.0,0.0006672528932915271,0.0,0.0006548788474132296,0.0,0.00014308957479969298,2.380086613908998e-6,0.0035703659625111574,9.917683229197659e-5
1796373594016582134,5,11,0,11,10,0,10,1,0,1,11.0,0.0,11.0,10.0,0.0,10.0,1.0,0.0,1.0,0.9090909090909091,0.0,0.9090909090909091,0.0,4,0,11,30.0,0.0,33.0,52,1,496,0.0,0.0002181890310423485,0.0,0.0,0.29545454545454547,0.23140495867768596,0.0,0.0,0.2545454545454545,0.0,0.2545454545454545,0.509090909090909,0.0,0.0006119666482350997,0.0,0.0006548788474132289,0.00012602136534989317,0.0,4.878194051648194e-6,0.005157195279182783,9.917683229197659e-5
1527922022498174391,5,4,0,4,4,0,4,0,0,0,4.0,0.0,4.0,4.0,0.0,4.0,0.0,0.0,0.0,1.0,0.0,1.0,0.0,4,0,4,9.0,0.0,7.0,43,1,296,0.0,7.934146583358127e-5,0.0,0.0,0.45,0.3125,0.0,0.0,0.4166666666666667,0.0,0.4166666666666667,0.8333333333333334,0.0,0.000562389922076653,0.0,0.000654878847413229,8.387615567384543e-5,0.0,2.91118032114489e-6,0.0042646037885549935,9.917683229197659e-5
1274435443638665243,5,3,0,3,3,0,3,0,0,0,3.0,0.0,3.0,3.0,0.0,3.0,0.0,0.0,0.0,1.0,0.0,1.0,0.0,3,0,3,5.0,0.0,4.0,37,1,224,0.0,5.950609937518596e-5,0.0,0.0,0.25,0.0,0.0,0.0,0.0,0.0,0.0,0.0,0.0,0.0005582833565914696,0.0,0.0006548788474132288,6.287428365403525e-5,0.0,2.203055378163701e-6,0.003669542794803134,9.917683229197659e-5
1391844236269194816,5,4,0,4,4,0,4,0,0,0,4.0,0.0,4.0,4.0,0.0,4.0,0.0,0.0,0.0,1.0,0.0,1.0,0.0,4,0,4,9.0,0.0,7.0,37,1,255,0.0,7.934146583358127e-5,0.0,0.0,0.3,0.125,0.0,0.0,0.16666666666666666,0.0,0.16666666666666666,0.3333333333333333,0.0,0.0005662346810953064,0.0,0.0006548788474132287,8.387615567384543e-5,0.0,2.507942506391713e-6,0.003669542794803134,9.917683229197659e-5
1627224225209125166,4,5,0,5,5,0,5,0,0,0,5.0,0.0,5.0,5.0,0.0,5.0,0.0,0.0,0.0,1.0,0.0,1.0,0.0,3,0,5,9.0,0.0,9.0,31,1,185,0.0,9.917683229197659e-5,0.0,0.0,0.36666666666666664,0.24,0.0,0.0,0.2,0.0,0.2,0.4,0.0,0.0006079149073261901,0.0,0.0006548788474132283,3.434478139807684e-5,0.0,1.8194877007155562e-6,0.0030744818010512744,9.917683229197659e-5
1378214253248383331,4,33,0,33,29,0,29,4,0,4,33.0,0.0,33.0,29.0,0.0,29.0,4.0,0.0,4.0,0.8787878787878788,0.0,0.8787878787878788,0.0,4,0,16,53.0,0.0,108.0,111,1,636,0.0,0.0006545670931270456,0.0,0.0,0.14260249554367202,0.11662075298438934,0.0,0.0,0.11553030303030302,0.0,0.11553030303030302,0.20454545454545456,0.0,0.0012031098543934028,0.0,0.0006548788474132284,0.0,0.0003892112104748602,6.255103663000507e-6,0.011008628384409401,9.917683229197659e-5
1321868404822376630,4,33,0,33,29,0,29,4,0,4,33.0,0.0,33.0,29.0,0.0,29.0,4.0,0.0,4.0,0.8787878787878788,0.0,0.8787878787878788,0.0,4,0,16,53.0,0.0,108.0,111,1,636,0.0,0.0006545670931270456,0.0,0.0,0.14260249554367202,0.11662075298438934,0.0,0.0,0.11553030303030302,0.0,0.11553030303030302,0.20454545454545456,0.0,0.0012031098543934028,0.0,0.0006548788474132284,0.0,0.0003892112104748602,6.255103663000507e-6,0.011008628384409401,9.917683229197659e-5
1853826606875806736,4,33,0,33,29,0,29,4,0,4,33.0,0.0,33.0,29.0,0.0,29.0,4.0,0.0,4.0,0.8787878787878788,0.0,0.8787878787878788,0.0,4,0,16,53.0,0.0,108.0,111,1,636,0.0,0.0006545670931270456,0.0,0.0,0.14260249554367202,0.11662075298438934,0.0,0.0,0.11553030303030302,0.0,0.11553030303030302,0.20454545454545456,0.0,0.0012031098543934028,0.0,0.0006548788474132284,0.0,0.0003892112104748602,6.255103663000507e-6,0.011008628384409401,9.917683229197659e-5
1660351141621269514,4,7,0,7,6,0,6,1,0,1,7.0,0.0,7.0,6.0,0.0,6.0,1.0,0.0,1.0,0.8571428571428571,0.0,0.8571428571428571,0.0,4,0,7,18.0,0.0,15.0,46,1,350,0.0,0.00013884756520876723,0.0,0.0,0.25,0.14285714285714285,0.0,0.0,0.14285714285714285,0.0,0.14285714285714285,0.23809523809523808,0.0,0.0006933881013772776,0.0,0.000654878847413229,0.0,0.00015672769616603688,3.4422740283807823e-6,0.0045621342854309235,9.917683229197659e-5
1688691492735943116,4,33,0,33,29,0,29,4,0,4,33.0,0.0,33.0,29.0,0.0,29.0,4.0,0.0,4.0,0.8787878787878788,0.0,0.8787878787878788,0.0,4,0,16,53.0,0.0,108.0,111,1,636,0.0,0.0006545670931270456,0.0,0.0,0.14260249554367202,0.11662075298438934,0.0,0.0,0.11553030303030302,0.0,0.11553030303030302,0.20454545454545456,0.0,0.0012031098543934028,0.0,0.0006548788474132284,0.0,0.0003892112104748602,6.255103663000507e-6,0.011008628384409401,9.917683229197659e-5
1782973942441445386,4,33,0,33,29,0,29,4,0,4,33.0,0.0,33.0,29.0,0.0,29.0,4.0,0.0,4.0,0.8787878787878788,0.0,0.8787878787878788,0.0,4,0,16,53.0,0.0,108.0,111,1,636,0.0,0.0006545670931270456,0.0,0.0,0.14260249554367202,0.11662075298438934,0.0,0.0,0.11553030303030302,0.0,0.11553030303030302,0.20454545454545456,0.0,0.0012031098543934028,0.0,0.0006548788474132284,0.0,0.0003892112104748602,6.255103663000507e-6,0.011008628384409401,9.917683229197659e-5
1287259565116621250,4,7,0,7,6,0,6,1,0,1,7.0,0.0,7.0,6.0,0.0,6.0,1.0,0.0,1.0,0.8571428571428571,0.0,0.8571428571428571,0.0,4,0,7,18.0,0.0,15.0,46,1,350,0.0,0.00013884756520876723,0.0,0.0,0.25,0.14285714285714285,0.0,0.0,0.14285714285714285,0.0,0.14285714285714285,0.23809523809523808,0.0,0.0006933881013772776,0.0,0.000654878847413229,0.0,0.00015672769616603688,3.4422740283807823e-6,0.0045621342854309235,9.917683229197659e-5
1266916921928847176,4,33,0,33,29,0,29,4,0,4,33.0,0.0,33.0,29.0,0.0,29.0,4.0,0.0,4.0,0.8787878787878788,0.0,0.8787878787878788,0.0,4,0,16,53.0,0.0,108.0,111,1,636,0.0,0.0006545670931270456,0.0,0.0,0.14260249554367202,0.11662075298438934,0.0,0.0,0.11553030303030302,0.0,0.11553030303030302,0.20454545454545456,0.0,0.0012031098543934028,0.0,0.0006548788474132284,0.0,0.0003892112104748602,6.255103663000507e-6,0.011008628384409401,9.917683229197659e-5
1239569355998496780,4,33,0,33,29,0,29,4,0,4,33.0,0.0,33.0,29.0,0.0,29.0,4.0,0.0,4.0,0.8787878787878788,0.0,0.8787878787878788,0.0,4,0,16,53.0,0.0,108.0,111,1,636,0.0,0.0006545670931270456,0.0,0.0,0.14260249554367202,0.11662075298438934,0.0,0.0,0.11553030303030302,0.0,0.11553030303030302,0.20454545454545456,0.0,0.0012031098543934028,0.0,0.0006548788474132284,0.0,0.0003892112104748602,6.255103663000507e-6,0.011008628384409401,9.917683229197659e-5
1847549789562996314,4,33,0,33,29,0,29,4,0,4,33.0,0.0,33.0,29.0,0.0,29.0,4.0,0.0,4.0,0.8787878787878788,0.0,0.8787878787878788,0.0,4,0,16,53.0,0.0,108.0,111,1,636,0.0,0.0006545670931270456,0.0,0.0,0.14260249554367202,0.11662075298438934,0.0,0.0,0.11553030303030302,0.0,0.11553030303030302,0.20454545454545456,0.0,0.0012031098543934028,0.0,0.0006548788474132284,0.0,0.0003892112104748602,6.255103663000507e-6,0.011008628384409401,9.917683229197659e-5
1449419161301155914,4,33,0,33,29,0,29,4,0,4,33.0,0.0,33.0,29.0,0.0,29.0,4.0,0.0,4.0,0.8787878787878788,0.0,0.8787878787878788,0.0,4,0,16,53.0,0.0,108.0,111,1,636,0.0,0.0006545670931270456,0.0,0.0,0.14260249554367202,0.11662075298438934,0.0,0.0,0.11553030303030302,0.0,0.11553030303030302,0.20454545454545456,0.0,0.0012031098543934028,0.0,0.0006548788474132284,0.0,0.0003892112104748602,6.255103663000507e-6,0.011008628384409401,9.917683229197659e-5
1228082596039100242,4,7,0,7,6,0,6,1,0,1,7.0,0.0,7.0,6.0,0.0,6.0,1.0,0.0,1.0,0.8571428571428571,0.0,0.8571428571428571,0.0,4,0,7,18.0,0.0,15.0,46,1,350,0.0,0.00013884756520876723,0.0,0.0,0.25,0.14285714285714285,0.0,0.0,0.14285714285714285,0.0,0.14285714285714285,0.23809523809523808,0.0,0.0006933881013772776,0.0,0.000654878847413229,0.0,0.00015672769616603688,3.4422740283807823e-6,0.0045621342854309235,9.917683229197659e-5
1286306178023818354,4,33,0,33,29,0,29,4,0,4,33.0,0.0,33.0,29.0,0.0,29.0,4.0,0.0,4.0,0.8787878787878788,0.0,0.8787878787878788,0.0,4,0,16,53.0,0.0,108.0,111,1,636,0.0,0.0006545670931270456,0.0,0.0,0.14260249554367202,0.11662075298438934,0.0,0.0,0.11553030303030302,0.0,0.11553030303030302,0.20454545454545456,0.0,0.0012031098543934028,0.0,0.0006548788474132284,0.0,0.0003892112104748602,6.255103663000507e-6,0.011008628384409401,9.917683229197659e-5
1381593252716611520,4,5,0,5,3,0,3,2,0,2,5.0,0.0,5.0,3.0,0.0,3.0,2.0,0.0,2.0,0.6,0.0,0.6,0.0,3,0,5,9.0,0.0,9.0,22,1,130,0.0,9.917683229197659e-5,0.0,0.0,0.3,0.16,0.0,0.0,0.2,0.0,0.2,0.4,0.0,0.0006481167413503924,0.0,0.0006548788474132287,0.0,0.00015843744284693706,1.2785589248271478e-6,0.0021818903104234852,9.917683229197659e-5
1410845776984146370,4,6,0,6,3,0,3,3,0,3,6.0,0.0,6.0,3.0,0.0,3.0,3.0,0.0,3.0,0.5,0.0,0.5,0.0,3,0,6,13.0,0.0,14.0,25,1,134,0.0,0.00011901219875037192,0.0,0.0,0.3333333333333333,0.2222222222222222,0.0,0.0,0.23333333333333334,0.0,0.23333333333333334,0.4,0.0,0.0006652053656626157,0.0,0.0006548788474132288,0.0,0.00025244355572595634,1.3178991994372137e-6,0.002479420807299415,9.917683229197659e-5
1826963811966386730,4,10,0,10,10,0,10,0,0,0,10.0,0.0,10.0,10.0,0.0,10.0,0.0,0.0,0.0,1.0,0.0,1.0,0.0,4,0,10,31.0,0.0,30.0,46,1,289,0.0,0.00019835366458395318,0.0,0.0,0.2545454545454545,0.18,0.0,0.0,0.17777777777777778,0.0,0.17777777777777778,0.3333333333333333,0.0,0.000719007183073669,0.0,0.0006548788474132285,6.908638784586252e-5,0.0,2.8423348405772746e-6,0.0045621342854309235,9.917683229197659e-5
1562503014911050868,4,9,0,9,8,0,8,1,0,1,9.0,0.0,9.0,8.0,0.0,8.0,1.0,0.0,1.0,0.8888888888888888,0.0,0.8888888888888888,0.0,3,0,9,17.0,0.0,28.0,37,1,240,0.0,0.00017851829812555786,0.0,0.0,0.2,0.1111111111111111,0.0,0.0,0.09722222222222222,0.0,0.09722222222222222,0.19444444444444445,0.0,0.0007147757719970194,0.0,0.0006548788474132286,6.21062621738444e-5,0.0,2.360416476603965e-6,0.003669542794803134,9.917683229197659e-5
1486003045979390761,4,6,0,6,3,0,3,3,0,3,6.0,0.0,6.0,3.0,0.0,3.0,3.0,0.0,3.0,0.5,0.0,0.5,0.0,3,0,6,13.0,0.0,14.0,25,1,134,0.0,0.00011901219875037192,0.0,0.0,0.3333333333333333,0.2222222222222222,0.0,0.0,0.23333333333333334,0.0,0.23333333333333334,0.4,0.0,0.0006652053656626157,0.0,0.0006548788474132288,0.0,0.00025244355572595634,1.3178991994372137e-6,0.002479420807299415,9.917683229197659e-5
1708551049276556085,4,6,0,6,3,0,3,3,0,3,6.0,0.0,6.0,3.0,0.0,3.0,3.0,0.0,3.0,0.5,0.0,0.5,0.0,3,0,6,13.0,0.0,14.0,25,1,134,0.0,0.00011901219875037192,0.0,0.0,0.3333333333333333,0.2222222222222222,0.0,0.0,0.23333333333333334,0.0,0.23333333333333334,0.4,0.0,0.0006652053656626157,0.0,0.0006548788474132288,0.0,0.00024250184236740413,1.3178991994372137e-6,0.002479420807299415,9.917683229197659e-5
1212687430746898925,4,10,0,10,6,0,6,4,0,4,10.0,0.0,10.0,6.0,0.0,6.0,4.0,0.0,4.0,0.6,0.0,0.6,0.0,1,0,8,34.0,0.0,26.0,19,1,278,0.0,0.00019835366458395318,0.0,0.0,0.12727272727272726,0.04,0.0,0.0,0.044444444444444446,0.0,0.044444444444444446,0.08888888888888889,0.0,0.0007029472278831449,0.0,0.0006548788474132288,0.0,0.00034275805277694804,2.7341490853995927e-6,0.0018843598135475552,9.917683229197659e-5
1583770309385781517,4,10,0,10,6,0,6,4,0,4,10.0,0.0,10.0,6.0,0.0,6.0,4.0,0.0,4.0,0.6,0.0,0.6,0.0,1,0,8,34.0,0.0,26.0,19,1,278,0.0,0.00019835366458395318,0.0,0.0,0.12727272727272726,0.04,0.0,0.0,0.044444444444444446,0.0,0.044444444444444446,0.08888888888888889,0.0,0.0007029472278831449,0.0,0.0006548788474132288,0.0,0.00034275805277694804,2.7341490853995927e-6,0.0018843598135475552,9.917683229197659e-5
1336922268147647998,3,17,0,17,13,0,13,4,0,4,17.0,0.0,17.0,13.0,0.0,13.0,4.0,0.0,4.0,0.7647058823529411,0.0,0.7647058823529411,0.0,4,0,14,43.0,0.0,48.0,71,1,302,0.0,0.0003372012297927204,0.0,0.0,0.17973856209150327,0.1314878892733564,0.0,0.0,0.1323529411764706,0.0,0.1323529411764706,0.23529411764705882,0.0,0.0008937610749913946,0.0,0.0006548788474132288,0.0,0.00029338166176762215,2.970190733059989e-6,0.007041555092730338,9.917683229197659e-5
1525244441936266770,4,6,0,6,3,0,3,3,0,3,6.0,0.0,6.0,3.0,0.0,3.0,3.0,0.0,3.0,0.5,0.0,0.5,0.0,3,0,6,13.0,0.0,14.0,25,1,134,0.0,0.00011901219875037192,0.0,0.0,0.3333333333333333,0.2222222222222222,0.0,0.0,0.23333333333333334,0.0,0.23333333333333334,0.4,0.0,0.0006652053656626157,0.0,0.0006548788474132288,0.0,0.00025244355572595634,1.3178991994372137e-6,0.002479420807299415,9.917683229197659e-5
1352676443296891582,4,6,0,6,3,0,3,3,0,3,6.0,0.0,6.0,3.0,0.0,3.0,3.0,0.0,3.0,0.5,0.0,0.5,0.0,1,0,6,13.0,0.0,14.0,13,1,250,0.0,0.00011901219875037192,0.0,0.0,0.19047619047619047,0.05555555555555555,0.0,0.0,0.06666666666666667,0.0,0.06666666666666667,0.13333333333333333,0.0,0.0006089863536772736,0.0,0.0006548788474132288,0.0,0.0002637079085993088,2.4587671631291302e-6,0.0012892988197956957,9.917683229197659e-5
1614227591105873381,4,4,0,4,2,0,2,2,0,2,4.0,0.0,4.0,2.0,0.0,2.0,2.0,0.0,2.0,0.5,0.0,0.5,0.0,3,0,4,9.0,0.0,7.0,32,1,324,0.0,7.934146583358127e-5,0.0,0.0,0.3,0.125,0.0,0.0,0.08333333333333333,0.0,0.08333333333333333,0.16666666666666666,0.0,0.0005832926223255815,0.0,0.0006548788474132289,0.0,0.00024977182990459923,3.186562243415353e-6,0.003173658633343251,9.917683229197659e-5
1418486170077105292,4,8,0,8,5,0,5,3,0,3,8.0,0.0,8.0,5.0,0.0,5.0,3.0,0.0,3.0,0.625,0.0,0.625,0.0,1,0,7,17.0,0.0,19.0,19,1,258,0.0,0.00015868293166716255,0.0,0.0,0.1388888888888889,0.03125,0.0,0.0,0.03571428571428571,0.0,0.03571428571428571,0.07142857142857142,0.0,0.0006722674197320189,0.0,0.0006548788474132289,0.0,0.00024994901718455864,2.5374477123492625e-6,0.0018843598135475552,9.917683229197659e-5
1790919864936825325,4,8,0,8,7,0,7,1,0,1,8.0,0.0,8.0,7.0,0.0,7.0,1.0,0.0,1.0,0.875,0.0,0.875,0.0,3,0,8,17.0,0.0,23.0,28,1,197,0.0,0.00015868293166716255,0.0,0.0,0.3055555555555556,0.21875,0.0,0.0,0.25,0.0,0.25,0.39285714285714285,0.0,0.0006550317703372356,0.0,0.0006548788474132287,0.0,5.146667573485697e-5,1.9375085245457544e-6,0.002776951304175345,9.917683229197659e-5
1573283853877907087,4,10,0,10,10,0,10,0,0,0,10.0,0.0,10.0,10.0,0.0,10.0,0.0,0.0,0.0,1.0,0.0,1.0,0.0,4,0,10,31.0,0.0,30.0,46,1,289,0.0,0.00019835366458395318,0.0,0.0,0.2545454545454545,0.18,0.0,0.0,0.17777777777777778,0.0,0.17777777777777778,0.3333333333333333,0.0,0.000719007183073669,0.0,0.0006548788474132285,6.908638784586252e-5,0.0,2.8423348405772746e-6,0.0045621342854309235,9.917683229197659e-5
1213738288318253707,3,8,0,8,2,0,2,6,0,6,8.0,0.0,8.0,2.0,0.0,2.0,6.0,0.0,6.0,0.25,0.0,0.25,0.0,3,0,8,13.0,0.0,23.0,34,1,161,0.0,0.00015868293166716255,0.0,0.0,0.18055555555555555,0.078125,0.0,0.0,0.08928571428571429,0.0,0.08928571428571429,0.17857142857142858,0.0,0.0007688894259038635,0.0,0.0006548788474132289,0.0,5.146667573485697e-5,1.5834460530551599e-6,0.0033720122979272044,9.917683229197659e-5
1299289919469912867,3,14,0,14,10,0,10,4,0,4,14.0,0.0,14.0,10.0,0.0,10.0,4.0,0.0,4.0,0.7142857142857143,0.0,0.7142857142857143,0.0,4,0,12,32.0,0.0,42.0,70,1,298,0.0,0.00027769513041753447,0.0,0.0,0.19523809523809524,0.1377551020408163,0.0,0.0,0.13736263736263737,0.0,0.13736263736263737,0.23076923076923078,0.0,0.0008030456297139721,0.0,0.0006548788474132288,0.0,0.0003179065938397896,2.930850458449923e-6,0.006942378260438362,9.917683229197659e-5
1839425663929418662,4,10,0,10,10,0,10,0,0,0,10.0,0.0,10.0,10.0,0.0,10.0,0.0,0.0,0.0,1.0,0.0,1.0,0.0,4,0,10,31.0,0.0,30.0,46,1,289,0.0,0.00019835366458395318,0.0,0.0,0.2545454545454545,0.18,0.0,0.0,0.17777777777777778,0.0,0.17777777777777778,0.3333333333333333,0.0,0.000719007183073669,0.0,0.0006548788474132285,6.908638784586252e-5,0.0,2.8423348405772746e-6,0.0045621342854309235,9.917683229197659e-5
1817443525202020436,3,8,0,8,2,0,2,6,0,6,8.0,0.0,8.0,2.0,0.0,2.0,6.0,0.0,6.0,0.25,0.0,0.25,0.0,3,0,8,13.0,0.0,23.0,34,1,161,0.0,0.00015868293166716255,0.0,0.0,0.18055555555555555,0.078125,0.0,0.0,0.08928571428571429,0.0,0.08928571428571429,0.17857142857142858,0.0,0.0007688894259038635,0.0,0.0006548788474132289,0.0,5.146667573485697e-5,1.5834460530551599e-6,0.0033720122979272044,9.917683229197659e-5
1373004958135225283,4,8,0,8,6,0,6,2,0,2,8.0,0.0,8.0,6.0,0.0,6.0,2.0,0.0,2.0,0.75,0.0,0.75,0.0,3,0,8,13.0,0.0,23.0,34,1,161,0.0,0.00015868293166716255,0.0,0.0,0.18055555555555555,0.078125,0.0,0.0,0.08928571428571429,0.0,0.08928571428571429,0.17857142857142858,0.0,0.0007688894259038635,0.0,0.0006548788474132289,0.0,5.146667573485697e-5,1.5834460530551599e-6,0.0033720122979272044,9.917683229197659e-5
1630529643062755988,4,5,0,5,5,0,5,0,0,0,5.0,0.0,5.0,5.0,0.0,5.0,0.0,0.0,0.0,1.0,0.0,1.0,0.0,4,0,5,13.0,0.0,9.0,47,1,187,0.0,9.917683229197659e-5,0.0,0.0,0.3333333333333333,0.2,0.0,0.0,0.15,0.0,0.15,0.3,0.0,0.0006396577722830135,0.0,0.0006548788474132285,3.434478139807684e-5,0.0,1.8391578380205893e-6,0.0046613111177229,9.917683229197659e-5
1654423578268927010,4,11,0,11,11,0,11,0,0,0,11.0,0.0,11.0,11.0,0.0,11.0,0.0,0.0,0.0,1.0,0.0,1.0,0.0,4,0,10,17.0,0.0,30.0,49,1,272,0.0,0.0002181890310423485,0.0,0.0,0.2196969696969697,0.1487603305785124,0.0,0.0,0.14545454545454545,0.0,0.14545454545454545,0.2545454545454545,0.0,0.0008699807310950078,0.0,0.0006548788474132286,0.0,3.059041484887448e-5,2.6751386734844935e-6,0.0048596647823068535,9.917683229197659e-5
1628852808507722950,3,7,0,7,5,0,5,2,0,2,7.0,0.0,7.0,5.0,0.0,5.0,2.0,0.0,2.0,0.7142857142857143,0.0,0.7142857142857143,0.0,4,0,7,17.0,0.0,15.0,52,1,192,0.0,0.00013884756520876723,0.0,0.0,0.21428571428571427,0.10204081632653061,0.0,0.0,0.11904761904761904,0.0,0.11904761904761904,0.19047619047619047,0.0,0.0007080673949814097,0.0,0.0006548788474132288,0.0,0.00015907221084388024,1.888333181283172e-6,0.005157195279182783,9.917683229197659e-5
1371191517137340885,4,8,0,8,5,0,5,3,0,3,8.0,0.0,8.0,5.0,0.0,5.0,3.0,0.0,3.0,0.625,0.0,0.625,0.0,4,0,8,31.0,0.0,23.0,41,1,228,0.0,0.00015868293166716255,0.0,0.0,0.4305555555555556,0.359375,0.0,0.0,0.39285714285714285,0.0,0.39285714285714285,0.5,0.0,0.0007065515467859882,0.0,0.0006548788474132286,0.0,0.0002646541238569,2.2423956527737665e-6,0.0040662501239710405,9.917683229197659e-5
1328651773186933021,4,8,0,8,5,0,5,3,0,3,8.0,0.0,8.0,5.0,0.0,5.0,3.0,0.0,3.0,0.625,0.0,0.625,0.0,4,0,8,31.0,0.0,23.0,41,1,228,0.0,0.00015868293166716255,0.0,0.0,0.4305555555555556,0.359375,0.0,0.0,0.39285714285714285,0.0,0.39285714285714285,0.5,0.0,0.0007065515467859882,0.0,0.0006548788474132286,0.0,0.00047426154600904713,2.2423956527737665e-6,0.0040662501239710405,9.917683229197659e-5
1446059724226168308,4,9,0,9,2,0,2,7,0,7,9.0,0.0,9.0,2.0,0.0,2.0,7.0,0.0,7.0,0.2222222222222222,0.0,0.2222222222222222,0.0,4,0,9,31.0,0.0,28.0,60,1,225,0.0,0.00017851829812555786,0.0,0.0,0.17777777777777778,0.08641975308641975,0.0,0.0,0.09722222222222222,0.0,0.09722222222222222,0.16666666666666666,0.0,0.0007443276597997653,0.0,0.0006548788474132288,0.0,0.0001428820912138251,2.2128904468162173e-6,0.005950609937518596,9.917683229197659e-5
1329126183828193387,3,12,0,12,8,0,8,4,0,4,12.0,0.0,12.0,8.0,0.0,8.0,4.0,0.0,4.0,0.6666666666666666,0.0,0.6666666666666666,0.0,4,0,10,31.0,0.0,33.0,74,1,216,0.0,0.00023802439750074384,0.0,0.0,0.17307692307692307,0.10416666666666667,0.0,0.0,0.11363636363636363,0.0,0.11363636363636363,0.21212121212121213,0.0,0.0008772379958683639,0.0,0.0006548788474132289,0.0,0.00022632909218844866,2.1243748289435686e-6,0.007339085589606268,9.917683229197659e-5
1259748367555102714,3,8,0,8,4,0,4,4,0,4,8.0,0.0,8.0,4.0,0.0,4.0,4.0,0.0,4.0,0.5,0.0,0.5,0.0,4,0,8,18.0,0.0,23.0,51,1,174,0.0,0.00015868293166716255,0.0,0.0,0.16666666666666666,0.0625,0.0,0.0,0.07142857142857142,0.0,0.07142857142857142,0.14285714285714285,0.0,0.0007620846847944869,0.0,0.0006548788474132288,0.0,0.0004778015716887518,1.7113019455378746e-6,0.0050580184468908065,9.917683229197659e-5
1750048089718132265,4,10,0,10,6,0,6,4,0,4,10.0,0.0,10.0,6.0,0.0,6.0,4.0,0.0,4.0,0.6,0.0,0.6,0.0,4,0,10,26.0,0.0,30.0,59,1,372,0.0,0.00019835366458395318,0.0,0.0,0.20909090909090908,0.13,0.0,0.0,0.12222222222222222,0.0,0.12222222222222222,0.2222222222222222,0.0,0.0008053993127934288,0.0,0.0006548788474132289,0.0,0.00044937950774481816,3.6586455387361456e-6,0.005851433105226619,9.917683229197659e-5
1317655167432132506,4,10,0,10,6,0,6,4,0,4,10.0,0.0,10.0,6.0,0.0,6.0,4.0,0.0,4.0,0.6,0.0,0.6,0.0,4,0,10,15.0,0.0,30.0,62,1,464,0.0,0.00019835366458395318,0.0,0.0,0.22727272727272727,0.15,0.0,0.0,0.13333333333333333,0.0,0.13333333333333333,0.2222222222222222,0.0,0.0007657571936479517,0.0,0.0006548788474132288,0.0,0.00033511472257796715,4.563471854767665e-6,0.006148963602102549,9.917683229197659e-5
1365777207854631869,3,11,0,11,7,0,7,4,0,4,11.0,0.0,11.0,7.0,0.0,7.0,4.0,0.0,4.0,0.6363636363636364,0.0,0.6363636363636364,0.0,4,0,11,34.0,0.0,33.0,55,1,415,0.0,0.0002181890310423485,0.0,0.0,0.25,0.18181818181818182,0.0,0.0,0.17272727272727273,0.0,0.17272727272727273,0.3090909090909091,0.0,0.0007565446064614623,0.0,0.0006548788474132288,0.0,0.00032639823072433405,4.0815534907943565e-6,0.005454725776058713,9.917683229197659e-5
1606019274852270553,3,5,0,5,2,0,2,3,0,3,5.0,0.0,5.0,2.0,0.0,2.0,3.0,0.0,3.0,0.4,0.0,0.4,0.0,2,0,5,9.0,0.0,9.0,22,1,182,0.0,9.917683229197659e-5,0.0,0.0,0.16666666666666666,0.0,0.0,0.0,0.0,0.0,0.0,0.0,0.0,0.0006185091848214062,0.0,0.0006548788474132288,0.0,0.00017873454227668173,1.7899824947580069e-6,0.0021818903104234852,9.917683229197659e-5
1482427050861004162,3,9,0,9,4,0,4,5,0,5,9.0,0.0,9.0,4.0,0.0,4.0,5.0,0.0,5.0,0.4444444444444444,0.0,0.4444444444444444,0.0,4,0,9,26.0,0.0,28.0,45,1,362,0.0,0.00017851829812555786,0.0,0.0,0.23333333333333334,0.14814814814814814,0.0,0.0,0.1388888888888889,0.0,0.1388888888888889,0.2777777777777778,0.0,0.0006978550710133043,0.0,0.0006548788474132288,0.0,0.0004574011798121891,3.5602948522109807e-6,0.0044629574531389465,9.917683229197659e-5
1323250995412600655,3,11,0,11,6,0,6,5,0,5,11.0,0.0,11.0,6.0,0.0,6.0,5.0,0.0,5.0,0.5454545454545454,0.0,0.5454545454545454,0.0,4,0,10,31.0,0.0,30.0,52,1,263,0.0,0.0002181890310423485,0.0,0.0,0.16666666666666666,0.09090909090909091,0.0,0.0,0.08181818181818182,0.0,0.08181818181818182,0.16363636363636364,0.0,0.0007703493117371158,0.0,0.0006548788474132288,0.0,0.0004430525676294428,2.5866230556118447e-6,0.005157195279182783,9.917683229197659e-5
1625370910259154849,2,14,0,14,5,0,5,9,0,9,14.0,0.0,14.0,5.0,0.0,5.0,9.0,0.0,9.0,0.35714285714285715,0.0,0.35714285714285715,0.0,4,0,10,31.0,0.0,33.0,60,1,561,0.0,0.00027769513041753447,0.0,0.0,0.1761904761904762,0.11734693877551021,0.0,0.0,0.12087912087912088,0.0,0.12087912087912088,0.21978021978021978,0.0,0.0007491006122700998,0.0,0.000654878847413229,0.0,0.0007959899205635113,5.517473514061768e-6,0.005950609937518596,9.917683229197659e-5
1603465905726032255,4,4,0,4,4,0,4,0,0,0,4.0,0.0,4.0,4.0,0.0,4.0,0.0,0.0,0.0,1.0,0.0,1.0,0.0,2,0,4,5.0,0.0,7.0,20,1,160,0.0,7.934146583358127e-5,0.0,0.0,0.35,0.1875,0.0,0.0,0.25,0.0,0.25,0.3333333333333333,0.0,0.0005873184975577994,0.0,0.0006548788474132285,2.7444118002706297e-5,0.0,1.5736109844026433e-6,0.0019835366458395317,9.917683229197659e-5
1371562000064188123,4,3,0,3,3,0,3,0,0,0,3.0,0.0,3.0,3.0,0.0,3.0,0.0,0.0,0.0,1.0,0.0,1.0,0.0,2,0,3,4.0,0.0,4.0,29,1,157,0.0,5.950609937518596e-5,0.0,0.0,0.3333333333333333,0.1111111111111111,0.0,0.0,0.16666666666666666,0.0,0.16666666666666666,0.3333333333333333,0.0,0.0005696498543435743,0.0,0.0006548788474132284,2.055931787658949e-5,0.0,1.5441057784450937e-6,0.0028761281364673213,9.917683229197659e-5
1577706171974814815,4,3,0,3,3,0,3,0,0,0,3.0,0.0,3.0,3.0,0.0,3.0,0.0,0.0,0.0,1.0,0.0,1.0,0.0,2,0,3,4.0,0.0,4.0,29,1,157,0.0,5.950609937518596e-5,0.0,0.0,0.3333333333333333,0.1111111111111111,0.0,0.0,0.16666666666666666,0.0,0.16666666666666666,0.3333333333333333,0.0,0.0005696498543435743,0.0,0.0006548788474132284,2.055931787658949e-5,0.0,1.5441057784450937e-6,0.0028761281364673213,9.917683229197659e-5
1600454690078720950,4,3,0,3,3,0,3,0,0,0,3.0,0.0,3.0,3.0,0.0,3.0,0.0,0.0,0.0,1.0,0.0,1.0,0.0,2,0,3,4.0,0.0,4.0,29,1,157,0.0,5.950609937518596e-5,0.0,0.0,0.3333333333333333,0.1111111111111111,0.0,0.0,0.16666666666666666,0.0,0.16666666666666666,0.3333333333333333,0.0,0.0005696498543435743,0.0,0.0006548788474132284,2.055931787658949e-5,0.0,1.5441057784450937e-6,0.0028761281364673213,9.917683229197659e-5
1410135069481238698,4,3,0,3,3,0,3,0,0,0,3.0,0.0,3.0,3.0,0.0,3.0,0.0,0.0,0.0,1.0,0.0,1.0,0.0,2,0,3,4.0,0.0,4.0,29,1,157,0.0,5.950609937518596e-5,0.0,0.0,0.3333333333333333,0.1111111111111111,0.0,0.0,0.16666666666666666,0.0,0.16666666666666666,0.3333333333333333,0.0,0.0005696498543435743,0.0,0.0006548788474132284,2.055931787658949e-5,0.0,1.5441057784450937e-6,0.0028761281364673213,9.917683229197659e-5
1270441963627217024,2,10,0,10,5,0,5,5,0,5,10.0,0.0,10.0,5.0,0.0,5.0,5.0,0.0,5.0,0.5,0.0,0.5,0.0,4,0,9,26.0,0.0,28.0,57,1,531,0.0,0.00019835366458395318,0.0,0.0,0.18181818181818182,0.1,0.0,0.0,0.1,0.0,0.1,0.17777777777777778,0.0,0.0006896878444426248,0.0,0.000654878847413229,0.0,0.00030613209484708914,5.222421454486273e-6,0.005653079440642666,9.917683229197659e-5
1801188660096273547,4,5,0,5,2,0,2,3,0,3,5.0,0.0,5.0,2.0,0.0,2.0,3.0,0.0,3.0,0.4,0.0,0.4,0.0,4,0,5,9.0,0.0,9.0,52,1,387,0.0,9.917683229197659e-5,0.0,0.0,0.26666666666666666,0.12,0.0,0.0,0.1,0.0,0.1,0.2,0.0,0.0005861193777317088,0.0,0.0006548788474132288,0.0,0.000267630418272935,3.8061715685238935e-6,0.005157195279182783,9.917683229197659e-5
1461173638165171222,4,5,0,5,5,0,5,0,0,0,5.0,0.0,5.0,5.0,0.0,5.0,0.0,0.0,0.0,1.0,0.0,1.0,0.0,2,0,5,9.0,0.0,9.0,18,1,84,0.0,9.917683229197659e-5,0.0,0.0,0.23333333333333334,0.08,0.0,0.0,0.1,0.0,0.1,0.1,0.0,0.0012601577837829945,0.0,0.0006548788474132291,3.434478139807684e-5,0.0,8.261457668113877e-7,0.0017851829812555787,9.917683229197659e-5
1535318201439619507,1,5,0,5,2,0,2,3,0,3,5.0,0.0,5.0,2.0,0.0,2.0,3.0,0.0,3.0,0.4,0.0,0.4,0.0,4,0,5,9.0,0.0,9.0,52,1,387,0.0,9.917683229197659e-5,0.0,0.0,0.26666666666666666,0.12,0.0,0.0,0.1,0.0,0.1,0.2,0.0,0.0005861193777317088,0.0,0.0006548788474132288,0.0,0.000267630418272935,3.8061715685238935e-6,0.005157195279182783,9.917683229197659e-5
1725961617172073883,4,5,0,5,2,0,2,3,0,3,5.0,0.0,5.0,2.0,0.0,2.0,3.0,0.0,3.0,0.4,0.0,0.4,0.0,4,0,5,9.0,0.0,9.0,52,1,387,0.0,9.917683229197659e-5,0.0,0.0,0.26666666666666666,0.12,0.0,0.0,0.1,0.0,0.1,0.2,0.0,0.0005861193777317088,0.0,0.0006548788474132288,0.0,0.000267630418272935,3.8061715685238935e-6,0.005157195279182783,9.917683229197659e-5
1751165081204294164,4,5,0,5,2,0,2,3,0,3,5.0,0.0,5.0,2.0,0.0,2.0,3.0,0.0,3.0,0.4,0.0,0.4,0.0,4,0,5,9.0,0.0,9.0,52,1,387,0.0,9.917683229197659e-5,0.0,0.0,0.26666666666666666,0.12,0.0,0.0,0.1,0.0,0.1,0.2,0.0,0.0005861193777317088,0.0,0.0006548788474132288,0.0,0.00024119721886783907,3.8061715685238935e-6,0.005157195279182783,9.917683229197659e-5
1440877424463054208,4,3,0,3,3,0,3,0,0,0,3.0,0.0,3.0,3.0,0.0,3.0,0.0,0.0,0.0,1.0,0.0,1.0,0.0,2,0,3,4.0,0.0,4.0,29,1,157,0.0,5.950609937518596e-5,0.0,0.0,0.3333333333333333,0.1111111111111111,0.0,0.0,0.16666666666666666,0.0,0.16666666666666666,0.3333333333333333,0.0,0.0005696498543435743,0.0,0.0006548788474132284,2.055931787658949e-5,0.0,1.5441057784450937e-6,0.0028761281364673213,9.917683229197659e-5
1675035286062499122,2,16,0,16,8,0,8,8,0,8,16.0,0.0,16.0,8.0,0.0,8.0,8.0,0.0,8.0,0.5,0.0,0.5,0.0,4,0,11,42.0,0.0,45.0,62,1,567,0.0,0.0003173658633343251,0.0,0.0,0.23161764705882354,0.18359375,0.0,0.0,0.19166666666666668,0.0,0.19166666666666668,0.30833333333333335,0.0,0.0007074613369625446,0.0,0.0006548788474132291,0.0,0.0005137176792304743,5.576483925976867e-6,0.006148963602102549,9.917683229197659e-5
1551943696193160824,4,3,0,3,3,0,3,0,0,0,3.0,0.0,3.0,3.0,0.0,3.0,0.0,0.0,0.0,1.0,0.0,1.0,0.0,2,0,3,4.0,0.0,4.0,29,1,157,0.0,5.950609937518596e-5,0.0,0.0,0.3333333333333333,0.1111111111111111,0.0,0.0,0.16666666666666666,0.0,0.16666666666666666,0.3333333333333333,0.0,0.0005696498543435743,0.0,0.0006548788474132284,2.055931787658949e-5,0.0,1.5441057784450937e-6,0.0028761281364673213,9.917683229197659e-5
1242411024351498006,4,5,0,5,2,0,2,3,0,3,5.0,0.0,5.0,2.0,0.0,2.0,3.0,0.0,3.0,0.4,0.0,0.4,0.0,4,0,5,9.0,0.0,9.0,52,1,387,0.0,9.917683229197659e-5,0.0,0.0,0.26666666666666666,0.12,0.0,0.0,0.1,0.0,0.1,0.2,0.0,0.0005861193777317088,0.0,0.0006548788474132288,0.0,0.00024119721886783907,3.8061715685238935e-6,0.005157195279182783,9.917683229197659e-5
1335050454505096524,4,5,0,5,5,0,5,0,0,0,5.0,0.0,5.0,5.0,0.0,5.0,0.0,0.0,0.0,1.0,0.0,1.0,0.0,2,0,5,9.0,0.0,9.0,18,1,84,0.0,9.917683229197659e-5,0.0,0.0,0.23333333333333334,0.08,0.0,0.0,0.1,0.0,0.1,0.1,0.0,0.0012601577837829945,0.0,0.0006548788474132291,3.434478139807684e-5,0.0,8.261457668113877e-7,0.0017851829812555787,9.917683229197659e-5
1571436769570718853,1,10,0,10,5,0,5,5,0,5,10.0,0.0,10.0,5.0,0.0,5.0,5.0,0.0,5.0,0.5,0.0,0.5,0.0,4,0,10,17.0,0.0,30.0,37,1,417,0.0,0.00019835366458395318,0.0,0.0,0.20909090909090908,0.13,0.0,0.0,0.14444444444444443,0.0,0.14444444444444443,0.28888888888888886,0.0,0.0006378202261755737,0.0,0.0006548788474132286,0.0,0.0003870673583413753,4.1012236280993895e-6,0.003669542794803134,9.917683229197659e-5
1693479618218037185,4,3,0,3,3,0,3,0,0,0,3.0,0.0,3.0,3.0,0.0,3.0,0.0,0.0,0.0,1.0,0.0,1.0,0.0,2,0,3,4.0,0.0,4.0,29,1,157,0.0,5.950609937518596e-5,0.0,0.0,0.3333333333333333,0.1111111111111111,0.0,0.0,0.16666666666666666,0.0,0.16666666666666666,0.3333333333333333,0.0,0.0005696498543435743,0.0,0.0006548788474132284,2.055931787658949e-5,0.0,1.5441057784450937e-6,0.0028761281364673213,9.917683229197659e-5
1498550988380833653,4,3,0,3,3,0,3,0,0,0,3.0,0.0,3.0,3.0,0.0,3.0,0.0,0.0,0.0,1.0,0.0,1.0,0.0,2,0,3,4.0,0.0,4.0,29,1,157,0.0,5.950609937518596e-5,0.0,0.0,0.3333333333333333,0.1111111111111111,0.0,0.0,0.16666666666666666,0.0,0.16666666666666666,0.3333333333333333,0.0,0.0005696498543435743,0.0,0.0006548788474132284,2.055931787658949e-5,0.0,1.5441057784450937e-6,0.0028761281364673213,9.917683229197659e-5
1472654050389396654,1,5,0,5,2,0,2,3,0,3,5.0,0.0,5.0,2.0,0.0,2.0,3.0,0.0,3.0,0.4,0.0,0.4,0.0,4,0,5,9.0,0.0,9.0,52,1,387,0.0,9.917683229197659e-5,0.0,0.0,0.26666666666666666,0.12,0.0,0.0,0.1,0.0,0.1,0.2,0.0,0.0005861193777317088,0.0,0.0006548788474132288,0.0,0.000267630418272935,3.8061715685238935e-6,0.005157195279182783,9.917683229197659e-5
1488883610705464489,4,3,0,3,3,0,3,0,0,0,3.0,0.0,3.0,3.0,0.0,3.0,0.0,0.0,0.0,1.0,0.0,1.0,0.0,2,0,3,4.0,0.0,4.0,29,1,157,0.0,5.950609937518596e-5,0.0,0.0,0.3333333333333333,0.1111111111111111,0.0,0.0,0.16666666666666666,0.0,0.16666666666666666,0.3333333333333333,0.0,0.0005696498543435743,0.0,0.0006548788474132284,2.055931787658949e-5,0.0,1.5441057784450937e-6,0.0028761281364673213,9.917683229197659e-5
1621739933360194738,3,7,0,7,7,0,7,0,0,0,7.0,0.0,7.0,7.0,0.0,7.0,0.0,0.0,0.0,1.0,0.0,1.0,0.0,4,0,7,17.0,0.0,15.0,34,1,179,0.0,0.00013884756520876723,0.0,0.0,0.35714285714285715,0.2653061224489796,0.0,0.0,0.2619047619047619,0.0,0.2619047619047619,0.47619047619047616,0.0,0.0006705888530675409,0.0,0.000654878847413229,5.645202739135158e-5,0.0,1.7604772888004573e-6,0.0033720122979272044,9.917683229197659e-5
1402753482846374787,3,6,0,6,4,0,4,2,0,2,6.0,0.0,6.0,4.0,0.0,4.0,2.0,0.0,2.0,0.6666666666666666,0.0,0.6666666666666666,0.0,4,0,6,17.0,0.0,14.0,46,1,229,0.0,0.00011901219875037192,0.0,0.0,0.21428571428571427,0.08333333333333333,0.0,0.0,0.06666666666666667,0.0,0.06666666666666667,0.13333333333333333,0.0,0.0006299914304380715,0.0,0.0006548788474132289,0.0,0.0002784067162326931,2.252230721426283e-6,0.0045621342854309235,9.917683229197659e-5
1566339125416562283,3,9,0,9,9,0,9,0,0,0,9.0,0.0,9.0,9.0,0.0,9.0,0.0,0.0,0.0,1.0,0.0,1.0,0.0,4,0,9,32.0,0.0,28.0,59,1,235,0.0,0.00017851829812555786,0.0,0.0,0.32222222222222224,0.24691358024691357,0.0,0.0,0.25,0.0,0.25,0.4166666666666667,0.0,0.0007156095580396627,0.0,0.0006548788474132287,7.272861490303928e-5,0.0,2.3112411333413823e-6,0.005851433105226619,9.917683229197659e-5
1708976940024597008,3,11,0,11,11,0,11,0,0,0,11.0,0.0,11.0,11.0,0.0,11.0,0.0,0.0,0.0,1.0,0.0,1.0,0.0,4,0,11,35.0,0.0,33.0,66,1,247,0.0,0.0002181890310423485,0.0,0.0,0.2727272727272727,0.2066115702479339,0.0,0.0,0.20909090909090908,0.0,0.20909090909090908,0.36363636363636365,0.0,0.000773971995743331,0.0,0.0006548788474132289,8.907087624121512e-5,0.0,2.4292619571715806e-6,0.006545670931270455,9.917683229197659e-5
1535559748475161245,3,9,0,9,9,0,9,0,0,0,9.0,0.0,9.0,9.0,0.0,9.0,0.0,0.0,0.0,1.0,0.0,1.0,0.0,4,0,9,31.0,0.0,28.0,66,1,238,0.0,0.00017851829812555786,0.0,0.0,0.2777777777777778,0.19753086419753085,0.0,0.0,0.20833333333333334,0.0,0.20833333333333334,0.3888888888888889,0.0,0.0007302360544605331,0.0,0.0006548788474132289,7.272861490303928e-5,0.0,2.340746339298932e-6,0.006545670931270455,9.917683229197659e-5
1859698171811203494,3,6,0,6,4,0,4,2,0,2,6.0,0.0,6.0,4.0,0.0,4.0,2.0,0.0,2.0,0.6666666666666666,0.0,0.6666666666666666,0.0,4,0,6,17.0,0.0,14.0,46,1,229,0.0,0.00011901219875037192,0.0,0.0,0.21428571428571427,0.08333333333333333,0.0,0.0,0.06666666666666667,0.0,0.06666666666666667,0.13333333333333333,0.0,0.0006299914304380715,0.0,0.0006548788474132289,0.0,0.0002784067162326931,2.252230721426283e-6,0.0045621342854309235,9.917683229197659e-5
1697523763546949780,3,6,0,6,4,0,4,2,0,2,6.0,0.0,6.0,4.0,0.0,4.0,2.0,0.0,2.0,0.6666666666666666,0.0,0.6666666666666666,0.0,4,0,6,17.0,0.0,14.0,46,1,229,0.0,0.00011901219875037192,0.0,0.0,0.21428571428571427,0.08333333333333333,0.0,0.0,0.06666666666666667,0.0,0.06666666666666667,0.13333333333333333,0.0,0.0006299914304380715,0.0,0.0006548788474132289,0.0,0.0002784067162326931,2.252230721426283e-6,0.0045621342854309235,9.917683229197659e-5
1571164627436309856,3,10,0,10,10,0,10,0,0,0,10.0,0.0,10.0,10.0,0.0,10.0,0.0,0.0,0.0,1.0,0.0,1.0,0.0,4,0,10,34.0,0.0,30.0,54,1,200,0.0,0.00019835366458395318,0.0,0.0,0.2818181818181818,0.21,0.0,0.0,0.2111111111111111,0.0,0.2111111111111111,0.35555555555555557,0.0,0.0007769441637923322,0.0,0.000654878847413229,8.089153134682725e-5,0.0,1.967013730503304e-6,0.005355548943766736,9.917683229197659e-5
1788515260857057935,3,13,0,13,13,0,13,0,0,0,13.0,0.0,13.0,13.0,0.0,13.0,0.0,0.0,0.0,1.0,0.0,1.0,0.0,4,0,11,37.0,0.0,35.0,59,1,250,0.0,0.00025785976395913915,0.0,0.0,0.22527472527472528,0.16568047337278108,0.0,0.0,0.16025641025641027,0.0,0.16025641025641027,0.2948717948717949,0.0,0.0008156238439163093,0.0,0.0006548788474132291,0.00010547889139533861,0.0,2.4587671631291302e-6,0.005851433105226619,9.917683229197659e-5
1359298393729402047,3,3,0,3,3,0,3,0,0,0,3.0,0.0,3.0,3.0,0.0,3.0,0.0,0.0,0.0,1.0,0.0,1.0,0.0,3,0,3,5.0,0.0,4.0,44,1,186,0.0,5.950609937518596e-5,0.0,0.0,0.4166666666666667,0.2222222222222222,0.0,0.0,0.16666666666666666,0.0,0.16666666666666666,0.3333333333333333,0.0,0.0005773205091773041,0.0,0.0006548788474132289,2.4095554393421814e-5,0.0,1.8293227693680728e-6,0.0043637806208469705,9.917683229197659e-5
1759164161020922714,3,9,0,9,9,0,9,0,0,0,9.0,0.0,9.0,9.0,0.0,9.0,0.0,0.0,0.0,1.0,0.0,1.0,0.0,4,0,9,21.0,0.0,28.0,54,1,140,0.0,0.00017851829812555786,0.0,0.0,0.26666666666666666,0.18518518518518517,0.0,0.0,0.20833333333333334,0.0,0.20833333333333334,0.3611111111111111,0.0,0.0007620158586397836,0.0,0.000654878847413229,7.272861490303928e-5,0.0,1.376909611352313e-6,0.005355548943766736,9.917683229197659e-5
1784824568666392857,3,6,0,6,4,0,4,2,0,2,6.0,0.0,6.0,4.0,0.0,4.0,2.0,0.0,2.0,0.6666666666666666,0.0,0.6666666666666666,0.0,4,0,6,17.0,0.0,14.0,46,1,229,0.0,0.00011901219875037192,0.0,0.0,0.21428571428571427,0.08333333333333333,0.0,0.0,0.06666666666666667,0.0,0.06666666666666667,0.13333333333333333,0.0,0.0006299914304380715,0.0,0.0006548788474132289,0.0,0.0002784067162326931,2.252230721426283e-6,0.0045621342854309235,9.917683229197659e-5
1552163937171015335,3,6,0,6,4,0,4,2,0,2,6.0,0.0,6.0,4.0,0.0,4.0,2.0,0.0,2.0,0.6666666666666666,0.0,0.6666666666666666,0.0,4,0,6,17.0,0.0,14.0,46,1,229,0.0,0.00011901219875037192,0.0,0.0,0.21428571428571427,0.08333333333333333,0.0,0.0,0.06666666666666667,0.0,0.06666666666666667,0.13333333333333333,0.0,0.0006299914304380715,0.0,0.0006548788474132289,0.0,0.0002784067162326931,2.252230721426283e-6,0.0045621342854309235,9.917683229197659e-5
1398564994454391436,3,12,0,12,12,0,12,0,0,0,12.0,0.0,12.0,12.0,0.0,12.0,0.0,0.0,0.0,1.0,0.0,1.0,0.0,4,0,12,34.0,0.0,37.0,68,1,251,0.0,0.00023802439750074384,0.0,0.0,0.25,0.1875,0.0,0.0,0.1893939393939394,0.0,0.1893939393939394,0.3333333333333333,0.0,0.0008227745474302636,0.0,0.0006548788474132289,9.726665958798009e-5,0.0,2.4686022317816468e-6,0.006744024595854409,9.917683229197659e-5
1323696639432459320,3,3,0,3,3,0,3,0,0,0,3.0,0.0,3.0,3.0,0.0,3.0,0.0,0.0,0.0,1.0,0.0,1.0,0.0,3,0,3,5.0,0.0,4.0,44,1,186,0.0,5.950609937518596e-5,0.0,0.0,0.4166666666666667,0.2222222222222222,0.0,0.0,0.16666666666666666,0.0,0.16666666666666666,0.3333333333333333,0.0,0.0005773205091773041,0.0,0.0006548788474132289,2.4095554393421814e-5,0.0,1.8293227693680728e-6,0.0043637806208469705,9.917683229197659e-5
1576235081888958943,3,7,0,7,7,0,7,0,0,0,7.0,0.0,7.0,7.0,0.0,7.0,0.0,0.0,0.0,1.0,0.0,1.0,0.0,4,0,7,26.0,0.0,15.0,60,1,232,0.0,0.00013884756520876723,0.0,0.0,0.2857142857142857,0.1836734693877551,0.0,0.0,0.19047619047619047,0.0,0.19047619047619047,0.3333333333333333,0.0,0.0006568881350822054,0.0,0.0006548788474132288,5.645202739135158e-5,0.0,2.2817359273838327e-6,0.005950609937518596,9.917683229197659e-5
1381376244792165001,3,3,0,3,3,0,3,0,0,0,3.0,0.0,3.0,3.0,0.0,3.0,0.0,0.0,0.0,1.0,0.0,1.0,0.0,2,0,3,3.0,0.0,4.0,25,1,93,0.0,5.950609937518596e-5,0.0,0.0,0.3333333333333333,0.1111111111111111,0.0,0.0,0.16666666666666666,0.0,0.16666666666666666,0.3333333333333333,0.0,0.0005960503737294749,0.0,0.0006548788474132289,2.4095554393421814e-5,0.0,9.146613846840364e-7,0.002479420807299415,9.917683229197659e-5
1779294071487988432,3,3,0,3,3,0,3,0,0,0,3.0,0.0,3.0,3.0,0.0,3.0,0.0,0.0,0.0,1.0,0.0,1.0,0.0,3,0,3,5.0,0.0,4.0,44,1,186,0.0,5.950609937518596e-5,0.0,0.0,0.4166666666666667,0.2222222222222222,0.0,0.0,0.16666666666666666,0.0,0.16666666666666666,0.3333333333333333,0.0,0.0005773205091773041,0.0,0.0006548788474132289,2.4095554393421814e-5,0.0,1.8293227693680728e-6,0.0043637806208469705,9.917683229197659e-5
1767525896748533467,3,9,0,9,9,0,9,0,0,0,9.0,0.0,9.0,9.0,0.0,9.0,0.0,0.0,0.0,1.0,0.0,1.0,0.0,4,0,9,26.0,0.0,28.0,63,1,236,0.0,0.00017851829812555786,0.0,0.0,0.23333333333333334,0.14814814814814814,0.0,0.0,0.1527777777777778,0.0,0.1527777777777778,0.2777777777777778,0.0,0.0007081491739515904,0.0,0.0006548788474132289,7.272861490303928e-5,0.0,2.3210762019938988e-6,0.006248140434394526,9.917683229197659e-5
1774400967916128069,3,3,0,3,3,0,3,0,0,0,3.0,0.0,3.0,3.0,0.0,3.0,0.0,0.0,0.0,1.0,0.0,1.0,0.0,3,0,3,5.0,0.0,4.0,44,1,186,0.0,5.950609937518596e-5,0.0,0.0,0.4166666666666667,0.2222222222222222,0.0,0.0,0.16666666666666666,0.0,0.16666666666666666,0.3333333333333333,0.0,0.0005773205091773041,0.0,0.0006548788474132289,2.4095554393421814e-5,0.0,1.8293227693680728e-6,0.0043637806208469705,9.917683229197659e-5
1576741492850951920,3,10,0,10,10,0,10,0,0,0,10.0,0.0,10.0,10.0,0.0,10.0,0.0,0.0,0.0,1.0,0.0,1.0,0.0,4,0,10,21.0,0.0,30.0,61,1,205,0.0,0.00019835366458395318,0.0,0.0,0.21818181818181817,0.14,0.0,0.0,0.14444444444444443,0.0,0.14444444444444443,0.28888888888888886,0.0,0.000740551674175391,0.0,0.000654878847413229,8.089153134682725e-5,0.0,2.0161890737658867e-6,0.006049786769810573,9.917683229197659e-5
1825122410555245709,3,7,0,7,7,0,7,0,0,0,7.0,0.0,7.0,7.0,0.0,7.0,0.0,0.0,0.0,1.0,0.0,1.0,0.0,4,0,7,31.0,0.0,15.0,56,1,233,0.0,0.00013884756520876723,0.0,0.0,0.44642857142857145,0.3673469387755102,0.0,0.0,0.35714285714285715,0.0,0.35714285714285715,0.5714285714285714,0.0,0.000666696915340164,0.0,0.000654878847413229,5.645202739135158e-5,0.0,2.291570996036349e-6,0.00555390260835069,9.917683229197659e-5
1450827023332149916,3,3,0,3,3,0,3,0,0,0,3.0,0.0,3.0,3.0,0.0,3.0,0.0,0.0,0.0,1.0,0.0,1.0,0.0,3,0,3,5.0,0.0,4.0,38,1,104,0.0,5.950609937518596e-5,0.0,0.0,0.3333333333333333,0.1111111111111111,0.0,0.0,0.16666666666666666,0.0,0.16666666666666666,0.3333333333333333,0.0,0.0006260972784958392,0.0,0.0006548788474132289,2.4095554393421814e-5,0.0,1.0228471398617181e-6,0.0037687196270951104,9.917683229197659e-5
1804229293757173504,4,6,0,6,2,0,2,4,0,4,6.0,0.0,6.0,2.0,0.0,2.0,4.0,0.0,4.0,0.3333333333333333,0.0,0.3333333333333333,0.0,4,0,6,17.0,0.0,14.0,46,1,229,0.0,0.00011901219875037192,0.0,0.0,0.21428571428571427,0.08333333333333333,0.0,0.0,0.06666666666666667,0.0,0.06666666666666667,0.13333333333333333,0.0,0.0006299914304380715,0.0,0.0006548788474132289,0.0,0.0002784067162326931,2.252230721426283e-6,0.0045621342854309235,9.917683229197659e-5
1389615075614000617,3,12,0,12,12,0,12,0,0,0,12.0,0.0,12.0,12.0,0.0,12.0,0.0,0.0,0.0,1.0,0.0,1.0,0.0,4,0,12,26.0,0.0,37.0,67,1,209,0.0,0.00023802439750074384,0.0,0.0,0.23076923076923078,0.16666666666666666,0.0,0.0,0.17424242424242425,0.0,0.17424242424242425,0.3333333333333333,0.0,0.0008138995935537185,0.0,0.000654878847413229,9.726665958798009e-5,0.0,2.055529348375953e-6,0.006644847763562432,9.917683229197659e-5
1839591643003490076,3,6,0,6,4,0,4,2,0,2,6.0,0.0,6.0,4.0,0.0,4.0,2.0,0.0,2.0,0.6666666666666666,0.0,0.6666666666666666,0.0,4,0,6,17.0,0.0,14.0,46,1,229,0.0,0.00011901219875037192,0.0,0.0,0.21428571428571427,0.08333333333333333,0.0,0.0,0.06666666666666667,0.0,0.06666666666666667,0.13333333333333333,0.0,0.0006299914304380715,0.0,0.0006548788474132289,0.0,0.0002784067162326931,2.252230721426283e-6,0.0045621342854309235,9.917683229197659e-5
1418349771277470391,3,6,0,6,4,0,4,2,0,2,6.0,0.0,6.0,4.0,0.0,4.0,2.0,0.0,2.0,0.6666666666666666,0.0,0.6666666666666666,0.0,4,0,6,17.0,0.0,14.0,46,1,229,0.0,0.00011901219875037192,0.0,0.0,0.21428571428571427,0.08333333333333333,0.0,0.0,0.06666666666666667,0.0,0.06666666666666667,0.13333333333333333,0.0,0.0006299914304380715,0.0,0.0006548788474132289,0.0,0.0002784067162326931,2.252230721426283e-6,0.0045621342854309235,9.917683229197659e-5
1339676406845540256,3,8,0,8,8,0,8,0,0,0,8.0,0.0,8.0,8.0,0.0,8.0,0.0,0.0,0.0,1.0,0.0,1.0,0.0,4,0,8,17.0,0.0,23.0,55,1,198,0.0,0.00015868293166716255,0.0,0.0,0.2222222222222222,0.125,0.0,0.0,0.125,0.0,0.125,0.25,0.0,0.0006993187771151321,0.0,0.000654878847413229,6.458211691429128e-5,0.0,1.947343593198271e-6,0.005454725776058713,9.917683229197659e-5
1582278708478086090,3,12,0,12,12,0,12,0,0,0,12.0,0.0,12.0,12.0,0.0,12.0,0.0,0.0,0.0,1.0,0.0,1.0,0.0,4,0,12,31.0,0.0,37.0,65,1,251,0.0,0.00023802439750074384,0.0,0.0,0.22435897435897437,0.1597222222222222,0.0,0.0,0.16666666666666666,0.0,0.16666666666666666,0.3181818181818182,0.0,0.0007612590163650749,0.0,0.0006548788474132289,9.726665958798009e-5,0.0,2.4686022317816468e-6,0.006446494098978479,9.917683229197659e-5
1386216966074666842,3,3,0,3,3,0,3,0,0,0,3.0,0.0,3.0,3.0,0.0,3.0,0.0,0.0,0.0,1.0,0.0,1.0,0.0,3,0,3,5.0,0.0,4.0,44,1,186,0.0,5.950609937518596e-5,0.0,0.0,0.4166666666666667,0.2222222222222222,0.0,0.0,0.16666666666666666,0.0,0.16666666666666666,0.3333333333333333,0.0,0.0005773205091773041,0.0,0.0006548788474132289,2.4095554393421814e-5,0.0,1.8293227693680728e-6,0.0043637806208469705,9.917683229197659e-5
1455065112862785896,3,3,0,3,3,0,3,0,0,0,3.0,0.0,3.0,3.0,0.0,3.0,0.0,0.0,0.0,1.0,0.0,1.0,0.0,3,0,3,5.0,0.0,4.0,44,1,186,0.0,5.950609937518596e-5,0.0,0.0,0.4166666666666667,0.2222222222222222,0.0,0.0,0.16666666666666666,0.0,0.16666666666666666,0.3333333333333333,0.0,0.0005773205091773041,0.0,0.0006548788474132289,2.4095554393421814e-5,0.0,1.8293227693680728e-6,0.0043637806208469705,9.917683229197659e-5
1835410367153439679,3,3,0,3,3,0,3,0,0,0,3.0,0.0,3.0,3.0,0.0,3.0,0.0,0.0,0.0,1.0,0.0,1.0,0.0,3,0,3,5.0,0.0,4.0,44,1,186,0.0,5.950609937518596e-5,0.0,0.0,0.4166666666666667,0.2222222222222222,0.0,0.0,0.16666666666666666,0.0,0.16666666666666666,0.3333333333333333,0.0,0.0005773205091773041,0.0,0.0006548788474132289,2.4095554393421814e-5,0.0,1.8293227693680728e-6,0.0043637806208469705,9.917683229197659e-5
1786258095031193115,3,6,0,6,4,0,4,2,0,2,6.0,0.0,6.0,4.0,0.0,4.0,2.0,0.0,2.0,0.6666666666666666,0.0,0.6666666666666666,0.0,4,0,6,17.0,0.0,14.0,46,1,229,0.0,0.00011901219875037192,0.0,0.0,0.21428571428571427,0.08333333333333333,0.0,0.0,0.06666666666666667,0.0,0.06666666666666667,0.13333333333333333,0.0,0.0006299914304380715,0.0,0.0006548788474132289,0.0,0.0002784067162326931,2.252230721426283e-6,0.0045621342854309235,9.917683229197659e-5
1377137656219041795,3,5,0,5,5,0,5,0,0,0,5.0,0.0,5.0,5.0,0.0,5.0,0.0,0.0,0.0,1.0,0.0,1.0,0.0,4,0,5,9.0,0.0,9.0,48,1,117,0.0,9.917683229197659e-5,0.0,0.0,0.3333333333333333,0.2,0.0,0.0,0.25,0.0,0.25,0.5,0.0,0.0006774131015903981,0.0,0.000654878847413229,4.024103381738975e-5,0.0,1.1507030323444329e-6,0.0047604879500148765,9.917683229197659e-5
1533900407292562485,3,10,0,10,10,0,10,0,0,0,10.0,0.0,10.0,10.0,0.0,10.0,0.0,0.0,0.0,1.0,0.0,1.0,0.0,4,0,10,17.0,0.0,30.0,58,1,147,0.0,0.00019835366458395318,0.0,0.0,0.22727272727272727,0.15,0.0,0.0,0.16666666666666666,0.0,0.16666666666666666,0.3333333333333333,0.0,0.0007935283451778369,0.0,0.0006548788474132291,8.089153134682725e-5,0.0,1.4457550919199286e-6,0.005752256272934643,9.917683229197659e-5
1425814140907161150,3,4,0,4,4,0,4,0,0,0,4.0,0.0,4.0,4.0,0.0,4.0,0.0,0.0,0.0,1.0,0.0,1.0,0.0,3,0,4,5.0,0.0,7.0,37,1,88,0.0,7.934146583358127e-5,0.0,0.0,0.25,0.0625,0.0,0.0,0.08333333333333333,0.0,0.08333333333333333,0.16666666666666666,0.0,0.000648586473126138,0.0,0.0006548788474132289,3.2160109819434624e-5,0.0,8.654860414214538e-7,0.003669542794803134,9.917683229197659e-5
1741167097033000570,3,23,0,23,22,0,22,1,0,1,23.0,0.0,23.0,22.0,0.0,22.0,1.0,0.0,1.0,0.9565217391304348,0.0,0.9565217391304348,0.0,4,0,14,52.0,0.0,56.0,73,1,468,0.0,0.00045621342854309236,0.0,0.0,0.1956521739130435,0.16068052930056712,0.0,0.0,0.16403162055335968,0.0,0.16403162055335968,0.30039525691699603,0.0,0.0009472344945173097,0.0,0.0006548788474132288,8.926285450561178e-5,0.0,4.6028121293777314e-6,0.007239908757314292,9.917683229197659e-5
1750195684042083486,3,23,0,23,22,0,22,1,0,1,23.0,0.0,23.0,22.0,0.0,22.0,1.0,0.0,1.0,0.9565217391304348,0.0,0.9565217391304348,0.0,4,0,14,52.0,0.0,56.0,73,1,468,0.0,0.00045621342854309236,0.0,0.0,0.1956521739130435,0.16068052930056712,0.0,0.0,0.16403162055335968,0.0,0.16403162055335968,0.30039525691699603,0.0,0.0009472344945173097,0.0,0.0006548788474132288,8.926285450561178e-5,0.0,4.6028121293777314e-6,0.007239908757314292,9.917683229197659e-5
1555205892796843425,3,23,0,23,22,0,22,1,0,1,23.0,0.0,23.0,22.0,0.0,22.0,1.0,0.0,1.0,0.9565217391304348,0.0,0.9565217391304348,0.0,4,0,14,52.0,0.0,56.0,73,1,468,0.0,0.00045621342854309236,0.0,0.0,0.1956521739130435,0.16068052930056712,0.0,0.0,0.16403162055335968,0.0,0.16403162055335968,0.30039525691699603,0.0,0.0009472344945173097,0.0,0.0006548788474132288,8.926285450561178e-5,0.0,4.6028121293777314e-6,0.007239908757314292,9.917683229197659e-5
1498360154880478636,3,23,0,23,22,0,22,1,0,1,23.0,0.0,23.0,22.0,0.0,22.0,1.0,0.0,1.0,0.9565217391304348,0.0,0.9565217391304348,0.0,4,0,14,52.0,0.0,56.0,73,1,468,0.0,0.00045621342854309236,0.0,0.0,0.1956521739130435,0.16068052930056712,0.0,0.0,0.16403162055335968,0.0,0.16403162055335968,0.30039525691699603,0.0,0.0009472344945173097,0.0,0.0006548788474132288,8.926285450561178e-5,0.0,4.6028121293777314e-6,0.007239908757314292,9.917683229197659e-5
1822401856140216556,3,23,0,23,22,0,22,1,0,1,23.0,0.0,23.0,22.0,0.0,22.0,1.0,0.0,1.0,0.9565217391304348,0.0,0.9565217391304348,0.0,4,0,14,52.0,0.0,56.0,73,1,468,0.0,0.00045621342854309236,0.0,0.0,0.1956521739130435,0.16068052930056712,0.0,0.0,0.16403162055335968,0.0,0.16403162055335968,0.30039525691699603,0.0,0.0009472344945173097,0.0,0.0006548788474132288,8.926285450561178e-5,0.0,4.6028121293777314e-6,0.007239908757314292,9.917683229197659e-5
1681965242629752786,3,23,0,23,22,0,22,1,0,1,23.0,0.0,23.0,22.0,0.0,22.0,1.0,0.0,1.0,0.9565217391304348,0.0,0.9565217391304348,0.0,4,0,14,52.0,0.0,56.0,73,1,468,0.0,0.00045621342854309236,0.0,0.0,0.1956521739130435,0.16068052930056712,0.0,0.0,0.16403162055335968,0.0,0.16403162055335968,0.30039525691699603,0.0,0.0009472344945173097,0.0,0.0006548788474132288,8.926285450561178e-5,0.0,4.6028121293777314e-6,0.007239908757314292,9.917683229197659e-5
1255422571009019148,3,23,0,23,22,0,22,1,0,1,23.0,0.0,23.0,22.0,0.0,22.0,1.0,0.0,1.0,0.9565217391304348,0.0,0.9565217391304348,0.0,4,0,14,52.0,0.0,56.0,73,1,468,0.0,0.00045621342854309236,0.0,0.0,0.1956521739130435,0.16068052930056712,0.0,0.0,0.16403162055335968,0.0,0.16403162055335968,0.30039525691699603,0.0,0.0009472344945173097,0.0,0.0006548788474132288,8.926285450561178e-5,0.0,4.6028121293777314e-6,0.007239908757314292,9.917683229197659e-5
1600466532066920840,3,23,0,23,22,0,22,1,0,1,23.0,0.0,23.0,22.0,0.0,22.0,1.0,0.0,1.0,0.9565217391304348,0.0,0.9565217391304348,0.0,4,0,14,52.0,0.0,56.0,73,1,468,0.0,0.00045621342854309236,0.0,0.0,0.1956521739130435,0.16068052930056712,0.0,0.0,0.16403162055335968,0.0,0.16403162055335968,0.30039525691699603,0.0,0.0009472344945173097,0.0,0.0006548788474132288,8.926285450561178e-5,0.0,4.6028121293777314e-6,0.007239908757314292,9.917683229197659e-5
1582501589376041548,3,23,0,23,22,0,22,1,0,1,23.0,0.0,23.0,22.0,0.0,22.0,1.0,0.0,1.0,0.9565217391304348,0.0,0.9565217391304348,0.0,4,0,14,52.0,0.0,56.0,73,1,468,0.0,0.00045621342854309236,0.0,0.0,0.1956521739130435,0.16068052930056712,0.0,0.0,0.16403162055335968,0.0,0.16403162055335968,0.30039525691699603,0.0,0.0009472344945173097,0.0,0.0006548788474132288,8.926285450561178e-5,0.0,4.6028121293777314e-6,0.007239908757314292,9.917683229197659e-5
1539111611254443700,2,13,0,13,7,0,7,6,0,6,13.0,0.0,13.0,7.0,0.0,7.0,6.0,0.0,6.0,0.5384615384615384,0.0,0.5384615384615384,0.0,4,0,11,31.0,0.0,39.0,74,1,616,0.0,0.00025785976395913915,0.0,0.0,0.25824175824175827,0.20118343195266272,0.0,0.0,0.21153846153846154,0.0,0.21153846153846154,0.3333333333333333,0.0,0.0006453121689555379,0.0,0.0006548788474132292,0.0,0.0003341685776874215,6.058402289950177e-6,0.007339085589606268,9.917683229197659e-5
1833100767087559411,5,8,0,8,7,0,7,1,0,1,8.0,0.0,8.0,7.0,0.0,7.0,1.0,0.0,1.0,0.875,0.0,0.875,0.0,4,0,8,17.0,0.0,23.0,40,1,410,0.0,0.00015868293166716255,0.0,0.0,0.3333333333333333,0.25,0.0,0.0,0.2857142857142857,0.0,0.2857142857142857,0.5357142857142857,0.0,0.0006075230678174596,0.0,0.0006548788474132288,6.268415232646429e-5,0.0,4.032378147531773e-6,0.0039670732916790635,9.917683229197659e-5
1747682288046442358,5,5,0,5,5,0,5,0,0,0,5.0,0.0,5.0,5.0,0.0,5.0,0.0,0.0,0.0,1.0,0.0,1.0,0.0,4,0,5,13.0,0.0,9.0,35,1,192,0.0,9.917683229197659e-5,0.0,0.0,0.36666666666666664,0.24,0.0,0.0,0.3,0.0,0.3,0.5,0.0,0.0005904102574914784,0.0,0.0006548788474132284,0.0001048999374662074,0.0,1.888333181283172e-6,0.003471189130219181,9.917683229197659e-5
1340105640420312204,5,13,0,13,8,0,8,5,0,5,13.0,0.0,13.0,8.0,0.0,8.0,5.0,0.0,5.0,0.6153846153846154,0.0,0.6153846153846154,0.0,4,0,10,30.0,0.0,30.0,76,1,624,0.0,0.00025785976395913915,0.0,0.0,0.19230769230769232,0.1301775147928994,0.0,0.0,0.1346153846153846,0.0,0.1346153846153846,0.24358974358974358,0.0,0.0007240833553847616,0.0,0.0006548788474132289,0.0,0.0002536411795402982,6.137082839170309e-6,0.007537439254190221,9.917683229197659e-5
1381018419716950822,5,9,0,9,8,0,8,1,0,1,9.0,0.0,9.0,8.0,0.0,8.0,1.0,0.0,1.0,0.8888888888888888,0.0,0.8888888888888888,0.0,4,0,9,26.0,0.0,28.0,43,1,408,0.0,0.00017851829812555786,0.0,0.0,0.32222222222222224,0.24691358024691357,0.0,0.0,0.2777777777777778,0.0,0.2777777777777778,0.5277777777777778,0.0,0.0006169233685434893,0.0,0.0006548788474132287,8.377458604902355e-5,0.0,4.01270801022674e-6,0.0042646037885549935,9.917683229197659e-5
1470385569824507723,2,7,0,7,3,0,3,4,0,4,7.0,0.0,7.0,3.0,0.0,3.0,4.0,0.0,4.0,0.42857142857142855,0.0,0.42857142857142855,0.0,3,0,7,15.0,0.0,15.0,39,1,313,0.0,0.00013884756520876723,0.0,0.0,0.19642857142857142,0.08163265306122448,0.0,0.0,0.09523809523809523,0.0,0.09523809523809523,0.19047619047619047,0.0,0.0005932930935577782,0.0,0.0006548788474132291,0.0,0.0002638393761561497,3.078376488237671e-6,0.003867896459387087,9.917683229197659e-5
1727654877129081447,5,4,0,4,4,0,4,0,0,0,4.0,0.0,4.0,4.0,0.0,4.0,0.0,0.0,0.0,1.0,0.0,1.0,0.0,2,0,4,9.0,0.0,7.0,32,1,192,0.0,7.934146583358127e-5,0.0,0.0,0.35,0.1875,0.0,0.0,0.25,0.0,0.25,0.5,0.0,0.0005779856754753748,0.0,0.0006548788474132284,8.387615567384543e-5,0.0,1.888333181283172e-6,0.003173658633343251,9.917683229197659e-5
1238177134455819951,1,4,0,4,4,0,4,0,0,0,4.0,0.0,4.0,4.0,0.0,4.0,0.0,0.0,0.0,1.0,0.0,1.0,0.0,4,0,4,9.0,0.0,7.0,30,1,188,0.0,7.934146583358127e-5,0.0,0.0,0.6,0.5,0.0,0.0,0.5,0.0,0.5,1.0,0.0,0.000569907927766527,0.0,0.0006548788474132279,6.972818022366045e-5,0.0,1.8489929066731058e-6,0.002975304968759298,9.917683229197659e-5
1374085923779645123,1,20,0,20,20,0,20,0,0,0,20.0,0.0,20.0,20.0,0.0,20.0,0.0,0.0,0.0,1.0,0.0,1.0,0.0,4,0,14,38.0,0.0,75.0,53,1,340,0.0,0.00039670732916790636,0.0,0.0,0.4357142857142857,0.4075,0.0,0.0,0.42105263157894735,0.0,0.42105263157894735,0.6789473684210526,0.0,0.0007232285150925274,0.0,0.0006548788474132279,0.0003519115560998154,0.0,3.343923341855617e-6,0.00525637211147476,9.917683229197659e-5
1656480880350203505,1,6,0,6,6,0,6,0,0,0,6.0,0.0,6.0,6.0,0.0,6.0,0.0,0.0,0.0,1.0,0.0,1.0,0.0,4,0,6,13.0,0.0,14.0,34,1,222,0.0,0.00011901219875037192,0.0,0.0,0.4523809523809524,0.3611111111111111,0.0,0.0,0.36666666666666664,0.0,0.36666666666666664,0.6666666666666666,0.0,0.0005843603984760656,0.0,0.0006548788474132279,0.00010471458596139627,0.0,2.1833852408586677e-6,0.0033720122979272044,9.917683229197659e-5
1282077338539918478,1,10,0,10,10,0,10,0,0,0,10.0,0.0,10.0,10.0,0.0,10.0,0.0,0.0,0.0,1.0,0.0,1.0,0.0,4,0,10,22.0,0.0,30.0,36,1,286,0.0,0.00019835366458395318,0.0,0.0,0.41818181818181815,0.36,0.0,0.0,0.37777777777777777,0.0,0.37777777777777777,0.6222222222222222,0.0,0.0006161786395101554,0.0,0.0006548788474132283,0.0001749325049991146,0.0,2.812829634619725e-6,0.0035703659625111574,9.917683229197659e-5
1295238663344488836,1,7,0,7,7,0,7,0,0,0,7.0,0.0,7.0,7.0,0.0,7.0,0.0,0.0,0.0,1.0,0.0,1.0,0.0,4,0,7,13.0,0.0,15.0,42,1,231,0.0,0.00013884756520876723,0.0,0.0,0.35714285714285715,0.2653061224489796,0.0,0.0,0.2857142857142857,0.0,0.2857142857142857,0.5714285714285714,0.0,0.0005972610396754069,0.0,0.0006548788474132281,0.00012223840939451502,0.0,2.271900858731316e-6,0.0041654269562630165,9.917683229197659e-5
1452479938887159296,1,9,0,9,9,0,9,0,0,0,9.0,0.0,9.0,9.0,0.0,9.0,0.0,0.0,0.0,1.0,0.0,1.0,0.0,4,0,9,29.0,0.0,28.0,47,1,260,0.0,0.00017851829812555786,0.0,0.0,0.4666666666666667,0.4074074074074074,0.0,0.0,0.4166666666666667,0.0,0.4166666666666667,0.6944444444444444,0.0,0.0006202985180616282,0.0,0.000654878847413228,0.00015734735698336166,0.0,2.5571178496542956e-6,0.0046613111177229,9.917683229197659e-5
1814756493388418904,1,14,0,14,14,0,14,0,0,0,14.0,0.0,14.0,14.0,0.0,14.0,0.0,0.0,0.0,1.0,0.0,1.0,0.0,4,0,14,34.0,0.0,42.0,52,1,287,0.0,0.00027769513041753447,0.0,0.0,0.43333333333333335,0.39285714285714285,0.0,0.0,0.41208791208791207,0.0,0.41208791208791207,0.6483516483516484,0.0,0.0006659537039371852,0.0,0.0006548788474132278,0.00024547787058204484,0.0,2.8226647032722415e-6,0.005157195279182783,9.917683229197659e-5
1857510187930222950,1,7,0,7,7,0,7,0,0,0,7.0,0.0,7.0,7.0,0.0,7.0,0.0,0.0,0.0,1.0,0.0,1.0,0.0,4,0,7,17.0,0.0,15.0,35,1,246,0.0,0.00013884756520876723,0.0,0.0,0.4642857142857143,0.3877551020408163,0.0,0.0,0.40476190476190477,0.0,0.40476190476190477,0.7619047619047619,0.0,0.0005900835640601293,0.0,0.0006548788474132279,0.00012223840939451502,0.0,2.419426888519064e-6,0.003471189130219181,9.917683229197659e-5
1553186390513027450,1,9,0,9,9,0,9,0,0,0,9.0,0.0,9.0,9.0,0.0,9.0,0.0,0.0,0.0,1.0,0.0,1.0,0.0,4,0,9,29.0,0.0,28.0,46,1,257,0.0,0.00017851829812555786,0.0,0.0,0.4444444444444444,0.38271604938271603,0.0,0.0,0.4027777777777778,0.0,0.4027777777777778,0.6111111111111112,0.0,0.0006123682233545009,0.0,0.000654878847413228,0.00015734735698336166,0.0,2.527612643696746e-6,0.0045621342854309235,9.917683229197659e-5
1578317315957591573,1,10,0,10,10,0,10,0,0,0,10.0,0.0,10.0,10.0,0.0,10.0,0.0,0.0,0.0,1.0,0.0,1.0,0.0,4,0,10,26.0,0.0,30.0,36,1,245,0.0,0.00019835366458395318,0.0,0.0,0.5,0.45,0.0,0.0,0.4777777777777778,0.0,0.4777777777777778,0.8222222222222222,0.0,0.0006175576983130896,0.0,0.0006548788474132281,0.0001749325049991146,0.0,2.4095918198665476e-6,0.0035703659625111574,9.917683229197659e-5
1541133082650741998,1,7,0,7,7,0,7,0,0,0,7.0,0.0,7.0,7.0,0.0,7.0,0.0,0.0,0.0,1.0,0.0,1.0,0.0,4,0,7,17.0,0.0,15.0,35,1,227,0.0,0.00013884756520876723,0.0,0.0,0.5,0.42857142857142855,0.0,0.0,0.42857142857142855,0.0,0.42857142857142855,0.7142857142857143,0.0,0.000606398537669484,0.0,0.0006548788474132281,0.00012223840939451502,0.0,2.23256058412125e-6,0.003471189130219181,9.917683229197659e-5
1283048611965307386,1,11,0,11,11,0,11,0,0,0,11.0,0.0,11.0,11.0,0.0,11.0,0.0,0.0,0.0,1.0,0.0,1.0,0.0,4,0,11,28.0,0.0,33.0,38,1,260,0.0,0.0002181890310423485,0.0,0.0,0.4696969696969697,0.4214876033057851,0.0,0.0,0.44545454545454544,0.0,0.44545454545454544,0.7272727272727273,0.0,0.0006294444097758057,0.0,0.000654878847413228,0.0001925381184145758,0.0,2.5571178496542956e-6,0.0037687196270951104,9.917683229197659e-5
1771086686017555871,1,5,0,5,5,0,5,0,0,0,5.0,0.0,5.0,5.0,0.0,5.0,0.0,0.0,0.0,1.0,0.0,1.0,0.0,4,0,5,12.0,0.0,9.0,33,1,210,0.0,9.917683229197659e-5,0.0,0.0,0.4666666666666667,0.36,0.0,0.0,0.35,0.0,0.35,0.7,0.0,0.0005740716796259166,0.0,0.0006548788474132279,8.721118020826868e-5,0.0,2.0653644170284694e-6,0.0032728354656352274,9.917683229197659e-5
1383715386205147090,1,9,0,9,9,0,9,0,0,0,9.0,0.0,9.0,9.0,0.0,9.0,0.0,0.0,0.0,1.0,0.0,1.0,0.0,4,0,9,29.0,0.0,28.0,45,1,266,0.0,0.00017851829812555786,0.0,0.0,0.4666666666666667,0.4074074074074074,0.0,0.0,0.4166666666666667,0.0,0.4166666666666667,0.6944444444444444,0.0,0.0006214904684179798,0.0,0.0006548788474132281,0.00015734735698336166,0.0,2.6161282615693943e-6,0.0044629574531389465,9.917683229197659e-5
1683225573523982073,1,10,0,10,10,0,10,0,0,0,10.0,0.0,10.0,10.0,0.0,10.0,0.0,0.0,0.0,1.0,0.0,1.0,0.0,4,0,10,31.0,0.0,30.0,40,1,259,0.0,0.00019835366458395318,0.0,0.0,0.45454545454545453,0.4,0.0,0.0,0.4222222222222222,0.0,0.4222222222222222,0.6666666666666666,0.0,0.0006200397656914715,0.0,0.0006548788474132279,0.0001749325049991146,0.0,2.547282781001779e-6,0.0039670732916790635,9.917683229197659e-5
1692080198809292522,1,7,0,7,7,0,7,0,0,0,7.0,0.0,7.0,7.0,0.0,7.0,0.0,0.0,0.0,1.0,0.0,1.0,0.0,4,0,7,17.0,0.0,15.0,36,1,235,0.0,0.00013884756520876723,0.0,0.0,0.5178571428571429,0.4489795918367347,0.0,0.0,0.47619047619047616,0.0,0.47619047619047616,0.8571428571428571,0.0,0.0005900796506182549,0.0,0.0006548788474132281,0.00012223840939451502,0.0,2.3112411333413823e-6,0.0035703659625111574,9.917683229197659e-5
1640778655586058393,1,12,0,12,12,0,12,0,0,0,12.0,0.0,12.0,12.0,0.0,12.0,0.0,0.0,0.0,1.0,0.0,1.0,0.0,4,0,12,28.0,0.0,37.0,46,1,263,0.0,0.00023802439750074384,0.0,0.0,0.358974358974359,0.3055555555555556,0.0,0.0,0.3181818181818182,0.0,0.3181818181818182,0.5454545454545454,0.0,0.0006411224110659931,0.0,0.000654878847413228,0.0002101642091784095,0.0,2.5866230556118447e-6,0.0045621342854309235,9.917683229197659e-5
1785336143378646740,1,9,0,9,9,0,9,0,0,0,9.0,0.0,9.0,9.0,0.0,9.0,0.0,0.0,0.0,1.0,0.0,1.0,0.0,4,0,9,26.0,0.0,28.0,45,1,263,0.0,0.00017851829812555786,0.0,0.0,0.43333333333333335,0.37037037037037035,0.0,0.0,0.3888888888888889,0.0,0.3888888888888889,0.6944444444444444,0.0,0.0006091426633611094,0.0,0.000654878847413228,0.00015734735698336166,0.0,2.5866230556118447e-6,0.0044629574531389465,9.917683229197659e-5
1423218304499059878,1,9,0,9,9,0,9,0,0,0,9.0,0.0,9.0,9.0,0.0,9.0,0.0,0.0,0.0,1.0,0.0,1.0,0.0,4,0,9,26.0,0.0,28.0,45,1,306,0.0,0.00017851829812555786,0.0,0.0,0.43333333333333335,0.37037037037037035,0.0,0.0,0.3888888888888889,0.0,0.3888888888888889,0.6944444444444444,0.0,0.0006042832467022601,0.0,0.0006548788474132281,0.00015734735698336166,0.0,3.0095310076700552e-6,0.0044629574531389465,9.917683229197659e-5
1560472098793589031,1,4,0,4,4,0,4,0,0,0,4.0,0.0,4.0,4.0,0.0,4.0,0.0,0.0,0.0,1.0,0.0,1.0,0.0,4,0,4,9.0,0.0,7.0,30,1,196,0.0,7.934146583358127e-5,0.0,0.0,0.55,0.4375,0.0,0.0,0.5,0.0,0.5,0.8333333333333334,0.0,0.0005692728981262603,0.0,0.0006548788474132279,6.972818022366045e-5,0.0,1.927673455893238e-6,0.002975304968759298,9.917683229197659e-5
1416900709080630418,1,8,0,8,8,0,8,0,0,0,8.0,0.0,8.0,8.0,0.0,8.0,0.0,0.0,0.0,1.0,0.0,1.0,0.0,4,0,8,29.0,0.0,23.0,33,1,221,0.0,0.00015868293166716255,0.0,0.0,0.625,0.578125,0.0,0.0,0.6071428571428571,0.0,0.6071428571428571,0.8928571428571429,0.0,0.000621060306953235,0.0,0.0006548788474132281,0.00013978266242642423,0.0,2.1735501722061512e-6,0.0032728354656352274,9.917683229197659e-5
1584953178179241963,1,13,0,13,12,0,12,1,0,1,13.0,0.0,13.0,12.0,0.0,12.0,1.0,0.0,1.0,0.9230769230769231,0.0,0.9230769230769231,0.0,4,0,13,36.0,0.0,40.0,65,1,384,0.0,0.00025785976395913915,0.0,0.0,0.38461538461538464,0.33727810650887574,0.0,0.0,0.34615384615384615,0.0,0.34615384615384615,0.5512820512820513,0.0,0.0006617701749248988,0.0,0.0006548788474132281,0.0001222764286743505,0.0,3.776666362566344e-6,0.006446494098978479,9.917683229197659e-5
1750989996396906237,1,11,0,11,11,0,11,0,0,0,11.0,0.0,11.0,11.0,0.0,11.0,0.0,0.0,0.0,1.0,0.0,1.0,0.0,4,0,11,31.0,0.0,33.0,44,1,278,0.0,0.0002181890310423485,0.0,0.0,0.4393939393939394,0.3884297520661157,0.0,0.0,0.41818181818181815,0.0,0.41818181818181815,0.6727272727272727,0.0,0.0006342621976892516,0.0,0.000654878847413228,0.0001925381184145758,0.0,2.7341490853995927e-6,0.0043637806208469705,9.917683229197659e-5
1838721743842182241,1,13,0,13,13,0,13,0,0,0,13.0,0.0,13.0,13.0,0.0,13.0,0.0,0.0,0.0,1.0,0.0,1.0,0.0,4,0,13,29.0,0.0,40.0,38,1,307,0.0,0.00025785976395913915,0.0,0.0,0.3956043956043956,0.34911242603550297,0.0,0.0,0.358974358974359,0.0,0.358974358974359,0.6153846153846154,0.0,0.0006537684829086614,0.0,0.0006548788474132281,0.00022781078924649645,0.0,3.0193660763225718e-6,0.0037687196270951104,9.917683229197659e-5
1403772972929387250,1,9,0,9,9,0,9,0,0,0,9.0,0.0,9.0,9.0,0.0,9.0,0.0,0.0,0.0,1.0,0.0,1.0,0.0,4,0,9,31.0,0.0,28.0,37,1,258,0.0,0.00017851829812555786,0.0,0.0,0.4777777777777778,0.41975308641975306,0.0,0.0,0.4444444444444444,0.0,0.4444444444444444,0.7222222222222222,0.0,0.0006125705645784982,0.0,0.000654878847413228,0.00015734735698336166,0.0,2.5374477123492625e-6,0.003669542794803134,9.917683229197659e-5
1536166226798051406,1,4,0,4,4,0,4,0,0,0,4.0,0.0,4.0,4.0,0.0,4.0,0.0,0.0,0.0,1.0,0.0,1.0,0.0,4,0,4,9.0,0.0,7.0,27,1,194,0.0,7.934146583358127e-5,0.0,0.0,0.7,0.625,0.0,0.0,0.75,0.0,0.75,1.0,0.0,0.0005679681639151122,0.0,0.000654878847413228,6.972818022366045e-5,0.0,1.908003318588205e-6,0.002677774471883368,9.917683229197659e-5
1812236107023124033,1,9,0,9,9,0,9,0,0,0,9.0,0.0,9.0,9.0,0.0,9.0,0.0,0.0,0.0,1.0,0.0,1.0,0.0,4,0,9,28.0,0.0,28.0,37,1,240,0.0,0.00017851829812555786,0.0,0.0,0.5333333333333333,0.48148148148148145,0.0,0.0,0.5,0.0,0.5,0.8333333333333334,0.0,0.0006209195144146396,0.0,0.000654878847413228,0.00015734735698336166,0.0,2.360416476603965e-6,0.003669542794803134,9.917683229197659e-5
1582170989591003873,1,7,0,7,7,0,7,0,0,0,7.0,0.0,7.0,7.0,0.0,7.0,0.0,0.0,0.0,1.0,0.0,1.0,0.0,4,0,7,17.0,0.0,15.0,35,1,227,0.0,0.00013884756520876723,0.0,0.0,0.42857142857142855,0.3469387755102041,0.0,0.0,0.35714285714285715,0.0,0.35714285714285715,0.6190476190476191,0.0,0.0005913952589239312,0.0,0.0006548788474132281,0.00012223840939451502,0.0,2.23256058412125e-6,0.003471189130219181,9.917683229197659e-5
1757642394423002639,1,10,0,10,10,0,10,0,0,0,10.0,0.0,10.0,10.0,0.0,10.0,0.0,0.0,0.0,1.0,0.0,1.0,0.0,4,0,10,29.0,0.0,30.0,37,1,263,0.0,0.00019835366458395318,0.0,0.0,0.5,0.45,0.0,0.0,0.4666666666666667,0.0,0.4666666666666667,0.8,0.0,0.0006232695938483015,0.0,0.000654878847413228,0.0001749325049991146,0.0,2.5866230556118447e-6,0.003669542794803134,9.917683229197659e-5
1707933488033824771,1,8,0,8,8,0,8,0,0,0,8.0,0.0,8.0,8.0,0.0,8.0,0.0,0.0,0.0,1.0,0.0,1.0,0.0,4,0,8,26.0,0.0,23.0,36,1,275,0.0,0.00015868293166716255,0.0,0.0,0.4861111111111111,0.421875,0.0,0.0,0.42857142857142855,0.0,0.42857142857142855,0.7142857142857143,0.0,0.00060961889025109,0.0,0.0006548788474132283,0.00013978266242642423,0.0,2.704643879442043e-6,0.0035703659625111574,9.917683229197659e-5
1665481487236990731,1,10,0,10,10,0,10,0,0,0,10.0,0.0,10.0,10.0,0.0,10.0,0.0,0.0,0.0,1.0,0.0,1.0,0.0,4,0,10,26.0,0.0,30.0,39,1,314,0.0,0.00019835366458395318,0.0,0.0,0.42727272727272725,0.37,0.0,0.0,0.4,0.0,0.4,0.6666666666666666,0.0,0.0006188381217666841,0.0,0.0006548788474132283,0.0001749325049991146,0.0,3.0882115568901875e-6,0.003867896459387087,9.917683229197659e-5
1738622417078584235,1,4,0,4,4,0,4,0,0,0,4.0,0.0,4.0,4.0,0.0,4.0,0.0,0.0,0.0,1.0,0.0,1.0,0.0,4,0,4,9.0,0.0,7.0,27,1,194,0.0,7.934146583358127e-5,0.0,0.0,0.7,0.625,0.0,0.0,0.75,0.0,0.75,1.0,0.0,0.0005679681639151122,0.0,0.000654878847413228,6.972818022366045e-5,0.0,1.908003318588205e-6,0.002677774471883368,9.917683229197659e-5
1661635943452378892,1,9,0,9,9,0,9,0,0,0,9.0,0.0,9.0,9.0,0.0,9.0,0.0,0.0,0.0,1.0,0.0,1.0,0.0,4,0,9,26.0,0.0,28.0,40,1,248,0.0,0.00017851829812555786,0.0,0.0,0.4888888888888889,0.43209876543209874,0.0,0.0,0.4444444444444444,0.0,0.4444444444444444,0.7777777777777778,0.0,0.0006233836507565013,0.0,0.0006548788474132281,0.00015734735698336166,0.0,2.439097025824097e-6,0.0039670732916790635,9.917683229197659e-5
1506828365569458296,1,4,0,4,4,0,4,0,0,0,4.0,0.0,4.0,4.0,0.0,4.0,0.0,0.0,0.0,1.0,0.0,1.0,0.0,4,0,4,9.0,0.0,7.0,27,1,194,0.0,7.934146583358127e-5,0.0,0.0,0.7,0.625,0.0,0.0,0.75,0.0,0.75,1.0,0.0,0.0005679681639151122,0.0,0.000654878847413228,6.972818022366045e-5,0.0,1.908003318588205e-6,0.002677774471883368,9.917683229197659e-5
1280212881765305058,1,8,0,8,8,0,8,0,0,0,8.0,0.0,8.0,8.0,0.0,8.0,0.0,0.0,0.0,1.0,0.0,1.0,0.0,4,0,8,24.0,0.0,23.0,43,1,235,0.0,0.00015868293166716255,0.0,0.0,0.4583333333333333,0.390625,0.0,0.0,0.39285714285714285,0.0,0.39285714285714285,0.6785714285714286,0.0,0.0006173421586175286,0.0,0.0006548788474132281,0.00013978266242642423,0.0,2.3112411333413823e-6,0.0042646037885549935,9.917683229197659e-5
1745177130792128474,1,8,0,8,7,0,7,1,0,1,8.0,0.0,8.0,7.0,0.0,7.0,1.0,0.0,1.0,0.875,0.0,0.875,0.0,4,0,8,24.0,0.0,23.0,63,1,358,0.0,0.00015868293166716255,0.0,0.0,0.2361111111111111,0.140625,0.0,0.0,0.14285714285714285,0.0,0.14285714285714285,0.2857142857142857,0.0,0.0006054052266270405,0.0,0.0006548788474132281,3.435394681650106e-5,0.0,3.5209545776009145e-6,0.006248140434394526,9.917683229197659e-5
1422742329109776821,1,7,0,7,7,0,7,0,0,0,7.0,0.0,7.0,7.0,0.0,7.0,0.0,0.0,0.0,1.0,0.0,1.0,0.0,4,0,7,17.0,0.0,15.0,37,1,236,0.0,0.00013884756520876723,0.0,0.0,0.5,0.42857142857142855,0.0,0.0,0.4523809523809524,0.0,0.4523809523809524,0.7619047619047619,0.0,0.0005984847084254296,0.0,0.0006548788474132281,0.00012223840939451502,0.0,2.3210762019938988e-6,0.003669542794803134,9.917683229197659e-5
1238185364242304276,1,13,0,13,13,0,13,0,0,0,13.0,0.0,13.0,13.0,0.0,13.0,0.0,0.0,0.0,1.0,0.0,1.0,0.0,4,0,13,31.0,0.0,40.0,48,1,331,0.0,0.00025785976395913915,0.0,0.0,0.4175824175824176,0.3727810650887574,0.0,0.0,0.391025641025641,0.0,0.391025641025641,0.6666666666666666,0.0,0.0006367130984161741,0.0,0.0006548788474132281,0.00022781078924649645,0.0,3.255407723982968e-6,0.0047604879500148765,9.917683229197659e-5
1390696901472420940,1,4,0,4,4,0,4,0,0,0,4.0,0.0,4.0,4.0,0.0,4.0,0.0,0.0,0.0,1.0,0.0,1.0,0.0,4,0,4,9.0,0.0,7.0,27,1,194,0.0,7.934146583358127e-5,0.0,0.0,0.7,0.625,0.0,0.0,0.75,0.0,0.75,1.0,0.0,0.0005679681639151122,0.0,0.000654878847413228,6.972818022366045e-5,0.0,1.908003318588205e-6,0.002677774471883368,9.917683229197659e-5
1841652276456852985,1,4,0,4,4,0,4,0,0,0,4.0,0.0,4.0,4.0,0.0,4.0,0.0,0.0,0.0,1.0,0.0,1.0,0.0,4,0,4,9.0,0.0,7.0,27,1,194,0.0,7.934146583358127e-5,0.0,0.0,0.7,0.625,0.0,0.0,0.75,0.0,0.75,1.0,0.0,0.0005679681639151122,0.0,0.000654878847413228,6.972818022366045e-5,0.0,1.908003318588205e-6,0.002677774471883368,9.917683229197659e-5
1250091354315295152,1,4,0,4,4,0,4,0,0,0,4.0,0.0,4.0,4.0,0.0,4.0,0.0,0.0,0.0,1.0,0.0,1.0,0.0,4,0,4,9.0,0.0,7.0,27,1,194,0.0,7.934146583358127e-5,0.0,0.0,0.7,0.625,0.0,0.0,0.75,0.0,0.75,1.0,0.0,0.0005679681639151122,0.0,0.000654878847413228,6.972818022366045e-5,0.0,1.908003318588205e-6,0.002677774471883368,9.917683229197659e-5
1843355147422400512,1,7,0,7,7,0,7,0,0,0,7.0,0.0,7.0,7.0,0.0,7.0,0.0,0.0,0.0,1.0,0.0,1.0,0.0,4,0,7,28.0,0.0,15.0,40,1,255,0.0,0.00013884756520876723,0.0,0.0,0.5357142857142857,0.46938775510204084,0.0,0.0,0.5,0.0,0.5,0.9047619047619048,0.0,0.0006042026636707913,0.0,0.0006548788474132279,0.00012223840939451502,0.0,2.507942506391713e-6,0.0039670732916790635,9.917683229197659e-5
1461875642562774676,1,9,0,9,9,0,9,0,0,0,9.0,0.0,9.0,9.0,0.0,9.0,0.0,0.0,0.0,1.0,0.0,1.0,0.0,4,0,9,24.0,0.0,28.0,43,1,263,0.0,0.00017851829812555786,0.0,0.0,0.4,0.3333333333333333,0.0,0.0,0.3472222222222222,0.0,0.3472222222222222,0.6111111111111112,0.0,0.0006099014526425683,0.0,0.0006548788474132281,0.00015734735698336166,0.0,2.5866230556118447e-6,0.0042646037885549935,9.917683229197659e-5
1410314259832769609,1,8,0,8,8,0,8,0,0,0,8.0,0.0,8.0,8.0,0.0,8.0,0.0,0.0,0.0,1.0,0.0,1.0,0.0,4,0,8,26.0,0.0,23.0,36,1,237,0.0,0.00015868293166716255,0.0,0.0,0.625,0.578125,0.0,0.0,0.6071428571428571,0.0,0.6071428571428571,1.0,0.0,0.0006110215757780843,0.0,0.0006548788474132281,0.00013978266242642423,0.0,2.3309112706464153e-6,0.0035703659625111574,9.917683229197659e-5
1491667417326159285,1,6,0,6,6,0,6,0,0,0,6.0,0.0,6.0,6.0,0.0,6.0,0.0,0.0,0.0,1.0,0.0,1.0,0.0,4,0,6,13.0,0.0,14.0,37,1,236,0.0,0.00011901219875037192,0.0,0.0,0.47619047619047616,0.3888888888888889,0.0,0.0,0.4,0.0,0.4,0.6666666666666666,0.0,0.0005867043019592442,0.0,0.000654878847413228,0.00010471458596139627,0.0,2.3210762019938988e-6,0.003669542794803134,9.917683229197659e-5
1653055369133426423,1,11,0,11,10,0,10,1,0,1,11.0,0.0,11.0,10.0,0.0,10.0,1.0,0.0,1.0,0.9090909090909091,0.0,0.9090909090909091,0.0,4,0,11,26.0,0.0,33.0,54,1,388,0.0,0.0002181890310423485,0.0,0.0,0.38636363636363635,0.3305785123966942,0.0,0.0,0.34545454545454546,0.0,0.34545454545454546,0.5636363636363636,0.0,0.0006287319975042025,0.0,0.0006548788474132283,8.704603573039815e-5,0.0,3.81600663717641e-6,0.005355548943766736,9.917683229197659e-5
1599037022939385763,1,7,0,7,7,0,7,0,0,0,7.0,0.0,7.0,7.0,0.0,7.0,0.0,0.0,0.0,1.0,0.0,1.0,0.0,4,0,7,17.0,0.0,15.0,35,1,228,0.0,0.00013884756520876723,0.0,0.0,0.5178571428571429,0.4489795918367347,0.0,0.0,0.4523809523809524,0.0,0.4523809523809524,0.8095238095238095,0.0,0.0006049487662108936,0.0,0.0006548788474132281,0.00012223840939451502,0.0,2.2423956527737665e-6,0.003471189130219181,9.917683229197659e-5
1762224371943867442,1,11,0,11,11,0,11,0,0,0,11.0,0.0,11.0,11.0,0.0,11.0,0.0,0.0,0.0,1.0,0.0,1.0,0.0,4,0,11,31.0,0.0,33.0,46,1,328,0.0,0.0002181890310423485,0.0,0.0,0.4318181818181818,0.38016528925619836,0.0,0.0,0.4,0.0,0.4,0.6909090909090909,0.0,0.0006205941290584512,0.0,0.0006548788474132281,0.0001925381184145758,0.0,3.225902518025419e-6,0.0045621342854309235,9.917683229197659e-5
1377029434174869086,1,8,0,8,8,0,8,0,0,0,8.0,0.0,8.0,8.0,0.0,8.0,0.0,0.0,0.0,1.0,0.0,1.0,0.0,4,0,8,17.0,0.0,23.0,36,1,254,0.0,0.00015868293166716255,0.0,0.0,0.375,0.296875,0.0,0.0,0.30357142857142855,0.0,0.30357142857142855,0.5714285714285714,0.0,0.0005992875169590254,0.0,0.000654878847413228,0.00013978266242642423,0.0,2.4981074377391964e-6,0.0035703659625111574,9.917683229197659e-5
1404561227987813035,1,13,0,13,13,0,13,0,0,0,13.0,0.0,13.0,13.0,0.0,13.0,0.0,0.0,0.0,1.0,0.0,1.0,0.0,4,0,13,34.0,0.0,40.0,48,1,291,0.0,0.00025785976395913915,0.0,0.0,0.38461538461538464,0.33727810650887574,0.0,0.0,0.3525641025641026,0.0,0.3525641025641026,0.5512820512820513,0.0,0.0006473295892385428,0.0,0.0006548788474132278,0.00022781078924649645,0.0,2.8620049778823077e-6,0.0047604879500148765,9.917683229197659e-5
1799031828842023180,1,17,0,17,17,0,17,0,0,0,17.0,0.0,17.0,17.0,0.0,17.0,0.0,0.0,0.0,1.0,0.0,1.0,0.0,4,0,14,37.0,0.0,65.0,51,1,337,0.0,0.0003372012297927204,0.0,0.0,0.43137254901960786,0.39792387543252594,0.0,0.0,0.4117647058823529,0.0,0.4117647058823529,0.6764705882352942,0.0,0.0006962146016579648,0.0,0.000654878847413228,0.0002986022419393386,0.0,3.3144181358980673e-6,0.0050580184468908065,9.917683229197659e-5
1468356836049551439,1,5,0,5,5,0,5,0,0,0,5.0,0.0,5.0,5.0,0.0,5.0,0.0,0.0,0.0,1.0,0.0,1.0,0.0,4,0,5,12.0,0.0,9.0,35,1,224,0.0,9.917683229197659e-5,0.0,0.0,0.3,0.16,0.0,0.0,0.15,0.0,0.15,0.3,0.0,0.0005726190637822414,0.0,0.0006548788474132279,8.721118020826868e-5,0.0,2.203055378163701e-6,0.003471189130219181,9.917683229197659e-5
1476097742731218392,1,6,0,6,6,0,6,0,0,0,6.0,0.0,6.0,6.0,0.0,6.0,0.0,0.0,0.0,1.0,0.0,1.0,0.0,4,0,6,13.0,0.0,14.0,33,1,211,0.0,0.00011901219875037192,0.0,0.0,0.47619047619047616,0.3888888888888889,0.0,0.0,0.43333333333333335,0.0,0.43333333333333335,0.6666666666666666,0.0,0.0005953204124573617,0.0,0.000654878847413228,0.00010471458596139627,0.0,2.075199485680986e-6,0.0032728354656352274,9.917683229197659e-5
1457443641155912335,1,17,0,17,17,0,17,0,0,0,17.0,0.0,17.0,17.0,0.0,17.0,0.0,0.0,0.0,1.0,0.0,1.0,0.0,4,0,14,37.0,0.0,65.0,51,1,337,0.0,0.0003372012297927204,0.0,0.0,0.43137254901960786,0.39792387543252594,0.0,0.0,0.4117647058823529,0.0,0.4117647058823529,0.6764705882352942,0.0,0.0006962146016579648,0.0,0.000654878847413228,0.0002986022419393386,0.0,3.3144181358980673e-6,0.0050580184468908065,9.917683229197659e-5
1390062546697848352,1,4,0,4,4,0,4,0,0,0,4.0,0.0,4.0,4.0,0.0,4.0,0.0,0.0,0.0,1.0,0.0,1.0,0.0,4,0,4,9.0,0.0,7.0,27,1,194,0.0,7.934146583358127e-5,0.0,0.0,0.7,0.625,0.0,0.0,0.75,0.0,0.75,1.0,0.0,0.0005679681639151122,0.0,0.000654878847413228,6.972818022366045e-5,0.0,1.908003318588205e-6,0.002677774471883368,9.917683229197659e-5
1751111587046884098,1,5,0,5,5,0,5,0,0,0,5.0,0.0,5.0,5.0,0.0,5.0,0.0,0.0,0.0,1.0,0.0,1.0,0.0,4,0,5,13.0,0.0,9.0,39,1,222,0.0,9.917683229197659e-5,0.0,0.0,0.5,0.4,0.0,0.0,0.45,0.0,0.45,0.7,0.0,0.0005796945599811785,0.0,0.000654878847413228,8.721118020826868e-5,0.0,2.1833852408586677e-6,0.003867896459387087,9.917683229197659e-5
1618947018728672388,1,10,0,10,10,0,10,0,0,0,10.0,0.0,10.0,10.0,0.0,10.0,0.0,0.0,0.0,1.0,0.0,1.0,0.0,4,0,10,29.0,0.0,30.0,37,1,303,0.0,0.00019835366458395318,0.0,0.0,0.5727272727272728,0.53,0.0,0.0,0.5666666666666667,0.0,0.5666666666666667,0.8888888888888888,0.0,0.0006335329790868918,0.0,0.0006548788474132283,0.0001749325049991146,0.0,2.9800258017125056e-6,0.003669542794803134,9.917683229197659e-5
1568572361765028861,1,4,0,4,4,0,4,0,0,0,4.0,0.0,4.0,4.0,0.0,4.0,0.0,0.0,0.0,1.0,0.0,1.0,0.0,4,0,4,9.0,0.0,7.0,27,1,194,0.0,7.934146583358127e-5,0.0,0.0,0.7,0.625,0.0,0.0,0.75,0.0,0.75,1.0,0.0,0.0005679681639151122,0.0,0.000654878847413228,6.972818022366045e-5,0.0,1.908003318588205e-6,0.002677774471883368,9.917683229197659e-5
1735647815402522906,1,7,0,7,7,0,7,0,0,0,7.0,0.0,7.0,7.0,0.0,7.0,0.0,0.0,0.0,1.0,0.0,1.0,0.0,4,0,7,13.0,0.0,15.0,33,1,287,0.0,0.00013884756520876723,0.0,0.0,0.4642857142857143,0.3877551020408163,0.0,0.0,0.40476190476190477,0.0,0.40476190476190477,0.7142857142857143,0.0,0.0005966027802963775,0.0,0.0006548788474132281,0.00012223840939451502,0.0,2.8226647032722415e-6,0.0032728354656352274,9.917683229197659e-5
1744921544615791593,1,4,0,4,4,0,4,0,0,0,4.0,0.0,4.0,4.0,0.0,4.0,0.0,0.0,0.0,1.0,0.0,1.0,0.0,4,0,4,9.0,0.0,7.0,30,1,192,0.0,7.934146583358127e-5,0.0,0.0,0.65,0.5625,0.0,0.0,0.6666666666666666,0.0,0.6666666666666666,1.0,0.0,0.0005706208792968502,0.0,0.0006548788474132281,6.972818022366045e-5,0.0,1.888333181283172e-6,0.002975304968759298,9.917683229197659e-5
1697338463755436456,1,12,0,12,12,0,12,0,0,0,12.0,0.0,12.0,12.0,0.0,12.0,0.0,0.0,0.0,1.0,0.0,1.0,0.0,4,0,12,29.0,0.0,37.0,47,1,325,0.0,0.00023802439750074384,0.0,0.0,0.3974358974358974,0.3472222222222222,0.0,0.0,0.3712121212121212,0.0,0.3712121212121212,0.6212121212121212,0.0,0.0006366808614573631,0.0,0.000654878847413228,0.0002101642091784095,0.0,3.1963973120678694e-6,0.0046613111177229,9.917683229197659e-5
1359356707964193101,1,9,0,9,9,0,9,0,0,0,9.0,0.0,9.0,9.0,0.0,9.0,0.0,0.0,0.0,1.0,0.0,1.0,0.0,4,0,9,26.0,0.0,28.0,37,1,237,0.0,0.00017851829812555786,0.0,0.0,0.4888888888888889,0.43209876543209874,0.0,0.0,0.4583333333333333,0.0,0.4583333333333333,0.7222222222222222,0.0,0.0006121334900617313,0.0,0.000654878847413228,0.00015734735698336166,0.0,2.3309112706464153e-6,0.003669542794803134,9.917683229197659e-5
1554930647582116961,1,7,0,7,7,0,7,0,0,0,7.0,0.0,7.0,7.0,0.0,7.0,0.0,0.0,0.0,1.0,0.0,1.0,0.0,4,0,7,13.0,0.0,15.0,36,1,225,0.0,0.00013884756520876723,0.0,0.0,0.375,0.2857142857142857,0.0,0.0,0.2857142857142857,0.0,0.2857142857142857,0.47619047619047616,0.0,0.0005994453850570357,0.0,0.0006548788474132281,0.00012223840939451502,0.0,2.2128904468162173e-6,0.0035703659625111574,9.917683229197659e-5
1537995838318446313,1,17,0,17,17,0,17,0,0,0,17.0,0.0,17.0,17.0,0.0,17.0,0.0,0.0,0.0,1.0,0.0,1.0,0.0,4,0,14,37.0,0.0,65.0,51,1,337,0.0,0.0003372012297927204,0.0,0.0,0.43137254901960786,0.39792387543252594,0.0,0.0,0.4117647058823529,0.0,0.4117647058823529,0.6764705882352942,0.0,0.0006962146016579648,0.0,0.000654878847413228,0.0002986022419393386,0.0,3.3144181358980673e-6,0.0050580184468908065,9.917683229197659e-5
1216189944544890214,1,4,0,4,4,0,4,0,0,0,4.0,0.0,4.0,4.0,0.0,4.0,0.0,0.0,0.0,1.0,0.0,1.0,0.0,4,0,4,9.0,0.0,7.0,27,1,194,0.0,7.934146583358127e-5,0.0,0.0,0.7,0.625,0.0,0.0,0.75,0.0,0.75,1.0,0.0,0.0005679681639151122,0.0,0.000654878847413228,6.972818022366045e-5,0.0,1.908003318588205e-6,0.002677774471883368,9.917683229197659e-5
1301540900626762430,1,4,0,4,4,0,4,0,0,0,4.0,0.0,4.0,4.0,0.0,4.0,0.0,0.0,0.0,1.0,0.0,1.0,0.0,4,0,4,9.0,0.0,7.0,27,1,194,0.0,7.934146583358127e-5,0.0,0.0,0.7,0.625,0.0,0.0,0.75,0.0,0.75,1.0,0.0,0.0005679681639151122,0.0,0.000654878847413228,6.972818022366045e-5,0.0,1.908003318588205e-6,0.002677774471883368,9.917683229197659e-5
1722716106780575906,1,12,0,12,12,0,12,0,0,0,12.0,0.0,12.0,12.0,0.0,12.0,0.0,0.0,0.0,1.0,0.0,1.0,0.0,4,0,12,34.0,0.0,37.0,52,1,290,0.0,0.00023802439750074384,0.0,0.0,0.42948717948717946,0.3819444444444444,0.0,0.0,0.3939393939393939,0.0,0.3939393939393939,0.6666666666666666,0.0,0.000655933770847632,0.0,0.0006548788474132281,0.0002101642091784095,0.0,2.852169909229791e-6,0.005157195279182783,9.917683229197659e-5
1583337823237311665,1,1,0,1,1,0,1,0,0,0,1.0,0.0,1.0,1.0,0.0,1.0,0.0,0.0,0.0,1.0,0.0,1.0,0.0,1,0,1,1.0,0.0,1.0,16,1,96,0.0,1.983536645839532e-5,0.0,0.0,1.0,1.0,0.0,0.0,0.0,0.0,0.0,0.0,0.0,0.00054462633455293,0.0,0.0006548788474132279,1.7401495877256146e-5,0.0,9.44166590641586e-7,0.0015868293166716254,9.917683229197659e-5
1244162998281440262,1,9,0,9,9,0,9,0,0,0,9.0,0.0,9.0,9.0,0.0,9.0,0.0,0.0,0.0,1.0,0.0,1.0,0.0,4,0,9,29.0,0.0,28.0,47,1,276,0.0,0.00017851829812555786,0.0,0.0,0.4444444444444444,0.38271604938271603,0.0,0.0,0.4027777777777778,0.0,0.4027777777777778,0.6388888888888888,0.0,0.0006128069069204002,0.0,0.000654878847413228,0.00015734735698336166,0.0,2.7144789480945597e-6,0.0046613111177229,9.917683229197659e-5
1648310389244430707,1,2,0,2,2,0,2,0,0,0,2.0,0.0,2.0,2.0,0.0,2.0,0.0,0.0,0.0,1.0,0.0,1.0,0.0,2,0,2,3.0,0.0,2.0,24,1,132,0.0,3.967073291679064e-5,0.0,0.0,0.8333333333333334,0.75,0.0,0.0,0.5,0.0,0.5,1.0,0.0,0.0005522962246410625,0.0,0.0006548788474132279,3.482334995119629e-5,0.0,1.2982290621321806e-6,0.0023802439750074383,9.917683229197659e-5
1372737124234691786,1,13,0,13,13,0,13,0,0,0,13.0,0.0,13.0,13.0,0.0,13.0,0.0,0.0,0.0,1.0,0.0,1.0,0.0,4,0,13,34.0,0.0,40.0,48,1,291,0.0,0.00025785976395913915,0.0,0.0,0.41208791208791207,0.3668639053254438,0.0,0.0,0.3782051282051282,0.0,0.3782051282051282,0.6282051282051282,0.0,0.0006580116349849354,0.0,0.000654878847413228,0.00022781078924649645,0.0,2.8620049778823077e-6,0.0047604879500148765,9.917683229197659e-5
1798472539530331319,1,4,0,4,4,0,4,0,0,0,4.0,0.0,4.0,4.0,0.0,4.0,0.0,0.0,0.0,1.0,0.0,1.0,0.0,4,0,4,9.0,0.0,7.0,27,1,233,0.0,7.934146583358127e-5,0.0,0.0,0.45,0.3125,0.0,0.0,0.4166666666666667,0.0,0.4166666666666667,0.6666666666666666,0.0,0.0005693374855710911,0.0,0.0006548788474132283,6.972818022366045e-5,0.0,2.291570996036349e-6,0.002677774471883368,9.917683229197659e-5
1299610277771215208,1,7,0,7,6,0,6,1,0,1,7.0,0.0,7.0,6.0,0.0,6.0,1.0,0.0,1.0,0.8571428571428571,0.0,0.8571428571428571,0.0,4,0,7,17.0,0.0,15.0,56,1,381,0.0,0.00013884756520876723,0.0,0.0,0.21428571428571427,0.10204081632653061,0.0,0.0,0.11904761904761904,0.0,0.11904761904761904,0.23809523809523808,0.0,0.000598876151495627,0.0,0.0006548788474132283,1.6830802885059448e-5,0.0,3.7471611566087944e-6,0.00555390260835069,9.917683229197659e-5
1586919365276599165,1,7,0,7,6,0,6,1,0,1,7.0,0.0,7.0,6.0,0.0,6.0,1.0,0.0,1.0,0.8571428571428571,0.0,0.8571428571428571,0.0,4,0,7,18.0,0.0,15.0,46,1,338,0.0,0.00013884756520876723,0.0,0.0,0.3392857142857143,0.24489795918367346,0.0,0.0,0.2619047619047619,0.0,0.2619047619047619,0.47619047619047616,0.0,0.0006136802517955544,0.0,0.0006548788474132284,1.6830802885059448e-5,0.0,3.324253204550584e-6,0.0045621342854309235,9.917683229197659e-5
1652144828693088088,1,6,0,6,6,0,6,0,0,0,6.0,0.0,6.0,6.0,0.0,6.0,0.0,0.0,0.0,1.0,0.0,1.0,0.0,4,0,6,17.0,0.0,14.0,35,1,294,0.0,0.00011901219875037192,0.0,0.0,0.5714285714285714,0.5,0.0,0.0,0.5666666666666667,0.0,0.5666666666666667,1.0,0.0,0.0005844877524359544,0.0,0.0006548788474132281,0.00010471458596139627,0.0,2.8915101838398573e-6,0.003471189130219181,9.917683229197659e-5
1666968336392520560,1,6,0,6,6,0,6,0,0,0,6.0,0.0,6.0,6.0,0.0,6.0,0.0,0.0,0.0,1.0,0.0,1.0,0.0,4,0,6,13.0,0.0,14.0,45,1,290,0.0,0.00011901219875037192,0.0,0.0,0.40476190476190477,0.3055555555555556,0.0,0.0,0.36666666666666664,0.0,0.36666666666666664,0.7333333333333333,0.0,0.0005857353175590581,0.0,0.0006548788474132281,0.00010471458596139627,0.0,2.852169909229791e-6,0.0044629574531389465,9.917683229197659e-5
1860894447672232276,1,11,0,11,11,0,11,0,0,0,11.0,0.0,11.0,11.0,0.0,11.0,0.0,0.0,0.0,1.0,0.0,1.0,0.0,4,0,11,29.0,0.0,33.0,37,1,304,0.0,0.0002181890310423485,0.0,0.0,0.49242424242424243,0.4462809917355372,0.0,0.0,0.4818181818181818,0.0,0.4818181818181818,0.7454545454545455,0.0,0.0006212504822638962,0.0,0.0006548788474132281,0.0001925381184145758,0.0,2.989860870365022e-6,0.003669542794803134,9.917683229197659e-5
1581381045490551529,1,8,0,8,7,0,7,1,0,1,8.0,0.0,8.0,7.0,0.0,7.0,1.0,0.0,1.0,0.875,0.0,0.875,0.0,4,0,8,26.0,0.0,23.0,63,1,390,0.0,0.00015868293166716255,0.0,0.0,0.3194444444444444,0.234375,0.0,0.0,0.23214285714285715,0.0,0.23214285714285715,0.39285714285714285,0.0,0.0006118040686411101,0.0,0.0006548788474132283,3.435394681650106e-5,0.0,3.835676774481443e-6,0.006248140434394526,9.917683229197659e-5
1329908848269461277,1,6,0,6,6,0,6,0,0,0,6.0,0.0,6.0,6.0,0.0,6.0,0.0,0.0,0.0,1.0,0.0,1.0,0.0,4,0,6,17.0,0.0,14.0,32,1,257,0.0,0.00011901219875037192,0.0,0.0,0.42857142857142855,0.3333333333333333,0.0,0.0,0.4,0.0,0.4,0.7333333333333333,0.0,0.0005909188740711468,0.0,0.0006548788474132281,0.00010471458596139627,0.0,2.527612643696746e-6,0.003173658633343251,9.917683229197659e-5
1635189998670054321,1,7,0,7,7,0,7,0,0,0,7.0,0.0,7.0,7.0,0.0,7.0,0.0,0.0,0.0,1.0,0.0,1.0,0.0,4,0,7,21.0,0.0,15.0,30,1,277,0.0,0.00013884756520876723,0.0,0.0,0.625,0.5714285714285714,0.0,0.0,0.6428571428571429,0.0,0.6428571428571429,0.9523809523809523,0.0,0.0005896385007601219,0.0,0.0006548788474132283,0.00012223840939451502,0.0,2.724314016747076e-6,0.002975304968759298,9.917683229197659e-5
1677356785503045667,1,1,0,1,1,0,1,0,0,0,1.0,0.0,1.0,1.0,0.0,1.0,0.0,0.0,0.0,1.0,0.0,1.0,0.0,1,0,1,1.0,0.0,1.0,8,1,114,0.0,1.983536645839532e-5,0.0,0.0,0.5,0.0,0.0,0.0,0.0,0.0,0.0,0.0,0.0,0.0005414370635954773,0.0,0.0006548788474132289,1.7401495877256146e-5,0.0,1.1211978263868833e-6,0.0007934146583358127,9.917683229197659e-5
1554225857940161726,1,1,0,1,1,0,1,0,0,0,1.0,0.0,1.0,1.0,0.0,1.0,0.0,0.0,0.0,1.0,0.0,1.0,0.0,1,0,1,1.0,0.0,1.0,8,1,114,0.0,1.983536645839532e-5,0.0,0.0,0.5,0.0,0.0,0.0,0.0,0.0,0.0,0.0,0.0,0.0005414370635954773,0.0,0.0006548788474132289,1.7401495877256146e-5,0.0,1.1211978263868833e-6,0.0007934146583358127,9.917683229197659e-5
1611819618656061402,1,10,0,10,10,0,10,0,0,0,10.0,0.0,10.0,10.0,0.0,10.0,0.0,0.0,0.0,1.0,0.0,1.0,0.0,4,0,10,26.0,0.0,30.0,30,1,292,0.0,0.00019835366458395318,0.0,0.0,0.41818181818181815,0.36,0.0,0.0,0.3888888888888889,0.0,0.3888888888888889,0.7111111111111111,0.0,0.0006277802417692121,0.0,0.0006548788474132283,0.0001749325049991146,0.0,2.871840046534824e-6,0.002975304968759298,9.917683229197659e-5
1871367487933646889,1,1,0,1,1,0,1,0,0,0,1.0,0.0,1.0,1.0,0.0,1.0,0.0,0.0,0.0,1.0,0.0,1.0,0.0,1,0,1,1.0,0.0,1.0,8,1,114,0.0,1.983536645839532e-5,0.0,0.0,0.5,0.0,0.0,0.0,0.0,0.0,0.0,0.0,0.0,0.0005414370635954773,0.0,0.0006548788474132289,1.7401495877256146e-5,0.0,1.1211978263868833e-6,0.0007934146583358127,9.917683229197659e-5
1773019517492920661,1,1,0,1,1,0,1,0,0,0,1.0,0.0,1.0,1.0,0.0,1.0,0.0,0.0,0.0,1.0,0.0,1.0,0.0,1,0,1,1.0,0.0,1.0,8,1,114,0.0,1.983536645839532e-5,0.0,0.0,0.5,0.0,0.0,0.0,0.0,0.0,0.0,0.0,0.0,0.0005414370635954773,0.0,0.0006548788474132289,1.7401495877256146e-5,0.0,1.1211978263868833e-6,0.0007934146583358127,9.917683229197659e-5
1250505560701276143,1,1,0,1,1,0,1,0,0,0,1.0,0.0,1.0,1.0,0.0,1.0,0.0,0.0,0.0,1.0,0.0,1.0,0.0,1,0,1,1.0,0.0,1.0,8,1,114,0.0,1.983536645839532e-5,0.0,0.0,0.5,0.0,0.0,0.0,0.0,0.0,0.0,0.0,0.0,0.0005414370635954773,0.0,0.0006548788474132289,1.7401495877256146e-5,0.0,1.1211978263868833e-6,0.0007934146583358127,9.917683229197659e-5
1286052380143519249,1,8,0,8,8,0,8,0,0,0,8.0,0.0,8.0,8.0,0.0,8.0,0.0,0.0,0.0,1.0,0.0,1.0,0.0,4,0,8,21.0,0.0,23.0,39,1,300,0.0,0.00015868293166716255,0.0,0.0,0.4722222222222222,0.40625,0.0,0.0,0.44642857142857145,0.0,0.44642857142857145,0.7857142857142857,0.0,0.00061207699514519,0.0,0.0006548788474132281,0.00013978266242642423,0.0,2.950520595754956e-6,0.003867896459387087,9.917683229197659e-5
1476779370143027150,1,1,0,1,1,0,1,0,0,0,1.0,0.0,1.0,1.0,0.0,1.0,0.0,0.0,0.0,1.0,0.0,1.0,0.0,1,0,1,1.0,0.0,1.0,8,1,114,0.0,1.983536645839532e-5,0.0,0.0,0.5,0.0,0.0,0.0,0.0,0.0,0.0,0.0,0.0,0.0005414370635954773,0.0,0.0006548788474132289,1.7401495877256146e-5,0.0,1.1211978263868833e-6,0.0007934146583358127,9.917683229197659e-5
1366926218267461629,1,1,0,1,1,0,1,0,0,0,1.0,0.0,1.0,1.0,0.0,1.0,0.0,0.0,0.0,1.0,0.0,1.0,0.0,1,0,1,1.0,0.0,1.0,8,1,114,0.0,1.983536645839532e-5,0.0,0.0,0.5,0.0,0.0,0.0,0.0,0.0,0.0,0.0,0.0,0.0005414370635954773,0.0,0.0006548788474132289,1.7401495877256146e-5,0.0,1.1211978263868833e-6,0.0007934146583358127,9.917683229197659e-5
1501396055789407979,1,5,0,5,5,0,5,0,0,0,5.0,0.0,5.0,5.0,0.0,5.0,0.0,0.0,0.0,1.0,0.0,1.0,0.0,4,0,5,9.0,0.0,9.0,35,1,260,0.0,9.917683229197659e-5,0.0,0.0,0.4,0.28,0.0,0.0,0.35,0.0,0.35,0.6,0.0,0.0005807529517277717,0.0,0.0006548788474132283,8.721118020826868e-5,0.0,2.5571178496542956e-6,0.003471189130219181,9.917683229197659e-5
1779160066306345323,1,8,0,8,8,0,8,0,0,0,8.0,0.0,8.0,8.0,0.0,8.0,0.0,0.0,0.0,1.0,0.0,1.0,0.0,4,0,8,24.0,0.0,23.0,32,1,301,0.0,0.00015868293166716255,0.0,0.0,0.5555555555555556,0.5,0.0,0.0,0.5535714285714286,0.0,0.5535714285714286,0.8928571428571429,0.0,0.0006008240854865184,0.0,0.0006548788474132283,0.00013978266242642423,0.0,2.9603556644074726e-6,0.003173658633343251,9.917683229197659e-5
1683799992113826129,1,9,0,9,9,0,9,0,0,0,9.0,0.0,9.0,9.0,0.0,9.0,0.0,0.0,0.0,1.0,0.0,1.0,0.0,4,0,9,29.0,0.0,28.0,33,1,301,0.0,0.00017851829812555786,0.0,0.0,0.5555555555555556,0.5061728395061729,0.0,0.0,0.5416666666666666,0.0,0.5416666666666666,0.8888888888888888,0.0,0.0006201907254038179,0.0,0.0006548788474132281,0.00015734735698336166,0.0,2.9603556644074726e-6,0.0032728354656352274,9.917683229197659e-5
1771880929883589944,1,1,0,1,1,0,1,0,0,0,1.0,0.0,1.0,1.0,0.0,1.0,0.0,0.0,0.0,1.0,0.0,1.0,0.0,1,0,1,1.0,0.0,1.0,8,1,114,0.0,1.983536645839532e-5,0.0,0.0,0.5,0.0,0.0,0.0,0.0,0.0,0.0,0.0,0.0,0.0005414370635954773,0.0,0.0006548788474132289,1.7401495877256146e-5,0.0,1.1211978263868833e-6,0.0007934146583358127,9.917683229197659e-5
1330485000117685435,1,1,0,1,1,0,1,0,0,0,1.0,0.0,1.0,1.0,0.0,1.0,0.0,0.0,0.0,1.0,0.0,1.0,0.0,1,0,1,1.0,0.0,1.0,8,1,114,0.0,1.983536645839532e-5,0.0,0.0,0.5,0.0,0.0,0.0,0.0,0.0,0.0,0.0,0.0,0.0005414370635954773,0.0,0.0006548788474132289,1.7401495877256146e-5,0.0,1.1211978263868833e-6,0.0007934146583358127,9.917683229197659e-5
1497232387883402760,1,1,0,1,1,0,1,0,0,0,1.0,0.0,1.0,1.0,0.0,1.0,0.0,0.0,0.0,1.0,0.0,1.0,0.0,1,0,1,1.0,0.0,1.0,8,1,114,0.0,1.983536645839532e-5,0.0,0.0,0.5,0.0,0.0,0.0,0.0,0.0,0.0,0.0,0.0,0.0005414370635954773,0.0,0.0006548788474132289,1.7401495877256146e-5,0.0,1.1211978263868833e-6,0.0007934146583358127,9.917683229197659e-5
1710997358352797045,1,1,0,1,1,0,1,0,0,0,1.0,0.0,1.0,1.0,0.0,1.0,0.0,0.0,0.0,1.0,0.0,1.0,0.0,1,0,1,1.0,0.0,1.0,8,1,114,0.0,1.983536645839532e-5,0.0,0.0,0.5,0.0,0.0,0.0,0.0,0.0,0.0,0.0,0.0,0.0005414370635954773,0.0,0.0006548788474132289,1.7401495877256146e-5,0.0,1.1211978263868833e-6,0.0007934146583358127,9.917683229197659e-5
1616485767054362725,1,1,0,1,1,0,1,0,0,0,1.0,0.0,1.0,1.0,0.0,1.0,0.0,0.0,0.0,1.0,0.0,1.0,0.0,1,0,1,1.0,0.0,1.0,8,1,114,0.0,1.983536645839532e-5,0.0,0.0,0.5,0.0,0.0,0.0,0.0,0.0,0.0,0.0,0.0,0.0005414370635954773,0.0,0.0006548788474132289,1.7401495877256146e-5,0.0,1.1211978263868833e-6,0.0007934146583358127,9.917683229197659e-5
1539638892032953151,1,1,0,1,1,0,1,0,0,0,1.0,0.0,1.0,1.0,0.0,1.0,0.0,0.0,0.0,1.0,0.0,1.0,0.0,1,0,1,1.0,0.0,1.0,8,1,114,0.0,1.983536645839532e-5,0.0,0.0,0.5,0.0,0.0,0.0,0.0,0.0,0.0,0.0,0.0,0.0005414370635954773,0.0,0.0006548788474132289,1.7401495877256146e-5,0.0,1.1211978263868833e-6,0.0007934146583358127,9.917683229197659e-5
1667865687705522130,1,1,0,1,1,0,1,0,0,0,1.0,0.0,1.0,1.0,0.0,1.0,0.0,0.0,0.0,1.0,0.0,1.0,0.0,1,0,1,1.0,0.0,1.0,8,1,114,0.0,1.983536645839532e-5,0.0,0.0,0.5,0.0,0.0,0.0,0.0,0.0,0.0,0.0,0.0,0.0005414370635954773,0.0,0.0006548788474132289,1.7401495877256146e-5,0.0,1.1211978263868833e-6,0.0007934146583358127,9.917683229197659e-5
1346593183168990637,1,1,0,1,1,0,1,0,0,0,1.0,0.0,1.0,1.0,0.0,1.0,0.0,0.0,0.0,1.0,0.0,1.0,0.0,1,0,1,1.0,0.0,1.0,8,1,114,0.0,1.983536645839532e-5,0.0,0.0,0.5,0.0,0.0,0.0,0.0,0.0,0.0,0.0,0.0,0.0005414370635954773,0.0,0.0006548788474132289,1.7401495877256146e-5,0.0,1.1211978263868833e-6,0.0007934146583358127,9.917683229197659e-5
1454166948370710887,1,1,0,1,1,0,1,0,0,0,1.0,0.0,1.0,1.0,0.0,1.0,0.0,0.0,0.0,1.0,0.0,1.0,0.0,1,0,1,1.0,0.0,1.0,8,1,114,0.0,1.983536645839532e-5,0.0,0.0,0.5,0.0,0.0,0.0,0.0,0.0,0.0,0.0,0.0,0.0005414370635954773,0.0,0.0006548788474132289,1.7401495877256146e-5,0.0,1.1211978263868833e-6,0.0007934146583358127,9.917683229197659e-5
1222263810295860762,1,7,0,7,5,0,5,2,0,2,7.0,0.0,7.0,5.0,0.0,5.0,2.0,0.0,2.0,0.7142857142857143,0.0,0.7142857142857143,0.0,4,0,7,20.0,0.0,15.0,36,1,335,0.0,0.00013884756520876723,0.0,0.0,0.30357142857142855,0.20408163265306123,0.0,0.0,0.23809523809523808,0.0,0.23809523809523808,0.42857142857142855,0.0,0.0006070033525925767,0.0,0.0006548788474132283,0.0,8.648723617155074e-5,3.2947479985930343e-6,0.0035703659625111574,9.917683229197659e-5
1758778784753910028,3,4,0,4,3,0,3,1,0,1,4.0,0.0,4.0,3.0,0.0,3.0,1.0,0.0,1.0,0.75,0.0,0.75,0.0,4,0,4,9.0,0.0,7.0,26,1,217,0.0,7.934146583358127e-5,0.0,0.0,0.6,0.5,0.0,0.0,0.5833333333333334,0.0,0.5833333333333334,0.6666666666666666,0.0,0.0005930970384858448,0.0,0.0006548788474132286,0.0,7.025669725213568e-5,2.134209897596085e-6,0.0025785976395913913,9.917683229197659e-5
1721723785796652857,3,3,0,3,2,0,2,1,0,1,3.0,0.0,3.0,2.0,0.0,2.0,1.0,0.0,1.0,0.6666666666666666,0.0,0.6666666666666666,0.0,3,0,3,5.0,0.0,4.0,20,1,198,0.0,5.950609937518596e-5,0.0,0.0,0.5833333333333334,0.4444444444444444,0.0,0.0,0.5,0.0,0.5,0.6666666666666666,0.0,0.0005724033400565309,0.0,0.0006548788474132286,0.0,7.830079689963299e-5,1.947343593198271e-6,0.0019835366458395317,9.917683229197659e-5
1578844310973975111,1,4,0,4,4,0,4,0,0,0,4.0,0.0,4.0,4.0,0.0,4.0,0.0,0.0,0.0,1.0,0.0,1.0,0.0,4,0,4,9.0,0.0,7.0,30,1,230,0.0,7.934146583358127e-5,0.0,0.0,0.6,0.5,0.0,0.0,0.5833333333333334,0.0,0.5833333333333334,0.8333333333333334,0.0,0.0005712949562800003,0.0,0.0006548788474132283,6.972818022366045e-5,0.0,2.2620657900787996e-6,0.002975304968759298,9.917683229197659e-5
1500139666613994873,1,1,0,1,1,0,1,0,0,0,1.0,0.0,1.0,1.0,0.0,1.0,0.0,0.0,0.0,1.0,0.0,1.0,0.0,1,0,1,1.0,0.0,1.0,8,1,114,0.0,1.983536645839532e-5,0.0,0.0,0.5,0.0,0.0,0.0,0.0,0.0,0.0,0.0,0.0,0.0005414370635954773,0.0,0.0006548788474132289,1.7401495877256146e-5,0.0,1.1211978263868833e-6,0.0007934146583358127,9.917683229197659e-5
1733184496703898873,1,1,0,1,1,0,1,0,0,0,1.0,0.0,1.0,1.0,0.0,1.0,0.0,0.0,0.0,1.0,0.0,1.0,0.0,1,0,1,1.0,0.0,1.0,8,1,114,0.0,1.983536645839532e-5,0.0,0.0,0.5,0.0,0.0,0.0,0.0,0.0,0.0,0.0,0.0,0.0005414370635954773,0.0,0.0006548788474132289,1.7401495877256146e-5,0.0,1.1211978263868833e-6,0.0007934146583358127,9.917683229197659e-5
1444928886923069465,1,1,0,1,1,0,1,0,0,0,1.0,0.0,1.0,1.0,0.0,1.0,0.0,0.0,0.0,1.0,0.0,1.0,0.0,1,0,1,1.0,0.0,1.0,8,1,114,0.0,1.983536645839532e-5,0.0,0.0,0.5,0.0,0.0,0.0,0.0,0.0,0.0,0.0,0.0,0.0005414370635954773,0.0,0.0006548788474132289,1.7401495877256146e-5,0.0,1.1211978263868833e-6,0.0007934146583358127,9.917683229197659e-5
1679961189255217798,3,3,0,3,2,0,2,1,0,1,3.0,0.0,3.0,2.0,0.0,2.0,1.0,0.0,1.0,0.6666666666666666,0.0,0.6666666666666666,0.0,3,0,3,5.0,0.0,4.0,25,1,168,0.0,5.950609937518596e-5,0.0,0.0,0.5,0.3333333333333333,0.0,0.0,0.5,0.0,0.5,0.6666666666666666,0.0,0.0005852689208507739,0.0,0.0006548788474132288,0.0,7.830079689963299e-5,1.6522915336227754e-6,0.002479420807299415,9.917683229197659e-5
1740713946614073819,1,1,0,1,1,0,1,0,0,0,1.0,0.0,1.0,1.0,0.0,1.0,0.0,0.0,0.0,1.0,0.0,1.0,0.0,1,0,1,1.0,0.0,1.0,8,1,114,0.0,1.983536645839532e-5,0.0,0.0,0.5,0.0,0.0,0.0,0.0,0.0,0.0,0.0,0.0,0.0005414370635954773,0.0,0.0006548788474132289,1.7401495877256146e-5,0.0,1.1211978263868833e-6,0.0007934146583358127,9.917683229197659e-5
1489819547098679426,1,1,0,1,1,0,1,0,0,0,1.0,0.0,1.0,1.0,0.0,1.0,0.0,0.0,0.0,1.0,0.0,1.0,0.0,1,0,1,1.0,0.0,1.0,8,1,114,0.0,1.983536645839532e-5,0.0,0.0,0.5,0.0,0.0,0.0,0.0,0.0,0.0,0.0,0.0,0.0005414370635954773,0.0,0.0006548788474132289,1.7401495877256146e-5,0.0,1.1211978263868833e-6,0.0007934146583358127,9.917683229197659e-5
1801446024007388606,1,7,0,7,7,0,7,0,0,0,7.0,0.0,7.0,7.0,0.0,7.0,0.0,0.0,0.0,1.0,0.0,1.0,0.0,4,0,7,21.0,0.0,15.0,30,1,279,0.0,0.00013884756520876723,0.0,0.0,0.5714285714285714,0.5102040816326531,0.0,0.0,0.5714285714285714,0.0,0.5714285714285714,0.9523809523809523,0.0,0.0005894636860515026,0.0,0.0006548788474132283,0.00012223840939451502,0.0,2.7439841540521093e-6,0.002975304968759298,9.917683229197659e-5
1688056923036846886,1,6,0,6,6,0,6,0,0,0,6.0,0.0,6.0,6.0,0.0,6.0,0.0,0.0,0.0,1.0,0.0,1.0,0.0,4,0,6,17.0,0.0,14.0,30,1,272,0.0,0.00011901219875037192,0.0,0.0,0.5952380952380952,0.5277777777777778,0.0,0.0,0.6,0.0,0.6,0.9333333333333333,0.0,0.0005788899905504923,0.0,0.0006548788474132281,0.00010471458596139627,0.0,2.6751386734844935e-6,0.002975304968759298,9.917683229197659e-5
1541388599398762951,1,6,0,6,6,0,6,0,0,0,6.0,0.0,6.0,6.0,0.0,6.0,0.0,0.0,0.0,1.0,0.0,1.0,0.0,4,0,6,17.0,0.0,14.0,33,1,274,0.0,0.00011901219875037192,0.0,0.0,0.6428571428571429,0.5833333333333334,0.0,0.0,0.6333333333333333,0.0,0.6333333333333333,1.0,0.0,0.000591983706477974,0.0,0.0006548788474132284,0.00010471458596139627,0.0,2.6948088107895266e-6,0.0032728354656352274,9.917683229197659e-5
1728989288449706862,1,1,0,1,1,0,1,0,0,0,1.0,0.0,1.0,1.0,0.0,1.0,0.0,0.0,0.0,1.0,0.0,1.0,0.0,1,0,1,1.0,0.0,1.0,8,1,114,0.0,1.983536645839532e-5,0.0,0.0,0.5,0.0,0.0,0.0,0.0,0.0,0.0,0.0,0.0,0.0005414370635954773,0.0,0.0006548788474132289,1.7401495877256146e-5,0.0,1.1211978263868833e-6,0.0007934146583358127,9.917683229197659e-5
1550305981370468347,1,1,0,1,1,0,1,0,0,0,1.0,0.0,1.0,1.0,0.0,1.0,0.0,0.0,0.0,1.0,0.0,1.0,0.0,1,0,1,1.0,0.0,1.0,8,1,114,0.0,1.983536645839532e-5,0.0,0.0,0.5,0.0,0.0,0.0,0.0,0.0,0.0,0.0,0.0,0.0005414370635954773,0.0,0.0006548788474132289,1.7401495877256146e-5,0.0,1.1211978263868833e-6,0.0007934146583358127,9.917683229197659e-5
1672935773885695209,1,6,0,6,6,0,6,0,0,0,6.0,0.0,6.0,6.0,0.0,6.0,0.0,0.0,0.0,1.0,0.0,1.0,0.0,4,0,6,17.0,0.0,14.0,40,1,273,0.0,0.00011901219875037192,0.0,0.0,0.5238095238095238,0.4444444444444444,0.0,0.0,0.5333333333333333,0.0,0.5333333333333333,0.8666666666666667,0.0,0.00059164861719567,0.0,0.0006548788474132284,0.00010471458596139627,0.0,2.68497374213701e-6,0.0039670732916790635,9.917683229197659e-5
1544363424522174789,6,10,0,10,3,0,3,7,0,7,10.0,0.0,10.0,3.0,0.0,3.0,7.0,0.0,7.0,0.3,0.0,0.3,0.0,4,0,8,31.0,0.0,23.0,68,1,596,0.0,0.00019835366458395318,0.0,0.0,0.21818181818181817,0.14,0.0,0.0,0.13333333333333333,0.0,0.13333333333333333,0.26666666666666666,0.0,0.0007110655615358628,0.0,0.0006548788474132289,0.0,0.0004030093042471927,5.861700916899846e-6,0.006744024595854409,9.917683229197659e-5
1255205212415590524,1,1,0,1,1,0,1,0,0,0,1.0,0.0,1.0,1.0,0.0,1.0,0.0,0.0,0.0,1.0,0.0,1.0,0.0,1,0,1,1.0,0.0,1.0,8,1,114,0.0,1.983536645839532e-5,0.0,0.0,0.5,0.0,0.0,0.0,0.0,0.0,0.0,0.0,0.0,0.0005414370635954773,0.0,0.0006548788474132289,1.7401495877256146e-5,0.0,1.1211978263868833e-6,0.0007934146583358127,9.917683229197659e-5
1404341609385952020,1,1,0,1,1,0,1,0,0,0,1.0,0.0,1.0,1.0,0.0,1.0,0.0,0.0,0.0,1.0,0.0,1.0,0.0,1,0,1,1.0,0.0,1.0,8,1,114,0.0,1.983536645839532e-5,0.0,0.0,0.5,0.0,0.0,0.0,0.0,0.0,0.0,0.0,0.0,0.0005414370635954773,0.0,0.0006548788474132289,1.7401495877256146e-5,0.0,1.1211978263868833e-6,0.0007934146583358127,9.917683229197659e-5
1502341004659789750,1,4,0,4,3,0,3,1,0,1,4.0,0.0,4.0,3.0,0.0,3.0,1.0,0.0,1.0,0.75,0.0,0.75,0.0,4,0,4,9.0,0.0,7.0,46,1,270,0.0,7.934146583358127e-5,0.0,0.0,0.35,0.1875,0.0,0.0,0.16666666666666666,0.0,0.16666666666666666,0.3333333333333333,0.0,0.000580746886166123,0.0,0.0006548788474132286,0.0,3.561613871716496e-5,2.6554685361794605e-6,0.0045621342854309235,9.917683229197659e-5
1851581008999090790,1,5,0,5,5,0,5,0,0,0,5.0,0.0,5.0,5.0,0.0,5.0,0.0,0.0,0.0,1.0,0.0,1.0,0.0,4,0,5,13.0,0.0,9.0,30,1,269,0.0,9.917683229197659e-5,0.0,0.0,0.6,0.52,0.0,0.0,0.6,0.0,0.6,1.0,0.0,0.0005718551301026268,0.0,0.0006548788474132283,8.721118020826868e-5,0.0,2.645633467526944e-6,0.002975304968759298,9.917683229197659e-5
1603784033693600320,1,1,0,1,1,0,1,0,0,0,1.0,0.0,1.0,1.0,0.0,1.0,0.0,0.0,0.0,1.0,0.0,1.0,0.0,1,0,1,1.0,0.0,1.0,8,1,114,0.0,1.983536645839532e-5,0.0,0.0,0.5,0.0,0.0,0.0,0.0,0.0,0.0,0.0,0.0,0.0005414370635954773,0.0,0.0006548788474132289,1.7401495877256146e-5,0.0,1.1211978263868833e-6,0.0007934146583358127,9.917683229197659e-5
1760238972560212295,1,1,0,1,1,0,1,0,0,0,1.0,0.0,1.0,1.0,0.0,1.0,0.0,0.0,0.0,1.0,0.0,1.0,0.0,1,0,1,1.0,0.0,1.0,8,1,114,0.0,1.983536645839532e-5,0.0,0.0,0.5,0.0,0.0,0.0,0.0,0.0,0.0,0.0,0.0,0.0005414370635954773,0.0,0.0006548788474132289,1.7401495877256146e-5,0.0,1.1211978263868833e-6,0.0007934146583358127,9.917683229197659e-5
1413944340190858613,1,4,0,4,4,0,4,0,0,0,4.0,0.0,4.0,4.0,0.0,4.0,0.0,0.0,0.0,1.0,0.0,1.0,0.0,4,0,4,9.0,0.0,7.0,37,1,244,0.0,7.934146583358127e-5,0.0,0.0,0.6,0.5,0.0,0.0,0.6666666666666666,0.0,0.6666666666666666,1.0,0.0,0.0005707891840581252,0.0,0.0006548788474132283,6.972818022366045e-5,0.0,2.399756751214031e-6,0.003669542794803134,9.917683229197659e-5
1480022455866099105,1,1,0,1,1,0,1,0,0,0,1.0,0.0,1.0,1.0,0.0,1.0,0.0,0.0,0.0,1.0,0.0,1.0,0.0,1,0,1,1.0,0.0,1.0,8,1,114,0.0,1.983536645839532e-5,0.0,0.0,0.5,0.0,0.0,0.0,0.0,0.0,0.0,0.0,0.0,0.0005414370635954773,0.0,0.0006548788474132289,1.7401495877256146e-5,0.0,1.1211978263868833e-6,0.0007934146583358127,9.917683229197659e-5
1525144476324987000,1,11,0,11,9,0,9,2,0,2,11.0,0.0,11.0,9.0,0.0,9.0,2.0,0.0,2.0,0.8181818181818182,0.0,0.8181818181818182,0.0,4,0,11,31.0,0.0,33.0,48,1,380,0.0,0.0002181890310423485,0.0,0.0,0.4015151515151515,0.34710743801652894,0.0,0.0,0.37272727272727274,0.0,0.37272727272727274,0.6181818181818182,0.0,0.0006649107983950953,0.0,0.0006548788474132281,0.0,1.635468780336602e-5,3.737326087956278e-6,0.0047604879500148765,9.917683229197659e-5
1526686691232842687,1,1,0,1,1,0,1,0,0,0,1.0,0.0,1.0,1.0,0.0,1.0,0.0,0.0,0.0,1.0,0.0,1.0,0.0,1,0,1,1.0,0.0,1.0,8,1,114,0.0,1.983536645839532e-5,0.0,0.0,0.5,0.0,0.0,0.0,0.0,0.0,0.0,0.0,0.0,0.0005414370635954773,0.0,0.0006548788474132289,1.7401495877256146e-5,0.0,1.1211978263868833e-6,0.0007934146583358127,9.917683229197659e-5
1413899134028481037,1,9,0,9,6,0,6,3,0,3,9.0,0.0,9.0,6.0,0.0,6.0,3.0,0.0,3.0,0.6666666666666666,0.0,0.6666666666666666,0.0,4,0,9,21.0,0.0,28.0,48,1,408,0.0,0.00017851829812555786,0.0,0.0,0.24444444444444444,0.16049382716049382,0.0,0.0,0.18055555555555555,0.0,0.18055555555555555,0.3055555555555556,0.0,0.0006177255913640939,0.0,0.0006548788474132284,0.0,0.0006494466665033505,4.01270801022674e-6,0.0047604879500148765,9.917683229197659e-5
1771160178901647776,1,1,0,1,1,0,1,0,0,0,1.0,0.0,1.0,1.0,0.0,1.0,0.0,0.0,0.0,1.0,0.0,1.0,0.0,1,0,1,1.0,0.0,1.0,8,1,114,0.0,1.983536645839532e-5,0.0,0.0,0.5,0.0,0.0,0.0,0.0,0.0,0.0,0.0,0.0,0.0005414370635954773,0.0,0.0006548788474132289,1.7401495877256146e-5,0.0,1.1211978263868833e-6,0.0007934146583358127,9.917683229197659e-5
1255662465002246143,1,7,0,7,7,0,7,0,0,0,7.0,0.0,7.0,7.0,0.0,7.0,0.0,0.0,0.0,1.0,0.0,1.0,0.0,4,0,7,22.0,0.0,15.0,29,1,279,0.0,0.00013884756520876723,0.0,0.0,0.5714285714285714,0.5102040816326531,0.0,0.0,0.5476190476190477,0.0,0.5476190476190477,0.8571428571428571,0.0,0.0005990193331911252,0.0,0.0006548788474132281,0.00012223840939451502,0.0,2.7439841540521093e-6,0.0028761281364673213,9.917683229197659e-5
1512813325547734203,1,1,0,1,1,0,1,0,0,0,1.0,0.0,1.0,1.0,0.0,1.0,0.0,0.0,0.0,1.0,0.0,1.0,0.0,1,0,1,1.0,0.0,1.0,8,1,114,0.0,1.983536645839532e-5,0.0,0.0,0.5,0.0,0.0,0.0,0.0,0.0,0.0,0.0,0.0,0.0005414370635954773,0.0,0.0006548788474132289,1.7401495877256146e-5,0.0,1.1211978263868833e-6,0.0007934146583358127,9.917683229197659e-5
1737097226208938598,1,12,0,12,12,0,12,0,0,0,12.0,0.0,12.0,12.0,0.0,12.0,0.0,0.0,0.0,1.0,0.0,1.0,0.0,4,0,12,29.0,0.0,37.0,48,1,318,0.0,0.00023802439750074384,0.0,0.0,0.3974358974358974,0.3472222222222222,0.0,0.0,0.3712121212121212,0.0,0.3712121212121212,0.6212121212121212,0.0,0.0006393983555374738,0.0,0.0006548788474132281,0.0002101642091784095,0.0,3.1275518315002536e-6,0.0047604879500148765,9.917683229197659e-5
1281582767246674347,1,1,0,1,1,0,1,0,0,0,1.0,0.0,1.0,1.0,0.0,1.0,0.0,0.0,0.0,1.0,0.0,1.0,0.0,1,0,1,1.0,0.0,1.0,8,1,114,0.0,1.983536645839532e-5,0.0,0.0,0.5,0.0,0.0,0.0,0.0,0.0,0.0,0.0,0.0,0.0005414370635954773,0.0,0.0006548788474132289,1.7401495877256146e-5,0.0,1.1211978263868833e-6,0.0007934146583358127,9.917683229197659e-5
1844871454567432768,1,3,0,3,3,0,3,0,0,0,3.0,0.0,3.0,3.0,0.0,3.0,0.0,0.0,0.0,1.0,0.0,1.0,0.0,2,0,3,5.0,0.0,4.0,13,1,204,0.0,5.950609937518596e-5,0.0,0.0,0.4166666666666667,0.2222222222222222,0.0,0.0,0.3333333333333333,0.0,0.3333333333333333,0.6666666666666666,0.0,0.0005550812092988133,0.0,0.0006548788474132281,5.226557410353827e-5,0.0,2.00635400511337e-6,0.0012892988197956957,9.917683229197659e-5
1522856776276378056,1,7,0,7,4,0,4,3,0,3,7.0,0.0,7.0,4.0,0.0,4.0,3.0,0.0,3.0,0.5714285714285714,0.0,0.5714285714285714,0.0,4,0,7,26.0,0.0,15.0,35,1,264,0.0,0.00013884756520876723,0.0,0.0,0.30357142857142855,0.20408163265306123,0.0,0.0,0.21428571428571427,0.0,0.21428571428571427,0.3333333333333333,0.0,0.0006584430836289126,0.0,0.0006548788474132287,0.0,0.0001594615564775026,2.5964581242643613e-6,0.003471189130219181,9.917683229197659e-5
1406767784737636846,1,1,0,1,1,0,1,0,0,0,1.0,0.0,1.0,1.0,0.0,1.0,0.0,0.0,0.0,1.0,0.0,1.0,0.0,1,0,1,1.0,0.0,1.0,8,1,114,0.0,1.983536645839532e-5,0.0,0.0,0.5,0.0,0.0,0.0,0.0,0.0,0.0,0.0,0.0,0.0005414370635954773,0.0,0.0006548788474132289,1.7401495877256146e-5,0.0,1.1211978263868833e-6,0.0007934146583358127,9.917683229197659e-5
1511485815627188621,1,2,0,2,2,0,2,0,0,0,2.0,0.0,2.0,2.0,0.0,2.0,0.0,0.0,0.0,1.0,0.0,1.0,0.0,2,0,2,3.0,0.0,2.0,23,1,178,0.0,3.967073291679064e-5,0.0,0.0,0.3333333333333333,0.0,0.0,0.0,0.0,0.0,0.0,0.0,0.0,0.0005497285117919619,0.0,0.0006548788474132285,3.482334995119629e-5,0.0,1.7506422201479407e-6,0.0022810671427154617,9.917683229197659e-5
1409390920238893131,1,2,0,2,2,0,2,0,0,0,2.0,0.0,2.0,2.0,0.0,2.0,0.0,0.0,0.0,1.0,0.0,1.0,0.0,2,0,2,3.0,0.0,2.0,23,1,178,0.0,3.967073291679064e-5,0.0,0.0,0.3333333333333333,0.0,0.0,0.0,0.0,0.0,0.0,0.0,0.0,0.0005497285117919619,0.0,0.0006548788474132285,3.482334995119629e-5,0.0,1.7506422201479407e-6,0.0022810671427154617,9.917683229197659e-5
1257691648360448497,3,3,0,3,2,0,2,1,0,1,3.0,0.0,3.0,2.0,0.0,2.0,1.0,0.0,1.0,0.6666666666666666,0.0,0.6666666666666666,0.0,3,0,3,5.0,0.0,4.0,20,1,198,0.0,5.950609937518596e-5,0.0,0.0,0.5833333333333334,0.4444444444444444,0.0,0.0,0.5,0.0,0.5,0.6666666666666666,0.0,0.0005724033400565309,0.0,0.0006548788474132286,0.0,7.830079689963299e-5,1.947343593198271e-6,0.0019835366458395317,9.917683229197659e-5
1478677503009622412,1,2,0,2,2,0,2,0,0,0,2.0,0.0,2.0,2.0,0.0,2.0,0.0,0.0,0.0,1.0,0.0,1.0,0.0,2,0,2,3.0,0.0,2.0,23,1,178,0.0,3.967073291679064e-5,0.0,0.0,0.3333333333333333,0.0,0.0,0.0,0.0,0.0,0.0,0.0,0.0,0.0005497285117919619,0.0,0.0006548788474132285,3.482334995119629e-5,0.0,1.7506422201479407e-6,0.0022810671427154617,9.917683229197659e-5
1420918650411421008,1,3,0,3,3,0,3,0,0,0,3.0,0.0,3.0,3.0,0.0,3.0,0.0,0.0,0.0,1.0,0.0,1.0,0.0,2,0,3,4.0,0.0,4.0,13,1,147,0.0,5.950609937518596e-5,0.0,0.0,0.4166666666666667,0.2222222222222222,0.0,0.0,0.3333333333333333,0.0,0.3333333333333333,0.6666666666666666,0.0,0.0005590588491870475,0.0,0.0006548788474132279,5.226557410353827e-5,0.0,1.4457550919199286e-6,0.0012892988197956957,9.917683229197659e-5
1493250139161103442,1,6,0,6,6,0,6,0,0,0,6.0,0.0,6.0,6.0,0.0,6.0,0.0,0.0,0.0,1.0,0.0,1.0,0.0,4,0,6,13.0,0.0,14.0,31,1,207,0.0,0.00011901219875037192,0.0,0.0,0.35714285714285715,0.25,0.0,0.0,0.3,0.0,0.3,0.6,0.0,0.0005928098015246895,0.0,0.0006548788474132281,0.00010471458596139627,0.0,2.0358592110709198e-6,0.0030744818010512744,9.917683229197659e-5
1555602714413500475,1,4,0,4,3,0,3,1,0,1,4.0,0.0,4.0,3.0,0.0,3.0,1.0,0.0,1.0,0.75,0.0,0.75,0.0,4,0,4,9.0,0.0,7.0,42,1,274,0.0,7.934146583358127e-5,0.0,0.0,0.4,0.25,0.0,0.0,0.25,0.0,0.25,0.3333333333333333,0.0,0.0005698984899059098,0.0,0.0006548788474132283,0.0,3.561613871716496e-5,2.6948088107895266e-6,0.0041654269562630165,9.917683229197659e-5
1584924864332957763,1,10,0,10,10,0,10,0,0,0,10.0,0.0,10.0,10.0,0.0,10.0,0.0,0.0,0.0,1.0,0.0,1.0,0.0,4,0,10,26.0,0.0,30.0,35,1,243,0.0,0.00019835366458395318,0.0,0.0,0.4727272727272727,0.42,0.0,0.0,0.45555555555555555,0.0,0.45555555555555555,0.7555555555555555,0.0,0.0006204795926671835,0.0,0.0006548788474132283,0.0001749325049991146,0.0,2.3899216825615145e-6,0.003471189130219181,9.917683229197659e-5
1608632488383483530,1,8,0,8,6,0,6,2,0,2,8.0,0.0,8.0,6.0,0.0,6.0,2.0,0.0,2.0,0.75,0.0,0.75,0.0,4,0,8,28.0,0.0,23.0,52,1,340,0.0,0.00015868293166716255,0.0,0.0,0.2916666666666667,0.203125,0.0,0.0,0.23214285714285715,0.0,0.23214285714285715,0.39285714285714285,0.0,0.0006206883375323031,0.0,0.000654878847413228,0.0,6.898475363226186e-5,3.343923341855617e-6,0.005157195279182783,9.917683229197659e-5
1426591839355404381,1,8,0,8,8,0,8,0,0,0,8.0,0.0,8.0,8.0,0.0,8.0,0.0,0.0,0.0,1.0,0.0,1.0,0.0,4,0,8,28.0,0.0,23.0,37,1,261,0.0,0.00015868293166716255,0.0,0.0,0.4722222222222222,0.40625,0.0,0.0,0.44642857142857145,0.0,0.44642857142857145,0.8214285714285714,0.0,0.0006052002644078335,0.0,0.000654878847413228,0.00013978266242642423,0.0,2.5669529183068117e-6,0.003669542794803134,9.917683229197659e-5
1597624445667639876,1,8,0,8,8,0,8,0,0,0,8.0,0.0,8.0,8.0,0.0,8.0,0.0,0.0,0.0,1.0,0.0,1.0,0.0,4,0,8,26.0,0.0,23.0,44,1,260,0.0,0.00015868293166716255,0.0,0.0,0.5138888888888888,0.453125,0.0,0.0,0.5,0.0,0.5,0.75,0.0,0.0006231553335376819,0.0,0.000654878847413228,0.00013978266242642423,0.0,2.5571178496542956e-6,0.0043637806208469705,9.917683229197659e-5
1719114465863012214,1,6,0,6,6,0,6,0,0,0,6.0,0.0,6.0,6.0,0.0,6.0,0.0,0.0,0.0,1.0,0.0,1.0,0.0,4,0,6,17.0,0.0,14.0,34,1,234,0.0,0.00011901219875037192,0.0,0.0,0.40476190476190477,0.3055555555555556,0.0,0.0,0.36666666666666664,0.0,0.36666666666666664,0.6666666666666666,0.0,0.0005871082397548667,0.0,0.000654878847413228,0.00010471458596139627,0.0,2.3014060646888657e-6,0.0033720122979272044,9.917683229197659e-5
1538038488740398842,1,5,0,5,5,0,5,0,0,0,5.0,0.0,5.0,5.0,0.0,5.0,0.0,0.0,0.0,1.0,0.0,1.0,0.0,4,0,5,13.0,0.0,9.0,30,1,220,0.0,9.917683229197659e-5,0.0,0.0,0.6,0.52,0.0,0.0,0.6,0.0,0.6,0.9,0.0,0.0005737600751508153,0.0,0.000654878847413228,8.721118020826868e-5,0.0,2.1637151035536347e-6,0.002975304968759298,9.917683229197659e-5
1453378819435004979,1,7,0,7,7,0,7,0,0,0,7.0,0.0,7.0,7.0,0.0,7.0,0.0,0.0,0.0,1.0,0.0,1.0,0.0,4,0,7,17.0,0.0,15.0,34,1,251,0.0,0.00013884756520876723,0.0,0.0,0.42857142857142855,0.3469387755102041,0.0,0.0,0.38095238095238093,0.0,0.38095238095238093,0.7142857142857143,0.0,0.0005894426522209696,0.0,0.0006548788474132279,0.00012223840939451502,0.0,2.4686022317816468e-6,0.0033720122979272044,9.917683229197659e-5
1223510152246724192,1,4,0,4,4,0,4,0,0,0,4.0,0.0,4.0,4.0,0.0,4.0,0.0,0.0,0.0,1.0,0.0,1.0,0.0,3,0,4,8.0,0.0,7.0,25,1,179,0.0,7.934146583358127e-5,0.0,0.0,0.5,0.375,0.0,0.0,0.4166666666666667,0.0,0.4166666666666667,0.6666666666666666,0.0,0.0005715146496708045,0.0,0.000654878847413228,6.972818022366045e-5,0.0,1.7604772888004573e-6,0.002479420807299415,9.917683229197659e-5
1831618491019429006,1,6,0,6,6,0,6,0,0,0,6.0,0.0,6.0,6.0,0.0,6.0,0.0,0.0,0.0,1.0,0.0,1.0,0.0,4,0,6,17.0,0.0,14.0,33,1,236,0.0,0.00011901219875037192,0.0,0.0,0.38095238095238093,0.2777777777777778,0.0,0.0,0.3333333333333333,0.0,0.3333333333333333,0.6,0.0,0.0005851986769367958,0.0,0.000654878847413228,0.00010471458596139627,0.0,2.3210762019938988e-6,0.0032728354656352274,9.917683229197659e-5
1437189816407034615,1,9,0,9,9,0,9,0,0,0,9.0,0.0,9.0,9.0,0.0,9.0,0.0,0.0,0.0,1.0,0.0,1.0,0.0,4,0,9,28.0,0.0,28.0,39,1,270,0.0,0.00017851829812555786,0.0,0.0,0.45555555555555555,0.3950617283950617,0.0,0.0,0.4444444444444444,0.0,0.4444444444444444,0.7222222222222222,0.0,0.000610992866870149,0.0,0.000654878847413228,0.00015734735698336166,0.0,2.6554685361794605e-6,0.003867896459387087,9.917683229197659e-5
1633356250672530065,1,9,0,9,9,0,9,0,0,0,9.0,0.0,9.0,9.0,0.0,9.0,0.0,0.0,0.0,1.0,0.0,1.0,0.0,4,0,9,26.0,0.0,28.0,41,1,275,0.0,0.00017851829812555786,0.0,0.0,0.43333333333333335,0.37037037037037035,0.0,0.0,0.4027777777777778,0.0,0.4027777777777778,0.7222222222222222,0.0,0.0006060535758913193,0.0,0.000654878847413228,0.00015734735698336166,0.0,2.704643879442043e-6,0.0040662501239710405,9.917683229197659e-5
1468200410404620055,1,3,0,3,3,0,3,0,0,0,3.0,0.0,3.0,3.0,0.0,3.0,0.0,0.0,0.0,1.0,0.0,1.0,0.0,3,0,3,5.0,0.0,4.0,21,1,150,0.0,5.950609937518596e-5,0.0,0.0,0.4166666666666667,0.2222222222222222,0.0,0.0,0.3333333333333333,0.0,0.3333333333333333,0.6666666666666666,0.0,0.0005640845826822578,0.0,0.000654878847413228,5.226557410353827e-5,0.0,1.475260297877478e-6,0.0020827134781315083,9.917683229197659e-5
1827898483923749928,1,7,0,7,7,0,7,0,0,0,7.0,0.0,7.0,7.0,0.0,7.0,0.0,0.0,0.0,1.0,0.0,1.0,0.0,4,0,7,17.0,0.0,15.0,36,1,239,0.0,0.00013884756520876723,0.0,0.0,0.32142857142857145,0.22448979591836735,0.0,0.0,0.2619047619047619,0.0,0.2619047619047619,0.5238095238095238,0.0,0.0005967239744305377,0.0,0.0006548788474132279,0.00012223840939451502,0.0,2.3505814079514484e-6,0.0035703659625111574,9.917683229197659e-5
1261516111652851344,1,4,0,4,4,0,4,0,0,0,4.0,0.0,4.0,4.0,0.0,4.0,0.0,0.0,0.0,1.0,0.0,1.0,0.0,3,0,4,5.0,0.0,7.0,23,1,180,0.0,7.934146583358127e-5,0.0,0.0,0.35,0.1875,0.0,0.0,0.25,0.0,0.25,0.5,0.0,0.0005659335707199465,0.0,0.000654878847413228,6.972818022366045e-5,0.0,1.7703123574529738e-6,0.0022810671427154617,9.917683229197659e-5
1599523376513158645,1,4,0,4,4,0,4,0,0,0,4.0,0.0,4.0,4.0,0.0,4.0,0.0,0.0,0.0,1.0,0.0,1.0,0.0,3,0,4,5.0,0.0,7.0,23,1,180,0.0,7.934146583358127e-5,0.0,0.0,0.35,0.1875,0.0,0.0,0.25,0.0,0.25,0.5,0.0,0.0005659335707199465,0.0,0.000654878847413228,6.972818022366045e-5,0.0,1.7703123574529738e-6,0.0022810671427154617,9.917683229197659e-5
1420180954940442349,1,4,0,4,4,0,4,0,0,0,4.0,0.0,4.0,4.0,0.0,4.0,0.0,0.0,0.0,1.0,0.0,1.0,0.0,3,0,4,5.0,0.0,7.0,23,1,180,0.0,7.934146583358127e-5,0.0,0.0,0.35,0.1875,0.0,0.0,0.25,0.0,0.25,0.5,0.0,0.0005659335707199465,0.0,0.000654878847413228,6.972818022366045e-5,0.0,1.7703123574529738e-6,0.0022810671427154617,9.917683229197659e-5
1869257604216130642,1,4,0,4,4,0,4,0,0,0,4.0,0.0,4.0,4.0,0.0,4.0,0.0,0.0,0.0,1.0,0.0,1.0,0.0,3,0,4,5.0,0.0,7.0,23,1,180,0.0,7.934146583358127e-5,0.0,0.0,0.35,0.1875,0.0,0.0,0.25,0.0,0.25,0.5,0.0,0.0005659335707199465,0.0,0.000654878847413228,6.972818022366045e-5,0.0,1.7703123574529738e-6,0.0022810671427154617,9.917683229197659e-5
1480197889954153877,1,4,0,4,4,0,4,0,0,0,4.0,0.0,4.0,4.0,0.0,4.0,0.0,0.0,0.0,1.0,0.0,1.0,0.0,3,0,4,5.0,0.0,7.0,23,1,180,0.0,7.934146583358127e-5,0.0,0.0,0.35,0.1875,0.0,0.0,0.25,0.0,0.25,0.5,0.0,0.0005659335707199465,0.0,0.000654878847413228,6.972818022366045e-5,0.0,1.7703123574529738e-6,0.0022810671427154617,9.917683229197659e-5
1617804135862632925,1,4,0,4,4,0,4,0,0,0,4.0,0.0,4.0,4.0,0.0,4.0,0.0,0.0,0.0,1.0,0.0,1.0,0.0,3,0,4,5.0,0.0,7.0,23,1,180,0.0,7.934146583358127e-5,0.0,0.0,0.35,0.1875,0.0,0.0,0.25,0.0,0.25,0.5,0.0,0.0005659335707199465,0.0,0.000654878847413228,6.972818022366045e-5,0.0,1.7703123574529738e-6,0.0022810671427154617,9.917683229197659e-5
1330776814204750761,1,4,0,4,4,0,4,0,0,0,4.0,0.0,4.0,4.0,0.0,4.0,0.0,0.0,0.0,1.0,0.0,1.0,0.0,3,0,4,5.0,0.0,7.0,23,1,180,0.0,7.934146583358127e-5,0.0,0.0,0.35,0.1875,0.0,0.0,0.25,0.0,0.25,0.5,0.0,0.0005659335707199465,0.0,0.000654878847413228,6.972818022366045e-5,0.0,1.7703123574529738e-6,0.0022810671427154617,9.917683229197659e-5
1479802668154096239,1,7,0,7,7,0,7,0,0,0,7.0,0.0,7.0,7.0,0.0,7.0,0.0,0.0,0.0,1.0,0.0,1.0,0.0,4,0,7,22.0,0.0,15.0,41,1,258,0.0,0.00013884756520876723,0.0,0.0,0.39285714285714285,0.30612244897959184,0.0,0.0,0.35714285714285715,0.0,0.35714285714285715,0.6190476190476191,0.0,0.0005938186515863809,0.0,0.0006548788474132279,0.00012223840939451502,0.0,2.5374477123492625e-6,0.0040662501239710405,9.917683229197659e-5
1416133409356383252,1,4,0,4,4,0,4,0,0,0,4.0,0.0,4.0,4.0,0.0,4.0,0.0,0.0,0.0,1.0,0.0,1.0,0.0,3,0,4,5.0,0.0,7.0,23,1,180,0.0,7.934146583358127e-5,0.0,0.0,0.35,0.1875,0.0,0.0,0.25,0.0,0.25,0.5,0.0,0.0005659335707199465,0.0,0.000654878847413228,6.972818022366045e-5,0.0,1.7703123574529738e-6,0.0022810671427154617,9.917683229197659e-5
1721830752909264194,1,9,0,9,6,0,6,3,0,3,9.0,0.0,9.0,6.0,0.0,6.0,3.0,0.0,3.0,0.6666666666666666,0.0,0.6666666666666666,0.0,4,0,9,24.0,0.0,28.0,44,1,471,0.0,0.00017851829812555786,0.0,0.0,0.18888888888888888,0.09876543209876543,0.0,0.0,0.09722222222222222,0.0,0.09722222222222222,0.19444444444444445,0.0,0.0006098459518846384,0.0,0.0006548788474132285,0.0,0.0006842358473174714,4.6323173353352815e-6,0.0043637806208469705,9.917683229197659e-5
1461125078015017414,1,4,0,4,4,0,4,0,0,0,4.0,0.0,4.0,4.0,0.0,4.0,0.0,0.0,0.0,1.0,0.0,1.0,0.0,3,0,4,5.0,0.0,7.0,23,1,180,0.0,7.934146583358127e-5,0.0,0.0,0.35,0.1875,0.0,0.0,0.25,0.0,0.25,0.5,0.0,0.0005659335707199465,0.0,0.000654878847413228,6.972818022366045e-5,0.0,1.7703123574529738e-6,0.0022810671427154617,9.917683229197659e-5
1843463830571585265,1,4,0,4,4,0,4,0,0,0,4.0,0.0,4.0,4.0,0.0,4.0,0.0,0.0,0.0,1.0,0.0,1.0,0.0,3,0,4,5.0,0.0,7.0,23,1,180,0.0,7.934146583358127e-5,0.0,0.0,0.35,0.1875,0.0,0.0,0.25,0.0,0.25,0.5,0.0,0.0005659335707199465,0.0,0.000654878847413228,6.972818022366045e-5,0.0,1.7703123574529738e-6,0.0022810671427154617,9.917683229197659e-5
1841471119467482292,1,4,0,4,4,0,4,0,0,0,4.0,0.0,4.0,4.0,0.0,4.0,0.0,0.0,0.0,1.0,0.0,1.0,0.0,3,0,4,5.0,0.0,7.0,23,1,180,0.0,7.934146583358127e-5,0.0,0.0,0.35,0.1875,0.0,0.0,0.25,0.0,0.25,0.5,0.0,0.0005659335707199465,0.0,0.000654878847413228,6.972818022366045e-5,0.0,1.7703123574529738e-6,0.0022810671427154617,9.917683229197659e-5
1583627130288212019,1,4,0,4,4,0,4,0,0,0,4.0,0.0,4.0,4.0,0.0,4.0,0.0,0.0,0.0,1.0,0.0,1.0,0.0,3,0,4,5.0,0.0,7.0,23,1,180,0.0,7.934146583358127e-5,0.0,0.0,0.35,0.1875,0.0,0.0,0.25,0.0,0.25,0.5,0.0,0.0005659335707199465,0.0,0.000654878847413228,6.972818022366045e-5,0.0,1.7703123574529738e-6,0.0022810671427154617,9.917683229197659e-5
1699153897525871242,1,1,0,1,1,0,1,0,0,0,1.0,0.0,1.0,1.0,0.0,1.0,0.0,0.0,0.0,1.0,0.0,1.0,0.0,1,0,1,1.0,0.0,1.0,15,1,86,0.0,1.983536645839532e-5,0.0,0.0,0.5,0.0,0.0,0.0,0.0,0.0,0.0,0.0,0.0,0.0005453808288801286,0.0,0.0006548788474132279,1.7401495877256146e-5,0.0,8.458159041164208e-7,0.001487652484379649,9.917683229197659e-5
1664768206952205081,1,1,0,1,1,0,1,0,0,0,1.0,0.0,1.0,1.0,0.0,1.0,0.0,0.0,0.0,1.0,0.0,1.0,0.0,1,0,1,1.0,0.0,1.0,15,1,86,0.0,1.983536645839532e-5,0.0,0.0,0.5,0.0,0.0,0.0,0.0,0.0,0.0,0.0,0.0,0.0005453808288801286,0.0,0.0006548788474132279,1.7401495877256146e-5,0.0,8.458159041164208e-7,0.001487652484379649,9.917683229197659e-5
1422424680907672065,1,1,0,1,1,0,1,0,0,0,1.0,0.0,1.0,1.0,0.0,1.0,0.0,0.0,0.0,1.0,0.0,1.0,0.0,1,0,1,1.0,0.0,1.0,15,1,86,0.0,1.983536645839532e-5,0.0,0.0,0.5,0.0,0.0,0.0,0.0,0.0,0.0,0.0,0.0,0.0005453808288801286,0.0,0.0006548788474132279,1.7401495877256146e-5,0.0,8.458159041164208e-7,0.001487652484379649,9.917683229197659e-5
1606936841439675668,1,1,0,1,1,0,1,0,0,0,1.0,0.0,1.0,1.0,0.0,1.0,0.0,0.0,0.0,1.0,0.0,1.0,0.0,1,0,1,1.0,0.0,1.0,15,1,86,0.0,1.983536645839532e-5,0.0,0.0,0.5,0.0,0.0,0.0,0.0,0.0,0.0,0.0,0.0,0.0005453808288801286,0.0,0.0006548788474132279,1.7401495877256146e-5,0.0,8.458159041164208e-7,0.001487652484379649,9.917683229197659e-5
1735168216436573328,1,3,0,3,3,0,3,0,0,0,3.0,0.0,3.0,3.0,0.0,3.0,0.0,0.0,0.0,1.0,0.0,1.0,0.0,3,0,3,5.0,0.0,4.0,28,1,156,0.0,5.950609937518596e-5,0.0,0.0,0.3333333333333333,0.1111111111111111,0.0,0.0,0.16666666666666666,0.0,0.16666666666666666,0.3333333333333333,0.0,0.0005637513212870522,0.0,0.000654878847413228,5.226557410353827e-5,0.0,1.5342707097925772e-6,0.002776951304175345,9.917683229197659e-5
1781138904800299021,1,1,0,1,1,0,1,0,0,0,1.0,0.0,1.0,1.0,0.0,1.0,0.0,0.0,0.0,1.0,0.0,1.0,0.0,1,0,1,1.0,0.0,1.0,15,1,86,0.0,1.983536645839532e-5,0.0,0.0,0.5,0.0,0.0,0.0,0.0,0.0,0.0,0.0,0.0,0.0005453808288801286,0.0,0.0006548788474132279,1.7401495877256146e-5,0.0,8.458159041164208e-7,0.001487652484379649,9.917683229197659e-5
1751913518887603015,1,12,0,12,10,0,10,2,0,2,12.0,0.0,12.0,10.0,0.0,10.0,2.0,0.0,2.0,0.8333333333333334,0.0,0.8333333333333334,0.0,4,0,12,35.0,0.0,37.0,60,1,379,0.0,0.00023802439750074384,0.0,0.0,0.4166666666666667,0.3680555555555556,0.0,0.0,0.3939393939393939,0.0,0.3939393939393939,0.5454545454545454,0.0,0.0006655283549988092,0.0,0.000654878847413228,1.2295799950434727e-6,0.0,3.7274910193037613e-6,0.005950609937518596,9.917683229197659e-5
1811104358914327933,1,1,0,1,1,0,1,0,0,0,1.0,0.0,1.0,1.0,0.0,1.0,0.0,0.0,0.0,1.0,0.0,1.0,0.0,1,0,1,1.0,0.0,1.0,15,1,86,0.0,1.983536645839532e-5,0.0,0.0,0.5,0.0,0.0,0.0,0.0,0.0,0.0,0.0,0.0,0.0005453808288801286,0.0,0.0006548788474132279,1.7401495877256146e-5,0.0,8.458159041164208e-7,0.001487652484379649,9.917683229197659e-5
1774854629448745290,1,1,0,1,1,0,1,0,0,0,1.0,0.0,1.0,1.0,0.0,1.0,0.0,0.0,0.0,1.0,0.0,1.0,0.0,1,0,1,1.0,0.0,1.0,15,1,86,0.0,1.983536645839532e-5,0.0,0.0,0.5,0.0,0.0,0.0,0.0,0.0,0.0,0.0,0.0,0.0005453808288801286,0.0,0.0006548788474132279,1.7401495877256146e-5,0.0,8.458159041164208e-7,0.001487652484379649,9.917683229197659e-5
1743435819437262572,1,1,0,1,1,0,1,0,0,0,1.0,0.0,1.0,1.0,0.0,1.0,0.0,0.0,0.0,1.0,0.0,1.0,0.0,1,0,1,1.0,0.0,1.0,15,1,86,0.0,1.983536645839532e-5,0.0,0.0,0.5,0.0,0.0,0.0,0.0,0.0,0.0,0.0,0.0,0.0005453808288801286,0.0,0.0006548788474132279,1.7401495877256146e-5,0.0,8.458159041164208e-7,0.001487652484379649,9.917683229197659e-5
1809217783855058921,1,11,0,11,11,0,11,0,0,0,11.0,0.0,11.0,11.0,0.0,11.0,0.0,0.0,0.0,1.0,0.0,1.0,0.0,4,0,11,31.0,0.0,33.0,48,1,283,0.0,0.0002181890310423485,0.0,0.0,0.4090909090909091,0.35537190082644626,0.0,0.0,0.39090909090909093,0.0,0.39090909090909093,0.6,0.0,0.0006330360272180226,0.0,0.000654878847413228,0.0001925381184145758,0.0,2.7833244286621754e-6,0.0047604879500148765,9.917683229197659e-5
1668021987269673258,1,1,0,1,1,0,1,0,0,0,1.0,0.0,1.0,1.0,0.0,1.0,0.0,0.0,0.0,1.0,0.0,1.0,0.0,1,0,1,1.0,0.0,1.0,15,1,86,0.0,1.983536645839532e-5,0.0,0.0,0.5,0.0,0.0,0.0,0.0,0.0,0.0,0.0,0.0,0.0005453808288801286,0.0,0.0006548788474132279,1.7401495877256146e-5,0.0,8.458159041164208e-7,0.001487652484379649,9.917683229197659e-5
1777089722129055788,1,3,0,3,3,0,3,0,0,0,3.0,0.0,3.0,3.0,0.0,3.0,0.0,0.0,0.0,1.0,0.0,1.0,0.0,3,0,3,5.0,0.0,4.0,33,1,193,0.0,5.950609937518596e-5,0.0,0.0,0.4166666666666667,0.2222222222222222,0.0,0.0,0.16666666666666666,0.0,0.16666666666666666,0.3333333333333333,0.0,0.0005590689690324284,0.0,0.0006548788474132281,5.226557410353827e-5,0.0,1.8981682499356885e-6,0.0032728354656352274,9.917683229197659e-5
1218634055382207072,1,3,0,3,3,0,3,0,0,0,3.0,0.0,3.0,3.0,0.0,3.0,0.0,0.0,0.0,1.0,0.0,1.0,0.0,2,0,3,5.0,0.0,4.0,34,1,162,0.0,5.950609937518596e-5,0.0,0.0,0.5,0.3333333333333333,0.0,0.0,0.3333333333333333,0.0,0.3333333333333333,0.6666666666666666,0.0,0.0005715315687615179,0.0,0.0006548788474132279,5.226557410353827e-5,0.0,1.5932811217076764e-6,0.0033720122979272044,9.917683229197659e-5
1471068216729012445,1,6,0,6,6,0,6,0,0,0,6.0,0.0,6.0,6.0,0.0,6.0,0.0,0.0,0.0,1.0,0.0,1.0,0.0,4,0,6,13.0,0.0,14.0,43,1,245,0.0,0.00011901219875037192,0.0,0.0,0.40476190476190477,0.3055555555555556,0.0,0.0,0.3333333333333333,0.0,0.3333333333333333,0.5333333333333333,0.0,0.0005882414208155998,0.0,0.000654878847413228,0.00010471458596139627,0.0,2.4095918198665476e-6,0.0042646037885549935,9.917683229197659e-5
1737630319848196484,1,2,0,2,2,0,2,0,0,0,2.0,0.0,2.0,2.0,0.0,2.0,0.0,0.0,0.0,1.0,0.0,1.0,0.0,2,0,2,3.0,0.0,2.0,35,1,158,0.0,3.967073291679064e-5,0.0,0.0,0.5,0.25,0.0,0.0,0.5,0.0,0.5,1.0,0.0,0.0005553705498082992,0.0,0.0006548788474132279,3.482334995119629e-5,0.0,1.5539408470976103e-6,0.003471189130219181,9.917683229197659e-5
1381760743094880619,1,2,0,2,2,0,2,0,0,0,2.0,0.0,2.0,2.0,0.0,2.0,0.0,0.0,0.0,1.0,0.0,1.0,0.0,2,0,2,3.0,0.0,2.0,35,1,158,0.0,3.967073291679064e-5,0.0,0.0,0.5,0.25,0.0,0.0,0.5,0.0,0.5,1.0,0.0,0.0005553705498082992,0.0,0.0006548788474132279,3.482334995119629e-5,0.0,1.5539408470976103e-6,0.003471189130219181,9.917683229197659e-5
1483443895718119418,1,1,0,1,1,0,1,0,0,0,1.0,0.0,1.0,1.0,0.0,1.0,0.0,0.0,0.0,1.0,0.0,1.0,0.0,1,0,1,1.0,0.0,1.0,15,1,86,0.0,1.983536645839532e-5,0.0,0.0,0.5,0.0,0.0,0.0,0.0,0.0,0.0,0.0,0.0,0.0005453808288801286,0.0,0.0006548788474132279,1.7401495877256146e-5,0.0,8.458159041164208e-7,0.001487652484379649,9.917683229197659e-5
1550840583457607337,1,8,0,8,8,0,8,0,0,0,8.0,0.0,8.0,8.0,0.0,8.0,0.0,0.0,0.0,1.0,0.0,1.0,0.0,4,0,8,26.0,0.0,23.0,48,1,269,0.0,0.00015868293166716255,0.0,0.0,0.4166666666666667,0.34375,0.0,0.0,0.375,0.0,0.375,0.5357142857142857,0.0,0.0006093586750553833,0.0,0.0006548788474132281,0.00013978266242642423,0.0,2.645633467526944e-6,0.0047604879500148765,9.917683229197659e-5
1478948366254607380,1,1,0,1,1,0,1,0,0,0,1.0,0.0,1.0,1.0,0.0,1.0,0.0,0.0,0.0,1.0,0.0,1.0,0.0,1,0,1,1.0,0.0,1.0,15,1,86,0.0,1.983536645839532e-5,0.0,0.0,0.5,0.0,0.0,0.0,0.0,0.0,0.0,0.0,0.0,0.0005453808288801286,0.0,0.0006548788474132279,1.7401495877256146e-5,0.0,8.458159041164208e-7,0.001487652484379649,9.917683229197659e-5
1459039626936192577,1,2,0,2,2,0,2,0,0,0,2.0,0.0,2.0,2.0,0.0,2.0,0.0,0.0,0.0,1.0,0.0,1.0,0.0,2,0,2,3.0,0.0,2.0,35,1,158,0.0,3.967073291679064e-5,0.0,0.0,0.5,0.25,0.0,0.0,0.5,0.0,0.5,1.0,0.0,0.0005553705498082992,0.0,0.0006548788474132279,3.482334995119629e-5,0.0,1.5539408470976103e-6,0.003471189130219181,9.917683229197659e-5
1852427874854765602,1,1,0,1,1,0,1,0,0,0,1.0,0.0,1.0,1.0,0.0,1.0,0.0,0.0,0.0,1.0,0.0,1.0,0.0,1,0,1,1.0,0.0,1.0,15,1,86,0.0,1.983536645839532e-5,0.0,0.0,0.5,0.0,0.0,0.0,0.0,0.0,0.0,0.0,0.0,0.0005453808288801286,0.0,0.0006548788474132279,1.7401495877256146e-5,0.0,8.458159041164208e-7,0.001487652484379649,9.917683229197659e-5
1644901499576255956,1,5,0,5,5,0,5,0,0,0,5.0,0.0,5.0,5.0,0.0,5.0,0.0,0.0,0.0,1.0,0.0,1.0,0.0,4,0,5,9.0,0.0,9.0,38,1,206,0.0,9.917683229197659e-5,0.0,0.0,0.3,0.16,0.0,0.0,0.2,0.0,0.2,0.2,0.0,0.000589040012331761,0.0,0.000654878847413228,8.721118020826868e-5,0.0,2.0260241424184032e-6,0.0037687196270951104,9.917683229197659e-5
1752261543069748365,4,3,0,3,2,0,2,1,0,1,3.0,0.0,3.0,2.0,0.0,2.0,1.0,0.0,1.0,0.6666666666666666,0.0,0.6666666666666666,0.0,3,0,3,5.0,0.0,4.0,29,1,162,0.0,5.950609937518596e-5,0.0,0.0,0.75,0.6666666666666666,0.0,0.0,1.0,0.0,1.0,1.0,0.0,0.0005956174750120149,0.0,0.0006548788474132294,0.0,7.947954240516975e-5,1.5932811217076764e-6,0.0028761281364673213,9.917683229197659e-5
1356310728524433377,4,6,0,6,5,0,5,1,0,1,6.0,0.0,6.0,5.0,0.0,5.0,1.0,0.0,1.0,0.8333333333333334,0.0,0.8333333333333334,0.0,3,0,6,9.0,0.0,14.0,29,1,239,0.0,0.00011901219875037192,0.0,0.0,0.5238095238095238,0.4444444444444444,0.0,0.0,0.5333333333333333,0.0,0.5333333333333333,0.8,0.0,0.0006202356861686758,0.0,0.0006548788474132288,0.0,5.8837413901557944e-5,2.3505814079514484e-6,0.0028761281364673213,9.917683229197659e-5
1609052413753297332,4,6,0,6,5,0,5,1,0,1,6.0,0.0,6.0,5.0,0.0,5.0,1.0,0.0,1.0,0.8333333333333334,0.0,0.8333333333333334,0.0,3,0,6,9.0,0.0,14.0,29,1,239,0.0,0.00011901219875037192,0.0,0.0,0.5238095238095238,0.4444444444444444,0.0,0.0,0.5333333333333333,0.0,0.5333333333333333,0.8,0.0,0.0006202356861686758,0.0,0.0006548788474132288,0.0,5.8837413901557944e-5,2.3505814079514484e-6,0.0028761281364673213,9.917683229197659e-5
1769736967026641613,4,3,0,3,2,0,2,1,0,1,3.0,0.0,3.0,2.0,0.0,2.0,1.0,0.0,1.0,0.6666666666666666,0.0,0.6666666666666666,0.0,3,0,3,5.0,0.0,4.0,29,1,162,0.0,5.950609937518596e-5,0.0,0.0,0.75,0.6666666666666666,0.0,0.0,1.0,0.0,1.0,1.0,0.0,0.0005956174750120149,0.0,0.0006548788474132294,0.0,7.947954240516975e-5,1.5932811217076764e-6,0.0028761281364673213,9.917683229197659e-5
1611033054736811844,4,3,0,3,2,0,2,1,0,1,3.0,0.0,3.0,2.0,0.0,2.0,1.0,0.0,1.0,0.6666666666666666,0.0,0.6666666666666666,0.0,3,0,3,5.0,0.0,4.0,29,1,162,0.0,5.950609937518596e-5,0.0,0.0,0.75,0.6666666666666666,0.0,0.0,1.0,0.0,1.0,1.0,0.0,0.0005956174750120149,0.0,0.0006548788474132294,0.0,7.947954240516975e-5,1.5932811217076764e-6,0.0028761281364673213,9.917683229197659e-5
1498573540876619725,4,6,0,6,5,0,5,1,0,1,6.0,0.0,6.0,5.0,0.0,5.0,1.0,0.0,1.0,0.8333333333333334,0.0,0.8333333333333334,0.0,3,0,6,9.0,0.0,14.0,29,1,239,0.0,0.00011901219875037192,0.0,0.0,0.5238095238095238,0.4444444444444444,0.0,0.0,0.5333333333333333,0.0,0.5333333333333333,0.8,0.0,0.0006202356861686758,0.0,0.0006548788474132288,0.0,5.8837413901557944e-5,2.3505814079514484e-6,0.0028761281364673213,9.917683229197659e-5
1290915734783790076,2,5,0,5,3,0,3,2,0,2,5.0,0.0,5.0,3.0,0.0,3.0,2.0,0.0,2.0,0.6,0.0,0.6,0.0,3,0,5,10.0,0.0,9.0,46,1,437,0.0,9.917683229197659e-5,0.0,0.0,0.26666666666666666,0.12,0.0,0.0,0.1,0.0,0.1,0.2,0.0,0.0006170797247128379,0.0,0.0006548788474132293,0.0,9.512768170083508e-5,4.297925001149719e-6,0.0045621342854309235,9.917683229197659e-5
1645203392588415842,4,3,0,3,2,0,2,1,0,1,3.0,0.0,3.0,2.0,0.0,2.0,1.0,0.0,1.0,0.6666666666666666,0.0,0.6666666666666666,0.0,3,0,3,5.0,0.0,4.0,29,1,162,0.0,5.950609937518596e-5,0.0,0.0,0.75,0.6666666666666666,0.0,0.0,1.0,0.0,1.0,1.0,0.0,0.0005956174750120149,0.0,0.0006548788474132294,0.0,7.947954240516975e-5,1.5932811217076764e-6,0.0028761281364673213,9.917683229197659e-5
1615760692755825924,4,6,0,6,5,0,5,1,0,1,6.0,0.0,6.0,5.0,0.0,5.0,1.0,0.0,1.0,0.8333333333333334,0.0,0.8333333333333334,0.0,3,0,6,9.0,0.0,14.0,29,1,239,0.0,0.00011901219875037192,0.0,0.0,0.5238095238095238,0.4444444444444444,0.0,0.0,0.5333333333333333,0.0,0.5333333333333333,0.8,0.0,0.0006202356861686758,0.0,0.0006548788474132288,0.0,5.8837413901557944e-5,2.3505814079514484e-6,0.0028761281364673213,9.917683229197659e-5
1215038777181867413,4,3,0,3,2,0,2,1,0,1,3.0,0.0,3.0,2.0,0.0,2.0,1.0,0.0,1.0,0.6666666666666666,0.0,0.6666666666666666,0.0,3,0,3,5.0,0.0,4.0,29,1,162,0.0,5.950609937518596e-5,0.0,0.0,0.75,0.6666666666666666,0.0,0.0,1.0,0.0,1.0,1.0,0.0,0.0005956174750120149,0.0,0.0006548788474132294,0.0,7.947954240516975e-5,1.5932811217076764e-6,0.0028761281364673213,9.917683229197659e-5
1271888035117532387,4,6,0,6,5,0,5,1,0,1,6.0,0.0,6.0,5.0,0.0,5.0,1.0,0.0,1.0,0.8333333333333334,0.0,0.8333333333333334,0.0,3,0,6,9.0,0.0,14.0,29,1,239,0.0,0.00011901219875037192,0.0,0.0,0.5238095238095238,0.4444444444444444,0.0,0.0,0.5333333333333333,0.0,0.5333333333333333,0.8,0.0,0.0006202356861686758,0.0,0.0006548788474132288,0.0,5.8837413901557944e-5,2.3505814079514484e-6,0.0028761281364673213,9.917683229197659e-5
1602859462912117796,4,6,0,6,5,0,5,1,0,1,6.0,0.0,6.0,5.0,0.0,5.0,1.0,0.0,1.0,0.8333333333333334,0.0,0.8333333333333334,0.0,3,0,6,9.0,0.0,14.0,29,1,239,0.0,0.00011901219875037192,0.0,0.0,0.5238095238095238,0.4444444444444444,0.0,0.0,0.5333333333333333,0.0,0.5333333333333333,0.8,0.0,0.0006202356861686758,0.0,0.0006548788474132288,0.0,5.8837413901557944e-5,2.3505814079514484e-6,0.0028761281364673213,9.917683229197659e-5
1325335116548933519,4,6,0,6,5,0,5,1,0,1,6.0,0.0,6.0,5.0,0.0,5.0,1.0,0.0,1.0,0.8333333333333334,0.0,0.8333333333333334,0.0,3,0,6,9.0,0.0,14.0,29,1,239,0.0,0.00011901219875037192,0.0,0.0,0.5238095238095238,0.4444444444444444,0.0,0.0,0.5333333333333333,0.0,0.5333333333333333,0.8,0.0,0.0006202356861686758,0.0,0.0006548788474132288,0.0,5.8837413901557944e-5,2.3505814079514484e-6,0.0028761281364673213,9.917683229197659e-5
1857425117198420744,5,3,0,3,2,0,2,1,0,1,3.0,0.0,3.0,2.0,0.0,2.0,1.0,0.0,1.0,0.6666666666666666,0.0,0.6666666666666666,0.0,3,0,3,5.0,0.0,4.0,42,1,388,0.0,5.950609937518596e-5,0.0,0.0,0.4166666666666667,0.2222222222222222,0.0,0.0,0.16666666666666666,0.0,0.16666666666666666,0.3333333333333333,0.0,0.0005537143088775394,0.0,0.0006548788474132293,0.0,4.243896329703123e-5,3.81600663717641e-6,0.0041654269562630165,9.917683229197659e-5
1609474656312494552,4,3,0,3,2,0,2,1,0,1,3.0,0.0,3.0,2.0,0.0,2.0,1.0,0.0,1.0,0.6666666666666666,0.0,0.6666666666666666,0.0,3,0,3,5.0,0.0,4.0,29,1,162,0.0,5.950609937518596e-5,0.0,0.0,0.75,0.6666666666666666,0.0,0.0,1.0,0.0,1.0,1.0,0.0,0.0005956174750120149,0.0,0.0006548788474132294,0.0,7.947954240516975e-5,1.5932811217076764e-6,0.0028761281364673213,9.917683229197659e-5
1679350132341997818,4,6,0,6,5,0,5,1,0,1,6.0,0.0,6.0,5.0,0.0,5.0,1.0,0.0,1.0,0.8333333333333334,0.0,0.8333333333333334,0.0,3,0,6,9.0,0.0,14.0,29,1,239,0.0,0.00011901219875037192,0.0,0.0,0.5238095238095238,0.4444444444444444,0.0,0.0,0.5333333333333333,0.0,0.5333333333333333,0.8,0.0,0.0006202356861686758,0.0,0.0006548788474132288,0.0,5.8837413901557944e-5,2.3505814079514484e-6,0.0028761281364673213,9.917683229197659e-5
1599964412070857566,5,6,0,6,6,0,6,0,0,0,6.0,0.0,6.0,6.0,0.0,6.0,0.0,0.0,0.0,1.0,0.0,1.0,0.0,4,0,6,17.0,0.0,14.0,61,1,340,0.0,0.00011901219875037192,0.0,0.0,0.35714285714285715,0.25,0.0,0.0,0.3,0.0,0.3,0.5333333333333333,0.0,0.0006021157539338323,0.0,0.0006548788474132286,0.00012594564166568123,0.0,3.343923341855617e-6,0.006049786769810573,9.917683229197659e-5
1776018689934492154,4,6,0,6,5,0,5,1,0,1,6.0,0.0,6.0,5.0,0.0,5.0,1.0,0.0,1.0,0.8333333333333334,0.0,0.8333333333333334,0.0,3,0,6,9.0,0.0,14.0,29,1,239,0.0,0.00011901219875037192,0.0,0.0,0.5238095238095238,0.4444444444444444,0.0,0.0,0.5333333333333333,0.0,0.5333333333333333,0.8,0.0,0.0006202356861686758,0.0,0.0006548788474132288,0.0,5.8837413901557944e-5,2.3505814079514484e-6,0.0028761281364673213,9.917683229197659e-5
1307356930640970226,4,3,0,3,2,0,2,1,0,1,3.0,0.0,3.0,2.0,0.0,2.0,1.0,0.0,1.0,0.6666666666666666,0.0,0.6666666666666666,0.0,3,0,3,5.0,0.0,4.0,29,1,162,0.0,5.950609937518596e-5,0.0,0.0,0.75,0.6666666666666666,0.0,0.0,1.0,0.0,1.0,1.0,0.0,0.0005956174750120149,0.0,0.0006548788474132294,0.0,7.947954240516975e-5,1.5932811217076764e-6,0.0028761281364673213,9.917683229197659e-5
1222665754755731039,4,6,0,6,5,0,5,1,0,1,6.0,0.0,6.0,5.0,0.0,5.0,1.0,0.0,1.0,0.8333333333333334,0.0,0.8333333333333334,0.0,3,0,6,9.0,0.0,14.0,29,1,239,0.0,0.00011901219875037192,0.0,0.0,0.5238095238095238,0.4444444444444444,0.0,0.0,0.5333333333333333,0.0,0.5333333333333333,0.8,0.0,0.0006202356861686758,0.0,0.0006548788474132288,0.0,5.8837413901557944e-5,2.3505814079514484e-6,0.0028761281364673213,9.917683229197659e-5
1695996730497042042,2,7,0,7,5,0,5,2,0,2,7.0,0.0,7.0,5.0,0.0,5.0,2.0,0.0,2.0,0.7142857142857143,0.0,0.7142857142857143,0.0,4,0,7,17.0,0.0,15.0,53,1,473,0.0,0.00013884756520876723,0.0,0.0,0.30357142857142855,0.20408163265306123,0.0,0.0,0.21428571428571427,0.0,0.21428571428571427,0.3333333333333333,0.0,0.0006350164850616081,0.0,0.0006548788474132292,0.0,4.597562220853835e-5,4.6519874726403145e-6,0.00525637211147476,9.917683229197659e-5
1862850219293543309,5,4,0,4,3,0,3,1,0,1,4.0,0.0,4.0,3.0,0.0,3.0,1.0,0.0,1.0,0.75,0.0,0.75,0.0,2,0,4,9.0,0.0,7.0,30,1,271,0.0,7.934146583358127e-5,0.0,0.0,0.2,0.0,0.0,0.0,0.0,0.0,0.0,0.0,0.0,0.0005658156847711592,0.0,0.0006548788474132286,0.0,3.029066490722876e-5,2.665303604831977e-6,0.002975304968759298,9.917683229197659e-5
1292470750439015884,4,2,0,2,1,0,1,1,0,1,2.0,0.0,2.0,1.0,0.0,1.0,1.0,0.0,1.0,0.5,0.0,0.5,0.0,2,0,2,3.0,0.0,2.0,29,1,158,0.0,3.967073291679064e-5,0.0,0.0,0.6666666666666666,0.5,0.0,0.0,1.0,0.0,1.0,1.0,0.0,0.0005711791237455414,0.0,0.0006548788474132296,0.0,8.632854434476034e-5,1.5539408470976103e-6,0.0028761281364673213,9.917683229197659e-5
1849145363928187094,5,4,0,4,3,0,3,1,0,1,4.0,0.0,4.0,3.0,0.0,3.0,1.0,0.0,1.0,0.75,0.0,0.75,0.0,2,0,4,9.0,0.0,7.0,30,1,271,0.0,7.934146583358127e-5,0.0,0.0,0.2,0.0,0.0,0.0,0.0,0.0,0.0,0.0,0.0,0.0005658156847711592,0.0,0.0006548788474132286,0.0,3.029066490722876e-5,2.665303604831977e-6,0.002975304968759298,9.917683229197659e-5
1816564311603020711,4,3,0,3,2,0,2,1,0,1,3.0,0.0,3.0,2.0,0.0,2.0,1.0,0.0,1.0,0.6666666666666666,0.0,0.6666666666666666,0.0,3,0,3,5.0,0.0,4.0,29,1,162,0.0,5.950609937518596e-5,0.0,0.0,0.75,0.6666666666666666,0.0,0.0,1.0,0.0,1.0,1.0,0.0,0.0005956174750120149,0.0,0.0006548788474132294,0.0,7.947954240516975e-5,1.5932811217076764e-6,0.0028761281364673213,9.917683229197659e-5
1723863138660516761,6,3,0,3,2,0,2,1,0,1,3.0,0.0,3.0,2.0,0.0,2.0,1.0,0.0,1.0,0.6666666666666666,0.0,0.6666666666666666,0.0,2,0,3,5.0,0.0,4.0,31,1,165,0.0,5.950609937518596e-5,0.0,0.0,0.5,0.3333333333333333,0.0,0.0,0.3333333333333333,0.0,0.3333333333333333,0.6666666666666666,0.0,0.0006059589966998182,0.0,0.0006548788474132297,1.3221799052387517e-5,0.0,1.622786327665226e-6,0.0030744818010512744,9.917683229197659e-5
1489444302709852266,5,1,0,1,1,0,1,0,0,0,1.0,0.0,1.0,1.0,0.0,1.0,0.0,0.0,0.0,1.0,0.0,1.0,0.0,1,0,1,1.0,0.0,1.0,16,1,139,0.0,1.983536645839532e-5,0.0,0.0,0.5,0.0,0.0,0.0,0.0,0.0,0.0,0.0,0.0,0.0005420841750454739,0.0,0.00065487884741323,2.093621843213267e-5,0.0,1.3670745426997964e-6,0.0015868293166716254,9.917683229197659e-5
1744217472187237123,6,3,0,3,2,0,2,1,0,1,3.0,0.0,3.0,2.0,0.0,2.0,1.0,0.0,1.0,0.6666666666666666,0.0,0.6666666666666666,0.0,2,0,3,5.0,0.0,4.0,31,1,165,0.0,5.950609937518596e-5,0.0,0.0,0.5,0.3333333333333333,0.0,0.0,0.3333333333333333,0.0,0.3333333333333333,0.6666666666666666,0.0,0.0006059589966998182,0.0,0.0006548788474132297,1.3221799052387517e-5,0.0,1.622786327665226e-6,0.0030744818010512744,9.917683229197659e-5
1219092620563711874,4,6,0,6,5,0,5,1,0,1,6.0,0.0,6.0,5.0,0.0,5.0,1.0,0.0,1.0,0.8333333333333334,0.0,0.8333333333333334,0.0,3,0,6,9.0,0.0,14.0,29,1,239,0.0,0.00011901219875037192,0.0,0.0,0.5238095238095238,0.4444444444444444,0.0,0.0,0.5333333333333333,0.0,0.5333333333333333,0.8,0.0,0.0006202356861686758,0.0,0.0006548788474132288,0.0,5.8837413901557944e-5,2.3505814079514484e-6,0.0028761281364673213,9.917683229197659e-5
1842252124927296794,5,4,0,4,3,0,3,1,0,1,4.0,0.0,4.0,3.0,0.0,3.0,1.0,0.0,1.0,0.75,0.0,0.75,0.0,2,0,4,9.0,0.0,7.0,30,1,271,0.0,7.934146583358127e-5,0.0,0.0,0.2,0.0,0.0,0.0,0.0,0.0,0.0,0.0,0.0,0.0005658156847711592,0.0,0.0006548788474132286,0.0,3.029066490722876e-5,2.665303604831977e-6,0.002975304968759298,9.917683229197659e-5
1580747531170612925,5,4,0,4,3,0,3,1,0,1,4.0,0.0,4.0,3.0,0.0,3.0,1.0,0.0,1.0,0.75,0.0,0.75,0.0,2,0,4,9.0,0.0,7.0,30,1,271,0.0,7.934146583358127e-5,0.0,0.0,0.2,0.0,0.0,0.0,0.0,0.0,0.0,0.0,0.0,0.0005658156847711592,0.0,0.0006548788474132286,0.0,3.029066490722876e-5,2.665303604831977e-6,0.002975304968759298,9.917683229197659e-5
1250273491836469570,6,3,0,3,2,0,2,1,0,1,3.0,0.0,3.0,2.0,0.0,2.0,1.0,0.0,1.0,0.6666666666666666,0.0,0.6666666666666666,0.0,2,0,3,5.0,0.0,4.0,31,1,165,0.0,5.950609937518596e-5,0.0,0.0,0.5,0.3333333333333333,0.0,0.0,0.3333333333333333,0.0,0.3333333333333333,0.6666666666666666,0.0,0.0006059589966998182,0.0,0.0006548788474132297,1.3221799052387517e-5,0.0,1.622786327665226e-6,0.0030744818010512744,9.917683229197659e-5
1308363946939387269,4,2,0,2,1,0,1,1,0,1,2.0,0.0,2.0,1.0,0.0,1.0,1.0,0.0,1.0,0.5,0.0,0.5,0.0,2,0,2,3.0,0.0,2.0,29,1,158,0.0,3.967073291679064e-5,0.0,0.0,0.6666666666666666,0.5,0.0,0.0,1.0,0.0,1.0,1.0,0.0,0.0005711791237455414,0.0,0.0006548788474132296,0.0,8.632854434476034e-5,1.5539408470976103e-6,0.0028761281364673213,9.917683229197659e-5
1463630391490382765,6,3,0,3,2,0,2,1,0,1,3.0,0.0,3.0,2.0,0.0,2.0,1.0,0.0,1.0,0.6666666666666666,0.0,0.6666666666666666,0.0,2,0,3,5.0,0.0,4.0,31,1,165,0.0,5.950609937518596e-5,0.0,0.0,0.5,0.3333333333333333,0.0,0.0,0.3333333333333333,0.0,0.3333333333333333,0.6666666666666666,0.0,0.0006059589966998182,0.0,0.0006548788474132297,1.3221799052387517e-5,0.0,1.622786327665226e-6,0.0030744818010512744,9.917683229197659e-5
1539303441157850584,5,4,0,4,3,0,3,1,0,1,4.0,0.0,4.0,3.0,0.0,3.0,1.0,0.0,1.0,0.75,0.0,0.75,0.0,2,0,4,9.0,0.0,7.0,30,1,271,0.0,7.934146583358127e-5,0.0,0.0,0.2,0.0,0.0,0.0,0.0,0.0,0.0,0.0,0.0,0.0005658156847711592,0.0,0.0006548788474132286,0.0,3.029066490722876e-5,2.665303604831977e-6,0.002975304968759298,9.917683229197659e-5
1839091449451252610,2,10,0,10,5,0,5,5,0,5,10.0,0.0,10.0,5.0,0.0,5.0,5.0,0.0,5.0,0.5,0.0,0.5,0.0,4,0,10,30.0,0.0,30.0,60,1,523,0.0,0.00019835366458395318,0.0,0.0,0.2545454545454545,0.18,0.0,0.0,0.18888888888888888,0.0,0.18888888888888888,0.3111111111111111,0.0,0.0006346276413742076,0.0,0.0006548788474132291,0.0,0.0007232338260713123,5.14374090526614e-6,0.005950609937518596,9.917683229197659e-5
1803678821774262877,5,4,0,4,3,0,3,1,0,1,4.0,0.0,4.0,3.0,0.0,3.0,1.0,0.0,1.0,0.75,0.0,0.75,0.0,2,0,4,9.0,0.0,7.0,30,1,271,0.0,7.934146583358127e-5,0.0,0.0,0.2,0.0,0.0,0.0,0.0,0.0,0.0,0.0,0.0,0.0005658156847711592,0.0,0.0006548788474132286,0.0,3.029066490722876e-5,2.665303604831977e-6,0.002975304968759298,9.917683229197659e-5
1395719771378420532,2,9,0,9,7,0,7,2,0,2,9.0,0.0,9.0,7.0,0.0,7.0,2.0,0.0,2.0,0.7777777777777778,0.0,0.7777777777777778,0.0,4,0,9,30.0,0.0,28.0,56,1,477,0.0,0.00017851829812555786,0.0,0.0,0.4,0.3333333333333333,0.0,0.0,0.3611111111111111,0.0,0.3611111111111111,0.5,0.0,0.0006316082091572088,0.0,0.0006548788474132293,3.27027985924655e-6,0.0,4.691327747250381e-6,0.00555390260835069,9.917683229197659e-5
1770784022994093741,5,4,0,4,3,0,3,1,0,1,4.0,0.0,4.0,3.0,0.0,3.0,1.0,0.0,1.0,0.75,0.0,0.75,0.0,2,0,4,9.0,0.0,7.0,30,1,271,0.0,7.934146583358127e-5,0.0,0.0,0.2,0.0,0.0,0.0,0.0,0.0,0.0,0.0,0.0,0.0005658156847711592,0.0,0.0006548788474132286,0.0,3.029066490722876e-5,2.665303604831977e-6,0.002975304968759298,9.917683229197659e-5
1659444848232500641,4,6,0,6,5,0,5,1,0,1,6.0,0.0,6.0,5.0,0.0,5.0,1.0,0.0,1.0,0.8333333333333334,0.0,0.8333333333333334,0.0,3,0,6,9.0,0.0,14.0,29,1,239,0.0,0.00011901219875037192,0.0,0.0,0.5238095238095238,0.4444444444444444,0.0,0.0,0.5333333333333333,0.0,0.5333333333333333,0.8,0.0,0.0006202356861686758,0.0,0.0006548788474132288,0.0,5.8837413901557944e-5,2.3505814079514484e-6,0.0028761281364673213,9.917683229197659e-5
1712711728564799009,5,4,0,4,3,0,3,1,0,1,4.0,0.0,4.0,3.0,0.0,3.0,1.0,0.0,1.0,0.75,0.0,0.75,0.0,2,0,4,9.0,0.0,7.0,30,1,271,0.0,7.934146583358127e-5,0.0,0.0,0.2,0.0,0.0,0.0,0.0,0.0,0.0,0.0,0.0,0.0005658156847711592,0.0,0.0006548788474132286,0.0,3.029066490722876e-5,2.665303604831977e-6,0.002975304968759298,9.917683229197659e-5
1257223738210912515,2,8,0,8,8,0,8,0,0,0,8.0,0.0,8.0,8.0,0.0,8.0,0.0,0.0,0.0,1.0,0.0,1.0,0.0,4,0,8,15.0,0.0,23.0,32,1,415,0.0,0.00015868293166716255,0.0,0.0,0.4166666666666667,0.34375,0.0,0.0,0.375,0.0,0.375,0.5714285714285714,0.0,0.0005923081076987035,0.0,0.0006548788474132299,0.0001965830744622421,0.0,4.0815534907943565e-6,0.003173658633343251,9.917683229197659e-5
1635217705340503074,2,5,0,5,5,0,5,0,0,0,5.0,0.0,5.0,5.0,0.0,5.0,0.0,0.0,0.0,1.0,0.0,1.0,0.0,3,0,5,13.0,0.0,9.0,30,1,414,0.0,9.917683229197659e-5,0.0,0.0,0.4,0.28,0.0,0.0,0.3,0.0,0.3,0.5,0.0,0.00056251343731909,0.0,0.0006548788474132304,0.00012268863120568074,0.0,4.0717184221418395e-6,0.002975304968759298,9.917683229197659e-5
1609379322508873615,2,10,0,10,10,0,10,0,0,0,10.0,0.0,10.0,10.0,0.0,10.0,0.0,0.0,0.0,1.0,0.0,1.0,0.0,4,0,10,17.0,0.0,30.0,42,1,425,0.0,0.00019835366458395318,0.0,0.0,0.43636363636363634,0.38,0.0,0.0,0.4111111111111111,0.0,0.4111111111111111,0.6888888888888889,0.0,0.0006170351081667572,0.0,0.0006548788474132299,0.00024596345318317336,0.0,4.179904177319521e-6,0.0041654269562630165,9.917683229197659e-5
1395631844900210212,2,8,0,8,8,0,8,0,0,0,8.0,0.0,8.0,8.0,0.0,8.0,0.0,0.0,0.0,1.0,0.0,1.0,0.0,4,0,8,16.0,0.0,23.0,25,1,286,0.0,0.00015868293166716255,0.0,0.0,0.4861111111111111,0.421875,0.0,0.0,0.48214285714285715,0.0,0.48214285714285715,0.7857142857142857,0.0,0.0005998801847890013,0.0,0.0006548788474132299,0.0001965830744622421,0.0,2.812829634619725e-6,0.002479420807299415,9.917683229197659e-5
1544429131670753134,2,8,0,8,7,0,7,1,0,1,8.0,0.0,8.0,7.0,0.0,7.0,1.0,0.0,1.0,0.875,0.0,0.875,0.0,4,0,8,16.0,0.0,23.0,44,1,454,0.0,0.00015868293166716255,0.0,0.0,0.3888888888888889,0.3125,0.0,0.0,0.3392857142857143,0.0,0.3392857142857143,0.4642857142857143,0.0,0.000591086175054341,0.0,0.0006548788474132298,8.760433309995541e-5,0.0,4.4651211682425e-6,0.0043637806208469705,9.917683229197659e-5
1557003943249184643,2,7,0,7,7,0,7,0,0,0,7.0,0.0,7.0,7.0,0.0,7.0,0.0,0.0,0.0,1.0,0.0,1.0,0.0,4,0,7,15.0,0.0,15.0,25,1,286,0.0,0.00013884756520876723,0.0,0.0,0.5,0.42857142857142855,0.0,0.0,0.5,0.0,0.5,0.8095238095238095,0.0,0.0005894035574532561,0.0,0.0006548788474132299,0.000171928123460785,0.0,2.812829634619725e-6,0.002479420807299415,9.917683229197659e-5
1247574656936840258,2,8,0,8,8,0,8,0,0,0,8.0,0.0,8.0,8.0,0.0,8.0,0.0,0.0,0.0,1.0,0.0,1.0,0.0,4,0,8,16.0,0.0,23.0,25,1,286,0.0,0.00015868293166716255,0.0,0.0,0.4861111111111111,0.421875,0.0,0.0,0.48214285714285715,0.0,0.48214285714285715,0.7857142857142857,0.0,0.0005998801847890013,0.0,0.0006548788474132299,0.0001965830744622421,0.0,2.812829634619725e-6,0.002479420807299415,9.917683229197659e-5
1403391745810499500,5,6,0,6,5,0,5,1,0,1,6.0,0.0,6.0,5.0,0.0,5.0,1.0,0.0,1.0,0.8333333333333334,0.0,0.8333333333333334,0.0,2,0,6,15.0,0.0,14.0,18,1,342,0.0,0.00011901219875037192,0.0,0.0,0.19047619047619047,0.05555555555555555,0.0,0.0,0.06666666666666667,0.0,0.06666666666666667,0.13333333333333333,0.0,0.000575178697684956,0.0,0.0006548788474132286,2.0569133421743935e-5,0.0,3.36359347916065e-6,0.0017851829812555787,9.917683229197659e-5
1407428283737312174,2,7,0,7,7,0,7,0,0,0,7.0,0.0,7.0,7.0,0.0,7.0,0.0,0.0,0.0,1.0,0.0,1.0,0.0,4,0,7,15.0,0.0,15.0,34,1,417,0.0,0.00013884756520876723,0.0,0.0,0.44642857142857145,0.3673469387755102,0.0,0.0,0.40476190476190477,0.0,0.40476190476190477,0.6666666666666666,0.0,0.000584863301235772,0.0,0.0006548788474132301,0.000171928123460785,0.0,4.1012236280993895e-6,0.0033720122979272044,9.917683229197659e-5
1248436760929633957,2,8,0,8,8,0,8,0,0,0,8.0,0.0,8.0,8.0,0.0,8.0,0.0,0.0,0.0,1.0,0.0,1.0,0.0,4,0,8,16.0,0.0,23.0,25,1,286,0.0,0.00015868293166716255,0.0,0.0,0.4861111111111111,0.421875,0.0,0.0,0.48214285714285715,0.0,0.48214285714285715,0.7857142857142857,0.0,0.0005998801847890013,0.0,0.0006548788474132299,0.0001965830744622421,0.0,2.812829634619725e-6,0.002479420807299415,9.917683229197659e-5
1671696859594229305,2,3,0,3,3,0,3,0,0,0,3.0,0.0,3.0,3.0,0.0,3.0,0.0,0.0,0.0,1.0,0.0,1.0,0.0,3,0,3,5.0,0.0,4.0,21,1,245,0.0,5.950609937518596e-5,0.0,0.0,0.3333333333333333,0.1111111111111111,0.0,0.0,0.16666666666666666,0.0,0.16666666666666666,0.3333333333333333,0.0,0.0005494171420254621,0.0,0.0006548788474132305,7.354292941652574e-5,0.0,2.4095918198665476e-6,0.0020827134781315083,9.917683229197659e-5
1802061488182004515,5,9,0,9,8,0,8,1,0,1,9.0,0.0,9.0,8.0,0.0,8.0,1.0,0.0,1.0,0.8888888888888888,0.0,0.8888888888888888,0.0,4,0,9,26.0,0.0,28.0,48,1,351,0.0,0.00017851829812555786,0.0,0.0,0.32222222222222224,0.24691358024691357,0.0,0.0,0.2777777777777778,0.0,0.2777777777777778,0.4722222222222222,0.0,0.0006198822930158533,0.0,0.0006548788474132288,8.377458604902355e-5,0.0,3.452109097033299e-6,0.0047604879500148765,9.917683229197659e-5
1334567699623182967,2,7,0,7,7,0,7,0,0,0,7.0,0.0,7.0,7.0,0.0,7.0,0.0,0.0,0.0,1.0,0.0,1.0,0.0,4,0,7,15.0,0.0,15.0,25,1,286,0.0,0.00013884756520876723,0.0,0.0,0.5,0.42857142857142855,0.0,0.0,0.5,0.0,0.5,0.8095238095238095,0.0,0.0005894035574532561,0.0,0.0006548788474132299,0.000171928123460785,0.0,2.812829634619725e-6,0.002479420807299415,9.917683229197659e-5
1800032274595450505,2,3,0,3,3,0,3,0,0,0,3.0,0.0,3.0,3.0,0.0,3.0,0.0,0.0,0.0,1.0,0.0,1.0,0.0,3,0,3,5.0,0.0,4.0,21,1,245,0.0,5.950609937518596e-5,0.0,0.0,0.3333333333333333,0.1111111111111111,0.0,0.0,0.16666666666666666,0.0,0.16666666666666666,0.3333333333333333,0.0,0.0005494171420254621,0.0,0.0006548788474132305,7.354292941652574e-5,0.0,2.4095918198665476e-6,0.0020827134781315083,9.917683229197659e-5
1432968996340108020,2,3,0,3,3,0,3,0,0,0,3.0,0.0,3.0,3.0,0.0,3.0,0.0,0.0,0.0,1.0,0.0,1.0,0.0,3,0,3,5.0,0.0,4.0,21,1,245,0.0,5.950609937518596e-5,0.0,0.0,0.3333333333333333,0.1111111111111111,0.0,0.0,0.16666666666666666,0.0,0.16666666666666666,0.3333333333333333,0.0,0.0005494171420254621,0.0,0.0006548788474132305,7.354292941652574e-5,0.0,2.4095918198665476e-6,0.0020827134781315083,9.917683229197659e-5
1411862856860698004,5,6,0,6,5,0,5,1,0,1,6.0,0.0,6.0,5.0,0.0,5.0,1.0,0.0,1.0,0.8333333333333334,0.0,0.8333333333333334,0.0,2,0,6,15.0,0.0,14.0,18,1,342,0.0,0.00011901219875037192,0.0,0.0,0.19047619047619047,0.05555555555555555,0.0,0.0,0.06666666666666667,0.0,0.06666666666666667,0.13333333333333333,0.0,0.000575178697684956,0.0,0.0006548788474132286,2.0569133421743935e-5,0.0,3.36359347916065e-6,0.0017851829812555787,9.917683229197659e-5
1487962409791389788,2,6,0,6,6,0,6,0,0,0,6.0,0.0,6.0,6.0,0.0,6.0,0.0,0.0,0.0,1.0,0.0,1.0,0.0,3,0,6,14.0,0.0,14.0,33,1,415,0.0,0.00011901219875037192,0.0,0.0,0.40476190476190477,0.3055555555555556,0.0,0.0,0.3333333333333333,0.0,0.3333333333333333,0.5333333333333333,0.0,0.0005977698081372721,0.0,0.0006548788474132302,0.00014729664683721388,0.0,4.0815534907943565e-6,0.0032728354656352274,9.917683229197659e-5
1610457162641834421,5,6,0,6,5,0,5,1,0,1,6.0,0.0,6.0,5.0,0.0,5.0,1.0,0.0,1.0,0.8333333333333334,0.0,0.8333333333333334,0.0,2,0,6,15.0,0.0,14.0,18,1,342,0.0,0.00011901219875037192,0.0,0.0,0.19047619047619047,0.05555555555555555,0.0,0.0,0.06666666666666667,0.0,0.06666666666666667,0.13333333333333333,0.0,0.000575178697684956,0.0,0.0006548788474132286,2.0569133421743935e-5,0.0,3.36359347916065e-6,0.0017851829812555787,9.917683229197659e-5
1586252778655711522,2,3,0,3,3,0,3,0,0,0,3.0,0.0,3.0,3.0,0.0,3.0,0.0,0.0,0.0,1.0,0.0,1.0,0.0,3,0,3,5.0,0.0,4.0,21,1,245,0.0,5.950609937518596e-5,0.0,0.0,0.3333333333333333,0.1111111111111111,0.0,0.0,0.16666666666666666,0.0,0.16666666666666666,0.3333333333333333,0.0,0.0005494171420254621,0.0,0.0006548788474132305,7.354292941652574e-5,0.0,2.4095918198665476e-6,0.0020827134781315083,9.917683229197659e-5
1490264088213717353,2,3,0,3,3,0,3,0,0,0,3.0,0.0,3.0,3.0,0.0,3.0,0.0,0.0,0.0,1.0,0.0,1.0,0.0,3,0,3,5.0,0.0,4.0,21,1,245,0.0,5.950609937518596e-5,0.0,0.0,0.3333333333333333,0.1111111111111111,0.0,0.0,0.16666666666666666,0.0,0.16666666666666666,0.3333333333333333,0.0,0.0005494171420254621,0.0,0.0006548788474132305,7.354292941652574e-5,0.0,2.4095918198665476e-6,0.0020827134781315083,9.917683229197659e-5
1447670403269921186,2,3,0,3,3,0,3,0,0,0,3.0,0.0,3.0,3.0,0.0,3.0,0.0,0.0,0.0,1.0,0.0,1.0,0.0,3,0,3,5.0,0.0,4.0,21,1,245,0.0,5.950609937518596e-5,0.0,0.0,0.3333333333333333,0.1111111111111111,0.0,0.0,0.16666666666666666,0.0,0.16666666666666666,0.3333333333333333,0.0,0.0005494171420254621,0.0,0.0006548788474132305,7.354292941652574e-5,0.0,2.4095918198665476e-6,0.0020827134781315083,9.917683229197659e-5
1753863715423256796,2,3,0,3,3,0,3,0,0,0,3.0,0.0,3.0,3.0,0.0,3.0,0.0,0.0,0.0,1.0,0.0,1.0,0.0,3,0,3,5.0,0.0,4.0,21,1,245,0.0,5.950609937518596e-5,0.0,0.0,0.3333333333333333,0.1111111111111111,0.0,0.0,0.16666666666666666,0.0,0.16666666666666666,0.3333333333333333,0.0,0.0005494171420254621,0.0,0.0006548788474132305,7.354292941652574e-5,0.0,2.4095918198665476e-6,0.0020827134781315083,9.917683229197659e-5
1551887369928443019,2,3,0,3,3,0,3,0,0,0,3.0,0.0,3.0,3.0,0.0,3.0,0.0,0.0,0.0,1.0,0.0,1.0,0.0,3,0,3,5.0,0.0,4.0,21,1,245,0.0,5.950609937518596e-5,0.0,0.0,0.3333333333333333,0.1111111111111111,0.0,0.0,0.16666666666666666,0.0,0.16666666666666666,0.3333333333333333,0.0,0.0005494171420254621,0.0,0.0006548788474132305,7.354292941652574e-5,0.0,2.4095918198665476e-6,0.0020827134781315083,9.917683229197659e-5
1324067582520594131,2,3,0,3,3,0,3,0,0,0,3.0,0.0,3.0,3.0,0.0,3.0,0.0,0.0,0.0,1.0,0.0,1.0,0.0,3,0,3,5.0,0.0,4.0,21,1,245,0.0,5.950609937518596e-5,0.0,0.0,0.3333333333333333,0.1111111111111111,0.0,0.0,0.16666666666666666,0.0,0.16666666666666666,0.3333333333333333,0.0,0.0005494171420254621,0.0,0.0006548788474132305,7.354292941652574e-5,0.0,2.4095918198665476e-6,0.0020827134781315083,9.917683229197659e-5
1759540936586561390,2,3,0,3,3,0,3,0,0,0,3.0,0.0,3.0,3.0,0.0,3.0,0.0,0.0,0.0,1.0,0.0,1.0,0.0,3,0,3,5.0,0.0,4.0,21,1,245,0.0,5.950609937518596e-5,0.0,0.0,0.3333333333333333,0.1111111111111111,0.0,0.0,0.16666666666666666,0.0,0.16666666666666666,0.3333333333333333,0.0,0.0005494171420254621,0.0,0.0006548788474132305,7.354292941652574e-5,0.0,2.4095918198665476e-6,0.0020827134781315083,9.917683229197659e-5
1810475265474693601,2,3,0,3,3,0,3,0,0,0,3.0,0.0,3.0,3.0,0.0,3.0,0.0,0.0,0.0,1.0,0.0,1.0,0.0,3,0,3,5.0,0.0,4.0,21,1,245,0.0,5.950609937518596e-5,0.0,0.0,0.3333333333333333,0.1111111111111111,0.0,0.0,0.16666666666666666,0.0,0.16666666666666666,0.3333333333333333,0.0,0.0005494171420254621,0.0,0.0006548788474132305,7.354292941652574e-5,0.0,2.4095918198665476e-6,0.0020827134781315083,9.917683229197659e-5
1369983010870397958,2,8,0,8,8,0,8,0,0,0,8.0,0.0,8.0,8.0,0.0,8.0,0.0,0.0,0.0,1.0,0.0,1.0,0.0,4,0,8,16.0,0.0,23.0,25,1,286,0.0,0.00015868293166716255,0.0,0.0,0.4861111111111111,0.421875,0.0,0.0,0.48214285714285715,0.0,0.48214285714285715,0.7857142857142857,0.0,0.0005998801847890013,0.0,0.0006548788474132299,0.0001965830744622421,0.0,2.812829634619725e-6,0.002479420807299415,9.917683229197659e-5
1536850790658869927,5,6,0,6,5,0,5,1,0,1,6.0,0.0,6.0,5.0,0.0,5.0,1.0,0.0,1.0,0.8333333333333334,0.0,0.8333333333333334,0.0,2,0,6,15.0,0.0,14.0,18,1,342,0.0,0.00011901219875037192,0.0,0.0,0.19047619047619047,0.05555555555555555,0.0,0.0,0.06666666666666667,0.0,0.06666666666666667,0.13333333333333333,0.0,0.000575178697684956,0.0,0.0006548788474132286,2.0569133421743935e-5,0.0,3.36359347916065e-6,0.0017851829812555787,9.917683229197659e-5
1214221732991208799,4,10,0,10,6,0,6,4,0,4,10.0,0.0,10.0,6.0,0.0,6.0,4.0,0.0,4.0,0.6,0.0,0.6,0.0,3,0,8,26.0,0.0,26.0,34,1,365,0.0,0.00019835366458395318,0.0,0.0,0.16363636363636364,0.08,0.0,0.0,0.08888888888888889,0.0,0.08888888888888889,0.15555555555555556,0.0,0.0007502915592669675,0.0,0.0006548788474132293,0.0,0.00034097227471352465,3.58980005816853e-6,0.0033720122979272044,9.917683229197659e-5
1437372589684033428,2,3,0,3,3,0,3,0,0,0,3.0,0.0,3.0,3.0,0.0,3.0,0.0,0.0,0.0,1.0,0.0,1.0,0.0,3,0,3,5.0,0.0,4.0,21,1,245,0.0,5.950609937518596e-5,0.0,0.0,0.3333333333333333,0.1111111111111111,0.0,0.0,0.16666666666666666,0.0,0.16666666666666666,0.3333333333333333,0.0,0.0005494171420254621,0.0,0.0006548788474132305,7.354292941652574e-5,0.0,2.4095918198665476e-6,0.0020827134781315083,9.917683229197659e-5
1647660373978907184,2,3,0,3,3,0,3,0,0,0,3.0,0.0,3.0,3.0,0.0,3.0,0.0,0.0,0.0,1.0,0.0,1.0,0.0,3,0,3,5.0,0.0,4.0,21,1,245,0.0,5.950609937518596e-5,0.0,0.0,0.3333333333333333,0.1111111111111111,0.0,0.0,0.16666666666666666,0.0,0.16666666666666666,0.3333333333333333,0.0,0.0005494171420254621,0.0,0.0006548788474132305,7.354292941652574e-5,0.0,2.4095918198665476e-6,0.0020827134781315083,9.917683229197659e-5
1282666157542737684,2,3,0,3,3,0,3,0,0,0,3.0,0.0,3.0,3.0,0.0,3.0,0.0,0.0,0.0,1.0,0.0,1.0,0.0,3,0,3,5.0,0.0,4.0,21,1,245,0.0,5.950609937518596e-5,0.0,0.0,0.3333333333333333,0.1111111111111111,0.0,0.0,0.16666666666666666,0.0,0.16666666666666666,0.3333333333333333,0.0,0.0005494171420254621,0.0,0.0006548788474132305,7.354292941652574e-5,0.0,2.4095918198665476e-6,0.0020827134781315083,9.917683229197659e-5
1301173672773422916,2,8,0,8,8,0,8,0,0,0,8.0,0.0,8.0,8.0,0.0,8.0,0.0,0.0,0.0,1.0,0.0,1.0,0.0,4,0,8,16.0,0.0,23.0,25,1,286,0.0,0.00015868293166716255,0.0,0.0,0.4861111111111111,0.421875,0.0,0.0,0.48214285714285715,0.0,0.48214285714285715,0.7857142857142857,0.0,0.0005998801847890013,0.0,0.0006548788474132299,0.0001965830744622421,0.0,2.812829634619725e-6,0.002479420807299415,9.917683229197659e-5
1415111658522545855,2,3,0,3,3,0,3,0,0,0,3.0,0.0,3.0,3.0,0.0,3.0,0.0,0.0,0.0,1.0,0.0,1.0,0.0,3,0,3,5.0,0.0,4.0,21,1,245,0.0,5.950609937518596e-5,0.0,0.0,0.3333333333333333,0.1111111111111111,0.0,0.0,0.16666666666666666,0.0,0.16666666666666666,0.3333333333333333,0.0,0.0005494171420254621,0.0,0.0006548788474132305,7.354292941652574e-5,0.0,2.4095918198665476e-6,0.0020827134781315083,9.917683229197659e-5
1713122338687419462,2,6,0,6,6,0,6,0,0,0,6.0,0.0,6.0,6.0,0.0,6.0,0.0,0.0,0.0,1.0,0.0,1.0,0.0,3,0,6,14.0,0.0,14.0,32,1,414,0.0,0.00011901219875037192,0.0,0.0,0.40476190476190477,0.3055555555555556,0.0,0.0,0.3333333333333333,0.0,0.3333333333333333,0.5333333333333333,0.0,0.0005701422725683857,0.0,0.0006548788474132301,0.00014729664683721388,0.0,4.0717184221418395e-6,0.003173658633343251,9.917683229197659e-5
1547185935345519197,2,3,0,3,3,0,3,0,0,0,3.0,0.0,3.0,3.0,0.0,3.0,0.0,0.0,0.0,1.0,0.0,1.0,0.0,3,0,3,5.0,0.0,4.0,21,1,245,0.0,5.950609937518596e-5,0.0,0.0,0.3333333333333333,0.1111111111111111,0.0,0.0,0.16666666666666666,0.0,0.16666666666666666,0.3333333333333333,0.0,0.0005494171420254621,0.0,0.0006548788474132305,7.354292941652574e-5,0.0,2.4095918198665476e-6,0.0020827134781315083,9.917683229197659e-5
1690858153886877195,2,5,0,5,5,0,5,0,0,0,5.0,0.0,5.0,5.0,0.0,5.0,0.0,0.0,0.0,1.0,0.0,1.0,0.0,3,0,5,13.0,0.0,9.0,22,1,259,0.0,9.917683229197659e-5,0.0,0.0,0.4,0.28,0.0,0.0,0.35,0.0,0.35,0.6,0.0,0.0005694534279835646,0.0,0.0006548788474132296,0.00012268863120568074,0.0,2.547282781001779e-6,0.0021818903104234852,9.917683229197659e-5
1250320008559461239,2,3,0,3,3,0,3,0,0,0,3.0,0.0,3.0,3.0,0.0,3.0,0.0,0.0,0.0,1.0,0.0,1.0,0.0,3,0,3,5.0,0.0,4.0,21,1,245,0.0,5.950609937518596e-5,0.0,0.0,0.3333333333333333,0.1111111111111111,0.0,0.0,0.16666666666666666,0.0,0.16666666666666666,0.3333333333333333,0.0,0.0005494171420254621,0.0,0.0006548788474132305,7.354292941652574e-5,0.0,2.4095918198665476e-6,0.0020827134781315083,9.917683229197659e-5
1313694176201672134,2,3,0,3,3,0,3,0,0,0,3.0,0.0,3.0,3.0,0.0,3.0,0.0,0.0,0.0,1.0,0.0,1.0,0.0,3,0,3,5.0,0.0,4.0,21,1,245,0.0,5.950609937518596e-5,0.0,0.0,0.3333333333333333,0.1111111111111111,0.0,0.0,0.16666666666666666,0.0,0.16666666666666666,0.3333333333333333,0.0,0.0005494171420254621,0.0,0.0006548788474132305,7.354292941652574e-5,0.0,2.4095918198665476e-6,0.0020827134781315083,9.917683229197659e-5
1236841497685395202,2,3,0,3,3,0,3,0,0,0,3.0,0.0,3.0,3.0,0.0,3.0,0.0,0.0,0.0,1.0,0.0,1.0,0.0,3,0,3,5.0,0.0,4.0,21,1,245,0.0,5.950609937518596e-5,0.0,0.0,0.3333333333333333,0.1111111111111111,0.0,0.0,0.16666666666666666,0.0,0.16666666666666666,0.3333333333333333,0.0,0.0005494171420254621,0.0,0.0006548788474132305,7.354292941652574e-5,0.0,2.4095918198665476e-6,0.0020827134781315083,9.917683229197659e-5
1254035955262685762,2,3,0,3,3,0,3,0,0,0,3.0,0.0,3.0,3.0,0.0,3.0,0.0,0.0,0.0,1.0,0.0,1.0,0.0,3,0,3,5.0,0.0,4.0,21,1,245,0.0,5.950609937518596e-5,0.0,0.0,0.3333333333333333,0.1111111111111111,0.0,0.0,0.16666666666666666,0.0,0.16666666666666666,0.3333333333333333,0.0,0.0005494171420254621,0.0,0.0006548788474132305,7.354292941652574e-5,0.0,2.4095918198665476e-6,0.0020827134781315083,9.917683229197659e-5
1298403877917296984,2,3,0,3,3,0,3,0,0,0,3.0,0.0,3.0,3.0,0.0,3.0,0.0,0.0,0.0,1.0,0.0,1.0,0.0,3,0,3,5.0,0.0,4.0,21,1,245,0.0,5.950609937518596e-5,0.0,0.0,0.3333333333333333,0.1111111111111111,0.0,0.0,0.16666666666666666,0.0,0.16666666666666666,0.3333333333333333,0.0,0.0005494171420254621,0.0,0.0006548788474132305,7.354292941652574e-5,0.0,2.4095918198665476e-6,0.0020827134781315083,9.917683229197659e-5
1463378151533971703,2,3,0,3,3,0,3,0,0,0,3.0,0.0,3.0,3.0,0.0,3.0,0.0,0.0,0.0,1.0,0.0,1.0,0.0,3,0,3,5.0,0.0,4.0,21,1,245,0.0,5.950609937518596e-5,0.0,0.0,0.3333333333333333,0.1111111111111111,0.0,0.0,0.16666666666666666,0.0,0.16666666666666666,0.3333333333333333,0.0,0.0005494171420254621,0.0,0.0006548788474132305,7.354292941652574e-5,0.0,2.4095918198665476e-6,0.0020827134781315083,9.917683229197659e-5
1373787556860134462,2,3,0,3,3,0,3,0,0,0,3.0,0.0,3.0,3.0,0.0,3.0,0.0,0.0,0.0,1.0,0.0,1.0,0.0,3,0,3,5.0,0.0,4.0,21,1,245,0.0,5.950609937518596e-5,0.0,0.0,0.3333333333333333,0.1111111111111111,0.0,0.0,0.16666666666666666,0.0,0.16666666666666666,0.3333333333333333,0.0,0.0005494171420254621,0.0,0.0006548788474132305,7.354292941652574e-5,0.0,2.4095918198665476e-6,0.0020827134781315083,9.917683229197659e-5
1333414255965241524,5,6,0,6,5,0,5,1,0,1,6.0,0.0,6.0,5.0,0.0,5.0,1.0,0.0,1.0,0.8333333333333334,0.0,0.8333333333333334,0.0,2,0,6,15.0,0.0,14.0,18,1,342,0.0,0.00011901219875037192,0.0,0.0,0.19047619047619047,0.05555555555555555,0.0,0.0,0.06666666666666667,0.0,0.06666666666666667,0.13333333333333333,0.0,0.000575178697684956,0.0,0.0006548788474132286,2.0569133421743935e-5,0.0,3.36359347916065e-6,0.0017851829812555787,9.917683229197659e-5
1733115665033726319,2,3,0,3,3,0,3,0,0,0,3.0,0.0,3.0,3.0,0.0,3.0,0.0,0.0,0.0,1.0,0.0,1.0,0.0,3,0,3,5.0,0.0,4.0,21,1,245,0.0,5.950609937518596e-5,0.0,0.0,0.3333333333333333,0.1111111111111111,0.0,0.0,0.16666666666666666,0.0,0.16666666666666666,0.3333333333333333,0.0,0.0005494171420254621,0.0,0.0006548788474132305,7.354292941652574e-5,0.0,2.4095918198665476e-6,0.0020827134781315083,9.917683229197659e-5
1262791129426824261,2,12,0,12,7,0,7,5,0,5,12.0,0.0,12.0,7.0,0.0,7.0,5.0,0.0,5.0,0.5833333333333334,0.0,0.5833333333333334,0.0,4,0,11,34.0,0.0,37.0,63,1,559,0.0,0.00023802439750074384,0.0,0.0,0.2564102564102564,0.19444444444444445,0.0,0.0,0.20454545454545456,0.0,0.20454545454545456,0.3181818181818182,0.0,0.0006249552535522262,0.0,0.0006548788474132293,0.0,0.0002497934650367295,5.497803376756735e-6,0.006248140434394526,9.917683229197659e-5
1848346365709517994,5,6,0,6,5,0,5,1,0,1,6.0,0.0,6.0,5.0,0.0,5.0,1.0,0.0,1.0,0.8333333333333334,0.0,0.8333333333333334,0.0,2,0,6,15.0,0.0,14.0,18,1,342,0.0,0.00011901219875037192,0.0,0.0,0.19047619047619047,0.05555555555555555,0.0,0.0,0.06666666666666667,0.0,0.06666666666666667,0.13333333333333333,0.0,0.000575178697684956,0.0,0.0006548788474132286,2.0569133421743935e-5,0.0,3.36359347916065e-6,0.0017851829812555787,9.917683229197659e-5
1850529303670817636,4,9,0,9,5,0,5,4,0,4,9.0,0.0,9.0,5.0,0.0,5.0,4.0,0.0,4.0,0.5555555555555556,0.0,0.5555555555555556,0.0,3,0,8,26.0,0.0,23.0,32,1,371,0.0,0.00017851829812555786,0.0,0.0,0.16666666666666666,0.07407407407407407,0.0,0.0,0.08333333333333333,0.0,0.08333333333333333,0.1388888888888889,0.0,0.0007167494091089871,0.0,0.0006548788474132293,0.0,0.0003396136158085872,3.648810470083629e-6,0.003173658633343251,9.917683229197659e-5
1302067492167877250,5,6,0,6,5,0,5,1,0,1,6.0,0.0,6.0,5.0,0.0,5.0,1.0,0.0,1.0,0.8333333333333334,0.0,0.8333333333333334,0.0,2,0,6,15.0,0.0,14.0,18,1,342,0.0,0.00011901219875037192,0.0,0.0,0.19047619047619047,0.05555555555555555,0.0,0.0,0.06666666666666667,0.0,0.06666666666666667,0.13333333333333333,0.0,0.000575178697684956,0.0,0.0006548788474132286,2.0569133421743935e-5,0.0,3.36359347916065e-6,0.0017851829812555787,9.917683229197659e-5
1396165313724157857,2,8,0,8,8,0,8,0,0,0,8.0,0.0,8.0,8.0,0.0,8.0,0.0,0.0,0.0,1.0,0.0,1.0,0.0,4,0,8,16.0,0.0,23.0,38,1,420,0.0,0.00015868293166716255,0.0,0.0,0.4305555555555556,0.359375,0.0,0.0,0.39285714285714285,0.0,0.39285714285714285,0.6785714285714286,0.0,0.0005914949430357146,0.0,0.00065487884741323,0.0001965830744622421,0.0,4.130728834056939e-6,0.0037687196270951104,9.917683229197659e-5
1836752750570899596,2,3,0,3,3,0,3,0,0,0,3.0,0.0,3.0,3.0,0.0,3.0,0.0,0.0,0.0,1.0,0.0,1.0,0.0,3,0,3,5.0,0.0,4.0,21,1,245,0.0,5.950609937518596e-5,0.0,0.0,0.3333333333333333,0.1111111111111111,0.0,0.0,0.16666666666666666,0.0,0.16666666666666666,0.3333333333333333,0.0,0.0005494171420254621,0.0,0.0006548788474132305,7.354292941652574e-5,0.0,2.4095918198665476e-6,0.0020827134781315083,9.917683229197659e-5
1271600888510677037,5,6,0,6,5,0,5,1,0,1,6.0,0.0,6.0,5.0,0.0,5.0,1.0,0.0,1.0,0.8333333333333334,0.0,0.8333333333333334,0.0,2,0,6,15.0,0.0,14.0,18,1,342,0.0,0.00011901219875037192,0.0,0.0,0.19047619047619047,0.05555555555555555,0.0,0.0,0.06666666666666667,0.0,0.06666666666666667,0.13333333333333333,0.0,0.000575178697684956,0.0,0.0006548788474132286,2.0569133421743935e-5,0.0,3.36359347916065e-6,0.0017851829812555787,9.917683229197659e-5
1853975096272619952,2,3,0,3,3,0,3,0,0,0,3.0,0.0,3.0,3.0,0.0,3.0,0.0,0.0,0.0,1.0,0.0,1.0,0.0,3,0,3,5.0,0.0,4.0,21,1,245,0.0,5.950609937518596e-5,0.0,0.0,0.3333333333333333,0.1111111111111111,0.0,0.0,0.16666666666666666,0.0,0.16666666666666666,0.3333333333333333,0.0,0.0005494171420254621,0.0,0.0006548788474132305,7.354292941652574e-5,0.0,2.4095918198665476e-6,0.0020827134781315083,9.917683229197659e-5
1254502652281094876,2,3,0,3,3,0,3,0,0,0,3.0,0.0,3.0,3.0,0.0,3.0,0.0,0.0,0.0,1.0,0.0,1.0,0.0,3,0,3,5.0,0.0,4.0,21,1,245,0.0,5.950609937518596e-5,0.0,0.0,0.3333333333333333,0.1111111111111111,0.0,0.0,0.16666666666666666,0.0,0.16666666666666666,0.3333333333333333,0.0,0.0005494171420254621,0.0,0.0006548788474132305,7.354292941652574e-5,0.0,2.4095918198665476e-6,0.0020827134781315083,9.917683229197659e-5
1279356202429449577,2,7,0,7,7,0,7,0,0,0,7.0,0.0,7.0,7.0,0.0,7.0,0.0,0.0,0.0,1.0,0.0,1.0,0.0,4,0,7,15.0,0.0,15.0,37,1,417,0.0,0.00013884756520876723,0.0,0.0,0.4107142857142857,0.32653061224489793,0.0,0.0,0.35714285714285715,0.0,0.35714285714285715,0.5714285714285714,0.0,0.0005767739143683283,0.0,0.00065487884741323,0.000171928123460785,0.0,4.1012236280993895e-6,0.003669542794803134,9.917683229197659e-5
1231384791912288139,2,3,0,3,3,0,3,0,0,0,3.0,0.0,3.0,3.0,0.0,3.0,0.0,0.0,0.0,1.0,0.0,1.0,0.0,3,0,3,5.0,0.0,4.0,21,1,245,0.0,5.950609937518596e-5,0.0,0.0,0.3333333333333333,0.1111111111111111,0.0,0.0,0.16666666666666666,0.0,0.16666666666666666,0.3333333333333333,0.0,0.0005494171420254621,0.0,0.0006548788474132305,7.354292941652574e-5,0.0,2.4095918198665476e-6,0.0020827134781315083,9.917683229197659e-5
1812938705694884467,2,3,0,3,3,0,3,0,0,0,3.0,0.0,3.0,3.0,0.0,3.0,0.0,0.0,0.0,1.0,0.0,1.0,0.0,3,0,3,5.0,0.0,4.0,21,1,245,0.0,5.950609937518596e-5,0.0,0.0,0.3333333333333333,0.1111111111111111,0.0,0.0,0.16666666666666666,0.0,0.16666666666666666,0.3333333333333333,0.0,0.0005494171420254621,0.0,0.0006548788474132305,7.354292941652574e-5,0.0,2.4095918198665476e-6,0.0020827134781315083,9.917683229197659e-5
1502154908428667166,2,3,0,3,3,0,3,0,0,0,3.0,0.0,3.0,3.0,0.0,3.0,0.0,0.0,0.0,1.0,0.0,1.0,0.0,3,0,3,5.0,0.0,4.0,21,1,245,0.0,5.950609937518596e-5,0.0,0.0,0.3333333333333333,0.1111111111111111,0.0,0.0,0.16666666666666666,0.0,0.16666666666666666,0.3333333333333333,0.0,0.0005494171420254621,0.0,0.0006548788474132305,7.354292941652574e-5,0.0,2.4095918198665476e-6,0.0020827134781315083,9.917683229197659e-5
1818053082072747428,2,8,0,8,8,0,8,0,0,0,8.0,0.0,8.0,8.0,0.0,8.0,0.0,0.0,0.0,1.0,0.0,1.0,0.0,4,0,8,16.0,0.0,23.0,25,1,286,0.0,0.00015868293166716255,0.0,0.0,0.4861111111111111,0.421875,0.0,0.0,0.48214285714285715,0.0,0.48214285714285715,0.7857142857142857,0.0,0.0005998801847890013,0.0,0.0006548788474132299,0.0001965830744622421,0.0,2.812829634619725e-6,0.002479420807299415,9.917683229197659e-5
1545607178247737114,2,3,0,3,3,0,3,0,0,0,3.0,0.0,3.0,3.0,0.0,3.0,0.0,0.0,0.0,1.0,0.0,1.0,0.0,3,0,3,5.0,0.0,4.0,21,1,245,0.0,5.950609937518596e-5,0.0,0.0,0.3333333333333333,0.1111111111111111,0.0,0.0,0.16666666666666666,0.0,0.16666666666666666,0.3333333333333333,0.0,0.0005494171420254621,0.0,0.0006548788474132305,7.354292941652574e-5,0.0,2.4095918198665476e-6,0.0020827134781315083,9.917683229197659e-5
1318324440110466858,2,3,0,3,3,0,3,0,0,0,3.0,0.0,3.0,3.0,0.0,3.0,0.0,0.0,0.0,1.0,0.0,1.0,0.0,3,0,3,5.0,0.0,4.0,21,1,245,0.0,5.950609937518596e-5,0.0,0.0,0.3333333333333333,0.1111111111111111,0.0,0.0,0.16666666666666666,0.0,0.16666666666666666,0.3333333333333333,0.0,0.0005494171420254621,0.0,0.0006548788474132305,7.354292941652574e-5,0.0,2.4095918198665476e-6,0.0020827134781315083,9.917683229197659e-5
1596992110882457642,2,3,0,3,3,0,3,0,0,0,3.0,0.0,3.0,3.0,0.0,3.0,0.0,0.0,0.0,1.0,0.0,1.0,0.0,3,0,3,5.0,0.0,4.0,21,1,245,0.0,5.950609937518596e-5,0.0,0.0,0.3333333333333333,0.1111111111111111,0.0,0.0,0.16666666666666666,0.0,0.16666666666666666,0.3333333333333333,0.0,0.0005494171420254621,0.0,0.0006548788474132305,7.354292941652574e-5,0.0,2.4095918198665476e-6,0.0020827134781315083,9.917683229197659e-5
1541040283490191885,2,3,0,3,3,0,3,0,0,0,3.0,0.0,3.0,3.0,0.0,3.0,0.0,0.0,0.0,1.0,0.0,1.0,0.0,3,0,3,5.0,0.0,4.0,21,1,245,0.0,5.950609937518596e-5,0.0,0.0,0.3333333333333333,0.1111111111111111,0.0,0.0,0.16666666666666666,0.0,0.16666666666666666,0.3333333333333333,0.0,0.0005494171420254621,0.0,0.0006548788474132305,7.354292941652574e-5,0.0,2.4095918198665476e-6,0.0020827134781315083,9.917683229197659e-5
1563437726659773242,2,3,0,3,3,0,3,0,0,0,3.0,0.0,3.0,3.0,0.0,3.0,0.0,0.0,0.0,1.0,0.0,1.0,0.0,3,0,3,5.0,0.0,4.0,21,1,245,0.0,5.950609937518596e-5,0.0,0.0,0.3333333333333333,0.1111111111111111,0.0,0.0,0.16666666666666666,0.0,0.16666666666666666,0.3333333333333333,0.0,0.0005494171420254621,0.0,0.0006548788474132305,7.354292941652574e-5,0.0,2.4095918198665476e-6,0.0020827134781315083,9.917683229197659e-5
1241738522566591232,4,9,0,9,5,0,5,4,0,4,9.0,0.0,9.0,5.0,0.0,5.0,4.0,0.0,4.0,0.5555555555555556,0.0,0.5555555555555556,0.0,3,0,8,26.0,0.0,23.0,32,1,371,0.0,0.00017851829812555786,0.0,0.0,0.16666666666666666,0.07407407407407407,0.0,0.0,0.08333333333333333,0.0,0.08333333333333333,0.1388888888888889,0.0,0.0007167494091089871,0.0,0.0006548788474132293,0.0,0.0003396136158085872,3.648810470083629e-6,0.003173658633343251,9.917683229197659e-5
1414518916213902657,2,3,0,3,3,0,3,0,0,0,3.0,0.0,3.0,3.0,0.0,3.0,0.0,0.0,0.0,1.0,0.0,1.0,0.0,3,0,3,5.0,0.0,4.0,21,1,245,0.0,5.950609937518596e-5,0.0,0.0,0.3333333333333333,0.1111111111111111,0.0,0.0,0.16666666666666666,0.0,0.16666666666666666,0.3333333333333333,0.0,0.0005494171420254621,0.0,0.0006548788474132305,7.354292941652574e-5,0.0,2.4095918198665476e-6,0.0020827134781315083,9.917683229197659e-5
1619064180298482765,2,3,0,3,3,0,3,0,0,0,3.0,0.0,3.0,3.0,0.0,3.0,0.0,0.0,0.0,1.0,0.0,1.0,0.0,3,0,3,5.0,0.0,4.0,21,1,245,0.0,5.950609937518596e-5,0.0,0.0,0.3333333333333333,0.1111111111111111,0.0,0.0,0.16666666666666666,0.0,0.16666666666666666,0.3333333333333333,0.0,0.0005494171420254621,0.0,0.0006548788474132305,7.354292941652574e-5,0.0,2.4095918198665476e-6,0.0020827134781315083,9.917683229197659e-5
1758429516033690497,5,6,0,6,5,0,5,1,0,1,6.0,0.0,6.0,5.0,0.0,5.0,1.0,0.0,1.0,0.8333333333333334,0.0,0.8333333333333334,0.0,2,0,6,15.0,0.0,14.0,18,1,342,0.0,0.00011901219875037192,0.0,0.0,0.19047619047619047,0.05555555555555555,0.0,0.0,0.06666666666666667,0.0,0.06666666666666667,0.13333333333333333,0.0,0.000575178697684956,0.0,0.0006548788474132286,2.0569133421743935e-5,0.0,3.36359347916065e-6,0.0017851829812555787,9.917683229197659e-5
1348500023884645550,5,6,0,6,5,0,5,1,0,1,6.0,0.0,6.0,5.0,0.0,5.0,1.0,0.0,1.0,0.8333333333333334,0.0,0.8333333333333334,0.0,2,0,6,15.0,0.0,14.0,18,1,342,0.0,0.00011901219875037192,0.0,0.0,0.19047619047619047,0.05555555555555555,0.0,0.0,0.06666666666666667,0.0,0.06666666666666667,0.13333333333333333,0.0,0.000575178697684956,0.0,0.0006548788474132286,2.0569133421743935e-5,0.0,3.36359347916065e-6,0.0017851829812555787,9.917683229197659e-5
1221078742391065507,2,7,0,7,7,0,7,0,0,0,7.0,0.0,7.0,7.0,0.0,7.0,0.0,0.0,0.0,1.0,0.0,1.0,0.0,4,0,7,14.0,0.0,15.0,26,1,267,0.0,0.00013884756520876723,0.0,0.0,0.39285714285714285,0.30612244897959184,0.0,0.0,0.35714285714285715,0.0,0.35714285714285715,0.6666666666666666,0.0,0.0005963480573572486,0.0,0.0006548788474132299,0.000171928123460785,0.0,2.625963330221911e-6,0.0025785976395913913,9.917683229197659e-5
1260069553476469134,5,6,0,6,5,0,5,1,0,1,6.0,0.0,6.0,5.0,0.0,5.0,1.0,0.0,1.0,0.8333333333333334,0.0,0.8333333333333334,0.0,2,0,6,15.0,0.0,14.0,18,1,342,0.0,0.00011901219875037192,0.0,0.0,0.19047619047619047,0.05555555555555555,0.0,0.0,0.06666666666666667,0.0,0.06666666666666667,0.13333333333333333,0.0,0.000575178697684956,0.0,0.0006548788474132286,2.0569133421743935e-5,0.0,3.36359347916065e-6,0.0017851829812555787,9.917683229197659e-5
1246099760159394671,2,4,0,4,4,0,4,0,0,0,4.0,0.0,4.0,4.0,0.0,4.0,0.0,0.0,0.0,1.0,0.0,1.0,0.0,3,0,4,9.0,0.0,7.0,27,1,287,0.0,7.934146583358127e-5,0.0,0.0,0.45,0.3125,0.0,0.0,0.4166666666666667,0.0,0.4166666666666667,0.8333333333333334,0.0,0.0005645291663766772,0.0,0.0006548788474132302,9.810406318866427e-5,0.0,2.8226647032722415e-6,0.002677774471883368,9.917683229197659e-5
1830769155943435934,5,6,0,6,5,0,5,1,0,1,6.0,0.0,6.0,5.0,0.0,5.0,1.0,0.0,1.0,0.8333333333333334,0.0,0.8333333333333334,0.0,2,0,6,15.0,0.0,14.0,18,1,342,0.0,0.00011901219875037192,0.0,0.0,0.19047619047619047,0.05555555555555555,0.0,0.0,0.06666666666666667,0.0,0.06666666666666667,0.13333333333333333,0.0,0.000575178697684956,0.0,0.0006548788474132286,2.0569133421743935e-5,0.0,3.36359347916065e-6,0.0017851829812555787,9.917683229197659e-5
1594992452320627263,2,3,0,3,3,0,3,0,0,0,3.0,0.0,3.0,3.0,0.0,3.0,0.0,0.0,0.0,1.0,0.0,1.0,0.0,3,0,3,5.0,0.0,4.0,21,1,245,0.0,5.950609937518596e-5,0.0,0.0,0.3333333333333333,0.1111111111111111,0.0,0.0,0.16666666666666666,0.0,0.16666666666666666,0.3333333333333333,0.0,0.0005494171420254621,0.0,0.0006548788474132305,7.354292941652574e-5,0.0,2.4095918198665476e-6,0.0020827134781315083,9.917683229197659e-5
1251274791772488055,2,8,0,8,8,0,8,0,0,0,8.0,0.0,8.0,8.0,0.0,8.0,0.0,0.0,0.0,1.0,0.0,1.0,0.0,4,0,8,16.0,0.0,23.0,25,1,286,0.0,0.00015868293166716255,0.0,0.0,0.4861111111111111,0.421875,0.0,0.0,0.48214285714285715,0.0,0.48214285714285715,0.7857142857142857,0.0,0.0005998801847890013,0.0,0.0006548788474132299,0.0001965830744622421,0.0,2.812829634619725e-6,0.002479420807299415,9.917683229197659e-5
1219879536317957473,2,4,0,4,4,0,4,0,0,0,4.0,0.0,4.0,4.0,0.0,4.0,0.0,0.0,0.0,1.0,0.0,1.0,0.0,3,0,4,9.0,0.0,7.0,27,1,287,0.0,7.934146583358127e-5,0.0,0.0,0.45,0.3125,0.0,0.0,0.4166666666666667,0.0,0.4166666666666667,0.8333333333333334,0.0,0.0005645291663766772,0.0,0.0006548788474132302,9.810406318866427e-5,0.0,2.8226647032722415e-6,0.002677774471883368,9.917683229197659e-5
1581423811645932546,2,3,0,3,3,0,3,0,0,0,3.0,0.0,3.0,3.0,0.0,3.0,0.0,0.0,0.0,1.0,0.0,1.0,0.0,3,0,3,5.0,0.0,4.0,21,1,245,0.0,5.950609937518596e-5,0.0,0.0,0.3333333333333333,0.1111111111111111,0.0,0.0,0.16666666666666666,0.0,0.16666666666666666,0.3333333333333333,0.0,0.0005494171420254621,0.0,0.0006548788474132305,7.354292941652574e-5,0.0,2.4095918198665476e-6,0.0020827134781315083,9.917683229197659e-5
1622499654170053592,2,3,0,3,3,0,3,0,0,0,3.0,0.0,3.0,3.0,0.0,3.0,0.0,0.0,0.0,1.0,0.0,1.0,0.0,3,0,3,5.0,0.0,4.0,21,1,245,0.0,5.950609937518596e-5,0.0,0.0,0.3333333333333333,0.1111111111111111,0.0,0.0,0.16666666666666666,0.0,0.16666666666666666,0.3333333333333333,0.0,0.0005494171420254621,0.0,0.0006548788474132305,7.354292941652574e-5,0.0,2.4095918198665476e-6,0.0020827134781315083,9.917683229197659e-5
1605741314500986716,2,11,0,11,11,0,11,0,0,0,11.0,0.0,11.0,11.0,0.0,11.0,0.0,0.0,0.0,1.0,0.0,1.0,0.0,4,0,10,17.0,0.0,33.0,40,1,423,0.0,0.0002181890310423485,0.0,0.0,0.4393939393939394,0.3884297520661157,0.0,0.0,0.41818181818181815,0.0,0.41818181818181815,0.6727272727272727,0.0,0.0006532886724342928,0.0,0.0006548788474132298,0.0002706889077157548,0.0,4.160234040014488e-6,0.0039670732916790635,9.917683229197659e-5
1699360823148806725,2,8,0,8,8,0,8,0,0,0,8.0,0.0,8.0,8.0,0.0,8.0,0.0,0.0,0.0,1.0,0.0,1.0,0.0,4,0,8,16.0,0.0,23.0,25,1,286,0.0,0.00015868293166716255,0.0,0.0,0.4861111111111111,0.421875,0.0,0.0,0.48214285714285715,0.0,0.48214285714285715,0.7857142857142857,0.0,0.0005998801847890013,0.0,0.0006548788474132299,0.0001965830744622421,0.0,2.812829634619725e-6,0.002479420807299415,9.917683229197659e-5
1753750615390945801,2,3,0,3,3,0,3,0,0,0,3.0,0.0,3.0,3.0,0.0,3.0,0.0,0.0,0.0,1.0,0.0,1.0,0.0,3,0,3,5.0,0.0,4.0,21,1,245,0.0,5.950609937518596e-5,0.0,0.0,0.3333333333333333,0.1111111111111111,0.0,0.0,0.16666666666666666,0.0,0.16666666666666666,0.3333333333333333,0.0,0.0005494171420254621,0.0,0.0006548788474132305,7.354292941652574e-5,0.0,2.4095918198665476e-6,0.0020827134781315083,9.917683229197659e-5
1297912955211352849,2,3,0,3,3,0,3,0,0,0,3.0,0.0,3.0,3.0,0.0,3.0,0.0,0.0,0.0,1.0,0.0,1.0,0.0,3,0,3,5.0,0.0,4.0,21,1,245,0.0,5.950609937518596e-5,0.0,0.0,0.3333333333333333,0.1111111111111111,0.0,0.0,0.16666666666666666,0.0,0.16666666666666666,0.3333333333333333,0.0,0.0005494171420254621,0.0,0.0006548788474132305,7.354292941652574e-5,0.0,2.4095918198665476e-6,0.0020827134781315083,9.917683229197659e-5
1422149979744505632,2,3,0,3,3,0,3,0,0,0,3.0,0.0,3.0,3.0,0.0,3.0,0.0,0.0,0.0,1.0,0.0,1.0,0.0,3,0,3,5.0,0.0,4.0,21,1,245,0.0,5.950609937518596e-5,0.0,0.0,0.3333333333333333,0.1111111111111111,0.0,0.0,0.16666666666666666,0.0,0.16666666666666666,0.3333333333333333,0.0,0.0005494171420254621,0.0,0.0006548788474132305,7.354292941652574e-5,0.0,2.4095918198665476e-6,0.0020827134781315083,9.917683229197659e-5
1831829397141719096,4,8,0,8,4,0,4,4,0,4,8.0,0.0,8.0,4.0,0.0,4.0,4.0,0.0,4.0,0.5,0.0,0.5,0.0,3,0,8,15.0,0.0,23.0,35,1,345,0.0,0.00015868293166716255,0.0,0.0,0.18055555555555555,0.078125,0.0,0.0,0.08928571428571429,0.0,0.08928571428571429,0.14285714285714285,0.0,0.0007163205302988689,0.0,0.0006548788474132294,0.0,0.0003464976683775767,3.3930986851181996e-6,0.003471189130219181,9.917683229197659e-5
1225793275600832562,2,3,0,3,3,0,3,0,0,0,3.0,0.0,3.0,3.0,0.0,3.0,0.0,0.0,0.0,1.0,0.0,1.0,0.0,3,0,3,5.0,0.0,4.0,21,1,245,0.0,5.950609937518596e-5,0.0,0.0,0.3333333333333333,0.1111111111111111,0.0,0.0,0.16666666666666666,0.0,0.16666666666666666,0.3333333333333333,0.0,0.0005494171420254621,0.0,0.0006548788474132305,7.354292941652574e-5,0.0,2.4095918198665476e-6,0.0020827134781315083,9.917683229197659e-5
1363704256841908880,2,4,0,4,4,0,4,0,0,0,4.0,0.0,4.0,4.0,0.0,4.0,0.0,0.0,0.0,1.0,0.0,1.0,0.0,3,0,4,9.0,0.0,7.0,21,1,259,0.0,7.934146583358127e-5,0.0,0.0,0.45,0.3125,0.0,0.0,0.4166666666666667,0.0,0.4166666666666667,0.6666666666666666,0.0,0.0005589768006478196,0.0,0.0006548788474132296,9.810406318866427e-5,0.0,2.547282781001779e-6,0.0020827134781315083,9.917683229197659e-5
1443723016239320039,2,3,0,3,3,0,3,0,0,0,3.0,0.0,3.0,3.0,0.0,3.0,0.0,0.0,0.0,1.0,0.0,1.0,0.0,3,0,3,5.0,0.0,4.0,21,1,245,0.0,5.950609937518596e-5,0.0,0.0,0.3333333333333333,0.1111111111111111,0.0,0.0,0.16666666666666666,0.0,0.16666666666666666,0.3333333333333333,0.0,0.0005494171420254621,0.0,0.0006548788474132305,7.354292941652574e-5,0.0,2.4095918198665476e-6,0.0020827134781315083,9.917683229197659e-5
1551522469611834394,2,6,0,6,6,0,6,0,0,0,6.0,0.0,6.0,6.0,0.0,6.0,0.0,0.0,0.0,1.0,0.0,1.0,0.0,3,0,6,14.0,0.0,14.0,35,1,417,0.0,0.00011901219875037192,0.0,0.0,0.38095238095238093,0.2777777777777778,0.0,0.0,0.3,0.0,0.3,0.5333333333333333,0.0,0.0005691450791190322,0.0,0.0006548788474132302,0.00014729664683721388,0.0,4.1012236280993895e-6,0.003471189130219181,9.917683229197659e-5
1451199248958752127,2,7,0,7,7,0,7,0,0,0,7.0,0.0,7.0,7.0,0.0,7.0,0.0,0.0,0.0,1.0,0.0,1.0,0.0,4,0,7,14.0,0.0,15.0,26,1,267,0.0,0.00013884756520876723,0.0,0.0,0.39285714285714285,0.30612244897959184,0.0,0.0,0.35714285714285715,0.0,0.35714285714285715,0.6666666666666666,0.0,0.0005963480573572486,0.0,0.0006548788474132299,0.000171928123460785,0.0,2.625963330221911e-6,0.0025785976395913913,9.917683229197659e-5
1445955807471471595,5,6,0,6,5,0,5,1,0,1,6.0,0.0,6.0,5.0,0.0,5.0,1.0,0.0,1.0,0.8333333333333334,0.0,0.8333333333333334,0.0,2,0,6,15.0,0.0,14.0,18,1,342,0.0,0.00011901219875037192,0.0,0.0,0.19047619047619047,0.05555555555555555,0.0,0.0,0.06666666666666667,0.0,0.06666666666666667,0.13333333333333333,0.0,0.000575178697684956,0.0,0.0006548788474132286,2.0569133421743935e-5,0.0,3.36359347916065e-6,0.0017851829812555787,9.917683229197659e-5
1648599513218157468,2,8,0,8,8,0,8,0,0,0,8.0,0.0,8.0,8.0,0.0,8.0,0.0,0.0,0.0,1.0,0.0,1.0,0.0,4,0,8,16.0,0.0,23.0,25,1,286,0.0,0.00015868293166716255,0.0,0.0,0.4861111111111111,0.421875,0.0,0.0,0.48214285714285715,0.0,0.48214285714285715,0.7857142857142857,0.0,0.0005998801847890013,0.0,0.0006548788474132299,0.0001965830744622421,0.0,2.812829634619725e-6,0.002479420807299415,9.917683229197659e-5
1842659932428569311,2,7,0,7,7,0,7,0,0,0,7.0,0.0,7.0,7.0,0.0,7.0,0.0,0.0,0.0,1.0,0.0,1.0,0.0,4,0,7,14.0,0.0,15.0,26,1,267,0.0,0.00013884756520876723,0.0,0.0,0.39285714285714285,0.30612244897959184,0.0,0.0,0.35714285714285715,0.0,0.35714285714285715,0.6666666666666666,0.0,0.0005963480573572486,0.0,0.0006548788474132299,0.000171928123460785,0.0,2.625963330221911e-6,0.0025785976395913913,9.917683229197659e-5
1294344465057580393,2,7,0,7,7,0,7,0,0,0,7.0,0.0,7.0,7.0,0.0,7.0,0.0,0.0,0.0,1.0,0.0,1.0,0.0,4,0,7,14.0,0.0,15.0,26,1,267,0.0,0.00013884756520876723,0.0,0.0,0.39285714285714285,0.30612244897959184,0.0,0.0,0.35714285714285715,0.0,0.35714285714285715,0.6666666666666666,0.0,0.0005963480573572486,0.0,0.0006548788474132299,0.000171928123460785,0.0,2.625963330221911e-6,0.0025785976395913913,9.917683229197659e-5
1432571862210053760,4,8,0,8,5,0,5,3,0,3,8.0,0.0,8.0,5.0,0.0,5.0,3.0,0.0,3.0,0.625,0.0,0.625,0.0,3,0,8,15.0,0.0,23.0,34,1,285,0.0,0.00015868293166716255,0.0,0.0,0.19444444444444445,0.09375,0.0,0.0,0.10714285714285714,0.0,0.10714285714285714,0.17857142857142858,0.0,0.0007217725890726735,0.0,0.0006548788474132294,0.0,0.00023990394431661066,2.8029945659672085e-6,0.0033720122979272044,9.917683229197659e-5
1273416746736288540,2,3,0,3,3,0,3,0,0,0,3.0,0.0,3.0,3.0,0.0,3.0,0.0,0.0,0.0,1.0,0.0,1.0,0.0,3,0,3,5.0,0.0,4.0,21,1,245,0.0,5.950609937518596e-5,0.0,0.0,0.3333333333333333,0.1111111111111111,0.0,0.0,0.16666666666666666,0.0,0.16666666666666666,0.3333333333333333,0.0,0.0005494171420254621,0.0,0.0006548788474132305,7.354292941652574e-5,0.0,2.4095918198665476e-6,0.0020827134781315083,9.917683229197659e-5
1865442033125034820,4,7,0,7,5,0,5,2,0,2,7.0,0.0,7.0,5.0,0.0,5.0,2.0,0.0,2.0,0.7142857142857143,0.0,0.7142857142857143,0.0,3,0,7,13.0,0.0,15.0,33,1,232,0.0,0.00013884756520876723,0.0,0.0,0.23214285714285715,0.12244897959183673,0.0,0.0,0.14285714285714285,0.0,0.14285714285714285,0.23809523809523808,0.0,0.0007262773326489772,0.0,0.0006548788474132296,0.0,0.00014847440462451011,2.2817359273838327e-6,0.0032728354656352274,9.917683229197659e-5
1679956780416763398,2,14,0,14,6,0,6,8,0,8,14.0,0.0,14.0,6.0,0.0,6.0,8.0,0.0,8.0,0.42857142857142855,0.0,0.42857142857142855,0.0,4,0,11,32.0,0.0,37.0,64,1,523,0.0,0.00027769513041753447,0.0,0.0,0.19523809523809524,0.1377551020408163,0.0,0.0,0.14835164835164835,0.0,0.14835164835164835,0.26373626373626374,0.0,0.0006689799514318638,0.0,0.0006548788474132287,0.0,0.00033802078445932526,5.14374090526614e-6,0.006347317266686502,9.917683229197659e-5
1618773320977612892,2,8,0,8,8,0,8,0,0,0,8.0,0.0,8.0,8.0,0.0,8.0,0.0,0.0,0.0,1.0,0.0,1.0,0.0,4,0,8,16.0,0.0,23.0,25,1,286,0.0,0.00015868293166716255,0.0,0.0,0.4861111111111111,0.421875,0.0,0.0,0.48214285714285715,0.0,0.48214285714285715,0.7857142857142857,0.0,0.0005998801847890013,0.0,0.0006548788474132299,0.0001965830744622421,0.0,2.812829634619725e-6,0.002479420807299415,9.917683229197659e-5
1374972218294930219,2,3,0,3,3,0,3,0,0,0,3.0,0.0,3.0,3.0,0.0,3.0,0.0,0.0,0.0,1.0,0.0,1.0,0.0,3,0,3,5.0,0.0,4.0,21,1,245,0.0,5.950609937518596e-5,0.0,0.0,0.3333333333333333,0.1111111111111111,0.0,0.0,0.16666666666666666,0.0,0.16666666666666666,0.3333333333333333,0.0,0.0005494171420254621,0.0,0.0006548788474132305,7.354292941652574e-5,0.0,2.4095918198665476e-6,0.0020827134781315083,9.917683229197659e-5
1766767570490230693,2,3,0,3,3,0,3,0,0,0,3.0,0.0,3.0,3.0,0.0,3.0,0.0,0.0,0.0,1.0,0.0,1.0,0.0,3,0,3,5.0,0.0,4.0,21,1,245,0.0,5.950609937518596e-5,0.0,0.0,0.3333333333333333,0.1111111111111111,0.0,0.0,0.16666666666666666,0.0,0.16666666666666666,0.3333333333333333,0.0,0.0005494171420254621,0.0,0.0006548788474132305,7.354292941652574e-5,0.0,2.4095918198665476e-6,0.0020827134781315083,9.917683229197659e-5
1243774083259173738,2,8,0,8,8,0,8,0,0,0,8.0,0.0,8.0,8.0,0.0,8.0,0.0,0.0,0.0,1.0,0.0,1.0,0.0,4,0,8,16.0,0.0,23.0,38,1,420,0.0,0.00015868293166716255,0.0,0.0,0.4305555555555556,0.359375,0.0,0.0,0.39285714285714285,0.0,0.39285714285714285,0.6785714285714286,0.0,0.0005914949430357146,0.0,0.00065487884741323,0.0001965830744622421,0.0,4.130728834056939e-6,0.0037687196270951104,9.917683229197659e-5
1255178311399640908,2,3,0,3,3,0,3,0,0,0,3.0,0.0,3.0,3.0,0.0,3.0,0.0,0.0,0.0,1.0,0.0,1.0,0.0,3,0,3,5.0,0.0,4.0,21,1,245,0.0,5.950609937518596e-5,0.0,0.0,0.3333333333333333,0.1111111111111111,0.0,0.0,0.16666666666666666,0.0,0.16666666666666666,0.3333333333333333,0.0,0.0005494171420254621,0.0,0.0006548788474132305,7.354292941652574e-5,0.0,2.4095918198665476e-6,0.0020827134781315083,9.917683229197659e-5
1497006956127194867,2,7,0,7,7,0,7,0,0,0,7.0,0.0,7.0,7.0,0.0,7.0,0.0,0.0,0.0,1.0,0.0,1.0,0.0,4,0,7,15.0,0.0,15.0,40,1,440,0.0,0.00013884756520876723,0.0,0.0,0.4642857142857143,0.3877551020408163,0.0,0.0,0.42857142857142855,0.0,0.42857142857142855,0.7142857142857143,0.0,0.00058231079825939,0.0,0.00065487884741323,0.000171928123460785,0.0,4.327430207107269e-6,0.0039670732916790635,9.917683229197659e-5
1831662552942116875,2,8,0,8,8,0,8,0,0,0,8.0,0.0,8.0,8.0,0.0,8.0,0.0,0.0,0.0,1.0,0.0,1.0,0.0,4,0,8,16.0,0.0,23.0,25,1,286,0.0,0.00015868293166716255,0.0,0.0,0.4861111111111111,0.421875,0.0,0.0,0.48214285714285715,0.0,0.48214285714285715,0.7857142857142857,0.0,0.0005998801847890013,0.0,0.0006548788474132299,0.0001965830744622421,0.0,2.812829634619725e-6,0.002479420807299415,9.917683229197659e-5
1318878788271997947,2,3,0,3,3,0,3,0,0,0,3.0,0.0,3.0,3.0,0.0,3.0,0.0,0.0,0.0,1.0,0.0,1.0,0.0,3,0,3,5.0,0.0,4.0,21,1,245,0.0,5.950609937518596e-5,0.0,0.0,0.3333333333333333,0.1111111111111111,0.0,0.0,0.16666666666666666,0.0,0.16666666666666666,0.3333333333333333,0.0,0.0005494171420254621,0.0,0.0006548788474132305,7.354292941652574e-5,0.0,2.4095918198665476e-6,0.0020827134781315083,9.917683229197659e-5
1406251483669727813,2,8,0,8,8,0,8,0,0,0,8.0,0.0,8.0,8.0,0.0,8.0,0.0,0.0,0.0,1.0,0.0,1.0,0.0,4,0,8,16.0,0.0,23.0,25,1,286,0.0,0.00015868293166716255,0.0,0.0,0.4861111111111111,0.421875,0.0,0.0,0.48214285714285715,0.0,0.48214285714285715,0.7857142857142857,0.0,0.0005998801847890013,0.0,0.0006548788474132299,0.0001965830744622421,0.0,2.812829634619725e-6,0.002479420807299415,9.917683229197659e-5
1713682309544152541,2,3,0,3,3,0,3,0,0,0,3.0,0.0,3.0,3.0,0.0,3.0,0.0,0.0,0.0,1.0,0.0,1.0,0.0,3,0,3,5.0,0.0,4.0,21,1,245,0.0,5.950609937518596e-5,0.0,0.0,0.3333333333333333,0.1111111111111111,0.0,0.0,0.16666666666666666,0.0,0.16666666666666666,0.3333333333333333,0.0,0.0005494171420254621,0.0,0.0006548788474132305,7.354292941652574e-5,0.0,2.4095918198665476e-6,0.0020827134781315083,9.917683229197659e-5
1734608551617234490,2,3,0,3,3,0,3,0,0,0,3.0,0.0,3.0,3.0,0.0,3.0,0.0,0.0,0.0,1.0,0.0,1.0,0.0,3,0,3,5.0,0.0,4.0,21,1,245,0.0,5.950609937518596e-5,0.0,0.0,0.3333333333333333,0.1111111111111111,0.0,0.0,0.16666666666666666,0.0,0.16666666666666666,0.3333333333333333,0.0,0.0005494171420254621,0.0,0.0006548788474132305,7.354292941652574e-5,0.0,2.4095918198665476e-6,0.0020827134781315083,9.917683229197659e-5
1758595739539211091,3,6,0,6,6,0,6,0,0,0,6.0,0.0,6.0,6.0,0.0,6.0,0.0,0.0,0.0,1.0,0.0,1.0,0.0,4,0,6,17.0,0.0,14.0,53,1,259,0.0,0.00011901219875037192,0.0,0.0,0.35714285714285715,0.25,0.0,0.0,0.26666666666666666,0.0,0.26666666666666666,0.5333333333333333,0.0,0.0006650772951014357,0.0,0.0006548788474132288,4.8338336351094746e-5,0.0,2.547282781001779e-6,0.00525637211147476,9.917683229197659e-5
1470064795393721730,3,6,0,6,6,0,6,0,0,0,6.0,0.0,6.0,6.0,0.0,6.0,0.0,0.0,0.0,1.0,0.0,1.0,0.0,4,0,6,17.0,0.0,14.0,53,1,259,0.0,0.00011901219875037192,0.0,0.0,0.35714285714285715,0.25,0.0,0.0,0.26666666666666666,0.0,0.26666666666666666,0.5333333333333333,0.0,0.0006650772951014357,0.0,0.0006548788474132288,4.8338336351094746e-5,0.0,2.547282781001779e-6,0.00525637211147476,9.917683229197659e-5
1251136854728641513,3,6,0,6,6,0,6,0,0,0,6.0,0.0,6.0,6.0,0.0,6.0,0.0,0.0,0.0,1.0,0.0,1.0,0.0,4,0,6,17.0,0.0,14.0,53,1,259,0.0,0.00011901219875037192,0.0,0.0,0.35714285714285715,0.25,0.0,0.0,0.26666666666666666,0.0,0.26666666666666666,0.5333333333333333,0.0,0.0006650772951014357,0.0,0.0006548788474132288,4.8338336351094746e-5,0.0,2.547282781001779e-6,0.00525637211147476,9.917683229197659e-5
1356591219261572250,3,6,0,6,6,0,6,0,0,0,6.0,0.0,6.0,6.0,0.0,6.0,0.0,0.0,0.0,1.0,0.0,1.0,0.0,4,0,6,17.0,0.0,14.0,53,1,259,0.0,0.00011901219875037192,0.0,0.0,0.35714285714285715,0.25,0.0,0.0,0.26666666666666666,0.0,0.26666666666666666,0.5333333333333333,0.0,0.0006650772951014357,0.0,0.0006548788474132288,4.8338336351094746e-5,0.0,2.547282781001779e-6,0.00525637211147476,9.917683229197659e-5
1488409853926838090,3,6,0,6,6,0,6,0,0,0,6.0,0.0,6.0,6.0,0.0,6.0,0.0,0.0,0.0,1.0,0.0,1.0,0.0,4,0,6,17.0,0.0,14.0,53,1,259,0.0,0.00011901219875037192,0.0,0.0,0.35714285714285715,0.25,0.0,0.0,0.26666666666666666,0.0,0.26666666666666666,0.5333333333333333,0.0,0.0006650772951014357,0.0,0.0006548788474132288,4.8338336351094746e-5,0.0,2.547282781001779e-6,0.00525637211147476,9.917683229197659e-5
1848940537076256016,3,8,0,8,8,0,8,0,0,0,8.0,0.0,8.0,8.0,0.0,8.0,0.0,0.0,0.0,1.0,0.0,1.0,0.0,4,0,8,31.0,0.0,23.0,51,1,173,0.0,0.00015868293166716255,0.0,0.0,0.4027777777777778,0.328125,0.0,0.0,0.3392857142857143,0.0,0.3392857142857143,0.6071428571428571,0.0,0.0007642722516030192,0.0,0.0006548788474132288,6.458211691429128e-5,0.0,1.701466876885358e-6,0.0050580184468908065,9.917683229197659e-5
1803702260492928181,3,6,0,6,6,0,6,0,0,0,6.0,0.0,6.0,6.0,0.0,6.0,0.0,0.0,0.0,1.0,0.0,1.0,0.0,4,0,6,17.0,0.0,14.0,53,1,259,0.0,0.00011901219875037192,0.0,0.0,0.35714285714285715,0.25,0.0,0.0,0.26666666666666666,0.0,0.26666666666666666,0.5333333333333333,0.0,0.0006650772951014357,0.0,0.0006548788474132288,4.8338336351094746e-5,0.0,2.547282781001779e-6,0.00525637211147476,9.917683229197659e-5
1819089008718775510,3,6,0,6,6,0,6,0,0,0,6.0,0.0,6.0,6.0,0.0,6.0,0.0,0.0,0.0,1.0,0.0,1.0,0.0,4,0,6,17.0,0.0,14.0,53,1,259,0.0,0.00011901219875037192,0.0,0.0,0.35714285714285715,0.25,0.0,0.0,0.26666666666666666,0.0,0.26666666666666666,0.5333333333333333,0.0,0.0006650772951014357,0.0,0.0006548788474132288,4.8338336351094746e-5,0.0,2.547282781001779e-6,0.00525637211147476,9.917683229197659e-5
1857879229396420549,4,12,0,12,3,0,3,9,0,9,12.0,0.0,12.0,3.0,0.0,3.0,9.0,0.0,9.0,0.25,0.0,0.25,0.0,4,0,11,43.0,0.0,33.0,72,1,491,0.0,0.00023802439750074384,0.0,0.0,0.2948717948717949,0.2361111111111111,0.0,0.0,0.23484848484848486,0.0,0.23484848484848486,0.4393939393939394,0.0,0.0007590785222905562,0.0,0.0006548788474132288,0.0,0.00021749145599270214,4.829018708385611e-6,0.007140731925022315,9.917683229197659e-5
1405368657713825348,3,6,0,6,6,0,6,0,0,0,6.0,0.0,6.0,6.0,0.0,6.0,0.0,0.0,0.0,1.0,0.0,1.0,0.0,4,0,6,17.0,0.0,14.0,49,1,167,0.0,0.00011901219875037192,0.0,0.0,0.4523809523809524,0.3611111111111111,0.0,0.0,0.36666666666666664,0.0,0.36666666666666664,0.6666666666666666,0.0,0.0007137063601906389,0.0,0.0006548788474132288,4.8338336351094746e-5,0.0,1.6424564649702589e-6,0.0048596647823068535,9.917683229197659e-5
1800364599099261242,3,4,0,4,4,0,4,0,0,0,4.0,0.0,4.0,4.0,0.0,4.0,0.0,0.0,0.0,1.0,0.0,1.0,0.0,4,0,4,9.0,0.0,7.0,44,1,103,0.0,7.934146583358127e-5,0.0,0.0,0.65,0.5625,0.0,0.0,0.6666666666666666,0.0,0.6666666666666666,1.0,0.0,0.0006935951250267972,0.0,0.0006548788474132289,3.2160109819434624e-5,0.0,1.0130120712092016e-6,0.0043637806208469705,9.917683229197659e-5
1646425386159968101,3,8,0,8,8,0,8,0,0,0,8.0,0.0,8.0,8.0,0.0,8.0,0.0,0.0,0.0,1.0,0.0,1.0,0.0,4,0,8,31.0,0.0,23.0,51,1,173,0.0,0.00015868293166716255,0.0,0.0,0.4027777777777778,0.328125,0.0,0.0,0.3392857142857143,0.0,0.3392857142857143,0.6071428571428571,0.0,0.0007642722516030192,0.0,0.0006548788474132288,6.458211691429128e-5,0.0,1.701466876885358e-6,0.0050580184468908065,9.917683229197659e-5
1466141287668255391,3,8,0,8,8,0,8,0,0,0,8.0,0.0,8.0,8.0,0.0,8.0,0.0,0.0,0.0,1.0,0.0,1.0,0.0,4,0,8,31.0,0.0,23.0,51,1,172,0.0,0.00015868293166716255,0.0,0.0,0.4305555555555556,0.359375,0.0,0.0,0.375,0.0,0.375,0.6785714285714286,0.0,0.0007560464532660359,0.0,0.0006548788474132288,6.458211691429128e-5,0.0,1.6916318082328415e-6,0.0050580184468908065,9.917683229197659e-5
1598121886825318942,3,10,0,10,8,0,8,2,0,2,10.0,0.0,10.0,8.0,0.0,8.0,2.0,0.0,2.0,0.8,0.0,0.8,0.0,4,0,10,31.0,0.0,30.0,59,1,268,0.0,0.00019835366458395318,0.0,0.0,0.24545454545454545,0.17,0.0,0.0,0.15555555555555556,0.0,0.15555555555555556,0.3111111111111111,0.0,0.0007057612817233935,0.0,0.0006548788474132287,0.0,2.6940451047896552e-5,2.6357983988744274e-6,0.005851433105226619,9.917683229197659e-5
1597200135924746160,3,8,0,8,6,0,6,2,0,2,8.0,0.0,8.0,6.0,0.0,6.0,2.0,0.0,2.0,0.75,0.0,0.75,0.0,4,0,8,17.0,0.0,23.0,50,1,263,0.0,0.00015868293166716255,0.0,0.0,0.20833333333333334,0.109375,0.0,0.0,0.08928571428571429,0.0,0.08928571428571429,0.17857142857142858,0.0,0.0006457681009080705,0.0,0.0006548788474132286,0.0,4.320661581547203e-5,2.5866230556118447e-6,0.00495884161459883,9.917683229197659e-5
1539453175180822167,4,8,0,8,2,0,2,6,0,6,8.0,0.0,8.0,2.0,0.0,2.0,6.0,0.0,6.0,0.25,0.0,0.25,0.0,4,0,8,17.0,0.0,23.0,52,1,237,0.0,0.00015868293166716255,0.0,0.0,0.2361111111111111,0.140625,0.0,0.0,0.125,0.0,0.125,0.25,0.0,0.0006814142580628969,0.0,0.0006548788474132287,0.0,4.320661581547203e-5,2.3309112706464153e-6,0.005157195279182783,9.917683229197659e-5
1534439907387245655,3,4,0,4,4,0,4,0,0,0,4.0,0.0,4.0,4.0,0.0,4.0,0.0,0.0,0.0,1.0,0.0,1.0,0.0,4,0,4,9.0,0.0,7.0,47,1,154,0.0,7.934146583358127e-5,0.0,0.0,0.4,0.25,0.0,0.0,0.3333333333333333,0.0,0.3333333333333333,0.5,0.0,0.0006086757825078959,0.0,0.0006548788474132284,3.2160109819434624e-5,0.0,1.5146005724875442e-6,0.0046613111177229,9.917683229197659e-5
1461559192769791460,3,12,0,12,12,0,12,0,0,0,12.0,0.0,12.0,12.0,0.0,12.0,0.0,0.0,0.0,1.0,0.0,1.0,0.0,4,0,12,34.0,0.0,37.0,68,1,259,0.0,0.00023802439750074384,0.0,0.0,0.21153846153846154,0.14583333333333334,0.0,0.0,0.14393939393939395,0.0,0.14393939393939395,0.25757575757575757,0.0,0.0007895472764832658,0.0,0.0006548788474132288,9.726665958798009e-5,0.0,2.547282781001779e-6,0.006744024595854409,9.917683229197659e-5
1457023520365088308,3,10,0,10,8,0,8,2,0,2,10.0,0.0,10.0,8.0,0.0,8.0,2.0,0.0,2.0,0.8,0.0,0.8,0.0,4,0,9,31.0,0.0,28.0,58,1,242,0.0,0.00019835366458395318,0.0,0.0,0.24545454545454545,0.17,0.0,0.0,0.16666666666666666,0.0,0.16666666666666666,0.3333333333333333,0.0,0.0007267175991925452,0.0,0.0006548788474132287,0.0,2.6940451047896552e-5,2.380086613908998e-6,0.005752256272934643,9.917683229197659e-5
1408768413572007155,3,4,0,4,4,0,4,0,0,0,4.0,0.0,4.0,4.0,0.0,4.0,0.0,0.0,0.0,1.0,0.0,1.0,0.0,3,0,4,9.0,0.0,7.0,38,1,102,0.0,7.934146583358127e-5,0.0,0.0,0.3,0.125,0.0,0.0,0.16666666666666666,0.0,0.16666666666666666,0.3333333333333333,0.0,0.0006163122010447115,0.0,0.0006548788474132287,3.2160109819434624e-5,0.0,1.003177002556685e-6,0.0037687196270951104,9.917683229197659e-5
1772904678611224751,3,5,0,5,5,0,5,0,0,0,5.0,0.0,5.0,5.0,0.0,5.0,0.0,0.0,0.0,1.0,0.0,1.0,0.0,4,0,5,13.0,0.0,9.0,48,1,174,0.0,9.917683229197659e-5,0.0,0.0,0.3,0.16,0.0,0.0,0.2,0.0,0.2,0.3,0.0,0.0006309860565761124,0.0,0.0006548788474132286,4.024103381738975e-5,0.0,1.7113019455378746e-6,0.0047604879500148765,9.917683229197659e-5
1273789979742438903,3,16,0,16,16,0,16,0,0,0,16.0,0.0,16.0,16.0,0.0,16.0,0.0,0.0,0.0,1.0,0.0,1.0,0.0,4,0,13,38.0,0.0,45.0,74,1,296,0.0,0.0003173658633343251,0.0,0.0,0.21323529411764705,0.1640625,0.0,0.0,0.1625,0.0,0.1625,0.2916666666666667,0.0,0.0008729787102582758,0.0,0.0006548788474132288,0.00013021437775651012,0.0,2.91118032114489e-6,0.007339085589606268,9.917683229197659e-5
1426897514228877016,3,3,0,3,3,0,3,0,0,0,3.0,0.0,3.0,3.0,0.0,3.0,0.0,0.0,0.0,1.0,0.0,1.0,0.0,3,0,3,5.0,0.0,4.0,28,1,107,0.0,5.950609937518596e-5,0.0,0.0,0.5,0.3333333333333333,0.0,0.0,0.3333333333333333,0.0,0.3333333333333333,0.6666666666666666,0.0,0.0006078158894670697,0.0,0.0006548788474132288,2.4095554393421814e-5,0.0,1.0523523458192677e-6,0.002776951304175345,9.917683229197659e-5
1674659860169363144,3,9,0,9,7,0,7,2,0,2,9.0,0.0,9.0,7.0,0.0,7.0,2.0,0.0,2.0,0.7777777777777778,0.0,0.7777777777777778,0.0,4,0,8,17.0,0.0,27.0,56,1,266,0.0,0.00017851829812555786,0.0,0.0,0.2111111111111111,0.12345679012345678,0.0,0.0,0.09722222222222222,0.0,0.09722222222222222,0.19444444444444445,0.0,0.0006927558685044581,0.0,0.0006548788474132288,0.0,3.508173926303204e-5,2.6161282615693943e-6,0.00555390260835069,9.917683229197659e-5
1514292230129452037,3,8,0,8,8,0,8,0,0,0,8.0,0.0,8.0,8.0,0.0,8.0,0.0,0.0,0.0,1.0,0.0,1.0,0.0,4,0,8,17.0,0.0,23.0,45,1,167,0.0,0.00015868293166716255,0.0,0.0,0.2222222222222222,0.125,0.0,0.0,0.125,0.0,0.125,0.25,0.0,0.0006894601409784799,0.0,0.0006548788474132287,6.458211691429128e-5,0.0,1.6424564649702589e-6,0.0044629574531389465,9.917683229197659e-5
1715333452359794691,3,5,0,5,5,0,5,0,0,0,5.0,0.0,5.0,5.0,0.0,5.0,0.0,0.0,0.0,1.0,0.0,1.0,0.0,4,0,5,13.0,0.0,9.0,48,1,174,0.0,9.917683229197659e-5,0.0,0.0,0.3,0.16,0.0,0.0,0.2,0.0,0.2,0.3,0.0,0.0006309860565761124,0.0,0.0006548788474132286,4.024103381738975e-5,0.0,1.7113019455378746e-6,0.0047604879500148765,9.917683229197659e-5
1456790286536541505,3,8,0,8,8,0,8,0,0,0,8.0,0.0,8.0,8.0,0.0,8.0,0.0,0.0,0.0,1.0,0.0,1.0,0.0,4,0,8,17.0,0.0,23.0,45,1,167,0.0,0.00015868293166716255,0.0,0.0,0.2222222222222222,0.125,0.0,0.0,0.125,0.0,0.125,0.25,0.0,0.0006894601409784799,0.0,0.0006548788474132287,6.458211691429128e-5,0.0,1.6424564649702589e-6,0.0044629574531389465,9.917683229197659e-5
1831422215464158460,3,5,0,5,5,0,5,0,0,0,5.0,0.0,5.0,5.0,0.0,5.0,0.0,0.0,0.0,1.0,0.0,1.0,0.0,4,0,5,13.0,0.0,9.0,48,1,174,0.0,9.917683229197659e-5,0.0,0.0,0.3,0.16,0.0,0.0,0.2,0.0,0.2,0.3,0.0,0.0006309860565761124,0.0,0.0006548788474132286,4.024103381738975e-5,0.0,1.7113019455378746e-6,0.0047604879500148765,9.917683229197659e-5
1853733360006859412,4,8,0,8,2,0,2,6,0,6,8.0,0.0,8.0,2.0,0.0,2.0,6.0,0.0,6.0,0.25,0.0,0.25,0.0,4,0,8,17.0,0.0,23.0,50,1,283,0.0,0.00015868293166716255,0.0,0.0,0.20833333333333334,0.109375,0.0,0.0,0.08928571428571429,0.0,0.08928571428571429,0.17857142857142858,0.0,0.0006426143484766696,0.0,0.0006548788474132286,0.0,4.320661581547203e-5,2.7833244286621754e-6,0.00495884161459883,9.917683229197659e-5
1377363020723782032,3,5,0,5,5,0,5,0,0,0,5.0,0.0,5.0,5.0,0.0,5.0,0.0,0.0,0.0,1.0,0.0,1.0,0.0,4,0,5,9.0,0.0,9.0,35,1,139,0.0,9.917683229197659e-5,0.0,0.0,0.3333333333333333,0.2,0.0,0.0,0.2,0.0,0.2,0.4,0.0,0.0006315985599439415,0.0,0.0006548788474132286,4.024103381738975e-5,0.0,1.3670745426997964e-6,0.003471189130219181,9.917683229197659e-5
1325042696963755829,3,3,0,3,3,0,3,0,0,0,3.0,0.0,3.0,3.0,0.0,3.0,0.0,0.0,0.0,1.0,0.0,1.0,0.0,3,0,3,5.0,0.0,4.0,31,1,92,0.0,5.950609937518596e-5,0.0,0.0,0.4166666666666667,0.2222222222222222,0.0,0.0,0.3333333333333333,0.0,0.3333333333333333,0.6666666666666666,0.0,0.0005949860072046482,0.0,0.0006548788474132288,2.4095554393421814e-5,0.0,9.048263160315199e-7,0.0030744818010512744,9.917683229197659e-5
1358182169431772362,3,9,0,9,7,0,7,2,0,2,9.0,0.0,9.0,7.0,0.0,7.0,2.0,0.0,2.0,0.7777777777777778,0.0,0.7777777777777778,0.0,4,0,9,31.0,0.0,28.0,55,1,266,0.0,0.00017851829812555786,0.0,0.0,0.3,0.2222222222222222,0.0,0.0,0.20833333333333334,0.0,0.20833333333333334,0.4166666666666667,0.0,0.0006809215950768397,0.0,0.0006548788474132286,0.0,3.508173926303204e-5,2.6161282615693943e-6,0.005454725776058713,9.917683229197659e-5
1516739914497003412,3,5,0,5,5,0,5,0,0,0,5.0,0.0,5.0,5.0,0.0,5.0,0.0,0.0,0.0,1.0,0.0,1.0,0.0,4,0,5,13.0,0.0,9.0,48,1,174,0.0,9.917683229197659e-5,0.0,0.0,0.3,0.16,0.0,0.0,0.2,0.0,0.2,0.3,0.0,0.0006309860565761124,0.0,0.0006548788474132286,4.024103381738975e-5,0.0,1.7113019455378746e-6,0.0047604879500148765,9.917683229197659e-5
1321821704174962992,3,3,0,3,3,0,3,0,0,0,3.0,0.0,3.0,3.0,0.0,3.0,0.0,0.0,0.0,1.0,0.0,1.0,0.0,3,0,3,5.0,0.0,4.0,30,1,131,0.0,5.950609937518596e-5,0.0,0.0,0.3333333333333333,0.1111111111111111,0.0,0.0,0.0,0.0,0.0,0.0,0.0,0.0005785618551740148,0.0,0.0006548788474132285,2.4095554393421814e-5,0.0,1.2883939934796641e-6,0.002975304968759298,9.917683229197659e-5
1837366519730799313,3,8,0,8,8,0,8,0,0,0,8.0,0.0,8.0,8.0,0.0,8.0,0.0,0.0,0.0,1.0,0.0,1.0,0.0,4,0,8,17.0,0.0,23.0,45,1,167,0.0,0.00015868293166716255,0.0,0.0,0.2222222222222222,0.125,0.0,0.0,0.125,0.0,0.125,0.25,0.0,0.0006894601409784799,0.0,0.0006548788474132287,6.458211691429128e-5,0.0,1.6424564649702589e-6,0.0044629574531389465,9.917683229197659e-5
1846226766918585183,3,5,0,5,5,0,5,0,0,0,5.0,0.0,5.0,5.0,0.0,5.0,0.0,0.0,0.0,1.0,0.0,1.0,0.0,3,0,5,9.0,0.0,9.0,32,1,117,0.0,9.917683229197659e-5,0.0,0.0,0.26666666666666666,0.12,0.0,0.0,0.15,0.0,0.15,0.3,0.0,0.0006395670526441315,0.0,0.0006548788474132288,4.024103381738975e-5,0.0,1.1507030323444329e-6,0.003173658633343251,9.917683229197659e-5
1460879394644954340,3,4,0,4,4,0,4,0,0,0,4.0,0.0,4.0,4.0,0.0,4.0,0.0,0.0,0.0,1.0,0.0,1.0,0.0,3,0,4,9.0,0.0,7.0,33,1,115,0.0,7.934146583358127e-5,0.0,0.0,0.35,0.1875,0.0,0.0,0.25,0.0,0.25,0.5,0.0,0.0006099200781829401,0.0,0.0006548788474132287,3.2160109819434624e-5,0.0,1.1310328950393998e-6,0.0032728354656352274,9.917683229197659e-5
1676259646198776301,3,5,0,5,5,0,5,0,0,0,5.0,0.0,5.0,5.0,0.0,5.0,0.0,0.0,0.0,1.0,0.0,1.0,0.0,4,0,5,13.0,0.0,9.0,48,1,174,0.0,9.917683229197659e-5,0.0,0.0,0.3,0.16,0.0,0.0,0.2,0.0,0.2,0.3,0.0,0.0006309860565761124,0.0,0.0006548788474132286,4.024103381738975e-5,0.0,1.7113019455378746e-6,0.0047604879500148765,9.917683229197659e-5
1331192131552807249,3,7,0,7,5,0,5,2,0,2,7.0,0.0,7.0,5.0,0.0,5.0,2.0,0.0,2.0,0.7142857142857143,0.0,0.7142857142857143,0.0,4,0,7,17.0,0.0,15.0,47,1,257,0.0,0.00013884756520876723,0.0,0.0,0.23214285714285715,0.12244897959183673,0.0,0.0,0.11904761904761904,0.0,0.11904761904761904,0.23809523809523808,0.0,0.0006205761263405787,0.0,0.0006548788474132285,0.0,5.1315090691561593e-5,2.527612643696746e-6,0.0046613111177229,9.917683229197659e-5
1835912064393020274,3,5,0,5,5,0,5,0,0,0,5.0,0.0,5.0,5.0,0.0,5.0,0.0,0.0,0.0,1.0,0.0,1.0,0.0,4,0,5,13.0,0.0,9.0,48,1,174,0.0,9.917683229197659e-5,0.0,0.0,0.3,0.16,0.0,0.0,0.2,0.0,0.2,0.3,0.0,0.0006309860565761124,0.0,0.0006548788474132286,4.024103381738975e-5,0.0,1.7113019455378746e-6,0.0047604879500148765,9.917683229197659e-5
1635369376355976486,3,2,0,2,2,0,2,0,0,0,2.0,0.0,2.0,2.0,0.0,2.0,0.0,0.0,0.0,1.0,0.0,1.0,0.0,2,0,2,3.0,0.0,2.0,20,1,81,0.0,3.967073291679064e-5,0.0,0.0,0.3333333333333333,0.0,0.0,0.0,0.0,0.0,0.0,0.0,0.0,0.0005674953671085732,0.0,0.0006548788474132285,1.6047357581427946e-5,0.0,7.966405608538382e-7,0.0019835366458395317,9.917683229197659e-5
1670651293103819202,3,10,0,10,8,0,8,2,0,2,10.0,0.0,10.0,8.0,0.0,8.0,2.0,0.0,2.0,0.8,0.0,0.8,0.0,4,0,10,31.0,0.0,30.0,56,1,261,0.0,0.00019835366458395318,0.0,0.0,0.21818181818181817,0.14,0.0,0.0,0.14444444444444443,0.0,0.14444444444444443,0.28888888888888886,0.0,0.0006874807836864099,0.0,0.0006548788474132287,0.0,2.6940451047896552e-5,2.5669529183068117e-6,0.00555390260835069,9.917683229197659e-5
1759480168193197818,4,2,0,2,1,0,1,1,0,1,2.0,0.0,2.0,1.0,0.0,1.0,1.0,0.0,1.0,0.5,0.0,0.5,0.0,2,0,2,3.0,0.0,2.0,24,1,161,0.0,3.967073291679064e-5,0.0,0.0,0.5,0.25,0.0,0.0,0.0,0.0,0.0,0.0,0.0,0.0005549034624822862,0.0,0.000654878847413228,0.0,7.222657560745915e-5,1.5834460530551599e-6,0.0023802439750074383,9.917683229197659e-5
1826829273453824066,4,2,0,2,1,0,1,1,0,1,2.0,0.0,2.0,1.0,0.0,1.0,1.0,0.0,1.0,0.5,0.0,0.5,0.0,2,0,2,3.0,0.0,2.0,24,1,161,0.0,3.967073291679064e-5,0.0,0.0,0.5,0.25,0.0,0.0,0.0,0.0,0.0,0.0,0.0,0.0005549034624822862,0.0,0.000654878847413228,0.0,7.222657560745915e-5,1.5834460530551599e-6,0.0023802439750074383,9.917683229197659e-5
1307643988454410159,4,2,0,2,1,0,1,1,0,1,2.0,0.0,2.0,1.0,0.0,1.0,1.0,0.0,1.0,0.5,0.0,0.5,0.0,2,0,2,3.0,0.0,2.0,24,1,161,0.0,3.967073291679064e-5,0.0,0.0,0.5,0.25,0.0,0.0,0.0,0.0,0.0,0.0,0.0,0.0005549034624822862,0.0,0.000654878847413228,0.0,7.222657560745915e-5,1.5834460530551599e-6,0.0023802439750074383,9.917683229197659e-5
1546315308036263113,4,2,0,2,1,0,1,1,0,1,2.0,0.0,2.0,1.0,0.0,1.0,1.0,0.0,1.0,0.5,0.0,0.5,0.0,2,0,2,3.0,0.0,2.0,24,1,161,0.0,3.967073291679064e-5,0.0,0.0,0.5,0.25,0.0,0.0,0.0,0.0,0.0,0.0,0.0,0.0005549034624822862,0.0,0.000654878847413228,0.0,7.222657560745915e-5,1.5834460530551599e-6,0.0023802439750074383,9.917683229197659e-5
1418727664742567702,4,2,0,2,1,0,1,1,0,1,2.0,0.0,2.0,1.0,0.0,1.0,1.0,0.0,1.0,0.5,0.0,0.5,0.0,2,0,2,3.0,0.0,2.0,24,1,161,0.0,3.967073291679064e-5,0.0,0.0,0.5,0.25,0.0,0.0,0.0,0.0,0.0,0.0,0.0,0.0005549034624822862,0.0,0.000654878847413228,0.0,7.222657560745915e-5,1.5834460530551599e-6,0.0023802439750074383,9.917683229197659e-5
1540973248844400724,4,2,0,2,1,0,1,1,0,1,2.0,0.0,2.0,1.0,0.0,1.0,1.0,0.0,1.0,0.5,0.0,0.5,0.0,2,0,2,3.0,0.0,2.0,24,1,161,0.0,3.967073291679064e-5,0.0,0.0,0.5,0.25,0.0,0.0,0.0,0.0,0.0,0.0,0.0,0.0005549034624822862,0.0,0.000654878847413228,0.0,7.222657560745915e-5,1.5834460530551599e-6,0.0023802439750074383,9.917683229197659e-5
1479442391613047805,4,2,0,2,1,0,1,1,0,1,2.0,0.0,2.0,1.0,0.0,1.0,1.0,0.0,1.0,0.5,0.0,0.5,0.0,2,0,2,3.0,0.0,2.0,24,1,161,0.0,3.967073291679064e-5,0.0,0.0,0.5,0.25,0.0,0.0,0.0,0.0,0.0,0.0,0.0,0.0005549034624822862,0.0,0.000654878847413228,0.0,7.222657560745915e-5,1.5834460530551599e-6,0.0023802439750074383,9.917683229197659e-5
1851594271925208575,4,2,0,2,1,0,1,1,0,1,2.0,0.0,2.0,1.0,0.0,1.0,1.0,0.0,1.0,0.5,0.0,0.5,0.0,2,0,2,3.0,0.0,2.0,24,1,161,0.0,3.967073291679064e-5,0.0,0.0,0.5,0.25,0.0,0.0,0.0,0.0,0.0,0.0,0.0,0.0005549034624822862,0.0,0.000654878847413228,0.0,7.222657560745915e-5,1.5834460530551599e-6,0.0023802439750074383,9.917683229197659e-5
1219170321693674860,4,2,0,2,1,0,1,1,0,1,2.0,0.0,2.0,1.0,0.0,1.0,1.0,0.0,1.0,0.5,0.0,0.5,0.0,2,0,2,3.0,0.0,2.0,24,1,161,0.0,3.967073291679064e-5,0.0,0.0,0.5,0.25,0.0,0.0,0.0,0.0,0.0,0.0,0.0,0.0005549034624822862,0.0,0.000654878847413228,0.0,7.222657560745915e-5,1.5834460530551599e-6,0.0023802439750074383,9.917683229197659e-5
1253132617054683870,4,2,0,2,1,0,1,1,0,1,2.0,0.0,2.0,1.0,0.0,1.0,1.0,0.0,1.0,0.5,0.0,0.5,0.0,2,0,2,3.0,0.0,2.0,24,1,161,0.0,3.967073291679064e-5,0.0,0.0,0.5,0.25,0.0,0.0,0.0,0.0,0.0,0.0,0.0,0.0005549034624822862,0.0,0.000654878847413228,0.0,7.222657560745915e-5,1.5834460530551599e-6,0.0023802439750074383,9.917683229197659e-5
1561266160521971227,4,2,0,2,1,0,1,1,0,1,2.0,0.0,2.0,1.0,0.0,1.0,1.0,0.0,1.0,0.5,0.0,0.5,0.0,2,0,2,3.0,0.0,2.0,24,1,161,0.0,3.967073291679064e-5,0.0,0.0,0.5,0.25,0.0,0.0,0.0,0.0,0.0,0.0,0.0,0.0005549034624822862,0.0,0.000654878847413228,0.0,7.222657560745915e-5,1.5834460530551599e-6,0.0023802439750074383,9.917683229197659e-5
1406569284301228455,4,2,0,2,1,0,1,1,0,1,2.0,0.0,2.0,1.0,0.0,1.0,1.0,0.0,1.0,0.5,0.0,0.5,0.0,2,0,2,3.0,0.0,2.0,24,1,161,0.0,3.967073291679064e-5,0.0,0.0,0.5,0.25,0.0,0.0,0.0,0.0,0.0,0.0,0.0,0.0005549034624822862,0.0,0.000654878847413228,0.0,7.222657560745915e-5,1.5834460530551599e-6,0.0023802439750074383,9.917683229197659e-5
1428723095539025906,4,2,0,2,1,0,1,1,0,1,2.0,0.0,2.0,1.0,0.0,1.0,1.0,0.0,1.0,0.5,0.0,0.5,0.0,2,0,2,3.0,0.0,2.0,24,1,161,0.0,3.967073291679064e-5,0.0,0.0,0.5,0.25,0.0,0.0,0.0,0.0,0.0,0.0,0.0,0.0005549034624822862,0.0,0.000654878847413228,0.0,7.222657560745915e-5,1.5834460530551599e-6,0.0023802439750074383,9.917683229197659e-5
1356928294217318944,5,6,0,6,6,0,6,0,0,0,6.0,0.0,6.0,6.0,0.0,6.0,0.0,0.0,0.0,1.0,0.0,1.0,0.0,4,0,6,17.0,0.0,14.0,45,1,267,0.0,0.00011901219875037192,0.0,0.0,0.38095238095238093,0.2777777777777778,0.0,0.0,0.3333333333333333,0.0,0.3333333333333333,0.6,0.0,0.0005959998688610183,0.0,0.0006548788474132285,0.00012594564166568123,0.0,2.625963330221911e-6,0.0044629574531389465,9.917683229197659e-5
1312394739307250504,6,5,0,5,5,0,5,0,0,0,5.0,0.0,5.0,5.0,0.0,5.0,0.0,0.0,0.0,1.0,0.0,1.0,0.0,3,0,5,10.0,0.0,9.0,24,1,70,0.0,9.917683229197659e-5,0.0,0.0,0.26666666666666666,0.12,0.0,0.0,0.15,0.0,0.15,0.3,0.0,0.000688314908678226,0.0,0.0006548788474132293,0.0002198268914015422,0.0,6.884548056761565e-7,0.0023802439750074383,9.917683229197659e-5
1574459951026277250,6,5,0,5,5,0,5,0,0,0,5.0,0.0,5.0,5.0,0.0,5.0,0.0,0.0,0.0,1.0,0.0,1.0,0.0,3,0,5,10.0,0.0,9.0,24,1,70,0.0,9.917683229197659e-5,0.0,0.0,0.26666666666666666,0.12,0.0,0.0,0.15,0.0,0.15,0.3,0.0,0.000688314908678226,0.0,0.0006548788474132293,0.0002198268914015422,0.0,6.884548056761565e-7,0.0023802439750074383,9.917683229197659e-5
1438208787587534373,6,5,0,5,5,0,5,0,0,0,5.0,0.0,5.0,5.0,0.0,5.0,0.0,0.0,0.0,1.0,0.0,1.0,0.0,3,0,5,10.0,0.0,9.0,35,1,87,0.0,9.917683229197659e-5,0.0,0.0,0.36666666666666664,0.24,0.0,0.0,0.25,0.0,0.25,0.5,0.0,0.000687163648651521,0.0,0.0006548788474132293,0.0002198268914015422,0.0,8.556509727689373e-7,0.003471189130219181,9.917683229197659e-5
1620850551514203353,6,5,0,5,5,0,5,0,0,0,5.0,0.0,5.0,5.0,0.0,5.0,0.0,0.0,0.0,1.0,0.0,1.0,0.0,3,0,5,10.0,0.0,9.0,35,1,87,0.0,9.917683229197659e-5,0.0,0.0,0.36666666666666664,0.24,0.0,0.0,0.25,0.0,0.25,0.5,0.0,0.000687163648651521,0.0,0.0006548788474132293,0.0002198268914015422,0.0,8.556509727689373e-7,0.003471189130219181,9.917683229197659e-5
1759258234461359157,6,4,0,4,4,0,4,0,0,0,4.0,0.0,4.0,4.0,0.0,4.0,0.0,0.0,0.0,1.0,0.0,1.0,0.0,3,0,4,9.0,0.0,7.0,24,1,66,0.0,7.934146583358127e-5,0.0,0.0,0.3,0.125,0.0,0.0,0.16666666666666666,0.0,0.16666666666666666,0.3333333333333333,0.0,0.000654816624175867,0.0,0.0006548788474132293,0.00017579803006728678,0.0,6.491145310660903e-7,0.0023802439750074383,9.917683229197659e-5
1434645412806920338,6,4,0,4,4,0,4,0,0,0,4.0,0.0,4.0,4.0,0.0,4.0,0.0,0.0,0.0,1.0,0.0,1.0,0.0,3,0,4,9.0,0.0,7.0,24,1,66,0.0,7.934146583358127e-5,0.0,0.0,0.3,0.125,0.0,0.0,0.16666666666666666,0.0,0.16666666666666666,0.3333333333333333,0.0,0.000654816624175867,0.0,0.0006548788474132293,0.00017579803006728678,0.0,6.491145310660903e-7,0.0023802439750074383,9.917683229197659e-5
1239386694529058127,6,4,0,4,2,0,2,2,0,2,4.0,0.0,4.0,2.0,0.0,2.0,2.0,0.0,2.0,0.5,0.0,0.5,0.0,3,0,4,9.0,0.0,7.0,27,1,164,0.0,7.934146583358127e-5,0.0,0.0,0.4,0.25,0.0,0.0,0.3333333333333333,0.0,0.3333333333333333,0.6666666666666666,0.0,0.0006120896939599298,0.0,0.0006548788474132289,0.0,6.317157145252494e-5,1.6129512590127095e-6,0.002677774471883368,9.917683229197659e-5
1596770294054260706,6,5,0,5,5,0,5,0,0,0,5.0,0.0,5.0,5.0,0.0,5.0,0.0,0.0,0.0,1.0,0.0,1.0,0.0,3,0,5,10.0,0.0,9.0,24,1,70,0.0,9.917683229197659e-5,0.0,0.0,0.26666666666666666,0.12,0.0,0.0,0.15,0.0,0.15,0.3,0.0,0.000688314908678226,0.0,0.0006548788474132293,0.0002198268914015422,0.0,6.884548056761565e-7,0.0023802439750074383,9.917683229197659e-5
1873271052428119353,6,5,0,5,5,0,5,0,0,0,5.0,0.0,5.0,5.0,0.0,5.0,0.0,0.0,0.0,1.0,0.0,1.0,0.0,3,0,5,10.0,0.0,9.0,24,1,70,0.0,9.917683229197659e-5,0.0,0.0,0.26666666666666666,0.12,0.0,0.0,0.15,0.0,0.15,0.3,0.0,0.000688314908678226,0.0,0.0006548788474132293,0.0002198268914015422,0.0,6.884548056761565e-7,0.0023802439750074383,9.917683229197659e-5
1541819384182342338,6,5,0,5,5,0,5,0,0,0,5.0,0.0,5.0,5.0,0.0,5.0,0.0,0.0,0.0,1.0,0.0,1.0,0.0,3,0,5,10.0,0.0,9.0,24,1,70,0.0,9.917683229197659e-5,0.0,0.0,0.26666666666666666,0.12,0.0,0.0,0.15,0.0,0.15,0.3,0.0,0.000688314908678226,0.0,0.0006548788474132293,0.0002198268914015422,0.0,6.884548056761565e-7,0.0023802439750074383,9.917683229197659e-5
1771389943801709698,6,9,0,9,6,0,6,3,0,3,9.0,0.0,9.0,6.0,0.0,6.0,3.0,0.0,3.0,0.6666666666666666,0.0,0.6666666666666666,0.0,4,0,7,26.0,0.0,22.0,65,1,263,0.0,0.00017851829812555786,0.0,0.0,0.3,0.2222222222222222,0.0,0.0,0.2361111111111111,0.0,0.2361111111111111,0.4166666666666667,0.0,0.0007701797233185182,0.0,0.000654878847413229,3.127500717514664e-5,0.0,2.5866230556118447e-6,0.006446494098978479,9.917683229197659e-5
1364673382934643118,6,5,0,5,3,0,3,2,0,2,5.0,0.0,5.0,3.0,0.0,3.0,2.0,0.0,2.0,0.6,0.0,0.6,0.0,3,0,5,10.0,0.0,9.0,36,1,182,0.0,9.917683229197659e-5,0.0,0.0,0.36666666666666664,0.24,0.0,0.0,0.3,0.0,0.3,0.5,0.0,0.0006472738340047116,0.0,0.000654878847413229,0.0,1.9190946094038708e-5,1.7899824947580069e-6,0.0035703659625111574,9.917683229197659e-5
1769549695949997906,6,5,0,5,4,0,4,1,0,1,5.0,0.0,5.0,4.0,0.0,4.0,1.0,0.0,1.0,0.8,0.0,0.8,0.0,3,0,5,10.0,0.0,9.0,36,1,124,0.0,9.917683229197659e-5,0.0,0.0,0.3,0.16,0.0,0.0,0.2,0.0,0.2,0.4,0.0,0.0006685791861572914,0.0,0.0006548788474132291,9.414439649768624e-5,0.0,1.2195485129120486e-6,0.0035703659625111574,9.917683229197659e-5
1521790400577144055,6,4,0,4,4,0,4,0,0,0,4.0,0.0,4.0,4.0,0.0,4.0,0.0,0.0,0.0,1.0,0.0,1.0,0.0,3,0,4,9.0,0.0,7.0,24,1,66,0.0,7.934146583358127e-5,0.0,0.0,0.3,0.125,0.0,0.0,0.16666666666666666,0.0,0.16666666666666666,0.3333333333333333,0.0,0.000654816624175867,0.0,0.0006548788474132293,0.00017579803006728678,0.0,6.491145310660903e-7,0.0023802439750074383,9.917683229197659e-5
1673678494598431266,6,5,0,5,3,0,3,2,0,2,5.0,0.0,5.0,3.0,0.0,3.0,2.0,0.0,2.0,0.6,0.0,0.6,0.0,3,0,5,10.0,0.0,9.0,36,1,182,0.0,9.917683229197659e-5,0.0,0.0,0.36666666666666664,0.24,0.0,0.0,0.3,0.0,0.3,0.5,0.0,0.0006472738340047116,0.0,0.000654878847413229,0.0,1.9190946094038708e-5,1.7899824947580069e-6,0.0035703659625111574,9.917683229197659e-5
1337275967801919322,6,5,0,5,5,0,5,0,0,0,5.0,0.0,5.0,5.0,0.0,5.0,0.0,0.0,0.0,1.0,0.0,1.0,0.0,3,0,5,10.0,0.0,9.0,24,1,70,0.0,9.917683229197659e-5,0.0,0.0,0.26666666666666666,0.12,0.0,0.0,0.15,0.0,0.15,0.3,0.0,0.000688314908678226,0.0,0.0006548788474132293,0.0002198268914015422,0.0,6.884548056761565e-7,0.0023802439750074383,9.917683229197659e-5
1359038073500860417,6,6,0,6,6,0,6,0,0,0,6.0,0.0,6.0,6.0,0.0,6.0,0.0,0.0,0.0,1.0,0.0,1.0,0.0,3,0,6,13.0,0.0,14.0,35,1,89,0.0,0.00011901219875037192,0.0,0.0,0.3333333333333333,0.2222222222222222,0.0,0.0,0.23333333333333334,0.0,0.23333333333333334,0.4666666666666667,0.0,0.0007169399015425067,0.0,0.0006548788474132293,0.0002638875290098541,0.0,8.753211100739704e-7,0.003471189130219181,9.917683229197659e-5
1861534167964058742,6,5,0,5,5,0,5,0,0,0,5.0,0.0,5.0,5.0,0.0,5.0,0.0,0.0,0.0,1.0,0.0,1.0,0.0,3,0,5,10.0,0.0,9.0,24,1,70,0.0,9.917683229197659e-5,0.0,0.0,0.26666666666666666,0.12,0.0,0.0,0.15,0.0,0.15,0.3,0.0,0.000688314908678226,0.0,0.0006548788474132293,0.0002198268914015422,0.0,6.884548056761565e-7,0.0023802439750074383,9.917683229197659e-5
1362031222934472302,6,7,0,7,5,0,5,2,0,2,7.0,0.0,7.0,5.0,0.0,5.0,2.0,0.0,2.0,0.7142857142857143,0.0,0.7142857142857143,0.0,4,0,7,17.0,0.0,15.0,55,1,218,0.0,0.00013884756520876723,0.0,0.0,0.3392857142857143,0.24489795918367346,0.0,0.0,0.2619047619047619,0.0,0.2619047619047619,0.47619047619047616,0.0,0.0006840886043530033,0.0,0.0006548788474132291,6.88656052808545e-5,0.0,2.1440449662486016e-6,0.005454725776058713,9.917683229197659e-5
1784522285546212057,6,7,0,7,6,0,6,1,0,1,7.0,0.0,7.0,6.0,0.0,6.0,1.0,0.0,1.0,0.8571428571428571,0.0,0.8571428571428571,0.0,4,0,7,17.0,0.0,15.0,46,1,147,0.0,0.00013884756520876723,0.0,0.0,0.32142857142857145,0.22448979591836735,0.0,0.0,0.23809523809523808,0.0,0.23809523809523808,0.47619047619047616,0.0,0.0007307024635239308,0.0,0.0006548788474132292,0.00018224656128074113,0.0,1.4457550919199286e-6,0.0045621342854309235,9.917683229197659e-5
1504272753140698320,6,5,0,5,5,0,5,0,0,0,5.0,0.0,5.0,5.0,0.0,5.0,0.0,0.0,0.0,1.0,0.0,1.0,0.0,3,0,5,10.0,0.0,9.0,24,1,70,0.0,9.917683229197659e-5,0.0,0.0,0.26666666666666666,0.12,0.0,0.0,0.15,0.0,0.15,0.3,0.0,0.000688314908678226,0.0,0.0006548788474132293,0.0002198268914015422,0.0,6.884548056761565e-7,0.0023802439750074383,9.917683229197659e-5
1562392760810473316,6,5,0,5,5,0,5,0,0,0,5.0,0.0,5.0,5.0,0.0,5.0,0.0,0.0,0.0,1.0,0.0,1.0,0.0,3,0,5,10.0,0.0,9.0,35,1,87,0.0,9.917683229197659e-5,0.0,0.0,0.36666666666666664,0.24,0.0,0.0,0.25,0.0,0.25,0.5,0.0,0.000687163648651521,0.0,0.0006548788474132293,0.0002198268914015422,0.0,8.556509727689373e-7,0.003471189130219181,9.917683229197659e-5
1719224717505726018,6,8,0,8,5,0,5,3,0,3,8.0,0.0,8.0,5.0,0.0,5.0,3.0,0.0,3.0,0.625,0.0,0.625,0.0,4,0,7,20.0,0.0,20.0,57,1,244,0.0,0.00015868293166716255,0.0,0.0,0.2916666666666667,0.203125,0.0,0.0,0.23214285714285715,0.0,0.23214285714285715,0.39285714285714285,0.0,0.0007229445723973716,0.0,0.000654878847413229,0.0,1.2807296935202217e-5,2.399756751214031e-6,0.005653079440642666,9.917683229197659e-5
1291923840594610442,6,5,0,5,2,0,2,3,0,3,5.0,0.0,5.0,2.0,0.0,2.0,3.0,0.0,3.0,0.4,0.0,0.4,0.0,3,0,5,9.0,0.0,9.0,24,1,160,0.0,9.917683229197659e-5,0.0,0.0,0.23333333333333334,0.08,0.0,0.0,0.1,0.0,0.1,0.2,0.0,0.000654240858350283,0.0,0.0006548788474132287,0.0,0.00015719061236518783,1.5736109844026433e-6,0.0023802439750074383,9.917683229197659e-5
1841699173112480925,3,4,0,4,4,0,4,0,0,0,4.0,0.0,4.0,4.0,0.0,4.0,0.0,0.0,0.0,1.0,0.0,1.0,0.0,2,0,4,5.0,0.0,7.0,28,1,166,0.0,7.934146583358127e-5,0.0,0.0,0.45,0.3125,0.0,0.0,0.3333333333333333,0.0,0.3333333333333333,0.6666666666666666,0.0,0.0006139700840361009,0.0,0.0006548788474132291,3.2160109819434624e-5,0.0,1.6326213963177423e-6,0.002776951304175345,9.917683229197659e-5
1611463993392628141,3,7,0,7,7,0,7,0,0,0,7.0,0.0,7.0,7.0,0.0,7.0,0.0,0.0,0.0,1.0,0.0,1.0,0.0,4,0,7,17.0,0.0,15.0,54,1,242,0.0,0.00013884756520876723,0.0,0.0,0.3392857142857143,0.24489795918367346,0.0,0.0,0.23809523809523808,0.0,0.23809523809523808,0.47619047619047616,0.0,0.0006554104453171601,0.0,0.0006548788474132287,5.645202739135158e-5,0.0,2.380086613908998e-6,0.005355548943766736,9.917683229197659e-5
1428807429478417267,3,7,0,7,7,0,7,0,0,0,7.0,0.0,7.0,7.0,0.0,7.0,0.0,0.0,0.0,1.0,0.0,1.0,0.0,4,0,7,17.0,0.0,15.0,54,1,242,0.0,0.00013884756520876723,0.0,0.0,0.3392857142857143,0.24489795918367346,0.0,0.0,0.23809523809523808,0.0,0.23809523809523808,0.47619047619047616,0.0,0.0006554104453171601,0.0,0.0006548788474132287,5.645202739135158e-5,0.0,2.380086613908998e-6,0.005355548943766736,9.917683229197659e-5
1813891217465803417,3,7,0,7,7,0,7,0,0,0,7.0,0.0,7.0,7.0,0.0,7.0,0.0,0.0,0.0,1.0,0.0,1.0,0.0,4,0,7,17.0,0.0,15.0,54,1,242,0.0,0.00013884756520876723,0.0,0.0,0.3392857142857143,0.24489795918367346,0.0,0.0,0.23809523809523808,0.0,0.23809523809523808,0.47619047619047616,0.0,0.0006554104453171601,0.0,0.0006548788474132287,5.645202739135158e-5,0.0,2.380086613908998e-6,0.005355548943766736,9.917683229197659e-5
1758921226329261154,1,7,0,7,7,0,7,0,0,0,7.0,0.0,7.0,7.0,0.0,7.0,0.0,0.0,0.0,1.0,0.0,1.0,0.0,4,0,7,13.0,0.0,15.0,34,1,236,0.0,0.00013884756520876723,0.0,0.0,0.4107142857142857,0.32653061224489793,0.0,0.0,0.35714285714285715,0.0,0.35714285714285715,0.5238095238095238,0.0,0.0005997711703164586,0.0,0.0006548788474132281,0.00012223840939451502,0.0,2.3210762019938988e-6,0.0033720122979272044,9.917683229197659e-5
1759997168501916606,1,5,0,5,5,0,5,0,0,0,5.0,0.0,5.0,5.0,0.0,5.0,0.0,0.0,0.0,1.0,0.0,1.0,0.0,4,0,5,12.0,0.0,9.0,31,1,229,0.0,9.917683229197659e-5,0.0,0.0,0.3333333333333333,0.2,0.0,0.0,0.25,0.0,0.25,0.5,0.0,0.000576828782441995,0.0,0.0006548788474132281,8.721118020826868e-5,0.0,2.252230721426283e-6,0.0030744818010512744,9.917683229197659e-5
1483824352867650263,1,8,0,8,7,0,7,1,0,1,8.0,0.0,8.0,7.0,0.0,7.0,1.0,0.0,1.0,0.875,0.0,0.875,0.0,4,0,8,17.0,0.0,23.0,60,1,337,0.0,0.00015868293166716255,0.0,0.0,0.3611111111111111,0.28125,0.0,0.0,0.30357142857142855,0.0,0.30357142857142855,0.42857142857142855,0.0,0.0006229221619966578,0.0,0.0006548788474132283,3.435394681650106e-5,0.0,3.3144181358980673e-6,0.005950609937518596,9.917683229197659e-5
1594551967273716039,1,6,0,6,5,0,5,1,0,1,6.0,0.0,6.0,5.0,0.0,5.0,1.0,0.0,1.0,0.8333333333333334,0.0,0.8333333333333334,0.0,4,0,6,13.0,0.0,14.0,45,1,320,0.0,0.00011901219875037192,0.0,0.0,0.3333333333333333,0.2222222222222222,0.0,0.0,0.26666666666666666,0.0,0.26666666666666666,0.4,0.0,0.0005843901032457894,0.0,0.0006548788474132285,0.0,6.719180715153428e-7,3.1472219688052867e-6,0.0044629574531389465,9.917683229197659e-5
1813817798544066002,1,2,0,2,2,0,2,0,0,0,2.0,0.0,2.0,2.0,0.0,2.0,0.0,0.0,0.0,1.0,0.0,1.0,0.0,2,0,2,3.0,0.0,2.0,19,1,139,0.0,3.967073291679064e-5,0.0,0.0,0.5,0.25,0.0,0.0,0.5,0.0,0.5,1.0,0.0,0.0005539157041446763,0.0,0.000654878847413228,3.482334995119629e-5,0.0,1.3670745426997964e-6,0.0018843598135475552,9.917683229197659e-5
1795700452608706583,1,3,0,3,3,0,3,0,0,0,3.0,0.0,3.0,3.0,0.0,3.0,0.0,0.0,0.0,1.0,0.0,1.0,0.0,3,0,3,5.0,0.0,4.0,30,1,180,0.0,5.950609937518596e-5,0.0,0.0,0.5833333333333334,0.4444444444444444,0.0,0.0,0.6666666666666666,0.0,0.6666666666666666,1.0,0.0,0.0005621454674666285,0.0,0.0006548788474132281,5.226557410353827e-5,0.0,1.7703123574529738e-6,0.002975304968759298,9.917683229197659e-5
1667568318841618942,1,3,0,3,3,0,3,0,0,0,3.0,0.0,3.0,3.0,0.0,3.0,0.0,0.0,0.0,1.0,0.0,1.0,0.0,3,0,3,5.0,0.0,4.0,30,1,172,0.0,5.950609937518596e-5,0.0,0.0,0.75,0.6666666666666666,0.0,0.0,1.0,0.0,1.0,1.0,0.0,0.0005645748910720374,0.0,0.000654878847413228,5.226557410353827e-5,0.0,1.6916318082328415e-6,0.002975304968759298,9.917683229197659e-5
1526448190704845542,1,8,0,8,8,0,8,0,0,0,8.0,0.0,8.0,8.0,0.0,8.0,0.0,0.0,0.0,1.0,0.0,1.0,0.0,4,0,8,17.0,0.0,23.0,40,1,256,0.0,0.00015868293166716255,0.0,0.0,0.4027777777777778,0.328125,0.0,0.0,0.375,0.0,0.375,0.6785714285714286,0.0,0.0006123422560339463,0.0,0.0006548788474132283,0.00013978266242642423,0.0,2.5177775750442294e-6,0.0039670732916790635,9.917683229197659e-5
1696439270660638116,1,3,0,3,3,0,3,0,0,0,3.0,0.0,3.0,3.0,0.0,3.0,0.0,0.0,0.0,1.0,0.0,1.0,0.0,3,0,3,5.0,0.0,4.0,30,1,172,0.0,5.950609937518596e-5,0.0,0.0,0.75,0.6666666666666666,0.0,0.0,1.0,0.0,1.0,1.0,0.0,0.0005645748910720374,0.0,0.000654878847413228,5.226557410353827e-5,0.0,1.6916318082328415e-6,0.002975304968759298,9.917683229197659e-5
1486213375951112550,1,3,0,3,3,0,3,0,0,0,3.0,0.0,3.0,3.0,0.0,3.0,0.0,0.0,0.0,1.0,0.0,1.0,0.0,3,0,3,5.0,0.0,4.0,30,1,172,0.0,5.950609937518596e-5,0.0,0.0,0.75,0.6666666666666666,0.0,0.0,1.0,0.0,1.0,1.0,0.0,0.0005645748910720374,0.0,0.000654878847413228,5.226557410353827e-5,0.0,1.6916318082328415e-6,0.002975304968759298,9.917683229197659e-5
1505758004731971456,1,3,0,3,3,0,3,0,0,0,3.0,0.0,3.0,3.0,0.0,3.0,0.0,0.0,0.0,1.0,0.0,1.0,0.0,3,0,3,5.0,0.0,4.0,30,1,172,0.0,5.950609937518596e-5,0.0,0.0,0.75,0.6666666666666666,0.0,0.0,1.0,0.0,1.0,1.0,0.0,0.0005645748910720374,0.0,0.000654878847413228,5.226557410353827e-5,0.0,1.6916318082328415e-6,0.002975304968759298,9.917683229197659e-5
1341366281558819011,1,7,0,7,6,0,6,1,0,1,7.0,0.0,7.0,6.0,0.0,6.0,1.0,0.0,1.0,0.8571428571428571,0.0,0.8571428571428571,0.0,4,0,7,22.0,0.0,15.0,47,1,328,0.0,0.00013884756520876723,0.0,0.0,0.375,0.2857142857142857,0.0,0.0,0.30952380952380953,0.0,0.30952380952380953,0.42857142857142855,0.0,0.0006012169477384571,0.0,0.0006548788474132283,1.6830802885059448e-5,0.0,3.225902518025419e-6,0.0046613111177229,9.917683229197659e-5
1586170466974827516,1,3,0,3,3,0,3,0,0,0,3.0,0.0,3.0,3.0,0.0,3.0,0.0,0.0,0.0,1.0,0.0,1.0,0.0,3,0,3,5.0,0.0,4.0,30,1,172,0.0,5.950609937518596e-5,0.0,0.0,0.75,0.6666666666666666,0.0,0.0,1.0,0.0,1.0,1.0,0.0,0.0005645748910720374,0.0,0.000654878847413228,5.226557410353827e-5,0.0,1.6916318082328415e-6,0.002975304968759298,9.917683229197659e-5
1858663357771416456,1,3,0,3,3,0,3,0,0,0,3.0,0.0,3.0,3.0,0.0,3.0,0.0,0.0,0.0,1.0,0.0,1.0,0.0,3,0,3,5.0,0.0,4.0,30,1,172,0.0,5.950609937518596e-5,0.0,0.0,0.75,0.6666666666666666,0.0,0.0,1.0,0.0,1.0,1.0,0.0,0.0005645748910720374,0.0,0.000654878847413228,5.226557410353827e-5,0.0,1.6916318082328415e-6,0.002975304968759298,9.917683229197659e-5
1827572605960323499,1,4,0,4,4,0,4,0,0,0,4.0,0.0,4.0,4.0,0.0,4.0,0.0,0.0,0.0,1.0,0.0,1.0,0.0,4,0,4,9.0,0.0,7.0,21,1,186,0.0,7.934146583358127e-5,0.0,0.0,0.45,0.3125,0.0,0.0,0.4166666666666667,0.0,0.4166666666666667,0.8333333333333334,0.0,0.0005706824644184735,0.0,0.0006548788474132281,6.972818022366045e-5,0.0,1.8293227693680728e-6,0.0020827134781315083,9.917683229197659e-5
1218187420453834036,1,3,0,3,3,0,3,0,0,0,3.0,0.0,3.0,3.0,0.0,3.0,0.0,0.0,0.0,1.0,0.0,1.0,0.0,3,0,3,5.0,0.0,4.0,30,1,172,0.0,5.950609937518596e-5,0.0,0.0,0.75,0.6666666666666666,0.0,0.0,1.0,0.0,1.0,1.0,0.0,0.0005645748910720374,0.0,0.000654878847413228,5.226557410353827e-5,0.0,1.6916318082328415e-6,0.002975304968759298,9.917683229197659e-5
1605026976228180171,1,3,0,3,3,0,3,0,0,0,3.0,0.0,3.0,3.0,0.0,3.0,0.0,0.0,0.0,1.0,0.0,1.0,0.0,3,0,3,5.0,0.0,4.0,30,1,172,0.0,5.950609937518596e-5,0.0,0.0,0.75,0.6666666666666666,0.0,0.0,1.0,0.0,1.0,1.0,0.0,0.0005645748910720374,0.0,0.000654878847413228,5.226557410353827e-5,0.0,1.6916318082328415e-6,0.002975304968759298,9.917683229197659e-5
1299112060994456668,1,3,0,3,3,0,3,0,0,0,3.0,0.0,3.0,3.0,0.0,3.0,0.0,0.0,0.0,1.0,0.0,1.0,0.0,3,0,3,5.0,0.0,4.0,30,1,172,0.0,5.950609937518596e-5,0.0,0.0,0.75,0.6666666666666666,0.0,0.0,1.0,0.0,1.0,1.0,0.0,0.0005645748910720374,0.0,0.000654878847413228,5.226557410353827e-5,0.0,1.6916318082328415e-6,0.002975304968759298,9.917683229197659e-5
1698974342051793228,1,3,0,3,3,0,3,0,0,0,3.0,0.0,3.0,3.0,0.0,3.0,0.0,0.0,0.0,1.0,0.0,1.0,0.0,3,0,3,5.0,0.0,4.0,30,1,172,0.0,5.950609937518596e-5,0.0,0.0,0.75,0.6666666666666666,0.0,0.0,1.0,0.0,1.0,1.0,0.0,0.0005645748910720374,0.0,0.000654878847413228,5.226557410353827e-5,0.0,1.6916318082328415e-6,0.002975304968759298,9.917683229197659e-5
1580625213064744660,1,3,0,3,3,0,3,0,0,0,3.0,0.0,3.0,3.0,0.0,3.0,0.0,0.0,0.0,1.0,0.0,1.0,0.0,3,0,3,5.0,0.0,4.0,30,1,172,0.0,5.950609937518596e-5,0.0,0.0,0.75,0.6666666666666666,0.0,0.0,1.0,0.0,1.0,1.0,0.0,0.0005645748910720374,0.0,0.000654878847413228,5.226557410353827e-5,0.0,1.6916318082328415e-6,0.002975304968759298,9.917683229197659e-5
1686678975243356163,1,5,0,5,5,0,5,0,0,0,5.0,0.0,5.0,5.0,0.0,5.0,0.0,0.0,0.0,1.0,0.0,1.0,0.0,3,0,5,9.0,0.0,9.0,19,1,191,0.0,9.917683229197659e-5,0.0,0.0,0.3,0.16,0.0,0.0,0.2,0.0,0.2,0.3,0.0,0.0005800885881694455,0.0,0.000654878847413228,8.721118020826868e-5,0.0,1.8784981126306554e-6,0.0018843598135475552,9.917683229197659e-5
1666023148719441942,1,3,0,3,3,0,3,0,0,0,3.0,0.0,3.0,3.0,0.0,3.0,0.0,0.0,0.0,1.0,0.0,1.0,0.0,3,0,3,5.0,0.0,4.0,30,1,172,0.0,5.950609937518596e-5,0.0,0.0,0.75,0.6666666666666666,0.0,0.0,1.0,0.0,1.0,1.0,0.0,0.0005645748910720374,0.0,0.000654878847413228,5.226557410353827e-5,0.0,1.6916318082328415e-6,0.002975304968759298,9.917683229197659e-5
1618180402709529766,1,3,0,3,3,0,3,0,0,0,3.0,0.0,3.0,3.0,0.0,3.0,0.0,0.0,0.0,1.0,0.0,1.0,0.0,3,0,3,5.0,0.0,4.0,19,1,163,0.0,5.950609937518596e-5,0.0,0.0,0.5,0.3333333333333333,0.0,0.0,0.5,0.0,0.5,1.0,0.0,0.0005629042567480874,0.0,0.0006548788474132281,5.226557410353827e-5,0.0,1.603116190360193e-6,0.0018843598135475552,9.917683229197659e-5
1306887503956938700,1,6,0,6,6,0,6,0,0,0,6.0,0.0,6.0,6.0,0.0,6.0,0.0,0.0,0.0,1.0,0.0,1.0,0.0,4,0,6,13.0,0.0,14.0,31,1,219,0.0,0.00011901219875037192,0.0,0.0,0.40476190476190477,0.3055555555555556,0.0,0.0,0.3,0.0,0.3,0.6,0.0,0.0005906466454015572,0.0,0.000654878847413228,0.00010471458596139627,0.0,2.153880034901118e-6,0.0030744818010512744,9.917683229197659e-5
1531889473938263733,1,3,0,3,3,0,3,0,0,0,3.0,0.0,3.0,3.0,0.0,3.0,0.0,0.0,0.0,1.0,0.0,1.0,0.0,3,0,3,5.0,0.0,4.0,18,1,181,0.0,5.950609937518596e-5,0.0,0.0,0.5,0.3333333333333333,0.0,0.0,0.5,0.0,0.5,0.6666666666666666,0.0,0.0005569822409051276,0.0,0.0006548788474132281,5.226557410353827e-5,0.0,1.7801474261054903e-6,0.0017851829812555787,9.917683229197659e-5
1855609203599609829,1,4,0,4,4,0,4,0,0,0,4.0,0.0,4.0,4.0,0.0,4.0,0.0,0.0,0.0,1.0,0.0,1.0,0.0,3,0,4,5.0,0.0,7.0,28,1,167,0.0,7.934146583358127e-5,0.0,0.0,0.3,0.125,0.0,0.0,0.16666666666666666,0.0,0.16666666666666666,0.3333333333333333,0.0,0.0005781622447037397,0.0,0.000654878847413228,6.972818022366045e-5,0.0,1.6424564649702589e-6,0.002776951304175345,9.917683229197659e-5
1234302607103626748,1,3,0,3,3,0,3,0,0,0,3.0,0.0,3.0,3.0,0.0,3.0,0.0,0.0,0.0,1.0,0.0,1.0,0.0,2,0,3,4.0,0.0,4.0,22,1,157,0.0,5.950609937518596e-5,0.0,0.0,0.4166666666666667,0.2222222222222222,0.0,0.0,0.16666666666666666,0.0,0.16666666666666666,0.3333333333333333,0.0,0.0005610012307903245,0.0,0.000654878847413228,5.226557410353827e-5,0.0,1.5441057784450937e-6,0.0021818903104234852,9.917683229197659e-5
1571726920666580414,2,7,0,7,7,0,7,0,0,0,7.0,0.0,7.0,7.0,0.0,7.0,0.0,0.0,0.0,1.0,0.0,1.0,0.0,4,0,7,16.0,0.0,15.0,21,1,218,0.0,0.00013884756520876723,0.0,0.0,0.5535714285714286,0.4897959183673469,0.0,0.0,0.5714285714285714,0.0,0.5714285714285714,0.9047619047619048,0.0,0.0005966746263962956,0.0,0.0006548788474132296,0.000171928123460785,0.0,2.1440449662486016e-6,0.0020827134781315083,9.917683229197659e-5
1703029425920020024,2,7,0,7,7,0,7,0,0,0,7.0,0.0,7.0,7.0,0.0,7.0,0.0,0.0,0.0,1.0,0.0,1.0,0.0,4,0,7,16.0,0.0,15.0,21,1,218,0.0,0.00013884756520876723,0.0,0.0,0.5535714285714286,0.4897959183673469,0.0,0.0,0.5714285714285714,0.0,0.5714285714285714,0.9047619047619048,0.0,0.0005966746263962956,0.0,0.0006548788474132296,0.000171928123460785,0.0,2.1440449662486016e-6,0.0020827134781315083,9.917683229197659e-5
1388729147085295292,2,4,0,4,4,0,4,0,0,0,4.0,0.0,4.0,4.0,0.0,4.0,0.0,0.0,0.0,1.0,0.0,1.0,0.0,3,0,4,9.0,0.0,7.0,17,1,195,0.0,7.934146583358127e-5,0.0,0.0,0.45,0.3125,0.0,0.0,0.4166666666666667,0.0,0.4166666666666667,0.6666666666666666,0.0,0.0005662478695908588,0.0,0.0006548788474132292,9.810406318866427e-5,0.0,1.9178383872407214e-6,0.0016860061489636022,9.917683229197659e-5
1360115697186769011,2,4,0,4,4,0,4,0,0,0,4.0,0.0,4.0,4.0,0.0,4.0,0.0,0.0,0.0,1.0,0.0,1.0,0.0,3,0,4,9.0,0.0,7.0,17,1,195,0.0,7.934146583358127e-5,0.0,0.0,0.45,0.3125,0.0,0.0,0.4166666666666667,0.0,0.4166666666666667,0.6666666666666666,0.0,0.0005662478695908588,0.0,0.0006548788474132292,9.810406318866427e-5,0.0,1.9178383872407214e-6,0.0016860061489636022,9.917683229197659e-5
1540086843884700053,2,10,0,10,10,0,10,0,0,0,10.0,0.0,10.0,10.0,0.0,10.0,0.0,0.0,0.0,1.0,0.0,1.0,0.0,3,0,5,34.0,0.0,9.0,33,1,355,0.0,0.00019835366458395318,0.0,0.0,0.17272727272727273,0.09,0.0,0.0,0.08888888888888889,0.0,0.08888888888888889,0.13333333333333333,0.0,0.0014602243009052484,0.0,0.0006548788474132297,0.00024596345318317336,0.0,3.491449371643365e-6,0.0032728354656352274,9.917683229197659e-5
1450925092459514930,2,8,0,8,8,0,8,0,0,0,8.0,0.0,8.0,8.0,0.0,8.0,0.0,0.0,0.0,1.0,0.0,1.0,0.0,4,0,8,17.0,0.0,23.0,34,1,356,0.0,0.00015868293166716255,0.0,0.0,0.5694444444444444,0.515625,0.0,0.0,0.5714285714285714,0.0,0.5714285714285714,0.8571428571428571,0.0,0.0006007223191440456,0.0,0.0006548788474132297,0.0001965830744622421,0.0,3.5012844402958815e-6,0.0033720122979272044,9.917683229197659e-5
1677148316594342940,1,4,0,4,3,0,3,1,0,1,4.0,0.0,4.0,3.0,0.0,3.0,1.0,0.0,1.0,0.75,0.0,0.75,0.0,4,0,4,9.0,0.0,7.0,52,1,291,0.0,7.934146583358127e-5,0.0,0.0,0.3,0.125,0.0,0.0,0.16666666666666666,0.0,0.16666666666666666,0.3333333333333333,0.0,0.000571340139910345,0.0,0.0006548788474132284,0.0,3.561613871716496e-5,2.8620049778823077e-6,0.005157195279182783,9.917683229197659e-5
1343354514358404102,1,4,0,4,3,0,3,1,0,1,4.0,0.0,4.0,3.0,0.0,3.0,1.0,0.0,1.0,0.75,0.0,0.75,0.0,4,0,4,9.0,0.0,7.0,48,1,274,0.0,7.934146583358127e-5,0.0,0.0,0.35,0.1875,0.0,0.0,0.25,0.0,0.25,0.3333333333333333,0.0,0.0005757668341694185,0.0,0.0006548788474132284,0.0,3.561613871716496e-5,2.6948088107895266e-6,0.0047604879500148765,9.917683229197659e-5
1800295163092798144,1,3,0,3,3,0,3,0,0,0,3.0,0.0,3.0,3.0,0.0,3.0,0.0,0.0,0.0,1.0,0.0,1.0,0.0,3,0,3,5.0,0.0,4.0,30,1,181,0.0,5.950609937518596e-5,0.0,0.0,0.6666666666666666,0.5555555555555556,0.0,0.0,0.6666666666666666,0.0,0.6666666666666666,1.0,0.0,0.000572443695563486,0.0,0.0006548788474132281,5.226557410353827e-5,0.0,1.7801474261054903e-6,0.002975304968759298,9.917683229197659e-5
1678083873986053297,1,4,0,4,2,0,2,2,0,2,4.0,0.0,4.0,2.0,0.0,2.0,2.0,0.0,2.0,0.5,0.0,0.5,0.0,4,0,4,9.0,0.0,7.0,43,1,259,0.0,7.934146583358127e-5,0.0,0.0,0.25,0.0625,0.0,0.0,0.08333333333333333,0.0,0.08333333333333333,0.16666666666666666,0.0,0.0005883522789787201,0.0,0.000654878847413228,0.0,0.00013887223246789038,2.547282781001779e-6,0.0042646037885549935,9.917683229197659e-5
1824767092017073604,1,2,0,2,2,0,2,0,0,0,2.0,0.0,2.0,2.0,0.0,2.0,0.0,0.0,0.0,1.0,0.0,1.0,0.0,2,0,2,3.0,0.0,2.0,30,1,165,0.0,3.967073291679064e-5,0.0,0.0,0.5,0.25,0.0,0.0,0.5,0.0,0.5,1.0,0.0,0.0005521588937150466,0.0,0.000654878847413228,3.482334995119629e-5,0.0,1.622786327665226e-6,0.002975304968759298,9.917683229197659e-5
1271159407085883068,3,7,0,7,7,0,7,0,0,0,7.0,0.0,7.0,7.0,0.0,7.0,0.0,0.0,0.0,1.0,0.0,1.0,0.0,4,0,7,13.0,0.0,15.0,44,1,130,0.0,0.00013884756520876723,0.0,0.0,0.17857142857142858,0.061224489795918366,0.0,0.0,0.07142857142857142,0.0,0.07142857142857142,0.14285714285714285,0.0,0.0006946160738972105,0.0,0.000654878847413229,5.645202739135158e-5,0.0,1.2785589248271478e-6,0.0043637806208469705,9.917683229197659e-5
1541051015481003261,3,6,0,6,6,0,6,0,0,0,6.0,0.0,6.0,6.0,0.0,6.0,0.0,0.0,0.0,1.0,0.0,1.0,0.0,3,0,6,9.0,0.0,14.0,31,1,90,0.0,0.00011901219875037192,0.0,0.0,0.16666666666666666,0.027777777777777776,0.0,0.0,0.03333333333333333,0.0,0.03333333333333333,0.06666666666666667,0.0,0.0006793672963888964,0.0,0.0006548788474132292,4.8338336351094746e-5,0.0,8.851561787264869e-7,0.0030744818010512744,9.917683229197659e-5
1475929009056383365,3,6,0,6,6,0,6,0,0,0,6.0,0.0,6.0,6.0,0.0,6.0,0.0,0.0,0.0,1.0,0.0,1.0,0.0,3,0,6,9.0,0.0,14.0,29,1,82,0.0,0.00011901219875037192,0.0,0.0,0.2857142857142857,0.16666666666666666,0.0,0.0,0.2,0.0,0.2,0.3333333333333333,0.0,0.0006806257352747913,0.0,0.0006548788474132292,4.8338336351094746e-5,0.0,8.064756295063547e-7,0.0028761281364673213,9.917683229197659e-5
1574591057398597751,3,4,0,4,4,0,4,0,0,0,4.0,0.0,4.0,4.0,0.0,4.0,0.0,0.0,0.0,1.0,0.0,1.0,0.0,3,0,4,7.0,0.0,7.0,39,1,114,0.0,7.934146583358127e-5,0.0,0.0,0.35,0.1875,0.0,0.0,0.25,0.0,0.25,0.5,0.0,0.0006239336290539414,0.0,0.0006548788474132289,3.2160109819434624e-5,0.0,1.1211978263868833e-6,0.003867896459387087,9.917683229197659e-5
1521234616562746821,5,4,0,4,4,0,4,0,0,0,4.0,0.0,4.0,4.0,0.0,4.0,0.0,0.0,0.0,1.0,0.0,1.0,0.0,3,0,4,9.0,0.0,7.0,33,1,198,0.0,7.934146583358127e-5,0.0,0.0,0.4,0.25,0.0,0.0,0.3333333333333333,0.0,0.3333333333333333,0.5,0.0,0.0005739933966600632,0.0,0.0006548788474132283,8.387615567384543e-5,0.0,1.947343593198271e-6,0.0032728354656352274,9.917683229197659e-5
1751340264401666921,5,3,0,3,3,0,3,0,0,0,3.0,0.0,3.0,3.0,0.0,3.0,0.0,0.0,0.0,1.0,0.0,1.0,0.0,1,0,3,5.0,0.0,4.0,13,1,148,0.0,5.950609937518596e-5,0.0,0.0,0.25,0.0,0.0,0.0,0.0,0.0,0.0,0.0,0.0,0.0005689155702672432,0.0,0.0006548788474132284,6.287428365403525e-5,0.0,1.455590160572445e-6,0.0012892988197956957,9.917683229197659e-5
1733409025682312147,5,3,0,3,3,0,3,0,0,0,3.0,0.0,3.0,3.0,0.0,3.0,0.0,0.0,0.0,1.0,0.0,1.0,0.0,1,0,3,5.0,0.0,4.0,13,1,148,0.0,5.950609937518596e-5,0.0,0.0,0.25,0.0,0.0,0.0,0.0,0.0,0.0,0.0,0.0,0.0005689155702672432,0.0,0.0006548788474132284,6.287428365403525e-5,0.0,1.455590160572445e-6,0.0012892988197956957,9.917683229197659e-5
1572015943570164927,5,1,0,1,1,0,1,0,0,0,1.0,0.0,1.0,1.0,0.0,1.0,0.0,0.0,0.0,1.0,0.0,1.0,0.0,1,0,1,1.0,0.0,1.0,11,1,101,0.0,1.983536645839532e-5,0.0,0.0,0.5,0.0,0.0,0.0,0.0,0.0,0.0,0.0,0.0,0.0005429022504339095,0.0,0.0006548788474132279,2.093621843213267e-5,0.0,9.933419339041685e-7,0.0010909451552117426,9.917683229197659e-5
1864031536320349193,5,3,0,3,3,0,3,0,0,0,3.0,0.0,3.0,3.0,0.0,3.0,0.0,0.0,0.0,1.0,0.0,1.0,0.0,1,0,3,5.0,0.0,4.0,13,1,148,0.0,5.950609937518596e-5,0.0,0.0,0.25,0.0,0.0,0.0,0.0,0.0,0.0,0.0,0.0,0.0005689155702672432,0.0,0.0006548788474132284,6.287428365403525e-5,0.0,1.455590160572445e-6,0.0012892988197956957,9.917683229197659e-5
1496320921441405545,5,3,0,3,3,0,3,0,0,0,3.0,0.0,3.0,3.0,0.0,3.0,0.0,0.0,0.0,1.0,0.0,1.0,0.0,1,0,3,5.0,0.0,4.0,13,1,148,0.0,5.950609937518596e-5,0.0,0.0,0.25,0.0,0.0,0.0,0.0,0.0,0.0,0.0,0.0,0.0005689155702672432,0.0,0.0006548788474132284,6.287428365403525e-5,0.0,1.455590160572445e-6,0.0012892988197956957,9.917683229197659e-5
1689324833059376473,5,3,0,3,3,0,3,0,0,0,3.0,0.0,3.0,3.0,0.0,3.0,0.0,0.0,0.0,1.0,0.0,1.0,0.0,1,0,3,5.0,0.0,4.0,13,1,148,0.0,5.950609937518596e-5,0.0,0.0,0.25,0.0,0.0,0.0,0.0,0.0,0.0,0.0,0.0,0.0005689155702672432,0.0,0.0006548788474132284,6.287428365403525e-5,0.0,1.455590160572445e-6,0.0012892988197956957,9.917683229197659e-5
1325952183295804068,5,3,0,3,3,0,3,0,0,0,3.0,0.0,3.0,3.0,0.0,3.0,0.0,0.0,0.0,1.0,0.0,1.0,0.0,1,0,3,5.0,0.0,4.0,13,1,148,0.0,5.950609937518596e-5,0.0,0.0,0.25,0.0,0.0,0.0,0.0,0.0,0.0,0.0,0.0,0.0005689155702672432,0.0,0.0006548788474132284,6.287428365403525e-5,0.0,1.455590160572445e-6,0.0012892988197956957,9.917683229197659e-5
1316279558747457747,5,3,0,3,3,0,3,0,0,0,3.0,0.0,3.0,3.0,0.0,3.0,0.0,0.0,0.0,1.0,0.0,1.0,0.0,1,0,3,5.0,0.0,4.0,13,1,148,0.0,5.950609937518596e-5,0.0,0.0,0.25,0.0,0.0,0.0,0.0,0.0,0.0,0.0,0.0,0.0005689155702672432,0.0,0.0006548788474132284,6.287428365403525e-5,0.0,1.455590160572445e-6,0.0012892988197956957,9.917683229197659e-5
1671993611534730200,5,3,0,3,3,0,3,0,0,0,3.0,0.0,3.0,3.0,0.0,3.0,0.0,0.0,0.0,1.0,0.0,1.0,0.0,1,0,3,5.0,0.0,4.0,13,1,148,0.0,5.950609937518596e-5,0.0,0.0,0.25,0.0,0.0,0.0,0.0,0.0,0.0,0.0,0.0,0.0005689155702672432,0.0,0.0006548788474132284,6.287428365403525e-5,0.0,1.455590160572445e-6,0.0012892988197956957,9.917683229197659e-5
1307693194535764893,5,3,0,3,3,0,3,0,0,0,3.0,0.0,3.0,3.0,0.0,3.0,0.0,0.0,0.0,1.0,0.0,1.0,0.0,1,0,3,5.0,0.0,4.0,13,1,148,0.0,5.950609937518596e-5,0.0,0.0,0.25,0.0,0.0,0.0,0.0,0.0,0.0,0.0,0.0,0.0005689155702672432,0.0,0.0006548788474132284,6.287428365403525e-5,0.0,1.455590160572445e-6,0.0012892988197956957,9.917683229197659e-5
1850117178808863106,5,3,0,3,3,0,3,0,0,0,3.0,0.0,3.0,3.0,0.0,3.0,0.0,0.0,0.0,1.0,0.0,1.0,0.0,1,0,3,5.0,0.0,4.0,13,1,148,0.0,5.950609937518596e-5,0.0,0.0,0.25,0.0,0.0,0.0,0.0,0.0,0.0,0.0,0.0,0.0005689155702672432,0.0,0.0006548788474132284,6.287428365403525e-5,0.0,1.455590160572445e-6,0.0012892988197956957,9.917683229197659e-5
1290143699476417230,5,2,0,2,2,0,2,0,0,0,2.0,0.0,2.0,2.0,0.0,2.0,0.0,0.0,0.0,1.0,0.0,1.0,0.0,2,0,2,3.0,0.0,2.0,31,1,147,0.0,3.967073291679064e-5,0.0,0.0,0.3333333333333333,0.0,0.0,0.0,0.0,0.0,0.0,0.0,0.0,0.0005578315024598029,0.0,0.0006548788474132283,4.18943087797663e-5,0.0,1.4457550919199286e-6,0.0030744818010512744,9.917683229197659e-5
1494571722509127124,5,3,0,3,3,0,3,0,0,0,3.0,0.0,3.0,3.0,0.0,3.0,0.0,0.0,0.0,1.0,0.0,1.0,0.0,1,0,3,5.0,0.0,4.0,13,1,148,0.0,5.950609937518596e-5,0.0,0.0,0.25,0.0,0.0,0.0,0.0,0.0,0.0,0.0,0.0,0.0005689155702672432,0.0,0.0006548788474132284,6.287428365403525e-5,0.0,1.455590160572445e-6,0.0012892988197956957,9.917683229197659e-5
1478773853957129704,5,3,0,3,3,0,3,0,0,0,3.0,0.0,3.0,3.0,0.0,3.0,0.0,0.0,0.0,1.0,0.0,1.0,0.0,1,0,3,5.0,0.0,4.0,13,1,148,0.0,5.950609937518596e-5,0.0,0.0,0.25,0.0,0.0,0.0,0.0,0.0,0.0,0.0,0.0,0.0005689155702672432,0.0,0.0006548788474132284,6.287428365403525e-5,0.0,1.455590160572445e-6,0.0012892988197956957,9.917683229197659e-5
1433217737890464355,3,7,0,7,6,0,6,1,0,1,7.0,0.0,7.0,6.0,0.0,6.0,1.0,0.0,1.0,0.8571428571428571,0.0,0.8571428571428571,0.0,4,0,7,17.0,0.0,15.0,44,1,355,0.0,0.00013884756520876723,0.0,0.0,0.48214285714285715,0.40816326530612246,0.0,0.0,0.40476190476190477,0.0,0.40476190476190477,0.7142857142857143,0.0,0.0006502985737128393,0.0,0.0006548788474132291,0.0,4.247692022174565e-5,3.491449371643365e-6,0.0043637806208469705,9.917683229197659e-5
1782115794243551583,3,9,0,9,8,0,8,1,0,1,9.0,0.0,9.0,8.0,0.0,8.0,1.0,0.0,1.0,0.8888888888888888,0.0,0.8888888888888888,0.0,4,0,9,32.0,0.0,28.0,54,1,393,0.0,0.00017851829812555786,0.0,0.0,0.4222222222222222,0.35802469135802467,0.0,0.0,0.3611111111111111,0.0,0.3611111111111111,0.6666666666666666,0.0,0.000648781799493909,0.0,0.0006548788474132289,0.0,2.6239780870684903e-5,3.865181980438993e-6,0.005355548943766736,9.917683229197659e-5
1331165501983819449,3,1,0,1,1,0,1,0,0,0,1.0,0.0,1.0,1.0,0.0,1.0,0.0,0.0,0.0,1.0,0.0,1.0,0.0,1,0,1,1.0,0.0,1.0,3,1,37,0.0,1.983536645839532e-5,0.0,0.0,0.5,0.0,0.0,0.0,0.0,0.0,0.0,0.0,0.0,0.0005517448117638471,0.0,0.0006548788474132288,8.015509431968937e-6,0.0,3.6389754014311124e-7,0.0002975304968759298,9.917683229197659e-5
1228065878453520897,3,3,0,3,3,0,3,0,0,0,3.0,0.0,3.0,3.0,0.0,3.0,0.0,0.0,0.0,1.0,0.0,1.0,0.0,1,0,3,3.0,0.0,4.0,22,1,111,0.0,5.950609937518596e-5,0.0,0.0,0.3333333333333333,0.1111111111111111,0.0,0.0,0.16666666666666666,0.0,0.16666666666666666,0.3333333333333333,0.0,0.000572332776928802,0.0,0.0006548788474132284,2.4095554393421814e-5,0.0,1.0916926204293339e-6,0.0021818903104234852,9.917683229197659e-5
1778838265227381578,3,9,0,9,8,0,8,1,0,1,9.0,0.0,9.0,8.0,0.0,8.0,1.0,0.0,1.0,0.8888888888888888,0.0,0.8888888888888888,0.0,4,0,9,32.0,0.0,28.0,54,1,393,0.0,0.00017851829812555786,0.0,0.0,0.4222222222222222,0.35802469135802467,0.0,0.0,0.3611111111111111,0.0,0.3611111111111111,0.6666666666666666,0.0,0.000648781799493909,0.0,0.0006548788474132289,0.0,2.6239780870684903e-5,3.865181980438993e-6,0.005355548943766736,9.917683229197659e-5
1257192523315546729,3,1,0,1,1,0,1,0,0,0,1.0,0.0,1.0,1.0,0.0,1.0,0.0,0.0,0.0,1.0,0.0,1.0,0.0,1,0,1,1.0,0.0,1.0,3,1,37,0.0,1.983536645839532e-5,0.0,0.0,0.5,0.0,0.0,0.0,0.0,0.0,0.0,0.0,0.0,0.0005517448117638471,0.0,0.0006548788474132288,8.015509431968937e-6,0.0,3.6389754014311124e-7,0.0002975304968759298,9.917683229197659e-5
1607102901203765230,3,4,0,4,4,0,4,0,0,0,4.0,0.0,4.0,4.0,0.0,4.0,0.0,0.0,0.0,1.0,0.0,1.0,0.0,1,0,4,5.0,0.0,7.0,25,1,232,0.0,7.934146583358127e-5,0.0,0.0,0.4,0.25,0.0,0.0,0.25,0.0,0.25,0.5,0.0,0.0005738318962489696,0.0,0.000654878847413229,3.2160109819434624e-5,0.0,2.2817359273838327e-6,0.002479420807299415,9.917683229197659e-5
1624880762266322507,3,5,0,5,5,0,5,0,0,0,5.0,0.0,5.0,5.0,0.0,5.0,0.0,0.0,0.0,1.0,0.0,1.0,0.0,2,0,5,5.0,0.0,9.0,18,1,172,0.0,9.917683229197659e-5,0.0,0.0,0.23333333333333334,0.08,0.0,0.0,0.1,0.0,0.1,0.2,0.0,0.0005902651468006836,0.0,0.0006548788474132286,4.024103381738975e-5,0.0,1.6916318082328415e-6,0.0017851829812555787,9.917683229197659e-5
1377118136528013791,3,6,0,6,6,0,6,0,0,0,6.0,0.0,6.0,6.0,0.0,6.0,0.0,0.0,0.0,1.0,0.0,1.0,0.0,2,0,6,13.0,0.0,14.0,31,1,214,0.0,0.00011901219875037192,0.0,0.0,0.23809523809523808,0.1111111111111111,0.0,0.0,0.13333333333333333,0.0,0.13333333333333333,0.2,0.0,0.000596889930094353,0.0,0.0006548788474132285,4.8338336351094746e-5,0.0,2.1047046916385355e-6,0.0030744818010512744,9.917683229197659e-5
1641603994813989502,3,14,0,14,14,0,14,0,0,0,14.0,0.0,14.0,14.0,0.0,14.0,0.0,0.0,0.0,1.0,0.0,1.0,0.0,4,0,12,45.0,0.0,40.0,56,1,333,0.0,0.00027769513041753447,0.0,0.0,0.24761904761904763,0.19387755102040816,0.0,0.0,0.19230769230769232,0.0,0.19230769230769232,0.2967032967032967,0.0,0.000738616932043815,0.0,0.000654878847413229,0.00011370758167750239,0.0,3.275077861288001e-6,0.00555390260835069,9.917683229197659e-5
1720296604457503305,3,7,0,7,5,0,5,2,0,2,7.0,0.0,7.0,5.0,0.0,5.0,2.0,0.0,2.0,0.7142857142857143,0.0,0.7142857142857143,0.0,3,0,7,9.0,0.0,15.0,41,1,316,0.0,0.00013884756520876723,0.0,0.0,0.19642857142857142,0.08163265306122448,0.0,0.0,0.07142857142857142,0.0,0.07142857142857142,0.14285714285714285,0.0,0.0006699011621250037,0.0,0.000654878847413229,0.0,0.00015023903933930605,3.1078816941952206e-6,0.0040662501239710405,9.917683229197659e-5
1638418109675080884,3,8,0,8,7,0,7,1,0,1,8.0,0.0,8.0,7.0,0.0,7.0,1.0,0.0,1.0,0.875,0.0,0.875,0.0,4,0,8,26.0,0.0,23.0,63,1,406,0.0,0.00015868293166716255,0.0,0.0,0.3888888888888889,0.3125,0.0,0.0,0.32142857142857145,0.0,0.32142857142857145,0.5357142857142857,0.0,0.0006473543840887143,0.0,0.0006548788474132288,0.0,3.436655168886915e-5,3.993037872921707e-6,0.006248140434394526,9.917683229197659e-5
1657358453242335181,3,6,0,6,5,0,5,1,0,1,6.0,0.0,6.0,5.0,0.0,5.0,1.0,0.0,1.0,0.8333333333333334,0.0,0.8333333333333334,0.0,4,0,6,13.0,0.0,14.0,48,1,318,0.0,0.00011901219875037192,0.0,0.0,0.2857142857142857,0.16666666666666666,0.0,0.0,0.16666666666666666,0.0,0.16666666666666666,0.3333333333333333,0.0,0.000625823743720372,0.0,0.0006548788474132289,0.0,5.057089644988633e-5,3.1275518315002536e-6,0.0047604879500148765,9.917683229197659e-5
1626392634824067967,3,4,0,4,4,0,4,0,0,0,4.0,0.0,4.0,4.0,0.0,4.0,0.0,0.0,0.0,1.0,0.0,1.0,0.0,1,0,4,5.0,0.0,7.0,24,1,170,0.0,7.934146583358127e-5,0.0,0.0,0.4,0.25,0.0,0.0,0.25,0.0,0.25,0.5,0.0,0.0005969813037545453,0.0,0.0006548788474132288,3.2160109819434624e-5,0.0,1.6719616709278085e-6,0.0023802439750074383,9.917683229197659e-5
1418467536982245965,3,7,0,7,7,0,7,0,0,0,7.0,0.0,7.0,7.0,0.0,7.0,0.0,0.0,0.0,1.0,0.0,1.0,0.0,4,0,7,17.0,0.0,15.0,55,1,234,0.0,0.00013884756520876723,0.0,0.0,0.30357142857142855,0.20408163265306123,0.0,0.0,0.19047619047619047,0.0,0.19047619047619047,0.38095238095238093,0.0,0.0006512872001338917,0.0,0.0006548788474132287,5.645202739135158e-5,0.0,2.3014060646888657e-6,0.005454725776058713,9.917683229197659e-5
1276265471594727501,3,10,0,10,9,0,9,1,0,1,10.0,0.0,10.0,9.0,0.0,9.0,1.0,0.0,1.0,0.9,0.0,0.9,0.0,4,0,10,32.0,0.0,30.0,56,1,370,0.0,0.00019835366458395318,0.0,0.0,0.3090909090909091,0.24,0.0,0.0,0.25555555555555554,0.0,0.25555555555555554,0.4666666666666667,0.0,0.000690895602028868,0.0,0.0006548788474132287,0.0,1.8096597781069867e-5,3.6389754014311125e-6,0.00555390260835069,9.917683229197659e-5
1631656709938220828,3,6,0,6,5,0,5,1,0,1,6.0,0.0,6.0,5.0,0.0,5.0,1.0,0.0,1.0,0.8333333333333334,0.0,0.8333333333333334,0.0,4,0,6,13.0,0.0,14.0,43,1,355,0.0,0.00011901219875037192,0.0,0.0,0.47619047619047616,0.3888888888888889,0.0,0.0,0.4,0.0,0.4,0.7333333333333333,0.0,0.0006190281489669262,0.0,0.000654878847413229,0.0,5.057089644988633e-5,3.491449371643365e-6,0.0042646037885549935,9.917683229197659e-5
1409582600506312990,3,3,0,3,3,0,3,0,0,0,3.0,0.0,3.0,3.0,0.0,3.0,0.0,0.0,0.0,1.0,0.0,1.0,0.0,1,0,3,3.0,0.0,4.0,25,1,211,0.0,5.950609937518596e-5,0.0,0.0,0.5,0.3333333333333333,0.0,0.0,0.3333333333333333,0.0,0.3333333333333333,0.6666666666666666,0.0,0.0005645909901793535,0.0,0.000654878847413229,2.4095554393421814e-5,0.0,2.075199485680986e-6,0.002479420807299415,9.917683229197659e-5
1584841630777606653,3,11,0,11,9,0,9,2,0,2,11.0,0.0,11.0,9.0,0.0,9.0,2.0,0.0,2.0,0.8181818181818182,0.0,0.8181818181818182,0.0,4,0,11,34.0,0.0,33.0,57,1,274,0.0,0.0002181890310423485,0.0,0.0,0.2727272727272727,0.2066115702479339,0.0,0.0,0.20909090909090908,0.0,0.20909090909090908,0.38181818181818183,0.0,0.0007283419110344544,0.0,0.0006548788474132287,0.0,0.00012662635209259587,2.6948088107895266e-6,0.005653079440642666,9.917683229197659e-5
1462556733695069785,3,14,0,14,11,0,11,3,0,3,14.0,0.0,14.0,11.0,0.0,11.0,3.0,0.0,3.0,0.7857142857142857,0.0,0.7857142857142857,0.0,4,0,14,45.0,0.0,42.0,72,1,399,0.0,0.00027769513041753447,0.0,0.0,0.2523809523809524,0.1989795918367347,0.0,0.0,0.2032967032967033,0.0,0.2032967032967033,0.38461538461538464,0.0,0.0007118601162458042,0.0,0.0006548788474132286,0.0,9.505540287102487e-5,3.924192392354092e-6,0.007140731925022315,9.917683229197659e-5
1723839782334760074,3,5,0,5,5,0,5,0,0,0,5.0,0.0,5.0,5.0,0.0,5.0,0.0,0.0,0.0,1.0,0.0,1.0,0.0,2,0,5,9.0,0.0,9.0,27,1,191,0.0,9.917683229197659e-5,0.0,0.0,0.2,0.04,0.0,0.0,0.05,0.0,0.05,0.1,0.0,0.0005982806553426471,0.0,0.0006548788474132287,4.024103381738975e-5,0.0,1.8784981126306554e-6,0.002677774471883368,9.917683229197659e-5
1271243420223931202,3,5,0,5,5,0,5,0,0,0,5.0,0.0,5.0,5.0,0.0,5.0,0.0,0.0,0.0,1.0,0.0,1.0,0.0,3,0,5,9.0,0.0,9.0,30,1,186,0.0,9.917683229197659e-5,0.0,0.0,0.16666666666666666,0.0,0.0,0.0,0.0,0.0,0.0,0.0,0.0,0.0006229257030114234,0.0,0.0006548788474132289,4.024103381738975e-5,0.0,1.8293227693680728e-6,0.002975304968759298,9.917683229197659e-5
1702796807144212479,3,5,0,5,5,0,5,0,0,0,5.0,0.0,5.0,5.0,0.0,5.0,0.0,0.0,0.0,1.0,0.0,1.0,0.0,3,0,5,9.0,0.0,9.0,30,1,186,0.0,9.917683229197659e-5,0.0,0.0,0.16666666666666666,0.0,0.0,0.0,0.0,0.0,0.0,0.0,0.0,0.0006229257030114234,0.0,0.0006548788474132289,4.024103381738975e-5,0.0,1.8293227693680728e-6,0.002975304968759298,9.917683229197659e-5
1443868091162299126,3,5,0,5,5,0,5,0,0,0,5.0,0.0,5.0,5.0,0.0,5.0,0.0,0.0,0.0,1.0,0.0,1.0,0.0,3,0,5,9.0,0.0,9.0,30,1,186,0.0,9.917683229197659e-5,0.0,0.0,0.16666666666666666,0.0,0.0,0.0,0.0,0.0,0.0,0.0,0.0,0.0006229257030114234,0.0,0.0006548788474132289,4.024103381738975e-5,0.0,1.8293227693680728e-6,0.002975304968759298,9.917683229197659e-5
1399665608416560887,3,8,0,8,8,0,8,0,0,0,8.0,0.0,8.0,8.0,0.0,8.0,0.0,0.0,0.0,1.0,0.0,1.0,0.0,4,0,8,17.0,0.0,23.0,48,1,246,0.0,0.00015868293166716255,0.0,0.0,0.2777777777777778,0.1875,0.0,0.0,0.19642857142857142,0.0,0.19642857142857142,0.39285714285714285,0.0,0.0006604709340486895,0.0,0.0006548788474132288,6.458211691429128e-5,0.0,2.419426888519064e-6,0.0047604879500148765,9.917683229197659e-5
1447893389331663275,3,5,0,5,5,0,5,0,0,0,5.0,0.0,5.0,5.0,0.0,5.0,0.0,0.0,0.0,1.0,0.0,1.0,0.0,3,0,5,9.0,0.0,9.0,30,1,186,0.0,9.917683229197659e-5,0.0,0.0,0.16666666666666666,0.0,0.0,0.0,0.0,0.0,0.0,0.0,0.0,0.0006229257030114234,0.0,0.0006548788474132289,4.024103381738975e-5,0.0,1.8293227693680728e-6,0.002975304968759298,9.917683229197659e-5
1771878705686119540,3,8,0,8,7,0,7,1,0,1,8.0,0.0,8.0,7.0,0.0,7.0,1.0,0.0,1.0,0.875,0.0,0.875,0.0,4,0,8,31.0,0.0,23.0,44,1,332,0.0,0.00015868293166716255,0.0,0.0,0.375,0.296875,0.0,0.0,0.30357142857142855,0.0,0.30357142857142855,0.5714285714285714,0.0,0.0006488991945151759,0.0,0.0006548788474132287,0.0,3.436655168886915e-5,3.2652427926354847e-6,0.0043637806208469705,9.917683229197659e-5
1612799798874737114,3,8,0,8,8,0,8,0,0,0,8.0,0.0,8.0,8.0,0.0,8.0,0.0,0.0,0.0,1.0,0.0,1.0,0.0,4,0,8,26.0,0.0,23.0,34,1,183,0.0,0.00015868293166716255,0.0,0.0,0.3194444444444444,0.234375,0.0,0.0,0.23214285714285715,0.0,0.23214285714285715,0.35714285714285715,0.0,0.0006831178767940613,0.0,0.0006548788474132289,6.458211691429128e-5,0.0,1.7998175634105232e-6,0.0033720122979272044,9.917683229197659e-5
1508340007469843225,3,5,0,5,5,0,5,0,0,0,5.0,0.0,5.0,5.0,0.0,5.0,0.0,0.0,0.0,1.0,0.0,1.0,0.0,3,0,5,9.0,0.0,9.0,30,1,186,0.0,9.917683229197659e-5,0.0,0.0,0.16666666666666666,0.0,0.0,0.0,0.0,0.0,0.0,0.0,0.0,0.0006229257030114234,0.0,0.0006548788474132289,4.024103381738975e-5,0.0,1.8293227693680728e-6,0.002975304968759298,9.917683229197659e-5
1276372966032015878,3,4,0,4,4,0,4,0,0,0,4.0,0.0,4.0,4.0,0.0,4.0,0.0,0.0,0.0,1.0,0.0,1.0,0.0,2,0,4,5.0,0.0,7.0,34,1,180,0.0,7.934146583358127e-5,0.0,0.0,0.45,0.3125,0.0,0.0,0.3333333333333333,0.0,0.3333333333333333,0.6666666666666666,0.0,0.0005791091178776608,0.0,0.0006548788474132287,3.2160109819434624e-5,0.0,1.7703123574529738e-6,0.0033720122979272044,9.917683229197659e-5
1302164267880941374,3,6,0,6,6,0,6,0,0,0,6.0,0.0,6.0,6.0,0.0,6.0,0.0,0.0,0.0,1.0,0.0,1.0,0.0,4,0,6,13.0,0.0,14.0,28,1,171,0.0,0.00011901219875037192,0.0,0.0,0.42857142857142855,0.3333333333333333,0.0,0.0,0.3333333333333333,0.0,0.3333333333333333,0.4666666666666667,0.0,0.0006315282421749802,0.0,0.0006548788474132288,4.8338336351094746e-5,0.0,1.681796739580325e-6,0.002776951304175345,9.917683229197659e-5
1216361458669979412,3,8,0,8,8,0,8,0,0,0,8.0,0.0,8.0,8.0,0.0,8.0,0.0,0.0,0.0,1.0,0.0,1.0,0.0,4,0,8,26.0,0.0,23.0,35,1,201,0.0,0.00015868293166716255,0.0,0.0,0.20833333333333334,0.109375,0.0,0.0,0.125,0.0,0.125,0.25,0.0,0.0006856521050029688,0.0,0.0006548788474132288,6.458211691429128e-5,0.0,1.9768487991558206e-6,0.003471189130219181,9.917683229197659e-5
1534843949833783987,3,11,0,11,9,0,9,2,0,2,11.0,0.0,11.0,9.0,0.0,9.0,2.0,0.0,2.0,0.8181818181818182,0.0,0.8181818181818182,0.0,4,0,10,34.0,0.0,32.0,46,1,399,0.0,0.0002181890310423485,0.0,0.0,0.22727272727272727,0.15702479338842976,0.0,0.0,0.15454545454545454,0.0,0.15454545454545454,0.3090909090909091,0.0,0.000717444536368172,0.0,0.0006548788474132289,0.0,0.00011778560659359005,3.924192392354092e-6,0.0045621342854309235,9.917683229197659e-5
1669175100315799062,3,3,0,3,2,0,2,1,0,1,3.0,0.0,3.0,2.0,0.0,2.0,1.0,0.0,1.0,0.6666666666666666,0.0,0.6666666666666666,0.0,2,0,3,4.0,0.0,4.0,30,1,264,0.0,5.950609937518596e-5,0.0,0.0,0.5,0.3333333333333333,0.0,0.0,0.3333333333333333,0.0,0.3333333333333333,0.6666666666666666,0.0,0.0005669716727682677,0.0,0.000654878847413229,0.0,7.475457101413507e-5,2.5964581242643613e-6,0.002975304968759298,9.917683229197659e-5
1476031737015304752,3,5,0,5,5,0,5,0,0,0,5.0,0.0,5.0,5.0,0.0,5.0,0.0,0.0,0.0,1.0,0.0,1.0,0.0,3,0,5,9.0,0.0,9.0,30,1,186,0.0,9.917683229197659e-5,0.0,0.0,0.16666666666666666,0.0,0.0,0.0,0.0,0.0,0.0,0.0,0.0,0.0006229257030114234,0.0,0.0006548788474132289,4.024103381738975e-5,0.0,1.8293227693680728e-6,0.002975304968759298,9.917683229197659e-5
1760131779840181632,3,5,0,5,5,0,5,0,0,0,5.0,0.0,5.0,5.0,0.0,5.0,0.0,0.0,0.0,1.0,0.0,1.0,0.0,3,0,5,9.0,0.0,9.0,30,1,186,0.0,9.917683229197659e-5,0.0,0.0,0.16666666666666666,0.0,0.0,0.0,0.0,0.0,0.0,0.0,0.0,0.0006229257030114234,0.0,0.0006548788474132289,4.024103381738975e-5,0.0,1.8293227693680728e-6,0.002975304968759298,9.917683229197659e-5
1335264827550993049,3,9,0,9,9,0,9,0,0,0,9.0,0.0,9.0,9.0,0.0,9.0,0.0,0.0,0.0,1.0,0.0,1.0,0.0,4,0,9,32.0,0.0,28.0,44,1,259,0.0,0.00017851829812555786,0.0,0.0,0.3111111111111111,0.2345679012345679,0.0,0.0,0.2222222222222222,0.0,0.2222222222222222,0.3611111111111111,0.0,0.0006549562523569576,0.0,0.0006548788474132287,7.272861490303928e-5,0.0,2.547282781001779e-6,0.0043637806208469705,9.917683229197659e-5
1700052294122341774,3,15,0,15,14,0,14,1,0,1,15.0,0.0,15.0,14.0,0.0,14.0,1.0,0.0,1.0,0.9333333333333333,0.0,0.9333333333333333,0.0,4,0,12,45.0,0.0,42.0,59,1,448,0.0,0.0002975304968759298,0.0,0.0,0.26666666666666666,0.21777777777777776,0.0,0.0,0.21904761904761905,0.0,0.21904761904761905,0.3619047619047619,0.0,0.000760894255119486,0.0,0.0006548788474132289,2.2865851716069585e-5,0.0,4.406110756327402e-6,0.005851433105226619,9.917683229197659e-5
1441877565399632910,3,4,0,4,3,0,3,1,0,1,4.0,0.0,4.0,3.0,0.0,3.0,1.0,0.0,1.0,0.75,0.0,0.75,0.0,2,0,4,5.0,0.0,7.0,22,1,334,0.0,7.934146583358127e-5,0.0,0.0,0.35,0.1875,0.0,0.0,0.16666666666666666,0.0,0.16666666666666666,0.3333333333333333,0.0,0.0005669782440310422,0.0,0.000654878847413229,0.0,6.670971188149633e-5,3.2849129299405177e-6,0.0021818903104234852,9.917683229197659e-5
1308887217699029000,3,8,0,8,8,0,8,0,0,0,8.0,0.0,8.0,8.0,0.0,8.0,0.0,0.0,0.0,1.0,0.0,1.0,0.0,4,0,8,34.0,0.0,23.0,52,1,277,0.0,0.00015868293166716255,0.0,0.0,0.4305555555555556,0.359375,0.0,0.0,0.3392857142857143,0.0,0.3392857142857143,0.6071428571428571,0.0,0.0006548136444393799,0.0,0.0006548788474132288,6.458211691429128e-5,0.0,2.724314016747076e-6,0.005157195279182783,9.917683229197659e-5
1867004718358724924,3,4,0,4,4,0,4,0,0,0,4.0,0.0,4.0,4.0,0.0,4.0,0.0,0.0,0.0,1.0,0.0,1.0,0.0,2,0,4,9.0,0.0,7.0,33,1,142,0.0,7.934146583358127e-5,0.0,0.0,0.45,0.3125,0.0,0.0,0.3333333333333333,0.0,0.3333333333333333,0.6666666666666666,0.0,0.0006019710913757115,0.0,0.0006548788474132286,3.2160109819434624e-5,0.0,1.396579748657346e-6,0.0032728354656352274,9.917683229197659e-5
1779790079175165548,3,8,0,8,7,0,7,1,0,1,8.0,0.0,8.0,7.0,0.0,7.0,1.0,0.0,1.0,0.875,0.0,0.875,0.0,4,0,8,32.0,0.0,23.0,54,1,413,0.0,0.00015868293166716255,0.0,0.0,0.5,0.4375,0.0,0.0,0.44642857142857145,0.0,0.44642857142857145,0.7857142857142857,0.0,0.000639025882726388,0.0,0.0006548788474132289,0.0,3.436655168886915e-5,4.061883353489323e-6,0.005355548943766736,9.917683229197659e-5
1838750484089799727,3,5,0,5,5,0,5,0,0,0,5.0,0.0,5.0,5.0,0.0,5.0,0.0,0.0,0.0,1.0,0.0,1.0,0.0,2,0,5,13.0,0.0,9.0,39,1,218,0.0,9.917683229197659e-5,0.0,0.0,0.36666666666666664,0.24,0.0,0.0,0.25,0.0,0.25,0.5,0.0,0.0005848232404542755,0.0,0.0006548788474132287,4.024103381738975e-5,0.0,2.1440449662486016e-6,0.003867896459387087,9.917683229197659e-5
1234064288084133210,3,7,0,7,6,0,6,1,0,1,7.0,0.0,7.0,6.0,0.0,6.0,1.0,0.0,1.0,0.8571428571428571,0.0,0.8571428571428571,0.0,4,0,7,31.0,0.0,15.0,48,1,258,0.0,0.00013884756520876723,0.0,0.0,0.3392857142857143,0.24489795918367346,0.0,0.0,0.2619047619047619,0.0,0.2619047619047619,0.42857142857142855,0.0,0.0006368439997943628,0.0,0.0006548788474132285,0.0,0.00015907221084388024,2.5374477123492625e-6,0.0047604879500148765,9.917683229197659e-5
1429592208033451400,3,7,0,7,6,0,6,1,0,1,7.0,0.0,7.0,6.0,0.0,6.0,1.0,0.0,1.0,0.8571428571428571,0.0,0.8571428571428571,0.0,4,0,7,31.0,0.0,15.0,40,1,376,0.0,0.00013884756520876723,0.0,0.0,0.35714285714285715,0.2653061224489796,0.0,0.0,0.2857142857142857,0.0,0.2857142857142857,0.5238095238095238,0.0,0.0006080090199152697,0.0,0.0006548788474132288,0.0,4.247692022174565e-5,3.6979858133462117e-6,0.0039670732916790635,9.917683229197659e-5
1449537442871773587,3,8,0,8,7,0,7,1,0,1,8.0,0.0,8.0,7.0,0.0,7.0,1.0,0.0,1.0,0.875,0.0,0.875,0.0,4,0,8,34.0,0.0,23.0,44,1,370,0.0,0.00015868293166716255,0.0,0.0,0.4027777777777778,0.328125,0.0,0.0,0.3392857142857143,0.0,0.3392857142857143,0.6785714285714286,0.0,0.0006531652744095054,0.0,0.0006548788474132288,0.0,3.436655168886915e-5,3.6389754014311125e-6,0.0043637806208469705,9.917683229197659e-5
1287206717095937086,3,4,0,4,4,0,4,0,0,0,4.0,0.0,4.0,4.0,0.0,4.0,0.0,0.0,0.0,1.0,0.0,1.0,0.0,3,0,4,9.0,0.0,7.0,32,1,164,0.0,7.934146583358127e-5,0.0,0.0,0.6,0.5,0.0,0.0,0.5,0.0,0.5,0.8333333333333334,0.0,0.0005959462291221669,0.0,0.0006548788474132287,3.2160109819434624e-5,0.0,1.6129512590127095e-6,0.003173658633343251,9.917683229197659e-5
1769222265347506446,3,7,0,7,6,0,6,1,0,1,7.0,0.0,7.0,6.0,0.0,6.0,1.0,0.0,1.0,0.8571428571428571,0.0,0.8571428571428571,0.0,4,0,7,31.0,0.0,15.0,48,1,258,0.0,0.00013884756520876723,0.0,0.0,0.3392857142857143,0.24489795918367346,0.0,0.0,0.2619047619047619,0.0,0.2619047619047619,0.42857142857142855,0.0,0.0006368439997943628,0.0,0.0006548788474132285,0.0,0.00015907221084388024,2.5374477123492625e-6,0.0047604879500148765,9.917683229197659e-5
1801385610435366317,3,3,0,3,3,0,3,0,0,0,3.0,0.0,3.0,3.0,0.0,3.0,0.0,0.0,0.0,1.0,0.0,1.0,0.0,3,0,3,5.0,0.0,4.0,38,1,109,0.0,5.950609937518596e-5,0.0,0.0,0.5833333333333334,0.4444444444444444,0.0,0.0,0.5,0.0,0.5,1.0,0.0,0.0006182282168884246,0.0,0.0006548788474132288,2.4095554393421814e-5,0.0,1.0720224831243008e-6,0.0037687196270951104,9.917683229197659e-5
1543190144742329152,3,5,0,5,4,0,4,1,0,1,5.0,0.0,5.0,4.0,0.0,4.0,1.0,0.0,1.0,0.8,0.0,0.8,0.0,2,0,5,9.0,0.0,9.0,26,1,207,0.0,9.917683229197659e-5,0.0,0.0,0.2,0.04,0.0,0.0,0.05,0.0,0.05,0.1,0.0,0.0006275924316715007,0.0,0.0006548788474132287,0.0,6.748287532798436e-5,2.0358592110709198e-6,0.0025785976395913913,9.917683229197659e-5
1354916442272697879,3,4,0,4,4,0,4,0,0,0,4.0,0.0,4.0,4.0,0.0,4.0,0.0,0.0,0.0,1.0,0.0,1.0,0.0,3,0,4,9.0,0.0,7.0,32,1,164,0.0,7.934146583358127e-5,0.0,0.0,0.6,0.5,0.0,0.0,0.5,0.0,0.5,0.8333333333333334,0.0,0.0005959462291221669,0.0,0.0006548788474132287,3.2160109819434624e-5,0.0,1.6129512590127095e-6,0.003173658633343251,9.917683229197659e-5
1537511045126423173,3,7,0,7,6,0,6,1,0,1,7.0,0.0,7.0,6.0,0.0,6.0,1.0,0.0,1.0,0.8571428571428571,0.0,0.8571428571428571,0.0,4,0,7,31.0,0.0,15.0,51,1,423,0.0,0.00013884756520876723,0.0,0.0,0.4642857142857143,0.3877551020408163,0.0,0.0,0.38095238095238093,0.0,0.38095238095238093,0.6666666666666666,0.0,0.0006291269845218252,0.0,0.0006548788474132291,0.0,4.247692022174565e-5,4.160234040014488e-6,0.0050580184468908065,9.917683229197659e-5
1756964238875689541,3,5,0,5,4,0,4,1,0,1,5.0,0.0,5.0,4.0,0.0,4.0,1.0,0.0,1.0,0.8,0.0,0.8,0.0,3,0,5,13.0,0.0,9.0,40,1,340,0.0,9.917683229197659e-5,0.0,0.0,0.3333333333333333,0.2,0.0,0.0,0.2,0.0,0.2,0.4,0.0,0.0006061834172561334,0.0,0.0006548788474132288,0.0,5.8648490347201765e-5,3.343923341855617e-6,0.0039670732916790635,9.917683229197659e-5
1852799261054338600,4,5,0,5,3,0,3,2,0,2,5.0,0.0,5.0,3.0,0.0,3.0,2.0,0.0,2.0,0.6,0.0,0.6,0.0,1,0,5,10.0,0.0,9.0,8,1,107,0.0,9.917683229197659e-5,0.0,0.0,0.23333333333333334,0.08,0.0,0.0,0.1,0.0,0.1,0.2,0.0,0.0006424492167661657,0.0,0.000654878847413229,0.0,0.00017049477936192936,1.0523523458192677e-6,0.0007934146583358127,9.917683229197659e-5
1585523151939308406,4,4,0,4,2,0,2,2,0,2,4.0,0.0,4.0,2.0,0.0,2.0,2.0,0.0,2.0,0.5,0.0,0.5,0.0,0,0,4,9.0,0.0,7.0,5,1,174,0.0,7.934146583358127e-5,0.0,0.0,0.2,0.0,0.0,0.0,0.0,0.0,0.0,0.0,0.0,0.0005871200024156777,0.0,0.000654878847413229,0.0,0.00018559252427918782,1.7113019455378746e-6,0.0004958841614598829,9.917683229197659e-5
1225595870636933989,4,5,0,5,3,0,3,2,0,2,5.0,0.0,5.0,3.0,0.0,3.0,2.0,0.0,2.0,0.6,0.0,0.6,0.0,1,0,5,10.0,0.0,9.0,8,1,136,0.0,9.917683229197659e-5,0.0,0.0,0.23333333333333334,0.08,0.0,0.0,0.1,0.0,0.1,0.2,0.0,0.000625763278825368,0.0,0.0006548788474132289,0.0,0.00017049477936192936,1.3375693367422468e-6,0.0007934146583358127,9.917683229197659e-5
1573032050154278678,4,2,0,2,1,0,1,1,0,1,2.0,0.0,2.0,1.0,0.0,1.0,1.0,0.0,1.0,0.5,0.0,0.5,0.0,1,0,2,3.0,0.0,2.0,6,1,70,0.0,3.967073291679064e-5,0.0,0.0,0.5,0.25,0.0,0.0,0.5,0.0,0.5,1.0,0.0,0.0005820304927182749,0.0,0.0006548788474132289,0.0,9.279028214437268e-5,6.884548056761565e-7,0.0005950609937518596,9.917683229197659e-5
1345259765642560509,3,3,0,3,3,0,3,0,0,0,3.0,0.0,3.0,3.0,0.0,3.0,0.0,0.0,0.0,1.0,0.0,1.0,0.0,2,0,3,5.0,0.0,4.0,23,1,148,0.0,5.950609937518596e-5,0.0,0.0,0.5,0.3333333333333333,0.0,0.0,0.3333333333333333,0.0,0.3333333333333333,0.6666666666666666,0.0,0.0005886191589744122,0.0,0.0006548788474132286,2.4095554393421814e-5,0.0,1.455590160572445e-6,0.0022810671427154617,9.917683229197659e-5
1407185340573157599,4,4,0,4,3,0,3,1,0,1,4.0,0.0,4.0,3.0,0.0,3.0,1.0,0.0,1.0,0.75,0.0,0.75,0.0,1,0,4,9.0,0.0,7.0,11,1,156,0.0,7.934146583358127e-5,0.0,0.0,0.2,0.0,0.0,0.0,0.0,0.0,0.0,0.0,0.0,0.0005840834180250837,0.0,0.0006548788474132286,0.0,7.907919889238446e-5,1.5342707097925772e-6,0.0010909451552117426,9.917683229197659e-5
1259938380049811497,4,4,0,4,3,0,3,1,0,1,4.0,0.0,4.0,3.0,0.0,3.0,1.0,0.0,1.0,0.75,0.0,0.75,0.0,1,0,4,9.0,0.0,7.0,11,1,156,0.0,7.934146583358127e-5,0.0,0.0,0.2,0.0,0.0,0.0,0.0,0.0,0.0,0.0,0.0,0.0005840834180250837,0.0,0.0006548788474132286,0.0,7.907919889238446e-5,1.5342707097925772e-6,0.0010909451552117426,9.917683229197659e-5
1645082400625000835,4,4,0,4,3,0,3,1,0,1,4.0,0.0,4.0,3.0,0.0,3.0,1.0,0.0,1.0,0.75,0.0,0.75,0.0,1,0,4,9.0,0.0,7.0,11,1,156,0.0,7.934146583358127e-5,0.0,0.0,0.2,0.0,0.0,0.0,0.0,0.0,0.0,0.0,0.0,0.0005840834180250837,0.0,0.0006548788474132286,0.0,7.907919889238446e-5,1.5342707097925772e-6,0.0010909451552117426,9.917683229197659e-5
1428357310786307995,4,4,0,4,2,0,2,2,0,2,4.0,0.0,4.0,2.0,0.0,2.0,2.0,0.0,2.0,0.5,0.0,0.5,0.0,0,0,4,9.0,0.0,7.0,5,1,132,0.0,7.934146583358127e-5,0.0,0.0,0.2,0.0,0.0,0.0,0.0,0.0,0.0,0.0,0.0,0.0005946405658928871,0.0,0.0006548788474132288,0.0,0.00017735452586198353,1.2982290621321806e-6,0.0004958841614598829,9.917683229197659e-5
1528893931343839917,3,2,0,2,2,0,2,0,0,0,2.0,0.0,2.0,2.0,0.0,2.0,0.0,0.0,0.0,1.0,0.0,1.0,0.0,0,0,2,3.0,0.0,2.0,3,1,139,0.0,3.967073291679064e-5,0.0,0.0,0.3333333333333333,0.0,0.0,0.0,0.0,0.0,0.0,0.0,0.0,0.0005502086851527012,0.0,0.0006548788474132289,1.6047357581427946e-5,0.0,1.3670745426997964e-6,0.0002975304968759298,9.917683229197659e-5
1720561388964807027,4,4,0,4,3,0,3,1,0,1,4.0,0.0,4.0,3.0,0.0,3.0,1.0,0.0,1.0,0.75,0.0,0.75,0.0,1,0,4,9.0,0.0,7.0,11,1,156,0.0,7.934146583358127e-5,0.0,0.0,0.2,0.0,0.0,0.0,0.0,0.0,0.0,0.0,0.0,0.0005840834180250837,0.0,0.0006548788474132286,0.0,7.907919889238446e-5,1.5342707097925772e-6,0.0010909451552117426,9.917683229197659e-5
1405576686304497246,4,4,0,4,3,0,3,1,0,1,4.0,0.0,4.0,3.0,0.0,3.0,1.0,0.0,1.0,0.75,0.0,0.75,0.0,1,0,4,9.0,0.0,7.0,11,1,156,0.0,7.934146583358127e-5,0.0,0.0,0.2,0.0,0.0,0.0,0.0,0.0,0.0,0.0,0.0,0.0005840834180250837,0.0,0.0006548788474132286,0.0,7.907919889238446e-5,1.5342707097925772e-6,0.0010909451552117426,9.917683229197659e-5
1239570093763986937,3,6,0,6,5,0,5,1,0,1,6.0,0.0,6.0,5.0,0.0,5.0,1.0,0.0,1.0,0.8333333333333334,0.0,0.8333333333333334,0.0,4,0,6,17.0,0.0,14.0,45,1,374,0.0,0.00011901219875037192,0.0,0.0,0.5238095238095238,0.4444444444444444,0.0,0.0,0.43333333333333335,0.0,0.43333333333333335,0.8,0.0,0.0006102540875941464,0.0,0.0006548788474132288,0.0,5.057089644988633e-5,3.6783156760411786e-6,0.0044629574531389465,9.917683229197659e-5
1459735432680967557,4,5,0,5,2,0,2,3,0,3,5.0,0.0,5.0,2.0,0.0,2.0,3.0,0.0,3.0,0.4,0.0,0.4,0.0,1,0,5,10.0,0.0,9.0,8,1,172,0.0,9.917683229197659e-5,0.0,0.0,0.23333333333333334,0.08,0.0,0.0,0.1,0.0,0.1,0.2,0.0,0.0006203112200515633,0.0,0.000654878847413229,0.0,0.00027702444755106637,1.6916318082328415e-6,0.0007934146583358127,9.917683229197659e-5
1871947284632044573,4,4,0,4,3,0,3,1,0,1,4.0,0.0,4.0,3.0,0.0,3.0,1.0,0.0,1.0,0.75,0.0,0.75,0.0,1,0,4,9.0,0.0,7.0,11,1,156,0.0,7.934146583358127e-5,0.0,0.0,0.2,0.0,0.0,0.0,0.0,0.0,0.0,0.0,0.0,0.0005840834180250837,0.0,0.0006548788474132286,0.0,7.907919889238446e-5,1.5342707097925772e-6,0.0010909451552117426,9.917683229197659e-5
1713267619676557203,4,4,0,4,3,0,3,1,0,1,4.0,0.0,4.0,3.0,0.0,3.0,1.0,0.0,1.0,0.75,0.0,0.75,0.0,1,0,4,9.0,0.0,7.0,11,1,156,0.0,7.934146583358127e-5,0.0,0.0,0.2,0.0,0.0,0.0,0.0,0.0,0.0,0.0,0.0,0.0005840834180250837,0.0,0.0006548788474132286,0.0,7.907919889238446e-5,1.5342707097925772e-6,0.0010909451552117426,9.917683229197659e-5
1356110239904041900,3,15,0,15,14,0,14,1,0,1,15.0,0.0,15.0,14.0,0.0,14.0,1.0,0.0,1.0,0.9333333333333333,0.0,0.9333333333333333,0.0,4,0,12,52.0,0.0,40.0,53,1,473,0.0,0.0002975304968759298,0.0,0.0,0.275,0.22666666666666666,0.0,0.0,0.22380952380952382,0.0,0.22380952380952382,0.4,0.0,0.000754763159370837,0.0,0.0006548788474132289,2.2865851716069585e-5,0.0,4.6519874726403145e-6,0.00525637211147476,9.917683229197659e-5
1859063194144735452,4,5,0,5,3,0,3,2,0,2,5.0,0.0,5.0,3.0,0.0,3.0,2.0,0.0,2.0,0.6,0.0,0.6,0.0,1,0,5,13.0,0.0,9.0,16,1,111,0.0,9.917683229197659e-5,0.0,0.0,0.2,0.04,0.0,0.0,0.05,0.0,0.05,0.1,0.0,0.0010000249862131493,0.0,0.000654878847413229,0.0,0.00017049477936192936,1.0916926204293339e-6,0.0015868293166716254,9.917683229197659e-5
1593191870438048836,3,7,0,7,7,0,7,0,0,0,7.0,0.0,7.0,7.0,0.0,7.0,0.0,0.0,0.0,1.0,0.0,1.0,0.0,4,0,7,31.0,0.0,15.0,44,1,305,0.0,0.00013884756520876723,0.0,0.0,0.4107142857142857,0.32653061224489793,0.0,0.0,0.30952380952380953,0.0,0.30952380952380953,0.47619047619047616,0.0,0.0006174502533324752,0.0,0.0006548788474132288,5.645202739135158e-5,0.0,2.9996959390175387e-6,0.0043637806208469705,9.917683229197659e-5
1312512524163223177,3,3,0,3,2,0,2,1,0,1,3.0,0.0,3.0,2.0,0.0,2.0,1.0,0.0,1.0,0.6666666666666666,0.0,0.6666666666666666,0.0,0,0,3,5.0,0.0,4.0,4,1,168,0.0,5.950609937518596e-5,0.0,0.0,0.25,0.0,0.0,0.0,0.0,0.0,0.0,0.0,0.0,0.0005623898795171953,0.0,0.0006548788474132288,0.0,0.00015711224871195473,1.6522915336227754e-6,0.00039670732916790636,9.917683229197659e-5
1842089918797449835,4,4,0,4,3,0,3,1,0,1,4.0,0.0,4.0,3.0,0.0,3.0,1.0,0.0,1.0,0.75,0.0,0.75,0.0,1,0,4,9.0,0.0,7.0,11,1,156,0.0,7.934146583358127e-5,0.0,0.0,0.2,0.0,0.0,0.0,0.0,0.0,0.0,0.0,0.0,0.0005840834180250837,0.0,0.0006548788474132286,0.0,7.907919889238446e-5,1.5342707097925772e-6,0.0010909451552117426,9.917683229197659e-5
1260410566338412733,3,5,0,5,4,0,4,1,0,1,5.0,0.0,5.0,4.0,0.0,4.0,1.0,0.0,1.0,0.8,0.0,0.8,0.0,3,0,5,9.0,0.0,9.0,31,1,164,0.0,9.917683229197659e-5,0.0,0.0,0.26666666666666666,0.12,0.0,0.0,0.1,0.0,0.1,0.2,0.0,0.0006568146624168011,0.0,0.0006548788474132287,0.0,6.748287532798436e-5,1.6129512590127095e-6,0.0030744818010512744,9.917683229197659e-5
1865920272649947736,4,3,0,3,2,0,2,1,0,1,3.0,0.0,3.0,2.0,0.0,2.0,1.0,0.0,1.0,0.6666666666666666,0.0,0.6666666666666666,0.0,0,0,3,5.0,0.0,4.0,4,1,105,0.0,5.950609937518596e-5,0.0,0.0,0.25,0.0,0.0,0.0,0.0,0.0,0.0,0.0,0.0,0.0005770996460080156,0.0,0.0006548788474132289,0.0,8.594266394867933e-5,1.0326822085142347e-6,0.00039670732916790636,9.917683229197659e-5
1766193787366804018,4,6,0,6,3,0,3,3,0,3,6.0,0.0,6.0,3.0,0.0,3.0,3.0,0.0,3.0,0.5,0.0,0.5,0.0,1,0,6,17.0,0.0,14.0,15,1,206,0.0,0.00011901219875037192,0.0,0.0,0.21428571428571427,0.08333333333333333,0.0,0.0,0.1,0.0,0.1,0.2,0.0,0.0009933594046800138,0.0,0.0006548788474132289,0.0,0.00027017018614772237,2.0260241424184032e-6,0.001487652484379649,9.917683229197659e-5
1809195091680562237,3,1,0,1,1,0,1,0,0,0,1.0,0.0,1.0,1.0,0.0,1.0,0.0,0.0,0.0,1.0,0.0,1.0,0.0,1,0,1,1.0,0.0,1.0,12,1,47,0.0,1.983536645839532e-5,0.0,0.0,0.5,0.0,0.0,0.0,0.0,0.0,0.0,0.0,0.0,0.0005563141256702528,0.0,0.0006548788474132289,8.015509431968937e-6,0.0,4.6224822666827646e-7,0.0011901219875037191,9.917683229197659e-5
1331693758747512262,3,4,0,4,3,0,3,1,0,1,4.0,0.0,4.0,3.0,0.0,3.0,1.0,0.0,1.0,0.75,0.0,0.75,0.0,2,0,4,9.0,0.0,7.0,22,1,329,0.0,7.934146583358127e-5,0.0,0.0,0.4,0.25,0.0,0.0,0.25,0.0,0.25,0.5,0.0,0.0005747674047968829,0.0,0.0006548788474132291,0.0,6.670971188149633e-5,3.2357375866779355e-6,0.0021818903104234852,9.917683229197659e-5
1817100136187167673,4,5,0,5,4,0,4,1,0,1,5.0,0.0,5.0,4.0,0.0,4.0,1.0,0.0,1.0,0.8,0.0,0.8,0.0,1,0,5,10.0,0.0,9.0,9,1,164,0.0,9.917683229197659e-5,0.0,0.0,0.2,0.04,0.0,0.0,0.05,0.0,0.05,0.1,0.0,0.0006358004368804294,0.0,0.0006548788474132292,0.0,7.21998772634791e-5,1.6129512590127095e-6,0.0008925914906277894,9.917683229197659e-5
1311666856825717017,3,4,0,4,3,0,3,1,0,1,4.0,0.0,4.0,3.0,0.0,3.0,1.0,0.0,1.0,0.75,0.0,0.75,0.0,2,0,4,9.0,0.0,7.0,35,1,393,0.0,7.934146583358127e-5,0.0,0.0,0.6,0.5,0.0,0.0,0.5,0.0,0.5,0.8333333333333334,0.0,0.0005629459748506519,0.0,0.0006548788474132292,0.0,6.670971188149633e-5,3.865181980438993e-6,0.003471189130219181,9.917683229197659e-5
1349083364744760355,3,2,0,2,2,0,2,0,0,0,2.0,0.0,2.0,2.0,0.0,2.0,0.0,0.0,0.0,1.0,0.0,1.0,0.0,1,0,2,3.0,0.0,2.0,25,1,205,0.0,3.967073291679064e-5,0.0,0.0,0.6666666666666666,0.5,0.0,0.0,0.5,0.0,0.5,1.0,0.0,0.0005491533266113066,0.0,0.0006548788474132293,1.6047357581427946e-5,0.0,2.0161890737658867e-6,0.002479420807299415,9.917683229197659e-5
1524830776330291288,3,3,0,3,3,0,3,0,0,0,3.0,0.0,3.0,3.0,0.0,3.0,0.0,0.0,0.0,1.0,0.0,1.0,0.0,1,0,3,5.0,0.0,4.0,21,1,151,0.0,5.950609937518596e-5,0.0,0.0,0.4166666666666667,0.2222222222222222,0.0,0.0,0.3333333333333333,0.0,0.3333333333333333,0.6666666666666666,0.0,0.0005859557216486051,0.0,0.0006548788474132289,2.4095554393421814e-5,0.0,1.4850953665299946e-6,0.0020827134781315083,9.917683229197659e-5
1472795941856610134,3,4,0,4,3,0,3,1,0,1,4.0,0.0,4.0,3.0,0.0,3.0,1.0,0.0,1.0,0.75,0.0,0.75,0.0,2,0,4,9.0,0.0,7.0,35,1,384,0.0,7.934146583358127e-5,0.0,0.0,0.55,0.4375,0.0,0.0,0.4166666666666667,0.0,0.4166666666666667,0.6666666666666666,0.0,0.0005612006096879783,0.0,0.0006548788474132291,0.0,6.670971188149633e-5,3.776666362566344e-6,0.003471189130219181,9.917683229197659e-5
1419400657495918164,3,2,0,2,2,0,2,0,0,0,2.0,0.0,2.0,2.0,0.0,2.0,0.0,0.0,0.0,1.0,0.0,1.0,0.0,1,0,2,3.0,0.0,2.0,23,1,153,0.0,3.967073291679064e-5,0.0,0.0,0.5,0.25,0.0,0.0,0.5,0.0,0.5,1.0,0.0,0.0005555651721732016,0.0,0.0006548788474132287,1.6047357581427946e-5,0.0,1.5047655038350276e-6,0.0022810671427154617,9.917683229197659e-5
1752150501501174678,3,2,0,2,2,0,2,0,0,0,2.0,0.0,2.0,2.0,0.0,2.0,0.0,0.0,0.0,1.0,0.0,1.0,0.0,1,0,2,3.0,0.0,2.0,23,1,153,0.0,3.967073291679064e-5,0.0,0.0,0.5,0.25,0.0,0.0,0.5,0.0,0.5,1.0,0.0,0.0005555651721732016,0.0,0.0006548788474132287,1.6047357581427946e-5,0.0,1.5047655038350276e-6,0.0022810671427154617,9.917683229197659e-5
1382587905737755108,3,2,0,2,2,0,2,0,0,0,2.0,0.0,2.0,2.0,0.0,2.0,0.0,0.0,0.0,1.0,0.0,1.0,0.0,1,0,2,3.0,0.0,2.0,23,1,153,0.0,3.967073291679064e-5,0.0,0.0,0.5,0.25,0.0,0.0,0.5,0.0,0.5,1.0,0.0,0.0005555651721732016,0.0,0.0006548788474132287,1.6047357581427946e-5,0.0,1.5047655038350276e-6,0.0022810671427154617,9.917683229197659e-5
1411893116981479349,4,11,0,11,3,0,3,8,0,8,11.0,0.0,11.0,3.0,0.0,3.0,8.0,0.0,8.0,0.2727272727272727,0.0,0.2727272727272727,0.0,4,0,10,34.0,0.0,30.0,68,1,460,0.0,0.0002181890310423485,0.0,0.0,0.25,0.18181818181818182,0.0,0.0,0.17272727272727273,0.0,0.17272727272727273,0.3090909090909091,0.0,0.0007369109302284608,0.0,0.0006548788474132289,0.0,0.00022562421425742496,4.524131580157599e-6,0.006744024595854409,9.917683229197659e-5
1671691716911957579,3,2,0,2,2,0,2,0,0,0,2.0,0.0,2.0,2.0,0.0,2.0,0.0,0.0,0.0,1.0,0.0,1.0,0.0,1,0,2,3.0,0.0,2.0,13,1,144,0.0,3.967073291679064e-5,0.0,0.0,0.5,0.25,0.0,0.0,0.5,0.0,0.5,1.0,0.0,0.0005528647110324297,0.0,0.0006548788474132287,1.6047357581427946e-5,0.0,1.416249885962379e-6,0.0012892988197956957,9.917683229197659e-5
1504148164620324008,3,2,0,2,2,0,2,0,0,0,2.0,0.0,2.0,2.0,0.0,2.0,0.0,0.0,0.0,1.0,0.0,1.0,0.0,1,0,2,3.0,0.0,2.0,23,1,153,0.0,3.967073291679064e-5,0.0,0.0,0.5,0.25,0.0,0.0,0.5,0.0,0.5,1.0,0.0,0.0005555651721732016,0.0,0.0006548788474132287,1.6047357581427946e-5,0.0,1.5047655038350276e-6,0.0022810671427154617,9.917683229197659e-5
1746111250116380347,3,2,0,2,2,0,2,0,0,0,2.0,0.0,2.0,2.0,0.0,2.0,0.0,0.0,0.0,1.0,0.0,1.0,0.0,1,0,2,3.0,0.0,2.0,23,1,153,0.0,3.967073291679064e-5,0.0,0.0,0.5,0.25,0.0,0.0,0.5,0.0,0.5,1.0,0.0,0.0005555651721732016,0.0,0.0006548788474132287,1.6047357581427946e-5,0.0,1.5047655038350276e-6,0.0022810671427154617,9.917683229197659e-5
1655660882161568792,3,2,0,2,2,0,2,0,0,0,2.0,0.0,2.0,2.0,0.0,2.0,0.0,0.0,0.0,1.0,0.0,1.0,0.0,1,0,2,3.0,0.0,2.0,23,1,153,0.0,3.967073291679064e-5,0.0,0.0,0.5,0.25,0.0,0.0,0.5,0.0,0.5,1.0,0.0,0.0005555651721732016,0.0,0.0006548788474132287,1.6047357581427946e-5,0.0,1.5047655038350276e-6,0.0022810671427154617,9.917683229197659e-5
1601715286992487550,3,4,0,4,3,0,3,1,0,1,4.0,0.0,4.0,3.0,0.0,3.0,1.0,0.0,1.0,0.75,0.0,0.75,0.0,1,0,4,9.0,0.0,7.0,17,1,237,0.0,7.934146583358127e-5,0.0,0.0,0.2,0.0,0.0,0.0,0.0,0.0,0.0,0.0,0.0,0.0005734532711892194,0.0,0.0006548788474132285,0.0,7.554220502981046e-5,2.3309112706464153e-6,0.0016860061489636022,9.917683229197659e-5
1561790904862247350,3,2,0,2,2,0,2,0,0,0,2.0,0.0,2.0,2.0,0.0,2.0,0.0,0.0,0.0,1.0,0.0,1.0,0.0,1,0,2,3.0,0.0,2.0,23,1,153,0.0,3.967073291679064e-5,0.0,0.0,0.5,0.25,0.0,0.0,0.5,0.0,0.5,1.0,0.0,0.0005555651721732016,0.0,0.0006548788474132287,1.6047357581427946e-5,0.0,1.5047655038350276e-6,0.0022810671427154617,9.917683229197659e-5
1332978456773788547,3,2,0,2,2,0,2,0,0,0,2.0,0.0,2.0,2.0,0.0,2.0,0.0,0.0,0.0,1.0,0.0,1.0,0.0,1,0,2,3.0,0.0,2.0,23,1,153,0.0,3.967073291679064e-5,0.0,0.0,0.5,0.25,0.0,0.0,0.5,0.0,0.5,1.0,0.0,0.0005555651721732016,0.0,0.0006548788474132287,1.6047357581427946e-5,0.0,1.5047655038350276e-6,0.0022810671427154617,9.917683229197659e-5
1470404923173634963,3,2,0,2,2,0,2,0,0,0,2.0,0.0,2.0,2.0,0.0,2.0,0.0,0.0,0.0,1.0,0.0,1.0,0.0,1,0,2,3.0,0.0,2.0,23,1,153,0.0,3.967073291679064e-5,0.0,0.0,0.5,0.25,0.0,0.0,0.5,0.0,0.5,1.0,0.0,0.0005555651721732016,0.0,0.0006548788474132287,1.6047357581427946e-5,0.0,1.5047655038350276e-6,0.0022810671427154617,9.917683229197659e-5
1664084324422520728,3,2,0,2,2,0,2,0,0,0,2.0,0.0,2.0,2.0,0.0,2.0,0.0,0.0,0.0,1.0,0.0,1.0,0.0,1,0,2,3.0,0.0,2.0,23,1,153,0.0,3.967073291679064e-5,0.0,0.0,0.5,0.25,0.0,0.0,0.5,0.0,0.5,1.0,0.0,0.0005555651721732016,0.0,0.0006548788474132287,1.6047357581427946e-5,0.0,1.5047655038350276e-6,0.0022810671427154617,9.917683229197659e-5
1844055588456104682,4,8,0,8,3,0,3,5,0,5,8.0,0.0,8.0,3.0,0.0,3.0,5.0,0.0,5.0,0.375,0.0,0.375,0.0,4,0,8,31.0,0.0,23.0,66,1,436,0.0,0.00015868293166716255,0.0,0.0,0.3472222222222222,0.265625,0.0,0.0,0.25,0.0,0.25,0.42857142857142855,0.0,0.0006715911079297634,0.0,0.000654878847413229,0.0,0.0002499240170031891,4.288089932497203e-6,0.006545670931270455,9.917683229197659e-5
1456729054412540664,3,2,0,2,2,0,2,0,0,0,2.0,0.0,2.0,2.0,0.0,2.0,0.0,0.0,0.0,1.0,0.0,1.0,0.0,1,0,2,3.0,0.0,2.0,23,1,153,0.0,3.967073291679064e-5,0.0,0.0,0.5,0.25,0.0,0.0,0.5,0.0,0.5,1.0,0.0,0.0005555651721732016,0.0,0.0006548788474132287,1.6047357581427946e-5,0.0,1.5047655038350276e-6,0.0022810671427154617,9.917683229197659e-5
1807236997014620906,3,2,0,2,2,0,2,0,0,0,2.0,0.0,2.0,2.0,0.0,2.0,0.0,0.0,0.0,1.0,0.0,1.0,0.0,1,0,2,3.0,0.0,2.0,23,1,153,0.0,3.967073291679064e-5,0.0,0.0,0.5,0.25,0.0,0.0,0.5,0.0,0.5,1.0,0.0,0.0005555651721732016,0.0,0.0006548788474132287,1.6047357581427946e-5,0.0,1.5047655038350276e-6,0.0022810671427154617,9.917683229197659e-5
1489491729542287197,4,3,0,3,2,0,2,1,0,1,3.0,0.0,3.0,2.0,0.0,2.0,1.0,0.0,1.0,0.6666666666666666,0.0,0.6666666666666666,0.0,0,0,3,5.0,0.0,4.0,4,1,150,0.0,5.950609937518596e-5,0.0,0.0,0.25,0.0,0.0,0.0,0.0,0.0,0.0,0.0,0.0,0.0005778790963460616,0.0,0.0006548788474132292,0.0,8.594266394867933e-5,1.475260297877478e-6,0.00039670732916790636,9.917683229197659e-5
1392671085861798236,3,2,0,2,2,0,2,0,0,0,2.0,0.0,2.0,2.0,0.0,2.0,0.0,0.0,0.0,1.0,0.0,1.0,0.0,1,0,2,3.0,0.0,2.0,23,1,153,0.0,3.967073291679064e-5,0.0,0.0,0.5,0.25,0.0,0.0,0.5,0.0,0.5,1.0,0.0,0.0005555651721732016,0.0,0.0006548788474132287,1.6047357581427946e-5,0.0,1.5047655038350276e-6,0.0022810671427154617,9.917683229197659e-5
1532353681255566607,3,3,0,3,3,0,3,0,0,0,3.0,0.0,3.0,3.0,0.0,3.0,0.0,0.0,0.0,1.0,0.0,1.0,0.0,1,0,3,5.0,0.0,4.0,22,1,164,0.0,5.950609937518596e-5,0.0,0.0,0.3333333333333333,0.1111111111111111,0.0,0.0,0.16666666666666666,0.0,0.16666666666666666,0.3333333333333333,0.0,0.0005842103564859312,0.0,0.0006548788474132288,2.4095554393421814e-5,0.0,1.6129512590127095e-6,0.0021818903104234852,9.917683229197659e-5
1776843823733802494,3,2,0,2,2,0,2,0,0,0,2.0,0.0,2.0,2.0,0.0,2.0,0.0,0.0,0.0,1.0,0.0,1.0,0.0,1,0,2,3.0,0.0,2.0,23,1,153,0.0,3.967073291679064e-5,0.0,0.0,0.5,0.25,0.0,0.0,0.5,0.0,0.5,1.0,0.0,0.0005555651721732016,0.0,0.0006548788474132287,1.6047357581427946e-5,0.0,1.5047655038350276e-6,0.0022810671427154617,9.917683229197659e-5
1837849856404620619,3,2,0,2,2,0,2,0,0,0,2.0,0.0,2.0,2.0,0.0,2.0,0.0,0.0,0.0,1.0,0.0,1.0,0.0,1,0,2,3.0,0.0,2.0,23,1,153,0.0,3.967073291679064e-5,0.0,0.0,0.5,0.25,0.0,0.0,0.5,0.0,0.5,1.0,0.0,0.0005555651721732016,0.0,0.0006548788474132287,1.6047357581427946e-5,0.0,1.5047655038350276e-6,0.0022810671427154617,9.917683229197659e-5
1636440377714018020,3,2,0,2,2,0,2,0,0,0,2.0,0.0,2.0,2.0,0.0,2.0,0.0,0.0,0.0,1.0,0.0,1.0,0.0,1,0,2,3.0,0.0,2.0,23,1,153,0.0,3.967073291679064e-5,0.0,0.0,0.5,0.25,0.0,0.0,0.5,0.0,0.5,1.0,0.0,0.0005555651721732016,0.0,0.0006548788474132287,1.6047357581427946e-5,0.0,1.5047655038350276e-6,0.0022810671427154617,9.917683229197659e-5
1441052315065779002,3,2,0,2,2,0,2,0,0,0,2.0,0.0,2.0,2.0,0.0,2.0,0.0,0.0,0.0,1.0,0.0,1.0,0.0,1,0,2,3.0,0.0,2.0,23,1,153,0.0,3.967073291679064e-5,0.0,0.0,0.5,0.25,0.0,0.0,0.5,0.0,0.5,1.0,0.0,0.0005555651721732016,0.0,0.0006548788474132287,1.6047357581427946e-5,0.0,1.5047655038350276e-6,0.0022810671427154617,9.917683229197659e-5
1497437741242123346,3,2,0,2,2,0,2,0,0,0,2.0,0.0,2.0,2.0,0.0,2.0,0.0,0.0,0.0,1.0,0.0,1.0,0.0,1,0,2,3.0,0.0,2.0,23,1,153,0.0,3.967073291679064e-5,0.0,0.0,0.5,0.25,0.0,0.0,0.5,0.0,0.5,1.0,0.0,0.0005555651721732016,0.0,0.0006548788474132287,1.6047357581427946e-5,0.0,1.5047655038350276e-6,0.0022810671427154617,9.917683229197659e-5
1585397488758556203,3,2,0,2,2,0,2,0,0,0,2.0,0.0,2.0,2.0,0.0,2.0,0.0,0.0,0.0,1.0,0.0,1.0,0.0,1,0,2,3.0,0.0,2.0,23,1,153,0.0,3.967073291679064e-5,0.0,0.0,0.5,0.25,0.0,0.0,0.5,0.0,0.5,1.0,0.0,0.0005555651721732016,0.0,0.0006548788474132287,1.6047357581427946e-5,0.0,1.5047655038350276e-6,0.0022810671427154617,9.917683229197659e-5
1524357140012075981,3,2,0,2,2,0,2,0,0,0,2.0,0.0,2.0,2.0,0.0,2.0,0.0,0.0,0.0,1.0,0.0,1.0,0.0,1,0,2,3.0,0.0,2.0,23,1,153,0.0,3.967073291679064e-5,0.0,0.0,0.5,0.25,0.0,0.0,0.5,0.0,0.5,1.0,0.0,0.0005555651721732016,0.0,0.0006548788474132287,1.6047357581427946e-5,0.0,1.5047655038350276e-6,0.0022810671427154617,9.917683229197659e-5
1685234680833510391,3,2,0,2,2,0,2,0,0,0,2.0,0.0,2.0,2.0,0.0,2.0,0.0,0.0,0.0,1.0,0.0,1.0,0.0,1,0,2,3.0,0.0,2.0,23,1,153,0.0,3.967073291679064e-5,0.0,0.0,0.5,0.25,0.0,0.0,0.5,0.0,0.5,1.0,0.0,0.0005555651721732016,0.0,0.0006548788474132287,1.6047357581427946e-5,0.0,1.5047655038350276e-6,0.0022810671427154617,9.917683229197659e-5
1588318165832567252,3,2,0,2,2,0,2,0,0,0,2.0,0.0,2.0,2.0,0.0,2.0,0.0,0.0,0.0,1.0,0.0,1.0,0.0,0,0,2,3.0,0.0,2.0,3,1,146,0.0,3.967073291679064e-5,0.0,0.0,0.3333333333333333,0.0,0.0,0.0,0.0,0.0,0.0,0.0,0.0,0.0005482106514079193,0.0,0.0006548788474132287,1.6047357581427946e-5,0.0,1.435920023267412e-6,0.0002975304968759298,9.917683229197659e-5
1423978078832427294,4,6,0,6,4,0,4,2,0,2,6.0,0.0,6.0,4.0,0.0,4.0,2.0,0.0,2.0,0.6666666666666666,0.0,0.6666666666666666,0.0,1,0,6,13.0,0.0,14.0,10,1,191,0.0,0.00011901219875037192,0.0,0.0,0.16666666666666666,0.027777777777777776,0.0,0.0,0.03333333333333333,0.0,0.03333333333333333,0.06666666666666667,0.0,0.0006479816312449235,0.0,0.000654878847413229,0.0,0.0001636191727035774,1.8784981126306554e-6,0.0009917683229197659,9.917683229197659e-5
1523294914035581002,4,3,0,3,2,0,2,1,0,1,3.0,0.0,3.0,2.0,0.0,2.0,1.0,0.0,1.0,0.6666666666666666,0.0,0.6666666666666666,0.0,1,0,3,3.0,0.0,4.0,9,1,127,0.0,5.950609937518596e-5,0.0,0.0,0.25,0.0,0.0,0.0,0.0,0.0,0.0,0.0,0.0,0.0006106789950651944,0.0,0.0006548788474132293,0.0,8.594266394867933e-5,1.2490537188695982e-6,0.0008925914906277894,9.917683229197659e-5
1449063179719017502,4,3,0,3,2,0,2,1,0,1,3.0,0.0,3.0,2.0,0.0,2.0,1.0,0.0,1.0,0.6666666666666666,0.0,0.6666666666666666,0.0,1,0,3,3.0,0.0,4.0,9,1,127,0.0,5.950609937518596e-5,0.0,0.0,0.25,0.0,0.0,0.0,0.0,0.0,0.0,0.0,0.0,0.0006106789950651944,0.0,0.0006548788474132293,0.0,8.594266394867933e-5,1.2490537188695982e-6,0.0008925914906277894,9.917683229197659e-5
1832396773365122848,3,2,0,2,2,0,2,0,0,0,2.0,0.0,2.0,2.0,0.0,2.0,0.0,0.0,0.0,1.0,0.0,1.0,0.0,1,0,2,3.0,0.0,2.0,23,1,153,0.0,3.967073291679064e-5,0.0,0.0,0.5,0.25,0.0,0.0,0.5,0.0,0.5,1.0,0.0,0.0005555651721732016,0.0,0.0006548788474132287,1.6047357581427946e-5,0.0,1.5047655038350276e-6,0.0022810671427154617,9.917683229197659e-5
1300238370005322948,3,2,0,2,2,0,2,0,0,0,2.0,0.0,2.0,2.0,0.0,2.0,0.0,0.0,0.0,1.0,0.0,1.0,0.0,1,0,2,3.0,0.0,2.0,23,1,153,0.0,3.967073291679064e-5,0.0,0.0,0.5,0.25,0.0,0.0,0.5,0.0,0.5,1.0,0.0,0.0005555651721732016,0.0,0.0006548788474132287,1.6047357581427946e-5,0.0,1.5047655038350276e-6,0.0022810671427154617,9.917683229197659e-5
1619120563416993789,5,8,0,8,4,0,4,4,0,4,8.0,0.0,8.0,4.0,0.0,4.0,4.0,0.0,4.0,0.5,0.0,0.5,0.0,4,0,8,26.0,0.0,23.0,44,1,306,0.0,0.00015868293166716255,0.0,0.0,0.2222222222222222,0.125,0.0,0.0,0.125,0.0,0.125,0.25,0.0,0.0006199126461010941,0.0,0.0006548788474132283,0.0,0.0002888722503571195,3.0095310076700552e-6,0.0043637806208469705,9.917683229197659e-5
1783442036087587450,5,3,0,3,3,0,3,0,0,0,3.0,0.0,3.0,3.0,0.0,3.0,0.0,0.0,0.0,1.0,0.0,1.0,0.0,3,0,3,5.0,0.0,4.0,43,1,156,0.0,5.950609937518596e-5,0.0,0.0,0.6666666666666666,0.5555555555555556,0.0,0.0,0.8333333333333334,0.0,0.8333333333333334,1.0,0.0,0.0005754561034730046,0.0,0.0006548788474132285,6.287428365403525e-5,0.0,1.5342707097925772e-6,0.0042646037885549935,9.917683229197659e-5
1826930657763263700,4,9,0,9,5,0,5,4,0,4,9.0,0.0,9.0,5.0,0.0,5.0,4.0,0.0,4.0,0.5555555555555556,0.0,0.5555555555555556,0.0,4,0,9,26.0,0.0,28.0,40,1,327,0.0,0.00017851829812555786,0.0,0.0,0.17777777777777778,0.08641975308641975,0.0,0.0,0.09722222222222222,0.0,0.09722222222222222,0.19444444444444445,0.0,0.0006203450157572593,0.0,0.0006548788474132281,0.0,0.00033846836214801446,3.2160674493729024e-6,0.0039670732916790635,9.917683229197659e-5
1508950589025813443,6,8,0,8,3,0,3,5,0,5,8.0,0.0,8.0,3.0,0.0,3.0,5.0,0.0,5.0,0.375,0.0,0.375,0.0,4,0,7,26.0,0.0,20.0,49,1,293,0.0,0.00015868293166716255,0.0,0.0,0.20833333333333334,0.109375,0.0,0.0,0.10714285714285714,0.0,0.10714285714285714,0.21428571428571427,0.0,0.0006873696707193175,0.0,0.0006548788474132287,0.0,0.00023320684655481205,2.8816751151873407e-6,0.0048596647823068535,9.917683229197659e-5
1335669541593680547,5,6,0,6,4,0,4,2,0,2,6.0,0.0,6.0,4.0,0.0,4.0,2.0,0.0,2.0,0.6666666666666666,0.0,0.6666666666666666,0.0,3,0,6,13.0,0.0,14.0,30,1,288,0.0,0.00011901219875037192,0.0,0.0,0.23809523809523808,0.1111111111111111,0.0,0.0,0.13333333333333333,0.0,0.13333333333333333,0.26666666666666666,0.0,0.0005908148855025692,0.0,0.0006548788474132281,0.0,0.00010246993387552639,2.832499771924758e-6,0.002975304968759298,9.917683229197659e-5
1508773683009684727,5,6,0,6,4,0,4,2,0,2,6.0,0.0,6.0,4.0,0.0,4.0,2.0,0.0,2.0,0.6666666666666666,0.0,0.6666666666666666,0.0,3,0,6,13.0,0.0,14.0,30,1,264,0.0,0.00011901219875037192,0.0,0.0,0.23809523809523808,0.1111111111111111,0.0,0.0,0.13333333333333333,0.0,0.13333333333333333,0.26666666666666666,0.0,0.0005975822157050659,0.0,0.0006548788474132285,0.0,8.392274750101958e-5,2.5964581242643613e-6,0.002975304968759298,9.917683229197659e-5
1442704532181091983,4,9,0,9,5,0,5,4,0,4,9.0,0.0,9.0,5.0,0.0,5.0,4.0,0.0,4.0,0.5555555555555556,0.0,0.5555555555555556,0.0,4,0,9,26.0,0.0,28.0,49,1,363,0.0,0.00017851829812555786,0.0,0.0,0.25555555555555554,0.1728395061728395,0.0,0.0,0.16666666666666666,0.0,0.16666666666666666,0.2777777777777778,0.0,0.0006236746931332145,0.0,0.0006548788474132281,0.0,0.00033846836214801446,3.570129920863497e-6,0.0048596647823068535,9.917683229197659e-5
1485069448120369200,5,7,0,7,4,0,4,3,0,3,7.0,0.0,7.0,4.0,0.0,4.0,3.0,0.0,3.0,0.5714285714285714,0.0,0.5714285714285714,0.0,4,0,7,17.0,0.0,15.0,43,1,299,0.0,0.00013884756520876723,0.0,0.0,0.23214285714285715,0.12244897959183673,0.0,0.0,0.11904761904761904,0.0,0.11904761904761904,0.23809523809523808,0.0,0.0006086356267673114,0.0,0.0006548788474132283,0.0,0.00019566406244009293,2.9406855271024395e-6,0.0042646037885549935,9.917683229197659e-5
1375850431405621757,5,7,0,7,4,0,4,3,0,3,7.0,0.0,7.0,4.0,0.0,4.0,3.0,0.0,3.0,0.5714285714285714,0.0,0.5714285714285714,0.0,4,0,7,17.0,0.0,15.0,41,1,264,0.0,0.00013884756520876723,0.0,0.0,0.19642857142857142,0.08163265306122448,0.0,0.0,0.09523809523809523,0.0,0.09523809523809523,0.19047619047619047,0.0,0.0006476544821953405,0.0,0.0006548788474132286,0.0,0.00015856174274186952,2.5964581242643613e-6,0.0040662501239710405,9.917683229197659e-5
1780995765473118197,2,3,0,3,3,0,3,0,0,0,3.0,0.0,3.0,3.0,0.0,3.0,0.0,0.0,0.0,1.0,0.0,1.0,0.0,3,0,3,5.0,0.0,4.0,19,1,208,0.0,5.950609937518596e-5,0.0,0.0,0.5833333333333334,0.4444444444444444,0.0,0.0,0.6666666666666666,0.0,0.6666666666666666,1.0,0.0,0.0005851442377504705,0.0,0.0006548788474132301,7.354292941652574e-5,0.0,2.0456942797234363e-6,0.0018843598135475552,9.917683229197659e-5
1619036698425953630,2,3,0,3,3,0,3,0,0,0,3.0,0.0,3.0,3.0,0.0,3.0,0.0,0.0,0.0,1.0,0.0,1.0,0.0,3,0,3,5.0,0.0,4.0,32,1,360,0.0,5.950609937518596e-5,0.0,0.0,0.6666666666666666,0.5555555555555556,0.0,0.0,0.6666666666666666,0.0,0.6666666666666666,1.0,0.0,0.0005539355596800382,0.0,0.0006548788474132302,7.354292941652574e-5,0.0,3.5406247149059476e-6,0.003173658633343251,9.917683229197659e-5
1546539668151994807,2,3,0,3,3,0,3,0,0,0,3.0,0.0,3.0,3.0,0.0,3.0,0.0,0.0,0.0,1.0,0.0,1.0,0.0,3,0,3,5.0,0.0,4.0,32,1,360,0.0,5.950609937518596e-5,0.0,0.0,0.6666666666666666,0.5555555555555556,0.0,0.0,0.6666666666666666,0.0,0.6666666666666666,1.0,0.0,0.0005539355596800382,0.0,0.0006548788474132302,7.354292941652574e-5,0.0,3.5406247149059476e-6,0.003173658633343251,9.917683229197659e-5
1851466868666138912,2,2,0,2,2,0,2,0,0,0,2.0,0.0,2.0,2.0,0.0,2.0,0.0,0.0,0.0,1.0,0.0,1.0,0.0,2,0,2,3.0,0.0,2.0,18,1,203,0.0,3.967073291679064e-5,0.0,0.0,0.5,0.25,0.0,0.0,0.5,0.0,0.5,1.0,0.0,0.0005498878669322881,0.0,0.0006548788474132302,4.900521652839718e-5,0.0,1.9965189364608536e-6,0.0017851829812555787,9.917683229197659e-5
1665072745882322639,2,2,0,2,2,0,2,0,0,0,2.0,0.0,2.0,2.0,0.0,2.0,0.0,0.0,0.0,1.0,0.0,1.0,0.0,2,0,2,3.0,0.0,2.0,18,1,203,0.0,3.967073291679064e-5,0.0,0.0,0.5,0.25,0.0,0.0,0.5,0.0,0.5,1.0,0.0,0.0005498878669322881,0.0,0.0006548788474132302,4.900521652839718e-5,0.0,1.9965189364608536e-6,0.0017851829812555787,9.917683229197659e-5
1643021459607519713,2,5,0,5,5,0,5,0,0,0,5.0,0.0,5.0,5.0,0.0,5.0,0.0,0.0,0.0,1.0,0.0,1.0,0.0,3,0,5,10.0,0.0,9.0,23,1,230,0.0,9.917683229197659e-5,0.0,0.0,0.5,0.4,0.0,0.0,0.5,0.0,0.5,0.9,0.0,0.0005806316490734059,0.0,0.0006548788474132297,0.00012268863120568074,0.0,2.2620657900787996e-6,0.0022810671427154617,9.917683229197659e-5
1389887363957656693,2,7,0,7,7,0,7,0,0,0,7.0,0.0,7.0,7.0,0.0,7.0,0.0,0.0,0.0,1.0,0.0,1.0,0.0,4,0,7,17.0,0.0,15.0,34,1,353,0.0,0.00013884756520876723,0.0,0.0,0.625,0.5714285714285714,0.0,0.0,0.6428571428571429,0.0,0.6428571428571429,0.9523809523809523,0.0,0.0005902456918083005,0.0,0.0006548788474132297,0.000171928123460785,0.0,3.471779234338332e-6,0.0033720122979272044,9.917683229197659e-5
1839263389952510566,2,6,0,6,6,0,6,0,0,0,6.0,0.0,6.0,6.0,0.0,6.0,0.0,0.0,0.0,1.0,0.0,1.0,0.0,4,0,6,13.0,0.0,14.0,23,1,231,0.0,0.00011901219875037192,0.0,0.0,0.5,0.4166666666666667,0.0,0.0,0.5,0.0,0.5,0.8666666666666667,0.0,0.0005886930601243644,0.0,0.0006548788474132294,0.00014729664683721388,0.0,2.271900858731316e-6,0.0022810671427154617,9.917683229197659e-5
1727425867904189940,2,6,0,6,6,0,6,0,0,0,6.0,0.0,6.0,6.0,0.0,6.0,0.0,0.0,0.0,1.0,0.0,1.0,0.0,4,0,6,15.0,0.0,14.0,21,1,214,0.0,0.00011901219875037192,0.0,0.0,0.5952380952380952,0.5277777777777778,0.0,0.0,0.6333333333333333,0.0,0.6333333333333333,1.0,0.0,0.0005861979990605504,0.0,0.0006548788474132294,0.00014729664683721388,0.0,2.1047046916385355e-6,0.0020827134781315083,9.917683229197659e-5
1734100505153504385,2,5,0,5,5,0,5,0,0,0,5.0,0.0,5.0,5.0,0.0,5.0,0.0,0.0,0.0,1.0,0.0,1.0,0.0,4,0,5,13.0,0.0,9.0,33,1,372,0.0,9.917683229197659e-5,0.0,0.0,0.6,0.52,0.0,0.0,0.6,0.0,0.6,0.9,0.0,0.0005943955475082956,0.0,0.0006548788474132299,0.00012268863120568074,0.0,3.6586455387361456e-6,0.0032728354656352274,9.917683229197659e-5
1663367762187126572,2,5,0,5,5,0,5,0,0,0,5.0,0.0,5.0,5.0,0.0,5.0,0.0,0.0,0.0,1.0,0.0,1.0,0.0,4,0,5,13.0,0.0,9.0,37,1,368,0.0,9.917683229197659e-5,0.0,0.0,0.6333333333333333,0.56,0.0,0.0,0.65,0.0,0.65,1.0,0.0,0.0005796597535974454,0.0,0.0006548788474132299,0.00012268863120568074,0.0,3.6193052641260794e-6,0.003669542794803134,9.917683229197659e-5
1716083866302680119,2,2,0,2,2,0,2,0,0,0,2.0,0.0,2.0,2.0,0.0,2.0,0.0,0.0,0.0,1.0,0.0,1.0,0.0,2,0,2,3.0,0.0,2.0,18,1,203,0.0,3.967073291679064e-5,0.0,0.0,0.5,0.25,0.0,0.0,0.5,0.0,0.5,1.0,0.0,0.0005498878669322881,0.0,0.0006548788474132302,4.900521652839718e-5,0.0,1.9965189364608536e-6,0.0017851829812555787,9.917683229197659e-5
1354234258457102573,2,7,0,7,7,0,7,0,0,0,7.0,0.0,7.0,7.0,0.0,7.0,0.0,0.0,0.0,1.0,0.0,1.0,0.0,4,0,7,15.0,0.0,15.0,36,1,376,0.0,0.00013884756520876723,0.0,0.0,0.5535714285714286,0.4897959183673469,0.0,0.0,0.5476190476190477,0.0,0.5476190476190477,0.8571428571428571,0.0,0.0005927407528721144,0.0,0.0006548788474132296,0.000171928123460785,0.0,3.6979858133462117e-6,0.0035703659625111574,9.917683229197659e-5
1288764999728107076,2,6,0,6,6,0,6,0,0,0,6.0,0.0,6.0,6.0,0.0,6.0,0.0,0.0,0.0,1.0,0.0,1.0,0.0,4,0,6,13.0,0.0,14.0,34,1,352,0.0,0.00011901219875037192,0.0,0.0,0.5238095238095238,0.4444444444444444,0.0,0.0,0.5,0.0,0.5,0.8666666666666667,0.0,0.0005886598695874055,0.0,0.0006548788474132298,0.00014729664683721388,0.0,3.4619441656858153e-6,0.0033720122979272044,9.917683229197659e-5
1230648138138649519,2,6,0,6,6,0,6,0,0,0,6.0,0.0,6.0,6.0,0.0,6.0,0.0,0.0,0.0,1.0,0.0,1.0,0.0,4,0,6,13.0,0.0,14.0,23,1,231,0.0,0.00011901219875037192,0.0,0.0,0.5,0.4166666666666667,0.0,0.0,0.5,0.0,0.5,0.8666666666666667,0.0,0.0005886930601243644,0.0,0.0006548788474132294,0.00014729664683721388,0.0,2.271900858731316e-6,0.0022810671427154617,9.917683229197659e-5
1544537021203087756,2,6,0,6,6,0,6,0,0,0,6.0,0.0,6.0,6.0,0.0,6.0,0.0,0.0,0.0,1.0,0.0,1.0,0.0,4,0,6,13.0,0.0,14.0,23,1,231,0.0,0.00011901219875037192,0.0,0.0,0.5,0.4166666666666667,0.0,0.0,0.5,0.0,0.5,0.8666666666666667,0.0,0.0005886930601243644,0.0,0.0006548788474132294,0.00014729664683721388,0.0,2.271900858731316e-6,0.0022810671427154617,9.917683229197659e-5
1734163065391285909,2,5,0,5,5,0,5,0,0,0,5.0,0.0,5.0,5.0,0.0,5.0,0.0,0.0,0.0,1.0,0.0,1.0,0.0,3,0,5,10.0,0.0,9.0,16,1,198,0.0,9.917683229197659e-5,0.0,0.0,0.43333333333333335,0.32,0.0,0.0,0.4,0.0,0.4,0.8,0.0,0.0005812378468389305,0.0,0.0006548788474132298,0.00012268863120568074,0.0,1.947343593198271e-6,0.0015868293166716254,9.917683229197659e-5
1768022868202882958,2,3,0,3,3,0,3,0,0,0,3.0,0.0,3.0,3.0,0.0,3.0,0.0,0.0,0.0,1.0,0.0,1.0,0.0,2,0,3,5.0,0.0,4.0,18,1,222,0.0,5.950609937518596e-5,0.0,0.0,0.5,0.3333333333333333,0.0,0.0,0.5,0.0,0.5,1.0,0.0,0.0005550914839423632,0.0,0.0006548788474132299,7.354292941652574e-5,0.0,2.1833852408586677e-6,0.0017851829812555787,9.917683229197659e-5
1671218120276052624,2,3,0,3,3,0,3,0,0,0,3.0,0.0,3.0,3.0,0.0,3.0,0.0,0.0,0.0,1.0,0.0,1.0,0.0,3,0,3,5.0,0.0,4.0,13,1,180,0.0,5.950609937518596e-5,0.0,0.0,0.4166666666666667,0.2222222222222222,0.0,0.0,0.3333333333333333,0.0,0.3333333333333333,0.6666666666666666,0.0,0.0005617457769631315,0.0,0.0006548788474132299,7.354292941652574e-5,0.0,1.7703123574529738e-6,0.0012892988197956957,9.917683229197659e-5
1443014652563816755,2,6,0,6,6,0,6,0,0,0,6.0,0.0,6.0,6.0,0.0,6.0,0.0,0.0,0.0,1.0,0.0,1.0,0.0,4,0,6,15.0,0.0,14.0,21,1,214,0.0,0.00011901219875037192,0.0,0.0,0.5952380952380952,0.5277777777777778,0.0,0.0,0.6333333333333333,0.0,0.6333333333333333,1.0,0.0,0.0005861979990605504,0.0,0.0006548788474132294,0.00014729664683721388,0.0,2.1047046916385355e-6,0.0020827134781315083,9.917683229197659e-5
1341834036292617388,2,4,0,4,4,0,4,0,0,0,4.0,0.0,4.0,4.0,0.0,4.0,0.0,0.0,0.0,1.0,0.0,1.0,0.0,4,0,4,9.0,0.0,7.0,29,1,342,0.0,7.934146583358127e-5,0.0,0.0,0.65,0.5625,0.0,0.0,0.6666666666666666,0.0,0.6666666666666666,0.8333333333333334,0.0,0.0005865128406480423,0.0,0.00065487884741323,9.810406318866427e-5,0.0,3.36359347916065e-6,0.0028761281364673213,9.917683229197659e-5
1278802097730489103,2,7,0,7,7,0,7,0,0,0,7.0,0.0,7.0,7.0,0.0,7.0,0.0,0.0,0.0,1.0,0.0,1.0,0.0,4,0,7,15.0,0.0,15.0,30,1,348,0.0,0.00013884756520876723,0.0,0.0,0.5178571428571429,0.4489795918367347,0.0,0.0,0.5,0.0,0.5,0.8095238095238095,0.0,0.0005929143748359764,0.0,0.0006548788474132297,0.000171928123460785,0.0,3.422603891075749e-6,0.002975304968759298,9.917683229197659e-5
1262480569929827519,4,2,0,2,1,0,1,1,0,1,2.0,0.0,2.0,1.0,0.0,1.0,1.0,0.0,1.0,0.5,0.0,0.5,0.0,2,0,2,3.0,0.0,2.0,11,1,203,0.0,3.967073291679064e-5,0.0,0.0,0.3333333333333333,0.0,0.0,0.0,0.0,0.0,0.0,0.0,0.0,0.0005537793078008548,0.0,0.00065487884741323,0.0,8.455081740754711e-5,1.9965189364608536e-6,0.0010909451552117426,9.917683229197659e-5
1844377417674654499,2,2,0,2,2,0,2,0,0,0,2.0,0.0,2.0,2.0,0.0,2.0,0.0,0.0,0.0,1.0,0.0,1.0,0.0,2,0,2,3.0,0.0,2.0,13,1,169,0.0,3.967073291679064e-5,0.0,0.0,0.5,0.25,0.0,0.0,0.5,0.0,0.5,1.0,0.0,0.0005748363126509961,0.0,0.0006548788474132306,4.900521652839718e-5,0.0,1.662126602275292e-6,0.0012892988197956957,9.917683229197659e-5
1673541037487818960,2,4,0,4,4,0,4,0,0,0,4.0,0.0,4.0,4.0,0.0,4.0,0.0,0.0,0.0,1.0,0.0,1.0,0.0,4,0,4,9.0,0.0,7.0,18,1,208,0.0,7.934146583358127e-5,0.0,0.0,0.7,0.625,0.0,0.0,0.8333333333333334,0.0,0.8333333333333334,1.0,0.0,0.0005667059291847516,0.0,0.0006548788474132297,9.810406318866427e-5,0.0,2.0456942797234363e-6,0.0017851829812555787,9.917683229197659e-5
1508981243272758124,2,4,0,4,4,0,4,0,0,0,4.0,0.0,4.0,4.0,0.0,4.0,0.0,0.0,0.0,1.0,0.0,1.0,0.0,3,0,4,9.0,0.0,7.0,32,1,340,0.0,7.934146583358127e-5,0.0,0.0,0.6,0.5,0.0,0.0,0.5833333333333334,0.0,0.5833333333333334,0.8333333333333334,0.0,0.0005691677997116066,0.0,0.00065487884741323,9.810406318866427e-5,0.0,3.343923341855617e-6,0.003173658633343251,9.917683229197659e-5
1780160367888958303,2,2,0,2,2,0,2,0,0,0,2.0,0.0,2.0,2.0,0.0,2.0,0.0,0.0,0.0,1.0,0.0,1.0,0.0,2,0,2,3.0,0.0,2.0,18,1,203,0.0,3.967073291679064e-5,0.0,0.0,0.5,0.25,0.0,0.0,0.5,0.0,0.5,1.0,0.0,0.0005498878669322881,0.0,0.0006548788474132302,4.900521652839718e-5,0.0,1.9965189364608536e-6,0.0017851829812555787,9.917683229197659e-5
1299252839477936858,2,7,0,7,7,0,7,0,0,0,7.0,0.0,7.0,7.0,0.0,7.0,0.0,0.0,0.0,1.0,0.0,1.0,0.0,4,0,7,15.0,0.0,15.0,30,1,348,0.0,0.00013884756520876723,0.0,0.0,0.5178571428571429,0.4489795918367347,0.0,0.0,0.5,0.0,0.5,0.8095238095238095,0.0,0.0005929143748359764,0.0,0.0006548788474132297,0.000171928123460785,0.0,3.422603891075749e-6,0.002975304968759298,9.917683229197659e-5
1743715770442976315,2,7,0,7,7,0,7,0,0,0,7.0,0.0,7.0,7.0,0.0,7.0,0.0,0.0,0.0,1.0,0.0,1.0,0.0,4,0,7,15.0,0.0,15.0,36,1,376,0.0,0.00013884756520876723,0.0,0.0,0.5535714285714286,0.4897959183673469,0.0,0.0,0.5476190476190477,0.0,0.5476190476190477,0.8571428571428571,0.0,0.0005927407528721144,0.0,0.0006548788474132296,0.000171928123460785,0.0,3.6979858133462117e-6,0.0035703659625111574,9.917683229197659e-5
1725344028712501289,2,1,0,1,1,0,1,0,0,0,1.0,0.0,1.0,1.0,0.0,1.0,0.0,0.0,0.0,1.0,0.0,1.0,0.0,1,0,1,1.0,0.0,1.0,7,1,162,0.0,1.983536645839532e-5,0.0,0.0,0.5,0.0,0.0,0.0,0.0,0.0,0.0,0.0,0.0,0.0005395799418328139,0.0,0.0006548788474132314,2.449091117096014e-5,0.0,1.5932811217076764e-6,0.0006942378260438362,9.917683229197659e-5
1724714919040912138,2,6,0,6,6,0,6,0,0,0,6.0,0.0,6.0,6.0,0.0,6.0,0.0,0.0,0.0,1.0,0.0,1.0,0.0,4,0,6,13.0,0.0,14.0,23,1,231,0.0,0.00011901219875037192,0.0,0.0,0.5,0.4166666666666667,0.0,0.0,0.5,0.0,0.5,0.8666666666666667,0.0,0.0005886930601243644,0.0,0.0006548788474132294,0.00014729664683721388,0.0,2.271900858731316e-6,0.0022810671427154617,9.917683229197659e-5
1446346681065933424,2,7,0,7,7,0,7,0,0,0,7.0,0.0,7.0,7.0,0.0,7.0,0.0,0.0,0.0,1.0,0.0,1.0,0.0,4,0,7,15.0,0.0,15.0,30,1,348,0.0,0.00013884756520876723,0.0,0.0,0.5178571428571429,0.4489795918367347,0.0,0.0,0.5,0.0,0.5,0.8095238095238095,0.0,0.0005929143748359764,0.0,0.0006548788474132297,0.000171928123460785,0.0,3.422603891075749e-6,0.002975304968759298,9.917683229197659e-5
1535757555647644881,2,4,0,4,4,0,4,0,0,0,4.0,0.0,4.0,4.0,0.0,4.0,0.0,0.0,0.0,1.0,0.0,1.0,0.0,3,0,4,9.0,0.0,7.0,28,1,346,0.0,7.934146583358127e-5,0.0,0.0,0.6,0.5,0.0,0.0,0.5833333333333334,0.0,0.5833333333333334,0.8333333333333334,0.0,0.0005840876224088214,0.0,0.0006548788474132302,9.810406318866427e-5,0.0,3.402933753770716e-6,0.002776951304175345,9.917683229197659e-5
1441722326201663670,2,4,0,4,4,0,4,0,0,0,4.0,0.0,4.0,4.0,0.0,4.0,0.0,0.0,0.0,1.0,0.0,1.0,0.0,3,0,4,9.0,0.0,7.0,32,1,371,0.0,7.934146583358127e-5,0.0,0.0,0.6,0.5,0.0,0.0,0.5833333333333334,0.0,0.5833333333333334,1.0,0.0,0.0005591391766901133,0.0,0.00065487884741323,9.810406318866427e-5,0.0,3.648810470083629e-6,0.003173658633343251,9.917683229197659e-5
1433955099075415079,2,1,0,1,1,0,1,0,0,0,1.0,0.0,1.0,1.0,0.0,1.0,0.0,0.0,0.0,1.0,0.0,1.0,0.0,1,0,1,1.0,0.0,1.0,7,1,162,0.0,1.983536645839532e-5,0.0,0.0,0.5,0.0,0.0,0.0,0.0,0.0,0.0,0.0,0.0,0.0005395799418328139,0.0,0.0006548788474132314,2.449091117096014e-5,0.0,1.5932811217076764e-6,0.0006942378260438362,9.917683229197659e-5
1302160828245478891,2,4,0,4,4,0,4,0,0,0,4.0,0.0,4.0,4.0,0.0,4.0,0.0,0.0,0.0,1.0,0.0,1.0,0.0,3,0,4,9.0,0.0,7.0,19,1,224,0.0,7.934146583358127e-5,0.0,0.0,0.5,0.375,0.0,0.0,0.5,0.0,0.5,0.8333333333333334,0.0,0.0005903478547605456,0.0,0.0006548788474132299,9.810406318866427e-5,0.0,2.203055378163701e-6,0.0018843598135475552,9.917683229197659e-5
1504800603396636958,2,3,0,3,3,0,3,0,0,0,3.0,0.0,3.0,3.0,0.0,3.0,0.0,0.0,0.0,1.0,0.0,1.0,0.0,3,0,3,5.0,0.0,4.0,32,1,360,0.0,5.950609937518596e-5,0.0,0.0,0.6666666666666666,0.5555555555555556,0.0,0.0,0.6666666666666666,0.0,0.6666666666666666,1.0,0.0,0.0005539355596800382,0.0,0.0006548788474132302,7.354292941652574e-5,0.0,3.5406247149059476e-6,0.003173658633343251,9.917683229197659e-5
1643032418623424984,2,9,0,9,9,0,9,0,0,0,9.0,0.0,9.0,9.0,0.0,9.0,0.0,0.0,0.0,1.0,0.0,1.0,0.0,3,0,5,17.0,0.0,9.0,24,1,232,0.0,0.00017851829812555786,0.0,0.0,0.2,0.1111111111111111,0.0,0.0,0.125,0.0,0.125,0.19444444444444445,0.0,0.0012297535895506027,0.0,0.0006548788474132297,0.00022126151323553778,0.0,2.2817359273838327e-6,0.0023802439750074383,9.917683229197659e-5
1430356083930562935,2,4,0,4,4,0,4,0,0,0,4.0,0.0,4.0,4.0,0.0,4.0,0.0,0.0,0.0,1.0,0.0,1.0,0.0,3,0,4,9.0,0.0,7.0,32,1,371,0.0,7.934146583358127e-5,0.0,0.0,0.6,0.5,0.0,0.0,0.5833333333333334,0.0,0.5833333333333334,1.0,0.0,0.0005591391766901133,0.0,0.00065487884741323,9.810406318866427e-5,0.0,3.648810470083629e-6,0.003173658633343251,9.917683229197659e-5
1270118603458347146,2,2,0,2,2,0,2,0,0,0,2.0,0.0,2.0,2.0,0.0,2.0,0.0,0.0,0.0,1.0,0.0,1.0,0.0,2,0,2,3.0,0.0,2.0,13,1,197,0.0,3.967073291679064e-5,0.0,0.0,0.6666666666666666,0.5,0.0,0.0,1.0,0.0,1.0,1.0,0.0,0.0005472087770821097,0.0,0.0006548788474132301,4.900521652839718e-5,0.0,1.9375085245457544e-6,0.0012892988197956957,9.917683229197659e-5
1417724488132329686,2,3,0,3,3,0,3,0,0,0,3.0,0.0,3.0,3.0,0.0,3.0,0.0,0.0,0.0,1.0,0.0,1.0,0.0,3,0,3,5.0,0.0,4.0,32,1,360,0.0,5.950609937518596e-5,0.0,0.0,0.6666666666666666,0.5555555555555556,0.0,0.0,0.6666666666666666,0.0,0.6666666666666666,1.0,0.0,0.0005539355596800382,0.0,0.0006548788474132302,7.354292941652574e-5,0.0,3.5406247149059476e-6,0.003173658633343251,9.917683229197659e-5
1757192061003501507,2,3,0,3,3,0,3,0,0,0,3.0,0.0,3.0,3.0,0.0,3.0,0.0,0.0,0.0,1.0,0.0,1.0,0.0,3,0,3,5.0,0.0,4.0,32,1,360,0.0,5.950609937518596e-5,0.0,0.0,0.6666666666666666,0.5555555555555556,0.0,0.0,0.6666666666666666,0.0,0.6666666666666666,1.0,0.0,0.0005539355596800382,0.0,0.0006548788474132302,7.354292941652574e-5,0.0,3.5406247149059476e-6,0.003173658633343251,9.917683229197659e-5
1327072168453866544,2,3,0,3,3,0,3,0,0,0,3.0,0.0,3.0,3.0,0.0,3.0,0.0,0.0,0.0,1.0,0.0,1.0,0.0,3,0,3,5.0,0.0,4.0,19,1,212,0.0,5.950609937518596e-5,0.0,0.0,0.5,0.3333333333333333,0.0,0.0,0.5,0.0,0.5,1.0,0.0,0.0005579492779832465,0.0,0.0006548788474132298,7.354292941652574e-5,0.0,2.0850345543335024e-6,0.0018843598135475552,9.917683229197659e-5
1859853007743616686,2,6,0,6,6,0,6,0,0,0,6.0,0.0,6.0,6.0,0.0,6.0,0.0,0.0,0.0,1.0,0.0,1.0,0.0,4,0,6,13.0,0.0,14.0,32,1,350,0.0,0.00011901219875037192,0.0,0.0,0.5476190476190477,0.4722222222222222,0.0,0.0,0.5333333333333333,0.0,0.5333333333333333,0.8,0.0,0.0005820002519709777,0.0,0.0006548788474132298,0.00014729664683721388,0.0,3.4422740283807823e-6,0.003173658633343251,9.917683229197659e-5
1609635098750092844,2,7,0,7,7,0,7,0,0,0,7.0,0.0,7.0,7.0,0.0,7.0,0.0,0.0,0.0,1.0,0.0,1.0,0.0,4,0,7,15.0,0.0,15.0,30,1,348,0.0,0.00013884756520876723,0.0,0.0,0.5178571428571429,0.4489795918367347,0.0,0.0,0.5,0.0,0.5,0.8095238095238095,0.0,0.0005929143748359764,0.0,0.0006548788474132297,0.000171928123460785,0.0,3.422603891075749e-6,0.002975304968759298,9.917683229197659e-5
1406652028926558897,2,7,0,7,7,0,7,0,0,0,7.0,0.0,7.0,7.0,0.0,7.0,0.0,0.0,0.0,1.0,0.0,1.0,0.0,4,0,7,15.0,0.0,15.0,30,1,348,0.0,0.00013884756520876723,0.0,0.0,0.5178571428571429,0.4489795918367347,0.0,0.0,0.5,0.0,0.5,0.8095238095238095,0.0,0.0005929143748359764,0.0,0.0006548788474132297,0.000171928123460785,0.0,3.422603891075749e-6,0.002975304968759298,9.917683229197659e-5
1268998388691502016,2,5,0,5,5,0,5,0,0,0,5.0,0.0,5.0,5.0,0.0,5.0,0.0,0.0,0.0,1.0,0.0,1.0,0.0,4,0,5,10.0,0.0,9.0,33,1,363,0.0,9.917683229197659e-5,0.0,0.0,0.6,0.52,0.0,0.0,0.6,0.0,0.6,0.9,0.0,0.0005823284366251213,0.0,0.0006548788474132299,0.00012268863120568074,0.0,3.570129920863497e-6,0.0032728354656352274,9.917683229197659e-5
1653264009249426064,2,7,0,7,7,0,7,0,0,0,7.0,0.0,7.0,7.0,0.0,7.0,0.0,0.0,0.0,1.0,0.0,1.0,0.0,4,0,7,15.0,0.0,15.0,36,1,376,0.0,0.00013884756520876723,0.0,0.0,0.5535714285714286,0.4897959183673469,0.0,0.0,0.5476190476190477,0.0,0.5476190476190477,0.8571428571428571,0.0,0.0005927407528721144,0.0,0.0006548788474132296,0.000171928123460785,0.0,3.6979858133462117e-6,0.0035703659625111574,9.917683229197659e-5
1846830710631958577,2,7,0,7,7,0,7,0,0,0,7.0,0.0,7.0,7.0,0.0,7.0,0.0,0.0,0.0,1.0,0.0,1.0,0.0,4,0,7,17.0,0.0,15.0,37,1,377,0.0,0.00013884756520876723,0.0,0.0,0.6071428571428571,0.5510204081632653,0.0,0.0,0.6190476190476191,0.0,0.6190476190476191,0.9523809523809523,0.0,0.0005924922058568165,0.0,0.0006548788474132296,0.000171928123460785,0.0,3.7078208819987282e-6,0.003669542794803134,9.917683229197659e-5
1783451269218699210,2,3,0,3,3,0,3,0,0,0,3.0,0.0,3.0,3.0,0.0,3.0,0.0,0.0,0.0,1.0,0.0,1.0,0.0,2,0,3,5.0,0.0,4.0,13,1,203,0.0,5.950609937518596e-5,0.0,0.0,0.5833333333333334,0.4444444444444444,0.0,0.0,0.6666666666666666,0.0,0.6666666666666666,1.0,0.0,0.0005524123940921848,0.0,0.0006548788474132299,7.354292941652574e-5,0.0,1.9965189364608536e-6,0.0012892988197956957,9.917683229197659e-5
1612978226135565537,2,4,0,4,4,0,4,0,0,0,4.0,0.0,4.0,4.0,0.0,4.0,0.0,0.0,0.0,1.0,0.0,1.0,0.0,3,0,4,9.0,0.0,7.0,30,1,279,0.0,7.934146583358127e-5,0.0,0.0,0.55,0.4375,0.0,0.0,0.5,0.0,0.5,0.6666666666666666,0.0,0.0005735238413238891,0.0,0.0006548788474132293,9.810406318866427e-5,0.0,2.7439841540521093e-6,0.002975304968759298,9.917683229197659e-5
1595795728221866348,2,5,0,5,5,0,5,0,0,0,5.0,0.0,5.0,5.0,0.0,5.0,0.0,0.0,0.0,1.0,0.0,1.0,0.0,4,0,5,13.0,0.0,9.0,28,1,282,0.0,9.917683229197659e-5,0.0,0.0,0.5333333333333333,0.44,0.0,0.0,0.5,0.0,0.5,0.7,0.0,0.0005965050750720622,0.0,0.0006548788474132294,0.00012268863120568074,0.0,2.773489360009659e-6,0.002776951304175345,9.917683229197659e-5
1791411324119419135,2,6,0,6,5,0,5,1,0,1,6.0,0.0,6.0,5.0,0.0,5.0,1.0,0.0,1.0,0.8333333333333334,0.0,0.8333333333333334,0.0,3,0,6,15.0,0.0,14.0,15,1,198,0.0,0.00011901219875037192,0.0,0.0,0.2857142857142857,0.16666666666666666,0.0,0.0,0.2,0.0,0.2,0.3333333333333333,0.0,0.0006014009692955573,0.0,0.0006548788474132289,3.836163773140999e-5,0.0,1.947343593198271e-6,0.001487652484379649,9.917683229197659e-5
1520315734054407132,2,5,0,5,5,0,5,0,0,0,5.0,0.0,5.0,5.0,0.0,5.0,0.0,0.0,0.0,1.0,0.0,1.0,0.0,3,0,5,10.0,0.0,9.0,30,1,311,0.0,9.917683229197659e-5,0.0,0.0,0.5,0.4,0.0,0.0,0.45,0.0,0.45,0.7,0.0,0.000577599642381755,0.0,0.0006548788474132293,0.00012268863120568074,0.0,3.058706350932638e-6,0.002975304968759298,9.917683229197659e-5
1713129691172308233,2,3,0,3,3,0,3,0,0,0,3.0,0.0,3.0,3.0,0.0,3.0,0.0,0.0,0.0,1.0,0.0,1.0,0.0,2,0,3,5.0,0.0,4.0,12,1,128,0.0,5.950609937518596e-5,0.0,0.0,0.5833333333333334,0.4444444444444444,0.0,0.0,0.6666666666666666,0.0,0.6666666666666666,1.0,0.0,0.0005572010115061298,0.0,0.000654878847413229,7.354292941652574e-5,0.0,1.2588887875221147e-6,0.0011901219875037191,9.917683229197659e-5
1796916260336828627,2,4,0,4,4,0,4,0,0,0,4.0,0.0,4.0,4.0,0.0,4.0,0.0,0.0,0.0,1.0,0.0,1.0,0.0,3,0,4,9.0,0.0,7.0,28,1,308,0.0,7.934146583358127e-5,0.0,0.0,0.35,0.1875,0.0,0.0,0.16666666666666666,0.0,0.16666666666666666,0.3333333333333333,0.0,0.000573041757123783,0.0,0.0006548788474132289,9.810406318866427e-5,0.0,3.0292011449750883e-6,0.002776951304175345,9.917683229197659e-5
1784498168340154413,2,4,0,4,4,0,4,0,0,0,4.0,0.0,4.0,4.0,0.0,4.0,0.0,0.0,0.0,1.0,0.0,1.0,0.0,3,0,4,9.0,0.0,7.0,19,1,139,0.0,7.934146583358127e-5,0.0,0.0,0.55,0.4375,0.0,0.0,0.5833333333333334,0.0,0.5833333333333334,1.0,0.0,0.0005748637943725785,0.0,0.0006548788474132293,9.810406318866427e-5,0.0,1.3670745426997964e-6,0.0018843598135475552,9.917683229197659e-5
1215102898795446942,2,4,0,4,4,0,4,0,0,0,4.0,0.0,4.0,4.0,0.0,4.0,0.0,0.0,0.0,1.0,0.0,1.0,0.0,3,0,4,9.0,0.0,7.0,28,1,308,0.0,7.934146583358127e-5,0.0,0.0,0.35,0.1875,0.0,0.0,0.16666666666666666,0.0,0.16666666666666666,0.3333333333333333,0.0,0.000573041757123783,0.0,0.0006548788474132289,9.810406318866427e-5,0.0,3.0292011449750883e-6,0.002776951304175345,9.917683229197659e-5
1855769290884516191,2,4,0,4,4,0,4,0,0,0,4.0,0.0,4.0,4.0,0.0,4.0,0.0,0.0,0.0,1.0,0.0,1.0,0.0,3,0,4,9.0,0.0,7.0,28,1,308,0.0,7.934146583358127e-5,0.0,0.0,0.35,0.1875,0.0,0.0,0.16666666666666666,0.0,0.16666666666666666,0.3333333333333333,0.0,0.000573041757123783,0.0,0.0006548788474132289,9.810406318866427e-5,0.0,3.0292011449750883e-6,0.002776951304175345,9.917683229197659e-5
1379210834307188017,2,4,0,4,4,0,4,0,0,0,4.0,0.0,4.0,4.0,0.0,4.0,0.0,0.0,0.0,1.0,0.0,1.0,0.0,3,0,4,9.0,0.0,7.0,28,1,308,0.0,7.934146583358127e-5,0.0,0.0,0.35,0.1875,0.0,0.0,0.16666666666666666,0.0,0.16666666666666666,0.3333333333333333,0.0,0.000573041757123783,0.0,0.0006548788474132289,9.810406318866427e-5,0.0,3.0292011449750883e-6,0.002776951304175345,9.917683229197659e-5
1287306889083748846,2,4,0,4,4,0,4,0,0,0,4.0,0.0,4.0,4.0,0.0,4.0,0.0,0.0,0.0,1.0,0.0,1.0,0.0,3,0,4,9.0,0.0,7.0,28,1,308,0.0,7.934146583358127e-5,0.0,0.0,0.35,0.1875,0.0,0.0,0.16666666666666666,0.0,0.16666666666666666,0.3333333333333333,0.0,0.000573041757123783,0.0,0.0006548788474132289,9.810406318866427e-5,0.0,3.0292011449750883e-6,0.002776951304175345,9.917683229197659e-5
1318525226564191076,2,7,0,7,7,0,7,0,0,0,7.0,0.0,7.0,7.0,0.0,7.0,0.0,0.0,0.0,1.0,0.0,1.0,0.0,4,0,7,17.0,0.0,15.0,31,1,314,0.0,0.00013884756520876723,0.0,0.0,0.5357142857142857,0.46938775510204084,0.0,0.0,0.5238095238095238,0.0,0.5238095238095238,0.8095238095238095,0.0,0.0005999495062984372,0.0,0.0006548788474132293,0.000171928123460785,0.0,3.0882115568901875e-6,0.0030744818010512744,9.917683229197659e-5
1789152140741051754,2,6,0,6,6,0,6,0,0,0,6.0,0.0,6.0,6.0,0.0,6.0,0.0,0.0,0.0,1.0,0.0,1.0,0.0,4,0,6,13.0,0.0,14.0,30,1,286,0.0,0.00011901219875037192,0.0,0.0,0.5476190476190477,0.4722222222222222,0.0,0.0,0.5333333333333333,0.0,0.5333333333333333,0.7333333333333333,0.0,0.0005867888693849225,0.0,0.0006548788474132292,0.00014729664683721388,0.0,2.812829634619725e-6,0.002975304968759298,9.917683229197659e-5
1233113540521362718,2,3,0,3,3,0,3,0,0,0,3.0,0.0,3.0,3.0,0.0,3.0,0.0,0.0,0.0,1.0,0.0,1.0,0.0,3,0,3,5.0,0.0,4.0,30,1,302,0.0,5.950609937518596e-5,0.0,0.0,0.5833333333333334,0.4444444444444444,0.0,0.0,0.5,0.0,0.5,0.6666666666666666,0.0,0.0005582916012923206,0.0,0.0006548788474132293,7.354292941652574e-5,0.0,2.970190733059989e-6,0.002975304968759298,9.917683229197659e-5
1862885376092278174,2,4,0,4,4,0,4,0,0,0,4.0,0.0,4.0,4.0,0.0,4.0,0.0,0.0,0.0,1.0,0.0,1.0,0.0,3,0,4,9.0,0.0,7.0,27,1,274,0.0,7.934146583358127e-5,0.0,0.0,0.5,0.375,0.0,0.0,0.4166666666666667,0.0,0.4166666666666667,0.6666666666666666,0.0,0.0005884436640211037,0.0,0.0006548788474132296,9.810406318866427e-5,0.0,2.6948088107895266e-6,0.002677774471883368,9.917683229197659e-5
1449114906216368240,2,3,0,3,3,0,3,0,0,0,3.0,0.0,3.0,3.0,0.0,3.0,0.0,0.0,0.0,1.0,0.0,1.0,0.0,2,0,3,5.0,0.0,4.0,25,1,271,0.0,5.950609937518596e-5,0.0,0.0,0.5,0.3333333333333333,0.0,0.0,0.3333333333333333,0.0,0.3333333333333333,0.6666666666666666,0.0,0.0005531872932029215,0.0,0.0006548788474132293,7.354292941652574e-5,0.0,2.665303604831977e-6,0.002479420807299415,9.917683229197659e-5
1234870848427395448,2,4,0,4,4,0,4,0,0,0,4.0,0.0,4.0,4.0,0.0,4.0,0.0,0.0,0.0,1.0,0.0,1.0,0.0,3,0,4,9.0,0.0,7.0,28,1,308,0.0,7.934146583358127e-5,0.0,0.0,0.35,0.1875,0.0,0.0,0.16666666666666666,0.0,0.16666666666666666,0.3333333333333333,0.0,0.000573041757123783,0.0,0.0006548788474132289,9.810406318866427e-5,0.0,3.0292011449750883e-6,0.002776951304175345,9.917683229197659e-5
1752894927160738948,2,4,0,4,4,0,4,0,0,0,4.0,0.0,4.0,4.0,0.0,4.0,0.0,0.0,0.0,1.0,0.0,1.0,0.0,3,0,4,9.0,0.0,7.0,28,1,308,0.0,7.934146583358127e-5,0.0,0.0,0.35,0.1875,0.0,0.0,0.16666666666666666,0.0,0.16666666666666666,0.3333333333333333,0.0,0.000573041757123783,0.0,0.0006548788474132289,9.810406318866427e-5,0.0,3.0292011449750883e-6,0.002776951304175345,9.917683229197659e-5
1219392953777127992,2,5,0,5,4,0,4,1,0,1,5.0,0.0,5.0,4.0,0.0,4.0,1.0,0.0,1.0,0.8,0.0,0.8,0.0,2,0,5,13.0,0.0,9.0,14,1,178,0.0,9.917683229197659e-5,0.0,0.0,0.3,0.16,0.0,0.0,0.2,0.0,0.2,0.3,0.0,0.0005885240827291147,0.0,0.0006548788474132289,1.3775477928357205e-5,0.0,1.7506422201479407e-6,0.0013884756520876724,9.917683229197659e-5
1260976251426832600,2,4,0,4,4,0,4,0,0,0,4.0,0.0,4.0,4.0,0.0,4.0,0.0,0.0,0.0,1.0,0.0,1.0,0.0,3,0,4,9.0,0.0,7.0,30,1,279,0.0,7.934146583358127e-5,0.0,0.0,0.55,0.4375,0.0,0.0,0.5,0.0,0.5,0.6666666666666666,0.0,0.0005735238413238891,0.0,0.0006548788474132293,9.810406318866427e-5,0.0,2.7439841540521093e-6,0.002975304968759298,9.917683229197659e-5
1294048303368898477,2,5,0,5,5,0,5,0,0,0,5.0,0.0,5.0,5.0,0.0,5.0,0.0,0.0,0.0,1.0,0.0,1.0,0.0,4,0,5,13.0,0.0,9.0,22,1,179,0.0,9.917683229197659e-5,0.0,0.0,0.6,0.52,0.0,0.0,0.65,0.0,0.65,1.0,0.0,0.0005851717194720528,0.0,0.0006548788474132291,0.00012268863120568074,0.0,1.7604772888004573e-6,0.0021818903104234852,9.917683229197659e-5
1710602700204280933,2,7,0,7,7,0,7,0,0,0,7.0,0.0,7.0,7.0,0.0,7.0,0.0,0.0,0.0,1.0,0.0,1.0,0.0,4,0,7,17.0,0.0,15.0,32,1,288,0.0,0.00013884756520876723,0.0,0.0,0.5357142857142857,0.46938775510204084,0.0,0.0,0.5238095238095238,0.0,0.5238095238095238,0.8095238095238095,0.0,0.0006010773222506463,0.0,0.0006548788474132293,0.000171928123460785,0.0,2.832499771924758e-6,0.003173658633343251,9.917683229197659e-5
1700329932879562869,2,4,0,4,4,0,4,0,0,0,4.0,0.0,4.0,4.0,0.0,4.0,0.0,0.0,0.0,1.0,0.0,1.0,0.0,3,0,4,9.0,0.0,7.0,28,1,308,0.0,7.934146583358127e-5,0.0,0.0,0.35,0.1875,0.0,0.0,0.16666666666666666,0.0,0.16666666666666666,0.3333333333333333,0.0,0.000573041757123783,0.0,0.0006548788474132289,9.810406318866427e-5,0.0,3.0292011449750883e-6,0.002776951304175345,9.917683229197659e-5
1458897278021405248,2,4,0,4,4,0,4,0,0,0,4.0,0.0,4.0,4.0,0.0,4.0,0.0,0.0,0.0,1.0,0.0,1.0,0.0,3,0,4,9.0,0.0,7.0,27,1,274,0.0,7.934146583358127e-5,0.0,0.0,0.5,0.375,0.0,0.0,0.4166666666666667,0.0,0.4166666666666667,0.6666666666666666,0.0,0.0005884436640211037,0.0,0.0006548788474132296,9.810406318866427e-5,0.0,2.6948088107895266e-6,0.002677774471883368,9.917683229197659e-5
1602662974000988433,2,5,0,5,5,0,5,0,0,0,5.0,0.0,5.0,5.0,0.0,5.0,0.0,0.0,0.0,1.0,0.0,1.0,0.0,4,0,5,13.0,0.0,9.0,28,1,281,0.0,9.917683229197659e-5,0.0,0.0,0.5666666666666667,0.48,0.0,0.0,0.55,0.0,0.55,0.9,0.0,0.0005755371571196037,0.0,0.0006548788474132292,0.00012268863120568074,0.0,2.7636542913571423e-6,0.002776951304175345,9.917683229197659e-5
1633221601933656278,7,6,0,6,6,0,6,0,0,0,6.0,0.0,6.0,6.0,0.0,6.0,0.0,0.0,0.0,1.0,0.0,1.0,0.0,4,0,6,13.0,0.0,14.0,24,1,114,0.0,0.00011901219875037192,0.0,0.0,0.5952380952380952,0.5277777777777778,0.0,0.0,0.5666666666666667,0.0,0.5666666666666667,0.8,0.0,0.0006356679766232569,0.0,0.0006548788474132285,0.00023563942947113503,0.0,1.1211978263868833e-6,0.0023802439750074383,9.917683229197659e-5
1568319887070202276,7,12,0,12,12,0,12,0,0,0,12.0,0.0,12.0,12.0,0.0,12.0,0.0,0.0,0.0,1.0,0.0,1.0,0.0,4,0,12,19.0,0.0,37.0,31,1,142,0.0,0.00023802439750074384,0.0,0.0,0.5256410256410257,0.4861111111111111,0.0,0.0,0.5,0.0,0.5,0.696969696969697,0.0,0.0007612519478853268,0.0,0.0006548788474132285,0.0004723507525357107,0.0,1.396579748657346e-6,0.0030744818010512744,9.917683229197659e-5
1379916983255958858,7,12,0,12,12,0,12,0,0,0,12.0,0.0,12.0,12.0,0.0,12.0,0.0,0.0,0.0,1.0,0.0,1.0,0.0,4,0,12,19.0,0.0,37.0,31,1,142,0.0,0.00023802439750074384,0.0,0.0,0.5256410256410257,0.4861111111111111,0.0,0.0,0.5,0.0,0.5,0.696969696969697,0.0,0.0007612519478853268,0.0,0.0006548788474132285,0.0004723507525357107,0.0,1.396579748657346e-6,0.0030744818010512744,9.917683229197659e-5
1268455988873137379,7,12,0,12,12,0,12,0,0,0,12.0,0.0,12.0,12.0,0.0,12.0,0.0,0.0,0.0,1.0,0.0,1.0,0.0,4,0,12,19.0,0.0,37.0,31,1,142,0.0,0.00023802439750074384,0.0,0.0,0.5256410256410257,0.4861111111111111,0.0,0.0,0.5,0.0,0.5,0.696969696969697,0.0,0.0007612519478853268,0.0,0.0006548788474132285,0.0004723507525357107,0.0,1.396579748657346e-6,0.0030744818010512744,9.917683229197659e-5
1668124283521466860,7,12,0,12,12,0,12,0,0,0,12.0,0.0,12.0,12.0,0.0,12.0,0.0,0.0,0.0,1.0,0.0,1.0,0.0,4,0,12,19.0,0.0,37.0,31,1,142,0.0,0.00023802439750074384,0.0,0.0,0.5256410256410257,0.4861111111111111,0.0,0.0,0.5,0.0,0.5,0.696969696969697,0.0,0.0007612519478853268,0.0,0.0006548788474132285,0.0004723507525357107,0.0,1.396579748657346e-6,0.0030744818010512744,9.917683229197659e-5
1552874751737725287,7,12,0,12,12,0,12,0,0,0,12.0,0.0,12.0,12.0,0.0,12.0,0.0,0.0,0.0,1.0,0.0,1.0,0.0,4,0,12,19.0,0.0,37.0,31,1,142,0.0,0.00023802439750074384,0.0,0.0,0.5256410256410257,0.4861111111111111,0.0,0.0,0.5,0.0,0.5,0.696969696969697,0.0,0.0007612519478853268,0.0,0.0006548788474132285,0.0004723507525357107,0.0,1.396579748657346e-6,0.0030744818010512744,9.917683229197659e-5
1218772297700084876,7,12,0,12,12,0,12,0,0,0,12.0,0.0,12.0,12.0,0.0,12.0,0.0,0.0,0.0,1.0,0.0,1.0,0.0,4,0,12,19.0,0.0,37.0,31,1,142,0.0,0.00023802439750074384,0.0,0.0,0.5256410256410257,0.4861111111111111,0.0,0.0,0.5,0.0,0.5,0.696969696969697,0.0,0.0007612519478853268,0.0,0.0006548788474132285,0.0004723507525357107,0.0,1.396579748657346e-6,0.0030744818010512744,9.917683229197659e-5
1350652712844265447,7,12,0,12,12,0,12,0,0,0,12.0,0.0,12.0,12.0,0.0,12.0,0.0,0.0,0.0,1.0,0.0,1.0,0.0,4,0,12,19.0,0.0,37.0,31,1,142,0.0,0.00023802439750074384,0.0,0.0,0.5256410256410257,0.4861111111111111,0.0,0.0,0.5,0.0,0.5,0.696969696969697,0.0,0.0007612519478853268,0.0,0.0006548788474132285,0.0004723507525357107,0.0,1.396579748657346e-6,0.0030744818010512744,9.917683229197659e-5
1445570618660490152,7,6,0,6,6,0,6,0,0,0,6.0,0.0,6.0,6.0,0.0,6.0,0.0,0.0,0.0,1.0,0.0,1.0,0.0,4,0,6,15.0,0.0,14.0,19,1,107,0.0,0.00011901219875037192,0.0,0.0,0.6190476190476191,0.5555555555555556,0.0,0.0,0.5666666666666667,0.0,0.5666666666666667,0.8,0.0,0.0006374931589949305,0.0,0.0006548788474132285,0.00023563942947113503,0.0,1.0523523458192677e-6,0.0018843598135475552,9.917683229197659e-5
1247671704709235408,7,2,0,2,2,0,2,0,0,0,2.0,0.0,2.0,2.0,0.0,2.0,0.0,0.0,0.0,1.0,0.0,1.0,0.0,2,0,2,3.0,0.0,2.0,13,1,78,0.0,3.967073291679064e-5,0.0,0.0,0.8333333333333334,0.75,0.0,0.0,1.0,0.0,1.0,1.0,0.0,0.0005560073860145627,0.0,0.0006548788474132283,7.842759606091487e-5,0.0,7.671353548962886e-7,0.0012892988197956957,9.917683229197659e-5
1222875856985131789,7,2,0,2,2,0,2,0,0,0,2.0,0.0,2.0,2.0,0.0,2.0,0.0,0.0,0.0,1.0,0.0,1.0,0.0,2,0,2,3.0,0.0,2.0,13,1,78,0.0,3.967073291679064e-5,0.0,0.0,0.8333333333333334,0.75,0.0,0.0,1.0,0.0,1.0,1.0,0.0,0.0005560073860145627,0.0,0.0006548788474132283,7.842759606091487e-5,0.0,7.671353548962886e-7,0.0012892988197956957,9.917683229197659e-5
1369089342764484405,7,2,0,2,2,0,2,0,0,0,2.0,0.0,2.0,2.0,0.0,2.0,0.0,0.0,0.0,1.0,0.0,1.0,0.0,2,0,2,3.0,0.0,2.0,13,1,78,0.0,3.967073291679064e-5,0.0,0.0,0.8333333333333334,0.75,0.0,0.0,1.0,0.0,1.0,1.0,0.0,0.0005560073860145627,0.0,0.0006548788474132283,7.842759606091487e-5,0.0,7.671353548962886e-7,0.0012892988197956957,9.917683229197659e-5
1223032158319282699,7,12,0,12,12,0,12,0,0,0,12.0,0.0,12.0,12.0,0.0,12.0,0.0,0.0,0.0,1.0,0.0,1.0,0.0,4,0,12,19.0,0.0,37.0,31,1,142,0.0,0.00023802439750074384,0.0,0.0,0.5256410256410257,0.4861111111111111,0.0,0.0,0.5,0.0,0.5,0.696969696969697,0.0,0.0007612519478853268,0.0,0.0006548788474132285,0.0004723507525357107,0.0,1.396579748657346e-6,0.0030744818010512744,9.917683229197659e-5
1275640014385971279,7,2,0,2,2,0,2,0,0,0,2.0,0.0,2.0,2.0,0.0,2.0,0.0,0.0,0.0,1.0,0.0,1.0,0.0,2,0,2,3.0,0.0,2.0,13,1,78,0.0,3.967073291679064e-5,0.0,0.0,0.8333333333333334,0.75,0.0,0.0,1.0,0.0,1.0,1.0,0.0,0.0005560073860145627,0.0,0.0006548788474132283,7.842759606091487e-5,0.0,7.671353548962886e-7,0.0012892988197956957,9.917683229197659e-5
1789327774201152705,7,2,0,2,2,0,2,0,0,0,2.0,0.0,2.0,2.0,0.0,2.0,0.0,0.0,0.0,1.0,0.0,1.0,0.0,2,0,2,3.0,0.0,2.0,13,1,78,0.0,3.967073291679064e-5,0.0,0.0,0.8333333333333334,0.75,0.0,0.0,1.0,0.0,1.0,1.0,0.0,0.0005560073860145627,0.0,0.0006548788474132283,7.842759606091487e-5,0.0,7.671353548962886e-7,0.0012892988197956957,9.917683229197659e-5
1563555849903802771,7,1,0,1,1,0,1,0,0,0,1.0,0.0,1.0,1.0,0.0,1.0,0.0,0.0,0.0,1.0,0.0,1.0,0.0,1,0,1,1.0,0.0,1.0,12,1,75,0.0,1.983536645839532e-5,0.0,0.0,1.0,1.0,0.0,0.0,0.0,0.0,0.0,0.0,0.0,0.0005454899951310671,0.0,0.0006548788474132281,3.919895163251308e-5,0.0,7.37630148938739e-7,0.0011901219875037191,9.917683229197659e-5
1438462695413121621,7,2,0,2,2,0,2,0,0,0,2.0,0.0,2.0,2.0,0.0,2.0,0.0,0.0,0.0,1.0,0.0,1.0,0.0,2,0,2,3.0,0.0,2.0,13,1,78,0.0,3.967073291679064e-5,0.0,0.0,0.8333333333333334,0.75,0.0,0.0,1.0,0.0,1.0,1.0,0.0,0.0005560073860145627,0.0,0.0006548788474132283,7.842759606091487e-5,0.0,7.671353548962886e-7,0.0012892988197956957,9.917683229197659e-5
1480822145201211731,7,4,0,4,4,0,4,0,0,0,4.0,0.0,4.0,4.0,0.0,4.0,0.0,0.0,0.0,1.0,0.0,1.0,0.0,3,0,4,9.0,0.0,7.0,20,1,99,0.0,7.934146583358127e-5,0.0,0.0,0.75,0.6875,0.0,0.0,0.75,0.0,0.75,1.0,0.0,0.0006178023803642479,0.0,0.0006548788474132287,0.00015697402883274592,0.0,9.736717965991355e-7,0.0019835366458395317,9.917683229197659e-5
1422718812054095402,7,6,0,6,6,0,6,0,0,0,6.0,0.0,6.0,6.0,0.0,6.0,0.0,0.0,0.0,1.0,0.0,1.0,0.0,4,0,6,15.0,0.0,14.0,19,1,107,0.0,0.00011901219875037192,0.0,0.0,0.6190476190476191,0.5555555555555556,0.0,0.0,0.5666666666666667,0.0,0.5666666666666667,0.8,0.0,0.0006374931589949305,0.0,0.0006548788474132285,0.00023563942947113503,0.0,1.0523523458192677e-6,0.0018843598135475552,9.917683229197659e-5
1654285338278890468,7,2,0,2,2,0,2,0,0,0,2.0,0.0,2.0,2.0,0.0,2.0,0.0,0.0,0.0,1.0,0.0,1.0,0.0,2,0,2,3.0,0.0,2.0,13,1,78,0.0,3.967073291679064e-5,0.0,0.0,0.8333333333333334,0.75,0.0,0.0,1.0,0.0,1.0,1.0,0.0,0.0005560073860145627,0.0,0.0006548788474132283,7.842759606091487e-5,0.0,7.671353548962886e-7,0.0012892988197956957,9.917683229197659e-5
1378576078095781547,7,2,0,2,2,0,2,0,0,0,2.0,0.0,2.0,2.0,0.0,2.0,0.0,0.0,0.0,1.0,0.0,1.0,0.0,2,0,2,3.0,0.0,2.0,13,1,78,0.0,3.967073291679064e-5,0.0,0.0,0.8333333333333334,0.75,0.0,0.0,1.0,0.0,1.0,1.0,0.0,0.0005560073860145627,0.0,0.0006548788474132283,7.842759606091487e-5,0.0,7.671353548962886e-7,0.0012892988197956957,9.917683229197659e-5
1527386308127753774,7,2,0,2,2,0,2,0,0,0,2.0,0.0,2.0,2.0,0.0,2.0,0.0,0.0,0.0,1.0,0.0,1.0,0.0,2,0,2,3.0,0.0,2.0,13,1,78,0.0,3.967073291679064e-5,0.0,0.0,0.8333333333333334,0.75,0.0,0.0,1.0,0.0,1.0,1.0,0.0,0.0005560073860145627,0.0,0.0006548788474132283,7.842759606091487e-5,0.0,7.671353548962886e-7,0.0012892988197956957,9.917683229197659e-5
1230718308324476653,7,2,0,2,2,0,2,0,0,0,2.0,0.0,2.0,2.0,0.0,2.0,0.0,0.0,0.0,1.0,0.0,1.0,0.0,2,0,2,3.0,0.0,2.0,13,1,78,0.0,3.967073291679064e-5,0.0,0.0,0.8333333333333334,0.75,0.0,0.0,1.0,0.0,1.0,1.0,0.0,0.0005560073860145627,0.0,0.0006548788474132283,7.842759606091487e-5,0.0,7.671353548962886e-7,0.0012892988197956957,9.917683229197659e-5
1419250592282315643,7,12,0,12,12,0,12,0,0,0,12.0,0.0,12.0,12.0,0.0,12.0,0.0,0.0,0.0,1.0,0.0,1.0,0.0,4,0,12,19.0,0.0,37.0,31,1,142,0.0,0.00023802439750074384,0.0,0.0,0.5256410256410257,0.4861111111111111,0.0,0.0,0.5,0.0,0.5,0.696969696969697,0.0,0.0007612519478853268,0.0,0.0006548788474132285,0.0004723507525357107,0.0,1.396579748657346e-6,0.0030744818010512744,9.917683229197659e-5
1838882277203904765,7,8,0,8,5,0,5,3,0,3,8.0,0.0,8.0,5.0,0.0,5.0,3.0,0.0,3.0,0.625,0.0,0.625,0.0,4,0,8,18.0,0.0,23.0,30,1,186,0.0,0.00015868293166716255,0.0,0.0,0.375,0.296875,0.0,0.0,0.2857142857142857,0.0,0.2857142857142857,0.35714285714285715,0.0,0.0006715163260249533,0.0,0.0006548788474132285,0.0,4.870755735919552e-5,1.8293227693680728e-6,0.002975304968759298,9.917683229197659e-5
1806003813698505671,7,2,0,2,2,0,2,0,0,0,2.0,0.0,2.0,2.0,0.0,2.0,0.0,0.0,0.0,1.0,0.0,1.0,0.0,2,0,2,3.0,0.0,2.0,13,1,78,0.0,3.967073291679064e-5,0.0,0.0,0.8333333333333334,0.75,0.0,0.0,1.0,0.0,1.0,1.0,0.0,0.0005560073860145627,0.0,0.0006548788474132283,7.842759606091487e-5,0.0,7.671353548962886e-7,0.0012892988197956957,9.917683229197659e-5
1296593639115328310,7,9,0,9,6,0,6,3,0,3,9.0,0.0,9.0,6.0,0.0,6.0,3.0,0.0,3.0,0.6666666666666666,0.0,0.6666666666666666,0.0,4,0,9,18.0,0.0,28.0,34,1,203,0.0,0.00017851829812555786,0.0,0.0,0.36666666666666664,0.2962962962962963,0.0,0.0,0.2916666666666667,0.0,0.2916666666666667,0.3888888888888889,0.0,0.0006929304998408186,0.0,0.0006548788474132284,0.0,9.343989466503722e-6,1.9965189364608536e-6,0.0033720122979272044,9.917683229197659e-5
1682264039339592208,7,6,0,6,6,0,6,0,0,0,6.0,0.0,6.0,6.0,0.0,6.0,0.0,0.0,0.0,1.0,0.0,1.0,0.0,4,0,6,13.0,0.0,14.0,21,1,115,0.0,0.00011901219875037192,0.0,0.0,0.6666666666666666,0.6111111111111112,0.0,0.0,0.6666666666666666,0.0,0.6666666666666666,1.0,0.0,0.0006342434094428246,0.0,0.0006548788474132285,0.00023563942947113503,0.0,1.1310328950393998e-6,0.0020827134781315083,9.917683229197659e-5
1644382071679879099,7,9,0,9,6,0,6,3,0,3,9.0,0.0,9.0,6.0,0.0,6.0,3.0,0.0,3.0,0.6666666666666666,0.0,0.6666666666666666,0.0,4,0,9,17.0,0.0,28.0,34,1,205,0.0,0.00017851829812555786,0.0,0.0,0.32222222222222224,0.24691358024691357,0.0,0.0,0.25,0.0,0.25,0.3611111111111111,0.0,0.0006787008901241119,0.0,0.0006548788474132284,0.0,9.343989466503722e-6,2.0161890737658867e-6,0.0033720122979272044,9.917683229197659e-5
1249428327081445930,7,2,0,2,2,0,2,0,0,0,2.0,0.0,2.0,2.0,0.0,2.0,0.0,0.0,0.0,1.0,0.0,1.0,0.0,2,0,2,3.0,0.0,2.0,13,1,78,0.0,3.967073291679064e-5,0.0,0.0,0.8333333333333334,0.75,0.0,0.0,1.0,0.0,1.0,1.0,0.0,0.0005560073860145627,0.0,0.0006548788474132283,7.842759606091487e-5,0.0,7.671353548962886e-7,0.0012892988197956957,9.917683229197659e-5
1558720909307544875,7,2,0,2,2,0,2,0,0,0,2.0,0.0,2.0,2.0,0.0,2.0,0.0,0.0,0.0,1.0,0.0,1.0,0.0,2,0,2,3.0,0.0,2.0,13,1,78,0.0,3.967073291679064e-5,0.0,0.0,0.8333333333333334,0.75,0.0,0.0,1.0,0.0,1.0,1.0,0.0,0.0005560073860145627,0.0,0.0006548788474132283,7.842759606091487e-5,0.0,7.671353548962886e-7,0.0012892988197956957,9.917683229197659e-5
1218253639936641939,7,2,0,2,2,0,2,0,0,0,2.0,0.0,2.0,2.0,0.0,2.0,0.0,0.0,0.0,1.0,0.0,1.0,0.0,2,0,2,3.0,0.0,2.0,13,1,78,0.0,3.967073291679064e-5,0.0,0.0,0.8333333333333334,0.75,0.0,0.0,1.0,0.0,1.0,1.0,0.0,0.0005560073860145627,0.0,0.0006548788474132283,7.842759606091487e-5,0.0,7.671353548962886e-7,0.0012892988197956957,9.917683229197659e-5
1411273013449458728,7,2,0,2,2,0,2,0,0,0,2.0,0.0,2.0,2.0,0.0,2.0,0.0,0.0,0.0,1.0,0.0,1.0,0.0,2,0,2,3.0,0.0,2.0,13,1,78,0.0,3.967073291679064e-5,0.0,0.0,0.8333333333333334,0.75,0.0,0.0,1.0,0.0,1.0,1.0,0.0,0.0005560073860145627,0.0,0.0006548788474132283,7.842759606091487e-5,0.0,7.671353548962886e-7,0.0012892988197956957,9.917683229197659e-5
1311589407861507164,7,2,0,2,2,0,2,0,0,0,2.0,0.0,2.0,2.0,0.0,2.0,0.0,0.0,0.0,1.0,0.0,1.0,0.0,2,0,2,3.0,0.0,2.0,13,1,78,0.0,3.967073291679064e-5,0.0,0.0,0.8333333333333334,0.75,0.0,0.0,1.0,0.0,1.0,1.0,0.0,0.0005560073860145627,0.0,0.0006548788474132283,7.842759606091487e-5,0.0,7.671353548962886e-7,0.0012892988197956957,9.917683229197659e-5
1689395681187332937,7,2,0,2,2,0,2,0,0,0,2.0,0.0,2.0,2.0,0.0,2.0,0.0,0.0,0.0,1.0,0.0,1.0,0.0,2,0,2,3.0,0.0,2.0,13,1,78,0.0,3.967073291679064e-5,0.0,0.0,0.8333333333333334,0.75,0.0,0.0,1.0,0.0,1.0,1.0,0.0,0.0005560073860145627,0.0,0.0006548788474132283,7.842759606091487e-5,0.0,7.671353548962886e-7,0.0012892988197956957,9.917683229197659e-5
1230162127499560104,7,2,0,2,2,0,2,0,0,0,2.0,0.0,2.0,2.0,0.0,2.0,0.0,0.0,0.0,1.0,0.0,1.0,0.0,2,0,2,3.0,0.0,2.0,13,1,78,0.0,3.967073291679064e-5,0.0,0.0,0.8333333333333334,0.75,0.0,0.0,1.0,0.0,1.0,1.0,0.0,0.0005560073860145627,0.0,0.0006548788474132283,7.842759606091487e-5,0.0,7.671353548962886e-7,0.0012892988197956957,9.917683229197659e-5
1727005055405525844,7,12,0,12,12,0,12,0,0,0,12.0,0.0,12.0,12.0,0.0,12.0,0.0,0.0,0.0,1.0,0.0,1.0,0.0,4,0,12,19.0,0.0,37.0,31,1,142,0.0,0.00023802439750074384,0.0,0.0,0.5256410256410257,0.4861111111111111,0.0,0.0,0.5,0.0,0.5,0.696969696969697,0.0,0.0007612519478853268,0.0,0.0006548788474132285,0.0004723507525357107,0.0,1.396579748657346e-6,0.0030744818010512744,9.917683229197659e-5
1548902069715339511,7,2,0,2,2,0,2,0,0,0,2.0,0.0,2.0,2.0,0.0,2.0,0.0,0.0,0.0,1.0,0.0,1.0,0.0,2,0,2,3.0,0.0,2.0,13,1,78,0.0,3.967073291679064e-5,0.0,0.0,0.8333333333333334,0.75,0.0,0.0,1.0,0.0,1.0,1.0,0.0,0.0005560073860145627,0.0,0.0006548788474132283,7.842759606091487e-5,0.0,7.671353548962886e-7,0.0012892988197956957,9.917683229197659e-5
1864613525716994821,7,7,0,7,4,0,4,3,0,3,7.0,0.0,7.0,4.0,0.0,4.0,3.0,0.0,3.0,0.5714285714285714,0.0,0.5714285714285714,0.0,4,0,7,13.0,0.0,15.0,28,1,176,0.0,0.00013884756520876723,0.0,0.0,0.375,0.2857142857142857,0.0,0.0,0.30952380952380953,0.0,0.30952380952380953,0.38095238095238093,0.0,0.0006168186009142435,0.0,0.0006548788474132284,0.0,0.0003156486514662715,1.7309720828429077e-6,0.002776951304175345,9.917683229197659e-5
1787584828493791665,7,12,0,12,12,0,12,0,0,0,12.0,0.0,12.0,12.0,0.0,12.0,0.0,0.0,0.0,1.0,0.0,1.0,0.0,4,0,12,19.0,0.0,37.0,31,1,142,0.0,0.00023802439750074384,0.0,0.0,0.5256410256410257,0.4861111111111111,0.0,0.0,0.5,0.0,0.5,0.696969696969697,0.0,0.0007612519478853268,0.0,0.0006548788474132285,0.0004723507525357107,0.0,1.396579748657346e-6,0.0030744818010512744,9.917683229197659e-5
1819649652853574732,7,2,0,2,2,0,2,0,0,0,2.0,0.0,2.0,2.0,0.0,2.0,0.0,0.0,0.0,1.0,0.0,1.0,0.0,2,0,2,3.0,0.0,2.0,16,1,86,0.0,3.967073291679064e-5,0.0,0.0,0.8333333333333334,0.75,0.0,0.0,1.0,0.0,1.0,1.0,0.0,0.0005606780473353968,0.0,0.0006548788474132283,7.842759606091487e-5,0.0,8.458159041164208e-7,0.0015868293166716254,9.917683229197659e-5
1833087763738529611,7,12,0,12,12,0,12,0,0,0,12.0,0.0,12.0,12.0,0.0,12.0,0.0,0.0,0.0,1.0,0.0,1.0,0.0,4,0,12,19.0,0.0,37.0,31,1,142,0.0,0.00023802439750074384,0.0,0.0,0.5256410256410257,0.4861111111111111,0.0,0.0,0.5,0.0,0.5,0.696969696969697,0.0,0.0007612519478853268,0.0,0.0006548788474132285,0.0004723507525357107,0.0,1.396579748657346e-6,0.0030744818010512744,9.917683229197659e-5
1647099245288753746,7,5,0,5,5,0,5,0,0,0,5.0,0.0,5.0,5.0,0.0,5.0,0.0,0.0,0.0,1.0,0.0,1.0,0.0,4,0,5,10.0,0.0,9.0,19,1,89,0.0,9.917683229197659e-5,0.0,0.0,0.6333333333333333,0.56,0.0,0.0,0.65,0.0,0.65,0.8,0.0,0.0006016204996207638,0.0,0.0006548788474132283,0.0001962918499651689,0.0,8.753211100739704e-7,0.0018843598135475552,9.917683229197659e-5
1545700229255267964,4,9,0,9,5,0,5,4,0,4,9.0,0.0,9.0,5.0,0.0,5.0,4.0,0.0,4.0,0.5555555555555556,0.0,0.5555555555555556,0.0,4,0,9,15.0,0.0,28.0,31,1,192,0.0,0.00017851829812555786,0.0,0.0,0.4444444444444444,0.38271604938271603,0.0,0.0,0.4027777777777778,0.0,0.4027777777777778,0.6388888888888888,0.0,0.0007160076738865569,0.0,0.0006548788474132286,0.0,0.0003018802583029112,1.888333181283172e-6,0.0030744818010512744,9.917683229197659e-5
1239832832742785784,7,2,0,2,2,0,2,0,0,0,2.0,0.0,2.0,2.0,0.0,2.0,0.0,0.0,0.0,1.0,0.0,1.0,0.0,2,0,2,3.0,0.0,2.0,13,1,78,0.0,3.967073291679064e-5,0.0,0.0,0.8333333333333334,0.75,0.0,0.0,1.0,0.0,1.0,1.0,0.0,0.0005560073860145627,0.0,0.0006548788474132283,7.842759606091487e-5,0.0,7.671353548962886e-7,0.0012892988197956957,9.917683229197659e-5
1248613450620339688,7,4,0,4,4,0,4,0,0,0,4.0,0.0,4.0,4.0,0.0,4.0,0.0,0.0,0.0,1.0,0.0,1.0,0.0,4,0,4,9.0,0.0,7.0,15,1,85,0.0,7.934146583358127e-5,0.0,0.0,0.8,0.75,0.0,0.0,0.75,0.0,0.75,1.0,0.0,0.0006000506476582746,0.0,0.0006548788474132285,0.00015697402883274592,0.0,8.359808354639042e-7,0.001487652484379649,9.917683229197659e-5
1560868717460458983,7,2,0,2,2,0,2,0,0,0,2.0,0.0,2.0,2.0,0.0,2.0,0.0,0.0,0.0,1.0,0.0,1.0,0.0,2,0,2,3.0,0.0,2.0,13,1,78,0.0,3.967073291679064e-5,0.0,0.0,0.8333333333333334,0.75,0.0,0.0,1.0,0.0,1.0,1.0,0.0,0.0005560073860145627,0.0,0.0006548788474132283,7.842759606091487e-5,0.0,7.671353548962886e-7,0.0012892988197956957,9.917683229197659e-5
1649776628898729491,7,8,0,8,5,0,5,3,0,3,8.0,0.0,8.0,5.0,0.0,5.0,3.0,0.0,3.0,0.625,0.0,0.625,0.0,4,0,8,17.0,0.0,23.0,30,1,186,0.0,0.00015868293166716255,0.0,0.0,0.3611111111111111,0.28125,0.0,0.0,0.2857142857142857,0.0,0.2857142857142857,0.35714285714285715,0.0,0.0006615304258295403,0.0,0.0006548788474132285,0.0,4.870755735919552e-5,1.8293227693680728e-6,0.002975304968759298,9.917683229197659e-5
2192038272199051335,4,8,0,8,7,0,7,1,0,1,8.0,0.0,8.0,7.0,0.0,7.0,1.0,0.0,1.0,0.875,0.0,0.875,0.0,3,0,6,17.0,0.0,15.0,45,1,164,0.0,0.00015868293166716255,0.0,0.0,0.19444444444444445,0.09375,0.0,0.0,0.08928571428571429,0.0,0.08928571428571429,0.17857142857142858,0.0,0.0033285993720536984,0.0,0.000654878847413229,5.514204843504178e-5,0.0,1.6129512590127095e-6,0.0044629574531389465,9.917683229197659e-5
1777715644184134566,4,8,0,8,2,0,2,6,0,6,8.0,0.0,8.0,2.0,0.0,2.0,6.0,0.0,6.0,0.25,0.0,0.25,0.0,4,0,8,17.0,0.0,23.0,55,1,260,0.0,0.00015868293166716255,0.0,0.0,0.20833333333333334,0.109375,0.0,0.0,0.10714285714285714,0.0,0.10714285714285714,0.21428571428571427,0.0,0.0006669891764681669,0.0,0.0006548788474132288,0.0,4.320661581547203e-5,2.5571178496542956e-6,0.005454725776058713,9.917683229197659e-5
1826508816900948142,4,7,0,7,2,0,2,5,0,5,7.0,0.0,7.0,2.0,0.0,2.0,5.0,0.0,5.0,0.2857142857142857,0.0,0.2857142857142857,0.0,4,0,7,15.0,0.0,15.0,50,1,255,0.0,0.00013884756520876723,0.0,0.0,0.17857142857142858,0.061224489795918366,0.0,0.0,0.023809523809523808,0.0,0.023809523809523808,0.047619047619047616,0.0,0.0006252094641408313,0.0,0.0006548788474132286,0.0,5.1315090691561593e-5,2.507942506391713e-6,0.00495884161459883,9.917683229197659e-5
1317669207160129645,3,6,0,6,4,0,4,2,0,2,6.0,0.0,6.0,4.0,0.0,4.0,2.0,0.0,2.0,0.6666666666666666,0.0,0.6666666666666666,0.0,3,0,6,13.0,0.0,14.0,45,1,241,0.0,0.00011901219875037192,0.0,0.0,0.23809523809523808,0.1111111111111111,0.0,0.0,0.1,0.0,0.1,0.2,0.0,0.0006109892236439888,0.0,0.0006548788474132286,0.0,5.940717387109551e-5,2.3702515452564814e-6,0.0044629574531389465,9.917683229197659e-5
1441525504355074955,4,5,0,5,2,0,2,3,0,3,5.0,0.0,5.0,2.0,0.0,2.0,3.0,0.0,3.0,0.4,0.0,0.4,0.0,3,0,5,13.0,0.0,9.0,42,1,243,0.0,9.917683229197659e-5,0.0,0.0,0.26666666666666666,0.12,0.0,0.0,0.05,0.0,0.05,0.1,0.0,0.0005822819540845849,0.0,0.0006548788474132284,0.0,6.748287532798436e-5,2.3899216825615145e-6,0.0041654269562630165,9.917683229197659e-5
1623609568590302959,4,7,0,7,6,0,6,1,0,1,7.0,0.0,7.0,6.0,0.0,6.0,1.0,0.0,1.0,0.8571428571428571,0.0,0.8571428571428571,0.0,4,0,7,17.0,0.0,15.0,51,1,260,0.0,0.00013884756520876723,0.0,0.0,0.32142857142857145,0.22448979591836735,0.0,0.0,0.21428571428571427,0.0,0.21428571428571427,0.3333333333333333,0.0,0.0006280981453443999,0.0,0.0006548788474132283,0.0,5.369459812565314e-5,2.5571178496542956e-6,0.0050580184468908065,9.917683229197659e-5
1234845320181973145,3,6,0,6,4,0,4,2,0,2,6.0,0.0,6.0,4.0,0.0,4.0,2.0,0.0,2.0,0.6666666666666666,0.0,0.6666666666666666,0.0,4,0,6,15.0,0.0,14.0,49,1,251,0.0,0.00011901219875037192,0.0,0.0,0.30952380952380953,0.19444444444444445,0.0,0.0,0.2,0.0,0.2,0.4,0.0,0.0006133650547173906,0.0,0.0006548788474132286,0.0,5.940717387109551e-5,2.4686022317816468e-6,0.0048596647823068535,9.917683229197659e-5
1494541651010388096,4,7,0,7,2,0,2,5,0,5,7.0,0.0,7.0,2.0,0.0,2.0,5.0,0.0,5.0,0.2857142857142857,0.0,0.2857142857142857,0.0,4,0,7,17.0,0.0,15.0,54,1,248,0.0,0.00013884756520876723,0.0,0.0,0.23214285714285715,0.12244897959183673,0.0,0.0,0.09523809523809523,0.0,0.09523809523809523,0.19047619047619047,0.0,0.0006541883760577666,0.0,0.0006548788474132286,0.0,5.1315090691561593e-5,2.439097025824097e-6,0.005355548943766736,9.917683229197659e-5
1377170997341323521,3,9,0,9,7,0,7,2,0,2,9.0,0.0,9.0,7.0,0.0,7.0,2.0,0.0,2.0,0.7777777777777778,0.0,0.7777777777777778,0.0,4,0,9,26.0,0.0,28.0,52,1,257,0.0,0.00017851829812555786,0.0,0.0,0.2777777777777778,0.19753086419753085,0.0,0.0,0.19444444444444445,0.0,0.19444444444444445,0.3888888888888889,0.0,0.0006965284691331636,0.0,0.0006548788474132288,0.0,3.508173926303204e-5,2.527612643696746e-6,0.005157195279182783,9.917683229197659e-5
1846182040991434370,3,8,0,8,6,0,6,2,0,2,8.0,0.0,8.0,6.0,0.0,6.0,2.0,0.0,2.0,0.75,0.0,0.75,0.0,4,0,8,17.0,0.0,23.0,51,1,249,0.0,0.00015868293166716255,0.0,0.0,0.25,0.15625,0.0,0.0,0.14285714285714285,0.0,0.14285714285714285,0.2857142857142857,0.0,0.0006725513218435788,0.0,0.0006548788474132287,0.0,4.320661581547203e-5,2.4489320944766137e-6,0.0050580184468908065,9.917683229197659e-5
1284051228493350880,4,8,0,8,2,0,2,6,0,6,8.0,0.0,8.0,2.0,0.0,2.0,6.0,0.0,6.0,0.25,0.0,0.25,0.0,4,0,8,17.0,0.0,23.0,53,1,257,0.0,0.00015868293166716255,0.0,0.0,0.25,0.15625,0.0,0.0,0.14285714285714285,0.0,0.14285714285714285,0.2857142857142857,0.0,0.0006891372574180006,0.0,0.0006548788474132288,0.0,4.320661581547203e-5,2.527612643696746e-6,0.00525637211147476,9.917683229197659e-5
1446799611992739511,3,7,0,7,5,0,5,2,0,2,7.0,0.0,7.0,5.0,0.0,5.0,2.0,0.0,2.0,0.7142857142857143,0.0,0.7142857142857143,0.0,4,0,7,17.0,0.0,15.0,53,1,239,0.0,0.00013884756520876723,0.0,0.0,0.2857142857142857,0.1836734693877551,0.0,0.0,0.19047619047619047,0.0,0.19047619047619047,0.38095238095238093,0.0,0.0006378450009888548,0.0,0.0006548788474132287,0.0,5.1315090691561593e-5,2.3505814079514484e-6,0.00525637211147476,9.917683229197659e-5
1633103022676509368,3,7,0,7,5,0,5,2,0,2,7.0,0.0,7.0,5.0,0.0,5.0,2.0,0.0,2.0,0.7142857142857143,0.0,0.7142857142857143,0.0,4,0,7,15.0,0.0,15.0,49,1,227,0.0,0.00013884756520876723,0.0,0.0,0.19642857142857142,0.08163265306122448,0.0,0.0,0.07142857142857142,0.0,0.07142857142857142,0.14285714285714285,0.0,0.000646165781609983,0.0,0.0006548788474132286,0.0,5.1315090691561593e-5,2.23256058412125e-6,0.0048596647823068535,9.917683229197659e-5
1513291565424968860,7,4,0,4,3,0,3,1,0,1,4.0,0.0,4.0,3.0,0.0,3.0,1.0,0.0,1.0,0.75,0.0,0.75,0.0,3,0,4,9.0,0.0,7.0,22,1,112,0.0,7.934146583358127e-5,0.0,0.0,0.3,0.125,0.0,0.0,0.08333333333333333,0.0,0.08333333333333333,0.16666666666666666,0.0,0.0009798208909297373,0.0,0.0006548788474132288,3.3669974106920186e-5,0.0,1.1015276890818504e-6,0.0021818903104234852,9.917683229197659e-5
1606355710042442536,4,9,0,9,8,0,8,1,0,1,9.0,0.0,9.0,8.0,0.0,8.0,1.0,0.0,1.0,0.8888888888888888,0.0,0.8888888888888888,0.0,4,0,9,34.0,0.0,28.0,65,1,442,0.0,0.00017851829812555786,0.0,0.0,0.24444444444444444,0.16049382716049382,0.0,0.0,0.125,0.0,0.125,0.25,0.0,0.0006995530601496179,0.0,0.0006548788474132288,0.0,3.627200289280097e-5,4.3471003444123024e-6,0.006446494098978479,9.917683229197659e-5
1744634451297568997,7,4,0,4,3,0,3,1,0,1,4.0,0.0,4.0,3.0,0.0,3.0,1.0,0.0,1.0,0.75,0.0,0.75,0.0,3,0,4,9.0,0.0,7.0,22,1,112,0.0,7.934146583358127e-5,0.0,0.0,0.3,0.125,0.0,0.0,0.08333333333333333,0.0,0.08333333333333333,0.16666666666666666,0.0,0.0009798208909297373,0.0,0.0006548788474132288,3.3669974106920186e-5,0.0,1.1015276890818504e-6,0.0021818903104234852,9.917683229197659e-5
1395195002409192418,7,2,0,2,1,0,1,1,0,1,2.0,0.0,2.0,1.0,0.0,1.0,1.0,0.0,1.0,0.5,0.0,0.5,0.0,2,0,2,3.0,0.0,2.0,19,1,109,0.0,3.967073291679064e-5,0.0,0.0,0.5,0.25,0.0,0.0,0.0,0.0,0.0,0.0,0.0,0.0005650312455862962,0.0,0.0006548788474132283,0.0,4.482661014659772e-5,1.0720224831243008e-6,0.0018843598135475552,9.917683229197659e-5
1773410541759366489,4,4,0,4,2,0,2,2,0,2,4.0,0.0,4.0,2.0,0.0,2.0,2.0,0.0,2.0,0.5,0.0,0.5,0.0,3,0,4,9.0,0.0,7.0,37,1,199,0.0,7.934146583358127e-5,0.0,0.0,0.3,0.125,0.0,0.0,0.08333333333333333,0.0,0.08333333333333333,0.16666666666666666,0.0,0.000574453836449514,0.0,0.0006548788474132285,0.0,7.554220502981046e-5,1.9571786618507875e-6,0.003669542794803134,9.917683229197659e-5
1267808961365544890,2,1,0,1,1,0,1,0,0,0,1.0,0.0,1.0,1.0,0.0,1.0,0.0,0.0,0.0,1.0,0.0,1.0,0.0,0,0,1,1.0,0.0,1.0,2,1,96,0.0,1.983536645839532e-5,0.0,0.0,0.5,0.0,0.0,0.0,0.0,0.0,0.0,0.0,0.0,0.0005415107652058756,0.0,0.0006548788474132293,2.449091117096014e-5,0.0,9.44166590641586e-7,0.00019835366458395318,9.917683229197659e-5
1666403209389803584,2,3,0,3,3,0,3,0,0,0,3.0,0.0,3.0,3.0,0.0,3.0,0.0,0.0,0.0,1.0,0.0,1.0,0.0,2,0,3,5.0,0.0,4.0,15,1,127,0.0,5.950609937518596e-5,0.0,0.0,0.5833333333333334,0.4444444444444444,0.0,0.0,0.6666666666666666,0.0,0.6666666666666666,1.0,0.0,0.0005610079173085173,0.0,0.0006548788474132292,7.354292941652574e-5,0.0,1.2490537188695982e-6,0.001487652484379649,9.917683229197659e-5
1329593818097386148,2,1,0,1,1,0,1,0,0,0,1.0,0.0,1.0,1.0,0.0,1.0,0.0,0.0,0.0,1.0,0.0,1.0,0.0,0,0,1,1.0,0.0,1.0,2,1,96,0.0,1.983536645839532e-5,0.0,0.0,0.5,0.0,0.0,0.0,0.0,0.0,0.0,0.0,0.0,0.0005415107652058756,0.0,0.0006548788474132293,2.449091117096014e-5,0.0,9.44166590641586e-7,0.00019835366458395318,9.917683229197659e-5
1835660352168136564,2,2,0,2,2,0,2,0,0,0,2.0,0.0,2.0,2.0,0.0,2.0,0.0,0.0,0.0,1.0,0.0,1.0,0.0,1,0,2,3.0,0.0,2.0,16,1,147,0.0,3.967073291679064e-5,0.0,0.0,0.5,0.25,0.0,0.0,0.5,0.0,0.5,1.0,0.0,0.0005518186903053498,0.0,0.0006548788474132291,4.900521652839718e-5,0.0,1.4457550919199286e-6,0.0015868293166716254,9.917683229197659e-5
1258053593018141306,1,7,0,7,5,0,5,2,0,2,7.0,0.0,7.0,5.0,0.0,5.0,2.0,0.0,2.0,0.7142857142857143,0.0,0.7142857142857143,0.0,4,0,7,17.0,0.0,15.0,50,1,308,0.0,0.00013884756520876723,0.0,0.0,0.35714285714285715,0.2653061224489796,0.0,0.0,0.2619047619047619,0.0,0.2619047619047619,0.42857142857142855,0.0,0.0006271085414218949,0.0,0.0006548788474132281,0.0,8.648723617155074e-5,3.0292011449750883e-6,0.00495884161459883,9.917683229197659e-5
1837292773644962009,1,3,0,3,3,0,3,0,0,0,3.0,0.0,3.0,3.0,0.0,3.0,0.0,0.0,0.0,1.0,0.0,1.0,0.0,2,0,3,5.0,0.0,4.0,29,1,177,0.0,5.950609937518596e-5,0.0,0.0,0.3333333333333333,0.1111111111111111,0.0,0.0,0.16666666666666666,0.0,0.16666666666666666,0.3333333333333333,0.0,0.0005637922702193517,0.0,0.0006548788474132281,5.226557410353827e-5,0.0,1.7408071514954242e-6,0.0028761281364673213,9.917683229197659e-5
1853020081127165805,1,3,0,3,3,0,3,0,0,0,3.0,0.0,3.0,3.0,0.0,3.0,0.0,0.0,0.0,1.0,0.0,1.0,0.0,2,0,3,5.0,0.0,4.0,29,1,177,0.0,5.950609937518596e-5,0.0,0.0,0.3333333333333333,0.1111111111111111,0.0,0.0,0.16666666666666666,0.0,0.16666666666666666,0.3333333333333333,0.0,0.0005637922702193517,0.0,0.0006548788474132281,5.226557410353827e-5,0.0,1.7408071514954242e-6,0.0028761281364673213,9.917683229197659e-5
1377445346744993167,1,3,0,3,3,0,3,0,0,0,3.0,0.0,3.0,3.0,0.0,3.0,0.0,0.0,0.0,1.0,0.0,1.0,0.0,2,0,3,5.0,0.0,4.0,29,1,177,0.0,5.950609937518596e-5,0.0,0.0,0.3333333333333333,0.1111111111111111,0.0,0.0,0.16666666666666666,0.0,0.16666666666666666,0.3333333333333333,0.0,0.0005637922702193517,0.0,0.0006548788474132281,5.226557410353827e-5,0.0,1.7408071514954242e-6,0.0028761281364673213,9.917683229197659e-5
1290487561872999284,1,3,0,3,3,0,3,0,0,0,3.0,0.0,3.0,3.0,0.0,3.0,0.0,0.0,0.0,1.0,0.0,1.0,0.0,2,0,3,5.0,0.0,4.0,29,1,177,0.0,5.950609937518596e-5,0.0,0.0,0.3333333333333333,0.1111111111111111,0.0,0.0,0.16666666666666666,0.0,0.16666666666666666,0.3333333333333333,0.0,0.0005637922702193517,0.0,0.0006548788474132281,5.226557410353827e-5,0.0,1.7408071514954242e-6,0.0028761281364673213,9.917683229197659e-5
1713345006137245903,1,3,0,3,3,0,3,0,0,0,3.0,0.0,3.0,3.0,0.0,3.0,0.0,0.0,0.0,1.0,0.0,1.0,0.0,2,0,3,5.0,0.0,4.0,29,1,177,0.0,5.950609937518596e-5,0.0,0.0,0.3333333333333333,0.1111111111111111,0.0,0.0,0.16666666666666666,0.0,0.16666666666666666,0.3333333333333333,0.0,0.0005637922702193517,0.0,0.0006548788474132281,5.226557410353827e-5,0.0,1.7408071514954242e-6,0.0028761281364673213,9.917683229197659e-5
1735336833786578483,1,4,0,4,3,0,3,1,0,1,4.0,0.0,4.0,3.0,0.0,3.0,1.0,0.0,1.0,0.75,0.0,0.75,0.0,4,0,4,9.0,0.0,7.0,48,1,250,0.0,7.934146583358127e-5,0.0,0.0,0.4,0.25,0.0,0.0,0.16666666666666666,0.0,0.16666666666666666,0.3333333333333333,0.0,0.0005832868608545784,0.0,0.0006548788474132284,0.0,3.561613871716496e-5,2.4587671631291302e-6,0.0047604879500148765,9.917683229197659e-5
1230367521320732390,1,5,0,5,5,0,5,0,0,0,5.0,0.0,5.0,5.0,0.0,5.0,0.0,0.0,0.0,1.0,0.0,1.0,0.0,3,0,5,9.0,0.0,9.0,24,1,204,0.0,9.917683229197659e-5,0.0,0.0,0.4,0.28,0.0,0.0,0.3,0.0,0.3,0.5,0.0,0.0005810257629082795,0.0,0.000654878847413228,8.721118020826868e-5,0.0,2.00635400511337e-6,0.0023802439750074383,9.917683229197659e-5
1741246483815991517,1,2,0,2,2,0,2,0,0,0,2.0,0.0,2.0,2.0,0.0,2.0,0.0,0.0,0.0,1.0,0.0,1.0,0.0,2,0,2,3.0,0.0,2.0,20,1,140,0.0,3.967073291679064e-5,0.0,0.0,0.6666666666666666,0.5,0.0,0.0,0.5,0.0,0.5,1.0,0.0,0.0005498390628750083,0.0,0.000654878847413228,3.482334995119629e-5,0.0,1.376909611352313e-6,0.0019835366458395317,9.917683229197659e-5
1409556649303081296,1,2,0,2,2,0,2,0,0,0,2.0,0.0,2.0,2.0,0.0,2.0,0.0,0.0,0.0,1.0,0.0,1.0,0.0,2,0,2,3.0,0.0,2.0,20,1,140,0.0,3.967073291679064e-5,0.0,0.0,0.6666666666666666,0.5,0.0,0.0,0.5,0.0,0.5,1.0,0.0,0.0005498390628750083,0.0,0.000654878847413228,3.482334995119629e-5,0.0,1.376909611352313e-6,0.0019835366458395317,9.917683229197659e-5
1836386343563823129,1,2,0,2,2,0,2,0,0,0,2.0,0.0,2.0,2.0,0.0,2.0,0.0,0.0,0.0,1.0,0.0,1.0,0.0,2,0,2,3.0,0.0,2.0,20,1,140,0.0,3.967073291679064e-5,0.0,0.0,0.6666666666666666,0.5,0.0,0.0,0.5,0.0,0.5,1.0,0.0,0.0005498390628750083,0.0,0.000654878847413228,3.482334995119629e-5,0.0,1.376909611352313e-6,0.0019835366458395317,9.917683229197659e-5
1731598009302518103,1,6,0,6,6,0,6,0,0,0,6.0,0.0,6.0,6.0,0.0,6.0,0.0,0.0,0.0,1.0,0.0,1.0,0.0,4,0,6,9.0,0.0,14.0,36,1,211,0.0,0.00011901219875037192,0.0,0.0,0.3333333333333333,0.2222222222222222,0.0,0.0,0.26666666666666666,0.0,0.26666666666666666,0.4666666666666667,0.0,0.0006022135090662164,0.0,0.0006548788474132281,0.00010471458596139627,0.0,2.075199485680986e-6,0.0035703659625111574,9.917683229197659e-5
1242750225139893434,1,2,0,2,2,0,2,0,0,0,2.0,0.0,2.0,2.0,0.0,2.0,0.0,0.0,0.0,1.0,0.0,1.0,0.0,2,0,2,3.0,0.0,2.0,19,1,120,0.0,3.967073291679064e-5,0.0,0.0,0.3333333333333333,0.0,0.0,0.0,0.0,0.0,0.0,0.0,0.0,0.0005561274120613143,0.0,0.000654878847413228,3.482334995119629e-5,0.0,1.1802082383019825e-6,0.0018843598135475552,9.917683229197659e-5
1742411374031536178,1,4,0,4,4,0,4,0,0,0,4.0,0.0,4.0,4.0,0.0,4.0,0.0,0.0,0.0,1.0,0.0,1.0,0.0,4,0,4,9.0,0.0,7.0,31,1,175,0.0,7.934146583358127e-5,0.0,0.0,0.4,0.25,0.0,0.0,0.3333333333333333,0.0,0.3333333333333333,0.5,0.0,0.0005790487532447911,0.0,0.000654878847413228,6.972818022366045e-5,0.0,1.7211370141903911e-6,0.0030744818010512744,9.917683229197659e-5
1702427253234731682,1,1,0,1,1,0,1,0,0,0,1.0,0.0,1.0,1.0,0.0,1.0,0.0,0.0,0.0,1.0,0.0,1.0,0.0,1,0,1,1.0,0.0,1.0,9,1,89,0.0,1.983536645839532e-5,0.0,0.0,0.5,0.0,0.0,0.0,0.0,0.0,0.0,0.0,0.0,0.0005439291303930943,0.0,0.0006548788474132279,1.7401495877256146e-5,0.0,8.753211100739704e-7,0.0008925914906277894,9.917683229197659e-5
1716476681574681712,1,3,0,3,3,0,3,0,0,0,3.0,0.0,3.0,3.0,0.0,3.0,0.0,0.0,0.0,1.0,0.0,1.0,0.0,3,0,3,5.0,0.0,4.0,27,1,153,0.0,5.950609937518596e-5,0.0,0.0,0.5833333333333334,0.4444444444444444,0.0,0.0,0.5,0.0,0.5,1.0,0.0,0.0005746522563035353,0.0,0.0006548788474132284,5.226557410353827e-5,0.0,1.5047655038350276e-6,0.002677774471883368,9.917683229197659e-5
1352798996912931944,7,3,0,3,1,0,1,2,0,2,3.0,0.0,3.0,1.0,0.0,1.0,2.0,0.0,2.0,0.3333333333333333,0.0,0.3333333333333333,0.0,3,0,3,5.0,0.0,4.0,42,1,173,0.0,5.950609937518596e-5,0.0,0.0,0.3333333333333333,0.1111111111111111,0.0,0.0,0.0,0.0,0.0,0.0,0.0,0.0005908691522286027,0.0,0.0006548788474132281,0.0,0.00012358293269876253,1.701466876885358e-6,0.0041654269562630165,9.917683229197659e-5
1213235584475071458,1,2,0,2,2,0,2,0,0,0,2.0,0.0,2.0,2.0,0.0,2.0,0.0,0.0,0.0,1.0,0.0,1.0,0.0,1,0,2,3.0,0.0,2.0,18,1,113,0.0,3.967073291679064e-5,0.0,0.0,0.3333333333333333,0.0,0.0,0.0,0.0,0.0,0.0,0.0,0.0,0.0005549619340351699,0.0,0.0006548788474132279,3.482334995119629e-5,0.0,1.1113627577343667e-6,0.0017851829812555787,9.917683229197659e-5
1347860507251442858,1,2,0,2,2,0,2,0,0,0,2.0,0.0,2.0,2.0,0.0,2.0,0.0,0.0,0.0,1.0,0.0,1.0,0.0,1,0,2,3.0,0.0,2.0,18,1,113,0.0,3.967073291679064e-5,0.0,0.0,0.3333333333333333,0.0,0.0,0.0,0.0,0.0,0.0,0.0,0.0,0.0005549619340351699,0.0,0.0006548788474132279,3.482334995119629e-5,0.0,1.1113627577343667e-6,0.0017851829812555787,9.917683229197659e-5
1305765055991644937,1,2,0,2,2,0,2,0,0,0,2.0,0.0,2.0,2.0,0.0,2.0,0.0,0.0,0.0,1.0,0.0,1.0,0.0,1,0,2,3.0,0.0,2.0,18,1,113,0.0,3.967073291679064e-5,0.0,0.0,0.3333333333333333,0.0,0.0,0.0,0.0,0.0,0.0,0.0,0.0,0.0005549619340351699,0.0,0.0006548788474132279,3.482334995119629e-5,0.0,1.1113627577343667e-6,0.0017851829812555787,9.917683229197659e-5
1475705941302182736,1,2,0,2,2,0,2,0,0,0,2.0,0.0,2.0,2.0,0.0,2.0,0.0,0.0,0.0,1.0,0.0,1.0,0.0,1,0,2,3.0,0.0,2.0,18,1,113,0.0,3.967073291679064e-5,0.0,0.0,0.3333333333333333,0.0,0.0,0.0,0.0,0.0,0.0,0.0,0.0,0.0005549619340351699,0.0,0.0006548788474132279,3.482334995119629e-5,0.0,1.1113627577343667e-6,0.0017851829812555787,9.917683229197659e-5
1694402691981115721,1,2,0,2,2,0,2,0,0,0,2.0,0.0,2.0,2.0,0.0,2.0,0.0,0.0,0.0,1.0,0.0,1.0,0.0,1,0,2,3.0,0.0,2.0,18,1,113,0.0,3.967073291679064e-5,0.0,0.0,0.3333333333333333,0.0,0.0,0.0,0.0,0.0,0.0,0.0,0.0,0.0005549619340351699,0.0,0.0006548788474132279,3.482334995119629e-5,0.0,1.1113627577343667e-6,0.0017851829812555787,9.917683229197659e-5
1688531420768634980,1,2,0,2,2,0,2,0,0,0,2.0,0.0,2.0,2.0,0.0,2.0,0.0,0.0,0.0,1.0,0.0,1.0,0.0,1,0,2,3.0,0.0,2.0,18,1,113,0.0,3.967073291679064e-5,0.0,0.0,0.3333333333333333,0.0,0.0,0.0,0.0,0.0,0.0,0.0,0.0,0.0005549619340351699,0.0,0.0006548788474132279,3.482334995119629e-5,0.0,1.1113627577343667e-6,0.0017851829812555787,9.917683229197659e-5
1751203199827575614,1,2,0,2,2,0,2,0,0,0,2.0,0.0,2.0,2.0,0.0,2.0,0.0,0.0,0.0,1.0,0.0,1.0,0.0,1,0,2,3.0,0.0,2.0,18,1,113,0.0,3.967073291679064e-5,0.0,0.0,0.3333333333333333,0.0,0.0,0.0,0.0,0.0,0.0,0.0,0.0,0.0005549619340351699,0.0,0.0006548788474132279,3.482334995119629e-5,0.0,1.1113627577343667e-6,0.0017851829812555787,9.917683229197659e-5
1551488612317529613,1,1,0,1,1,0,1,0,0,0,1.0,0.0,1.0,1.0,0.0,1.0,0.0,0.0,0.0,1.0,0.0,1.0,0.0,1,0,1,1.0,0.0,1.0,17,1,72,0.0,1.983536645839532e-5,0.0,0.0,0.5,0.0,0.0,0.0,0.0,0.0,0.0,0.0,0.0,0.0005489397705291279,0.0,0.000654878847413228,1.7401495877256146e-5,0.0,7.081249429811895e-7,0.0016860061489636022,9.917683229197659e-5
1690943474922162316,1,2,0,2,2,0,2,0,0,0,2.0,0.0,2.0,2.0,0.0,2.0,0.0,0.0,0.0,1.0,0.0,1.0,0.0,1,0,2,3.0,0.0,2.0,18,1,113,0.0,3.967073291679064e-5,0.0,0.0,0.3333333333333333,0.0,0.0,0.0,0.0,0.0,0.0,0.0,0.0,0.0005549619340351699,0.0,0.0006548788474132279,3.482334995119629e-5,0.0,1.1113627577343667e-6,0.0017851829812555787,9.917683229197659e-5
1638039286777381561,1,2,0,2,2,0,2,0,0,0,2.0,0.0,2.0,2.0,0.0,2.0,0.0,0.0,0.0,1.0,0.0,1.0,0.0,1,0,2,3.0,0.0,2.0,18,1,113,0.0,3.967073291679064e-5,0.0,0.0,0.3333333333333333,0.0,0.0,0.0,0.0,0.0,0.0,0.0,0.0,0.0005549619340351699,0.0,0.0006548788474132279,3.482334995119629e-5,0.0,1.1113627577343667e-6,0.0017851829812555787,9.917683229197659e-5
1377040369602004471,1,2,0,2,2,0,2,0,0,0,2.0,0.0,2.0,2.0,0.0,2.0,0.0,0.0,0.0,1.0,0.0,1.0,0.0,1,0,2,3.0,0.0,2.0,18,1,113,0.0,3.967073291679064e-5,0.0,0.0,0.3333333333333333,0.0,0.0,0.0,0.0,0.0,0.0,0.0,0.0,0.0005549619340351699,0.0,0.0006548788474132279,3.482334995119629e-5,0.0,1.1113627577343667e-6,0.0017851829812555787,9.917683229197659e-5
1665309353629975943,1,2,0,2,2,0,2,0,0,0,2.0,0.0,2.0,2.0,0.0,2.0,0.0,0.0,0.0,1.0,0.0,1.0,0.0,1,0,2,3.0,0.0,2.0,18,1,113,0.0,3.967073291679064e-5,0.0,0.0,0.3333333333333333,0.0,0.0,0.0,0.0,0.0,0.0,0.0,0.0,0.0005549619340351699,0.0,0.0006548788474132279,3.482334995119629e-5,0.0,1.1113627577343667e-6,0.0017851829812555787,9.917683229197659e-5
1233347339033251805,1,2,0,2,2,0,2,0,0,0,2.0,0.0,2.0,2.0,0.0,2.0,0.0,0.0,0.0,1.0,0.0,1.0,0.0,1,0,2,3.0,0.0,2.0,18,1,113,0.0,3.967073291679064e-5,0.0,0.0,0.3333333333333333,0.0,0.0,0.0,0.0,0.0,0.0,0.0,0.0,0.0005549619340351699,0.0,0.0006548788474132279,3.482334995119629e-5,0.0,1.1113627577343667e-6,0.0017851829812555787,9.917683229197659e-5
1316783556822828591,1,2,0,2,2,0,2,0,0,0,2.0,0.0,2.0,2.0,0.0,2.0,0.0,0.0,0.0,1.0,0.0,1.0,0.0,1,0,2,3.0,0.0,2.0,18,1,113,0.0,3.967073291679064e-5,0.0,0.0,0.3333333333333333,0.0,0.0,0.0,0.0,0.0,0.0,0.0,0.0,0.0005549619340351699,0.0,0.0006548788474132279,3.482334995119629e-5,0.0,1.1113627577343667e-6,0.0017851829812555787,9.917683229197659e-5
1622349421213647583,1,2,0,2,2,0,2,0,0,0,2.0,0.0,2.0,2.0,0.0,2.0,0.0,0.0,0.0,1.0,0.0,1.0,0.0,1,0,2,3.0,0.0,2.0,18,1,113,0.0,3.967073291679064e-5,0.0,0.0,0.3333333333333333,0.0,0.0,0.0,0.0,0.0,0.0,0.0,0.0,0.0005549619340351699,0.0,0.0006548788474132279,3.482334995119629e-5,0.0,1.1113627577343667e-6,0.0017851829812555787,9.917683229197659e-5
1652753992150683043,1,2,0,2,2,0,2,0,0,0,2.0,0.0,2.0,2.0,0.0,2.0,0.0,0.0,0.0,1.0,0.0,1.0,0.0,1,0,2,3.0,0.0,2.0,18,1,113,0.0,3.967073291679064e-5,0.0,0.0,0.3333333333333333,0.0,0.0,0.0,0.0,0.0,0.0,0.0,0.0,0.0005549619340351699,0.0,0.0006548788474132279,3.482334995119629e-5,0.0,1.1113627577343667e-6,0.0017851829812555787,9.917683229197659e-5
1510573956216655328,1,2,0,2,2,0,2,0,0,0,2.0,0.0,2.0,2.0,0.0,2.0,0.0,0.0,0.0,1.0,0.0,1.0,0.0,1,0,2,3.0,0.0,2.0,18,1,113,0.0,3.967073291679064e-5,0.0,0.0,0.3333333333333333,0.0,0.0,0.0,0.0,0.0,0.0,0.0,0.0,0.0005549619340351699,0.0,0.0006548788474132279,3.482334995119629e-5,0.0,1.1113627577343667e-6,0.0017851829812555787,9.917683229197659e-5
1309411907983114843,1,2,0,2,2,0,2,0,0,0,2.0,0.0,2.0,2.0,0.0,2.0,0.0,0.0,0.0,1.0,0.0,1.0,0.0,2,0,2,3.0,0.0,2.0,15,1,166,0.0,3.967073291679064e-5,0.0,0.0,0.5,0.25,0.0,0.0,0.5,0.0,0.5,1.0,0.0,0.0005481874228510436,0.0,0.0006548788474132284,3.482334995119629e-5,0.0,1.6326213963177423e-6,0.001487652484379649,9.917683229197659e-5
1325576473863521877,1,1,0,1,1,0,1,0,0,0,1.0,0.0,1.0,1.0,0.0,1.0,0.0,0.0,0.0,1.0,0.0,1.0,0.0,1,0,1,1.0,0.0,1.0,4,1,53,0.0,1.983536645839532e-5,0.0,0.0,0.5,0.0,0.0,0.0,0.0,0.0,0.0,0.0,0.0,0.0005462964802543266,0.0,0.0006548788474132281,1.7401495877256146e-5,0.0,5.212586385833756e-7,0.00039670732916790636,9.917683229197659e-5
1295575431289766361,1,3,0,3,2,0,2,1,0,1,3.0,0.0,3.0,2.0,0.0,2.0,1.0,0.0,1.0,0.6666666666666666,0.0,0.6666666666666666,0.0,3,0,3,5.0,0.0,4.0,38,1,207,0.0,5.950609937518596e-5,0.0,0.0,0.3333333333333333,0.1111111111111111,0.0,0.0,0.16666666666666666,0.0,0.16666666666666666,0.3333333333333333,0.0,0.0005657771132412477,0.0,0.0006548788474132285,0.0,5.305766221608277e-5,2.0358592110709198e-6,0.0037687196270951104,9.917683229197659e-5
1732596619724980255,1,3,0,3,3,0,3,0,0,0,3.0,0.0,3.0,3.0,0.0,3.0,0.0,0.0,0.0,1.0,0.0,1.0,0.0,2,0,3,5.0,0.0,4.0,27,1,131,0.0,5.950609937518596e-5,0.0,0.0,0.4166666666666667,0.2222222222222222,0.0,0.0,0.3333333333333333,0.0,0.3333333333333333,0.6666666666666666,0.0,0.0005719695724770685,0.0,0.0006548788474132281,5.226557410353827e-5,0.0,1.2883939934796641e-6,0.002677774471883368,9.917683229197659e-5
1266654362805995019,5,4,0,4,4,0,4,0,0,0,4.0,0.0,4.0,4.0,0.0,4.0,0.0,0.0,0.0,1.0,0.0,1.0,0.0,4,0,4,9.0,0.0,7.0,52,1,250,0.0,7.934146583358127e-5,0.0,0.0,0.6,0.5,0.0,0.0,0.6666666666666666,0.0,0.6666666666666666,1.0,0.0,0.00058227042728914,0.0,0.0006548788474132285,8.387615567384543e-5,0.0,2.4587671631291302e-6,0.005157195279182783,9.917683229197659e-5
1674812389003887569,3,7,0,7,4,0,4,3,0,3,7.0,0.0,7.0,4.0,0.0,4.0,3.0,0.0,3.0,0.5714285714285714,0.0,0.5714285714285714,0.0,4,0,7,26.0,0.0,15.0,51,1,259,0.0,0.00013884756520876723,0.0,0.0,0.14285714285714285,0.02040816326530612,0.0,0.0,0.023809523809523808,0.0,0.023809523809523808,0.047619047619047616,0.0,0.0006141787024392572,0.0,0.0006548788474132285,0.0,0.00015201867094971622,2.547282781001779e-6,0.0050580184468908065,9.917683229197659e-5
1534402843170049424,3,2,0,2,2,0,2,0,0,0,2.0,0.0,2.0,2.0,0.0,2.0,0.0,0.0,0.0,1.0,0.0,1.0,0.0,2,0,2,3.0,0.0,2.0,28,1,83,0.0,3.967073291679064e-5,0.0,0.0,0.5,0.25,0.0,0.0,0.5,0.0,0.5,1.0,0.0,0.0005834470672190697,0.0,0.0006548788474132287,1.6047357581427946e-5,0.0,8.163106981588712e-7,0.002776951304175345,9.917683229197659e-5
1645568400988045767,3,7,0,7,4,0,4,3,0,3,7.0,0.0,7.0,4.0,0.0,4.0,3.0,0.0,3.0,0.5714285714285714,0.0,0.5714285714285714,0.0,4,0,7,26.0,0.0,15.0,51,1,259,0.0,0.00013884756520876723,0.0,0.0,0.14285714285714285,0.02040816326530612,0.0,0.0,0.023809523809523808,0.0,0.023809523809523808,0.047619047619047616,0.0,0.0006141787024392572,0.0,0.0006548788474132285,0.0,0.00015201867094971622,2.547282781001779e-6,0.0050580184468908065,9.917683229197659e-5
1403611351414210864,3,7,0,7,4,0,4,3,0,3,7.0,0.0,7.0,4.0,0.0,4.0,3.0,0.0,3.0,0.5714285714285714,0.0,0.5714285714285714,0.0,4,0,7,26.0,0.0,15.0,51,1,259,0.0,0.00013884756520876723,0.0,0.0,0.14285714285714285,0.02040816326530612,0.0,0.0,0.023809523809523808,0.0,0.023809523809523808,0.047619047619047616,0.0,0.0006141787024392572,0.0,0.0006548788474132285,0.0,0.00015201867094971622,2.547282781001779e-6,0.0050580184468908065,9.917683229197659e-5
1351592155973421036,7,3,0,3,3,0,3,0,0,0,3.0,0.0,3.0,3.0,0.0,3.0,0.0,0.0,0.0,1.0,0.0,1.0,0.0,3,0,3,5.0,0.0,4.0,12,1,58,0.0,5.950609937518596e-5,0.0,0.0,0.75,0.6666666666666666,0.0,0.0,0.8333333333333334,0.0,0.8333333333333334,1.0,0.0,0.0005942529506113649,0.0,0.0006548788474132288,0.0001176859496645477,0.0,5.704339818459582e-7,0.0011901219875037191,9.917683229197659e-5
1348674633104100452,7,4,0,4,4,0,4,0,0,0,4.0,0.0,4.0,4.0,0.0,4.0,0.0,0.0,0.0,1.0,0.0,1.0,0.0,3,0,4,9.0,0.0,7.0,16,1,60,0.0,7.934146583358127e-5,0.0,0.0,0.6,0.5,0.0,0.0,0.6666666666666666,0.0,0.6666666666666666,0.8333333333333334,0.0,0.0006002316257902984,0.0,0.0006548788474132285,0.00015697402883274592,0.0,5.901041191509912e-7,0.0015868293166716254,9.917683229197659e-5
1509546314726116328,7,4,0,4,4,0,4,0,0,0,4.0,0.0,4.0,4.0,0.0,4.0,0.0,0.0,0.0,1.0,0.0,1.0,0.0,3,0,4,9.0,0.0,7.0,16,1,60,0.0,7.934146583358127e-5,0.0,0.0,0.6,0.5,0.0,0.0,0.6666666666666666,0.0,0.6666666666666666,0.8333333333333334,0.0,0.0006002316257902984,0.0,0.0006548788474132285,0.00015697402883274592,0.0,5.901041191509912e-7,0.0015868293166716254,9.917683229197659e-5
1688029363880068721,7,3,0,3,3,0,3,0,0,0,3.0,0.0,3.0,3.0,0.0,3.0,0.0,0.0,0.0,1.0,0.0,1.0,0.0,3,0,3,5.0,0.0,4.0,12,1,58,0.0,5.950609937518596e-5,0.0,0.0,0.75,0.6666666666666666,0.0,0.0,0.8333333333333334,0.0,0.8333333333333334,1.0,0.0,0.0005942529506113649,0.0,0.0006548788474132288,0.0001176859496645477,0.0,5.704339818459582e-7,0.0011901219875037191,9.917683229197659e-5
1298566624403525527,4,4,0,4,3,0,3,1,0,1,4.0,0.0,4.0,3.0,0.0,3.0,1.0,0.0,1.0,0.75,0.0,0.75,0.0,3,0,4,8.0,0.0,7.0,25,1,168,0.0,7.934146583358127e-5,0.0,0.0,0.25,0.0625,0.0,0.0,0.08333333333333333,0.0,0.08333333333333333,0.16666666666666666,0.0,0.0005990209348958054,0.0,0.0006548788474132286,0.0,0.00016999578015652883,1.6522915336227754e-6,0.002479420807299415,9.917683229197659e-5
1341462132662734254,7,7,0,7,7,0,7,0,0,0,7.0,0.0,7.0,7.0,0.0,7.0,0.0,0.0,0.0,1.0,0.0,1.0,0.0,4,0,7,15.0,0.0,15.0,20,1,95,0.0,0.00013884756520876723,0.0,0.0,0.6607142857142857,0.6122448979591837,0.0,0.0,0.6666666666666666,0.0,0.6666666666666666,0.8571428571428571,0.0,0.0006547922783175059,0.0,0.0006548788474132285,0.00027501678377006566,0.0,9.343315219890695e-7,0.0019835366458395317,9.917683229197659e-5
1563496676042211621,7,3,0,3,3,0,3,0,0,0,3.0,0.0,3.0,3.0,0.0,3.0,0.0,0.0,0.0,1.0,0.0,1.0,0.0,3,0,3,5.0,0.0,4.0,16,1,63,0.0,5.950609937518596e-5,0.0,0.0,0.6666666666666666,0.5555555555555556,0.0,0.0,0.6666666666666666,0.0,0.6666666666666666,1.0,0.0,0.0005891028254319367,0.0,0.0006548788474132285,0.0001176859496645477,0.0,6.196093251085408e-7,0.0015868293166716254,9.917683229197659e-5
1300566182260114722,7,4,0,4,4,0,4,0,0,0,4.0,0.0,4.0,4.0,0.0,4.0,0.0,0.0,0.0,1.0,0.0,1.0,0.0,3,0,4,9.0,0.0,7.0,18,1,62,0.0,7.934146583358127e-5,0.0,0.0,0.8,0.75,0.0,0.0,0.8333333333333334,0.0,0.8333333333333334,1.0,0.0,0.0006102995624486311,0.0,0.0006548788474132286,0.00015697402883274592,0.0,6.097742564560243e-7,0.0017851829812555787,9.917683229197659e-5
1575585753474271257,7,4,0,4,4,0,4,0,0,0,4.0,0.0,4.0,4.0,0.0,4.0,0.0,0.0,0.0,1.0,0.0,1.0,0.0,3,0,4,9.0,0.0,7.0,18,1,62,0.0,7.934146583358127e-5,0.0,0.0,0.8,0.75,0.0,0.0,0.8333333333333334,0.0,0.8333333333333334,1.0,0.0,0.0006102995624486311,0.0,0.0006548788474132286,0.00015697402883274592,0.0,6.097742564560243e-7,0.0017851829812555787,9.917683229197659e-5
1700232288719081300,7,2,0,2,2,0,2,0,0,0,2.0,0.0,2.0,2.0,0.0,2.0,0.0,0.0,0.0,1.0,0.0,1.0,0.0,2,0,2,3.0,0.0,2.0,11,1,76,0.0,3.967073291679064e-5,0.0,0.0,0.6666666666666666,0.5,0.0,0.0,1.0,0.0,1.0,1.0,0.0,0.0005620125912836257,0.0,0.0006548788474132283,7.842759606091487e-5,0.0,7.474652175912555e-7,0.0010909451552117426,9.917683229197659e-5
1830968782554662671,4,4,0,4,3,0,3,1,0,1,4.0,0.0,4.0,3.0,0.0,3.0,1.0,0.0,1.0,0.75,0.0,0.75,0.0,0,0,4,9.0,0.0,7.0,5,1,96,0.0,7.934146583358127e-5,0.0,0.0,0.2,0.0,0.0,0.0,0.0,0.0,0.0,0.0,0.0,0.0006068385619047807,0.0,0.000654878847413229,0.0,7.083620472114749e-5,9.44166590641586e-7,0.0004958841614598829,9.917683229197659e-5
1420128520968866680,4,5,0,5,4,0,4,1,0,1,5.0,0.0,5.0,4.0,0.0,4.0,1.0,0.0,1.0,0.8,0.0,0.8,0.0,1,0,5,13.0,0.0,9.0,12,1,207,0.0,9.917683229197659e-5,0.0,0.0,0.16666666666666666,0.0,0.0,0.0,0.0,0.0,0.0,0.0,0.0,0.0006004157634461134,0.0,0.0006548788474132287,0.0,6.75028626243579e-5,2.0358592110709198e-6,0.0011901219875037191,9.917683229197659e-5
1868688791649127770,4,5,0,5,4,0,4,1,0,1,5.0,0.0,5.0,4.0,0.0,4.0,1.0,0.0,1.0,0.8,0.0,0.8,0.0,1,0,5,13.0,0.0,9.0,12,1,207,0.0,9.917683229197659e-5,0.0,0.0,0.16666666666666666,0.0,0.0,0.0,0.0,0.0,0.0,0.0,0.0,0.0006004157634461134,0.0,0.0006548788474132287,0.0,6.75028626243579e-5,2.0358592110709198e-6,0.0011901219875037191,9.917683229197659e-5
1486244388400008575,4,5,0,5,4,0,4,1,0,1,5.0,0.0,5.0,4.0,0.0,4.0,1.0,0.0,1.0,0.8,0.0,0.8,0.0,1,0,5,13.0,0.0,9.0,12,1,207,0.0,9.917683229197659e-5,0.0,0.0,0.16666666666666666,0.0,0.0,0.0,0.0,0.0,0.0,0.0,0.0,0.0006004157634461134,0.0,0.0006548788474132287,0.0,6.75028626243579e-5,2.0358592110709198e-6,0.0011901219875037191,9.917683229197659e-5
1332676853156020833,7,2,0,2,2,0,2,0,0,0,2.0,0.0,2.0,2.0,0.0,2.0,0.0,0.0,0.0,1.0,0.0,1.0,0.0,2,0,2,3.0,0.0,2.0,16,1,71,0.0,3.967073291679064e-5,0.0,0.0,0.3333333333333333,0.0,0.0,0.0,0.0,0.0,0.0,0.0,0.0,0.0005795024858852093,0.0,0.0006548788474132289,7.842759606091487e-5,0.0,6.98289874328673e-7,0.0015868293166716254,9.917683229197659e-5
1489555597014599370,2,2,0,2,2,0,2,0,0,0,2.0,0.0,2.0,2.0,0.0,2.0,0.0,0.0,0.0,1.0,0.0,1.0,0.0,2,0,2,3.0,0.0,2.0,16,1,100,0.0,3.967073291679064e-5,0.0,0.0,0.5,0.25,0.0,0.0,0.5,0.0,0.5,1.0,0.0,0.0005594919598617173,0.0,0.0006548788474132288,4.900521652839718e-5,0.0,9.83506865251652e-7,0.0015868293166716254,9.917683229197659e-5
1838467486228416915,2,2,0,2,2,0,2,0,0,0,2.0,0.0,2.0,2.0,0.0,2.0,0.0,0.0,0.0,1.0,0.0,1.0,0.0,2,0,2,3.0,0.0,2.0,16,1,100,0.0,3.967073291679064e-5,0.0,0.0,0.5,0.25,0.0,0.0,0.5,0.0,0.5,1.0,0.0,0.0005594919598617173,0.0,0.0006548788474132288,4.900521652839718e-5,0.0,9.83506865251652e-7,0.0015868293166716254,9.917683229197659e-5
1725213971385945896,2,2,0,2,2,0,2,0,0,0,2.0,0.0,2.0,2.0,0.0,2.0,0.0,0.0,0.0,1.0,0.0,1.0,0.0,2,0,2,3.0,0.0,2.0,16,1,100,0.0,3.967073291679064e-5,0.0,0.0,0.5,0.25,0.0,0.0,0.5,0.0,0.5,1.0,0.0,0.0005594919598617173,0.0,0.0006548788474132288,4.900521652839718e-5,0.0,9.83506865251652e-7,0.0015868293166716254,9.917683229197659e-5
1786895615863554655,2,2,0,2,2,0,2,0,0,0,2.0,0.0,2.0,2.0,0.0,2.0,0.0,0.0,0.0,1.0,0.0,1.0,0.0,2,0,2,3.0,0.0,2.0,16,1,100,0.0,3.967073291679064e-5,0.0,0.0,0.5,0.25,0.0,0.0,0.5,0.0,0.5,1.0,0.0,0.0005594919598617173,0.0,0.0006548788474132288,4.900521652839718e-5,0.0,9.83506865251652e-7,0.0015868293166716254,9.917683229197659e-5
1515190775938286994,2,2,0,2,2,0,2,0,0,0,2.0,0.0,2.0,2.0,0.0,2.0,0.0,0.0,0.0,1.0,0.0,1.0,0.0,2,0,2,3.0,0.0,2.0,16,1,100,0.0,3.967073291679064e-5,0.0,0.0,0.5,0.25,0.0,0.0,0.5,0.0,0.5,1.0,0.0,0.0005594919598617173,0.0,0.0006548788474132288,4.900521652839718e-5,0.0,9.83506865251652e-7,0.0015868293166716254,9.917683229197659e-5
1742466188379687647,2,2,0,2,2,0,2,0,0,0,2.0,0.0,2.0,2.0,0.0,2.0,0.0,0.0,0.0,1.0,0.0,1.0,0.0,2,0,2,3.0,0.0,2.0,16,1,100,0.0,3.967073291679064e-5,0.0,0.0,0.5,0.25,0.0,0.0,0.5,0.0,0.5,1.0,0.0,0.0005594919598617173,0.0,0.0006548788474132288,4.900521652839718e-5,0.0,9.83506865251652e-7,0.0015868293166716254,9.917683229197659e-5
1573328809405449965,2,5,0,5,5,0,5,0,0,0,5.0,0.0,5.0,5.0,0.0,5.0,0.0,0.0,0.0,1.0,0.0,1.0,0.0,4,0,5,10.0,0.0,9.0,35,1,306,0.0,9.917683229197659e-5,0.0,0.0,0.6,0.52,0.0,0.0,0.6,0.0,0.6,0.9,0.0,0.0005904913840397911,0.0,0.0006548788474132296,0.00012268863120568074,0.0,3.0095310076700552e-6,0.003471189130219181,9.917683229197659e-5
1680936584322482600,2,2,0,2,2,0,2,0,0,0,2.0,0.0,2.0,2.0,0.0,2.0,0.0,0.0,0.0,1.0,0.0,1.0,0.0,2,0,2,3.0,0.0,2.0,16,1,100,0.0,3.967073291679064e-5,0.0,0.0,0.5,0.25,0.0,0.0,0.5,0.0,0.5,1.0,0.0,0.0005594919598617173,0.0,0.0006548788474132288,4.900521652839718e-5,0.0,9.83506865251652e-7,0.0015868293166716254,9.917683229197659e-5
1546309001640149004,2,2,0,2,2,0,2,0,0,0,2.0,0.0,2.0,2.0,0.0,2.0,0.0,0.0,0.0,1.0,0.0,1.0,0.0,2,0,2,3.0,0.0,2.0,16,1,100,0.0,3.967073291679064e-5,0.0,0.0,0.5,0.25,0.0,0.0,0.5,0.0,0.5,1.0,0.0,0.0005594919598617173,0.0,0.0006548788474132288,4.900521652839718e-5,0.0,9.83506865251652e-7,0.0015868293166716254,9.917683229197659e-5
1315508311386228647,2,2,0,2,2,0,2,0,0,0,2.0,0.0,2.0,2.0,0.0,2.0,0.0,0.0,0.0,1.0,0.0,1.0,0.0,2,0,2,3.0,0.0,2.0,16,1,100,0.0,3.967073291679064e-5,0.0,0.0,0.5,0.25,0.0,0.0,0.5,0.0,0.5,1.0,0.0,0.0005594919598617173,0.0,0.0006548788474132288,4.900521652839718e-5,0.0,9.83506865251652e-7,0.0015868293166716254,9.917683229197659e-5
1801731280744746930,2,2,0,2,2,0,2,0,0,0,2.0,0.0,2.0,2.0,0.0,2.0,0.0,0.0,0.0,1.0,0.0,1.0,0.0,2,0,2,3.0,0.0,2.0,16,1,100,0.0,3.967073291679064e-5,0.0,0.0,0.5,0.25,0.0,0.0,0.5,0.0,0.5,1.0,0.0,0.0005594919598617173,0.0,0.0006548788474132288,4.900521652839718e-5,0.0,9.83506865251652e-7,0.0015868293166716254,9.917683229197659e-5
1400974561297566159,2,2,0,2,2,0,2,0,0,0,2.0,0.0,2.0,2.0,0.0,2.0,0.0,0.0,0.0,1.0,0.0,1.0,0.0,2,0,2,3.0,0.0,2.0,16,1,100,0.0,3.967073291679064e-5,0.0,0.0,0.5,0.25,0.0,0.0,0.5,0.0,0.5,1.0,0.0,0.0005594919598617173,0.0,0.0006548788474132288,4.900521652839718e-5,0.0,9.83506865251652e-7,0.0015868293166716254,9.917683229197659e-5
1360688279627760070,2,2,0,2,2,0,2,0,0,0,2.0,0.0,2.0,2.0,0.0,2.0,0.0,0.0,0.0,1.0,0.0,1.0,0.0,2,0,2,3.0,0.0,2.0,16,1,100,0.0,3.967073291679064e-5,0.0,0.0,0.5,0.25,0.0,0.0,0.5,0.0,0.5,1.0,0.0,0.0005594919598617173,0.0,0.0006548788474132288,4.900521652839718e-5,0.0,9.83506865251652e-7,0.0015868293166716254,9.917683229197659e-5
1629798373101932004,5,4,0,4,1,0,1,3,0,3,4.0,0.0,4.0,1.0,0.0,1.0,3.0,0.0,3.0,0.25,0.0,0.25,0.0,2,0,4,9.0,0.0,7.0,17,1,138,0.0,7.934146583358127e-5,0.0,0.0,0.3,0.125,0.0,0.0,0.16666666666666666,0.0,0.16666666666666666,0.3333333333333333,0.0,0.0005908150310847023,0.0,0.0006548788474132288,0.0,1.0787241122911517e-5,1.3572394740472798e-6,0.0016860061489636022,9.917683229197659e-5
1336482330742623928,2,2,0,2,2,0,2,0,0,0,2.0,0.0,2.0,2.0,0.0,2.0,0.0,0.0,0.0,1.0,0.0,1.0,0.0,2,0,2,3.0,0.0,2.0,16,1,100,0.0,3.967073291679064e-5,0.0,0.0,0.5,0.25,0.0,0.0,0.5,0.0,0.5,1.0,0.0,0.0005594919598617173,0.0,0.0006548788474132288,4.900521652839718e-5,0.0,9.83506865251652e-7,0.0015868293166716254,9.917683229197659e-5
1384805348212213031,2,2,0,2,2,0,2,0,0,0,2.0,0.0,2.0,2.0,0.0,2.0,0.0,0.0,0.0,1.0,0.0,1.0,0.0,2,0,2,3.0,0.0,2.0,16,1,100,0.0,3.967073291679064e-5,0.0,0.0,0.5,0.25,0.0,0.0,0.5,0.0,0.5,1.0,0.0,0.0005594919598617173,0.0,0.0006548788474132288,4.900521652839718e-5,0.0,9.83506865251652e-7,0.0015868293166716254,9.917683229197659e-5
1399895097872485005,2,2,0,2,2,0,2,0,0,0,2.0,0.0,2.0,2.0,0.0,2.0,0.0,0.0,0.0,1.0,0.0,1.0,0.0,2,0,2,3.0,0.0,2.0,16,1,100,0.0,3.967073291679064e-5,0.0,0.0,0.5,0.25,0.0,0.0,0.5,0.0,0.5,1.0,0.0,0.0005594919598617173,0.0,0.0006548788474132288,4.900521652839718e-5,0.0,9.83506865251652e-7,0.0015868293166716254,9.917683229197659e-5
1269058786476165929,2,2,0,2,2,0,2,0,0,0,2.0,0.0,2.0,2.0,0.0,2.0,0.0,0.0,0.0,1.0,0.0,1.0,0.0,2,0,2,3.0,0.0,2.0,16,1,100,0.0,3.967073291679064e-5,0.0,0.0,0.5,0.25,0.0,0.0,0.5,0.0,0.5,1.0,0.0,0.0005594919598617173,0.0,0.0006548788474132288,4.900521652839718e-5,0.0,9.83506865251652e-7,0.0015868293166716254,9.917683229197659e-5
1643227101718904876,2,2,0,2,2,0,2,0,0,0,2.0,0.0,2.0,2.0,0.0,2.0,0.0,0.0,0.0,1.0,0.0,1.0,0.0,2,0,2,3.0,0.0,2.0,16,1,100,0.0,3.967073291679064e-5,0.0,0.0,0.5,0.25,0.0,0.0,0.5,0.0,0.5,1.0,0.0,0.0005594919598617173,0.0,0.0006548788474132288,4.900521652839718e-5,0.0,9.83506865251652e-7,0.0015868293166716254,9.917683229197659e-5
1623149536463554581,2,2,0,2,2,0,2,0,0,0,2.0,0.0,2.0,2.0,0.0,2.0,0.0,0.0,0.0,1.0,0.0,1.0,0.0,2,0,2,3.0,0.0,2.0,16,1,100,0.0,3.967073291679064e-5,0.0,0.0,0.5,0.25,0.0,0.0,0.5,0.0,0.5,1.0,0.0,0.0005594919598617173,0.0,0.0006548788474132288,4.900521652839718e-5,0.0,9.83506865251652e-7,0.0015868293166716254,9.917683229197659e-5
1676645376230162922,2,2,0,2,2,0,2,0,0,0,2.0,0.0,2.0,2.0,0.0,2.0,0.0,0.0,0.0,1.0,0.0,1.0,0.0,2,0,2,3.0,0.0,2.0,16,1,100,0.0,3.967073291679064e-5,0.0,0.0,0.5,0.25,0.0,0.0,0.5,0.0,0.5,1.0,0.0,0.0005594919598617173,0.0,0.0006548788474132288,4.900521652839718e-5,0.0,9.83506865251652e-7,0.0015868293166716254,9.917683229197659e-5
1802992915111215504,2,2,0,2,2,0,2,0,0,0,2.0,0.0,2.0,2.0,0.0,2.0,0.0,0.0,0.0,1.0,0.0,1.0,0.0,2,0,2,3.0,0.0,2.0,21,1,124,0.0,3.967073291679064e-5,0.0,0.0,0.5,0.25,0.0,0.0,0.5,0.0,0.5,1.0,0.0,0.000558050814346958,0.0,0.0006548788474132291,4.900521652839718e-5,0.0,1.2195485129120486e-6,0.0020827134781315083,9.917683229197659e-5
1331177389119506604,5,4,0,4,1,0,1,3,0,3,4.0,0.0,4.0,1.0,0.0,1.0,3.0,0.0,3.0,0.25,0.0,0.25,0.0,2,0,4,9.0,0.0,7.0,17,1,138,0.0,7.934146583358127e-5,0.0,0.0,0.3,0.125,0.0,0.0,0.16666666666666666,0.0,0.16666666666666666,0.3333333333333333,0.0,0.0005908150310847023,0.0,0.0006548788474132288,0.0,1.0787241122911517e-5,1.3572394740472798e-6,0.0016860061489636022,9.917683229197659e-5
1409881478329795651,2,2,0,2,2,0,2,0,0,0,2.0,0.0,2.0,2.0,0.0,2.0,0.0,0.0,0.0,1.0,0.0,1.0,0.0,2,0,2,3.0,0.0,2.0,16,1,100,0.0,3.967073291679064e-5,0.0,0.0,0.5,0.25,0.0,0.0,0.5,0.0,0.5,1.0,0.0,0.0005594919598617173,0.0,0.0006548788474132288,4.900521652839718e-5,0.0,9.83506865251652e-7,0.0015868293166716254,9.917683229197659e-5
1606714502596790157,2,4,0,4,3,0,3,1,0,1,4.0,0.0,4.0,3.0,0.0,3.0,1.0,0.0,1.0,0.75,0.0,0.75,0.0,2,0,4,9.0,0.0,7.0,11,1,92,0.0,7.934146583358127e-5,0.0,0.0,0.3,0.125,0.0,0.0,0.16666666666666666,0.0,0.16666666666666666,0.3333333333333333,0.0,0.0006386689048104514,0.0,0.0006548788474132289,0.0,0.00023209685210001663,9.048263160315199e-7,0.0010909451552117426,9.917683229197659e-5
1723861930398977270,2,2,0,2,2,0,2,0,0,0,2.0,0.0,2.0,2.0,0.0,2.0,0.0,0.0,0.0,1.0,0.0,1.0,0.0,1,0,2,3.0,0.0,2.0,8,1,72,0.0,3.967073291679064e-5,0.0,0.0,0.3333333333333333,0.0,0.0,0.0,0.0,0.0,0.0,0.0,0.0,0.0005613652291267372,0.0,0.0006548788474132286,4.900521652839718e-5,0.0,7.081249429811895e-7,0.0007934146583358127,9.917683229197659e-5
1258618595777185532,2,2,0,2,2,0,2,0,0,0,2.0,0.0,2.0,2.0,0.0,2.0,0.0,0.0,0.0,1.0,0.0,1.0,0.0,1,0,2,3.0,0.0,2.0,5,1,50,0.0,3.967073291679064e-5,0.0,0.0,0.5,0.25,0.0,0.0,0.5,0.0,0.5,1.0,0.0,0.000606650141385518,0.0,0.0006548788474132289,4.900521652839718e-5,0.0,4.91753432625826e-7,0.0004958841614598829,9.917683229197659e-5
1759774744166531855,2,4,0,4,3,0,3,1,0,1,4.0,0.0,4.0,3.0,0.0,3.0,1.0,0.0,1.0,0.75,0.0,0.75,0.0,2,0,4,9.0,0.0,7.0,11,1,92,0.0,7.934146583358127e-5,0.0,0.0,0.3,0.125,0.0,0.0,0.16666666666666666,0.0,0.16666666666666666,0.3333333333333333,0.0,0.0006386689048104514,0.0,0.0006548788474132289,0.0,1.0787241122911517e-5,9.048263160315199e-7,0.0010909451552117426,9.917683229197659e-5
1615775478788919065,5,3,0,3,1,0,1,2,0,2,3.0,0.0,3.0,1.0,0.0,1.0,2.0,0.0,2.0,0.3333333333333333,0.0,0.3333333333333333,0.0,1,0,3,5.0,0.0,4.0,9,1,89,0.0,5.950609937518596e-5,0.0,0.0,0.25,0.0,0.0,0.0,0.0,0.0,0.0,0.0,0.0,0.0005805071059852278,0.0,0.0006548788474132288,0.0,0.00014774222087921007,8.753211100739704e-7,0.0008925914906277894,9.917683229197659e-5
1629106826354099949,3,5,0,5,5,0,5,0,0,0,5.0,0.0,5.0,5.0,0.0,5.0,0.0,0.0,0.0,1.0,0.0,1.0,0.0,3,0,5,9.0,0.0,9.0,38,1,163,0.0,9.917683229197659e-5,0.0,0.0,0.43333333333333335,0.32,0.0,0.0,0.35,0.0,0.35,0.6,0.0,0.0006492946062381976,0.0,0.0006548788474132293,4.024103381738975e-5,0.0,1.603116190360193e-6,0.0037687196270951104,9.917683229197659e-5
1296127133160047224,3,2,0,2,2,0,2,0,0,0,2.0,0.0,2.0,2.0,0.0,2.0,0.0,0.0,0.0,1.0,0.0,1.0,0.0,2,0,2,3.0,0.0,2.0,21,1,66,0.0,3.967073291679064e-5,0.0,0.0,0.3333333333333333,0.0,0.0,0.0,0.0,0.0,0.0,0.0,0.0,0.0005855000695134807,0.0,0.000654878847413229,1.6047357581427946e-5,0.0,6.491145310660903e-7,0.0020827134781315083,9.917683229197659e-5
1792440876484526815,3,5,0,5,5,0,5,0,0,0,5.0,0.0,5.0,5.0,0.0,5.0,0.0,0.0,0.0,1.0,0.0,1.0,0.0,4,0,5,10.0,0.0,9.0,39,1,125,0.0,9.917683229197659e-5,0.0,0.0,0.26666666666666666,0.12,0.0,0.0,0.15,0.0,0.15,0.3,0.0,0.0006384208214098503,0.0,0.0006548788474132289,4.024103381738975e-5,0.0,1.2293835815645651e-6,0.003867896459387087,9.917683229197659e-5
1858512647499024455,3,1,0,1,1,0,1,0,0,0,1.0,0.0,1.0,1.0,0.0,1.0,0.0,0.0,0.0,1.0,0.0,1.0,0.0,1,0,1,1.0,0.0,1.0,16,1,56,0.0,1.983536645839532e-5,0.0,0.0,0.5,0.0,0.0,0.0,0.0,0.0,0.0,0.0,0.0,0.0005583003209795163,0.0,0.0006548788474132287,8.015509431968937e-6,0.0,5.507638445409252e-7,0.0015868293166716254,9.917683229197659e-5
1718523560642742997,1,2,0,2,2,0,2,0,0,0,2.0,0.0,2.0,2.0,0.0,2.0,0.0,0.0,0.0,1.0,0.0,1.0,0.0,2,0,2,3.0,0.0,2.0,22,1,95,0.0,3.967073291679064e-5,0.0,0.0,0.3333333333333333,0.0,0.0,0.0,0.0,0.0,0.0,0.0,0.0,0.0005616808536269194,0.0,0.0006548788474132283,3.482334995119629e-5,0.0,9.343315219890695e-7,0.0021818903104234852,9.917683229197659e-5
1456456575542625170,1,4,0,4,2,0,2,2,0,2,4.0,0.0,4.0,2.0,0.0,2.0,2.0,0.0,2.0,0.5,0.0,0.5,0.0,3,0,4,9.0,0.0,7.0,30,1,223,0.0,7.934146583358127e-5,0.0,0.0,0.25,0.0625,0.0,0.0,0.08333333333333333,0.0,0.08333333333333333,0.16666666666666666,0.0,0.000587511249568927,0.0,0.0006548788474132281,0.0,0.00013887223246789038,2.1932203095111843e-6,0.002975304968759298,9.917683229197659e-5
1263661699647409454,1,3,0,3,2,0,2,1,0,1,3.0,0.0,3.0,2.0,0.0,2.0,1.0,0.0,1.0,0.6666666666666666,0.0,0.6666666666666666,0.0,3,0,3,5.0,0.0,4.0,34,1,241,0.0,5.950609937518596e-5,0.0,0.0,0.3333333333333333,0.1111111111111111,0.0,0.0,0.16666666666666666,0.0,0.16666666666666666,0.3333333333333333,0.0,0.0005615066444552663,0.0,0.0006548788474132286,0.0,5.305766221608277e-5,2.3702515452564814e-6,0.0033720122979272044,9.917683229197659e-5
1353280869011292718,3,5,0,5,5,0,5,0,0,0,5.0,0.0,5.0,5.0,0.0,5.0,0.0,0.0,0.0,1.0,0.0,1.0,0.0,4,0,5,13.0,0.0,9.0,27,1,126,0.0,9.917683229197659e-5,0.0,0.0,0.4,0.28,0.0,0.0,0.25,0.0,0.25,0.4,0.0,0.0006364940674948914,0.0,0.0006548788474132289,4.024103381738975e-5,0.0,1.2392186502170817e-6,0.002677774471883368,9.917683229197659e-5
1643660434961596493,3,7,0,7,7,0,7,0,0,0,7.0,0.0,7.0,7.0,0.0,7.0,0.0,0.0,0.0,1.0,0.0,1.0,0.0,4,0,7,31.0,0.0,15.0,41,1,242,0.0,0.00013884756520876723,0.0,0.0,0.32142857142857145,0.22448979591836735,0.0,0.0,0.19047619047619047,0.0,0.19047619047619047,0.3333333333333333,0.0,0.0006308415036990012,0.0,0.0006548788474132288,5.645202739135158e-5,0.0,2.380086613908998e-6,0.0040662501239710405,9.917683229197659e-5
1438594220754472689,3,4,0,4,2,0,2,2,0,2,4.0,0.0,4.0,2.0,0.0,2.0,2.0,0.0,2.0,0.5,0.0,0.5,0.0,2,0,4,9.0,0.0,7.0,18,1,111,0.0,7.934146583358127e-5,0.0,0.0,0.2,0.0,0.0,0.0,0.0,0.0,0.0,0.0,0.0,0.0006254675373782284,0.0,0.0006548788474132289,0.0,0.00017618551941600558,1.0916926204293339e-6,0.0017851829812555787,9.917683229197659e-5
1818937459862409022,3,5,0,5,5,0,5,0,0,0,5.0,0.0,5.0,5.0,0.0,5.0,0.0,0.0,0.0,1.0,0.0,1.0,0.0,4,0,5,13.0,0.0,9.0,27,1,126,0.0,9.917683229197659e-5,0.0,0.0,0.4,0.28,0.0,0.0,0.25,0.0,0.25,0.4,0.0,0.0006364940674948914,0.0,0.0006548788474132289,4.024103381738975e-5,0.0,1.2392186502170817e-6,0.002677774471883368,9.917683229197659e-5
1541546261457404678,3,5,0,5,5,0,5,0,0,0,5.0,0.0,5.0,5.0,0.0,5.0,0.0,0.0,0.0,1.0,0.0,1.0,0.0,4,0,5,13.0,0.0,9.0,27,1,126,0.0,9.917683229197659e-5,0.0,0.0,0.4,0.28,0.0,0.0,0.25,0.0,0.25,0.4,0.0,0.0006364940674948914,0.0,0.0006548788474132289,4.024103381738975e-5,0.0,1.2392186502170817e-6,0.002677774471883368,9.917683229197659e-5
1595539883500243940,3,4,0,4,4,0,4,0,0,0,4.0,0.0,4.0,4.0,0.0,4.0,0.0,0.0,0.0,1.0,0.0,1.0,0.0,3,0,4,9.0,0.0,7.0,23,1,123,0.0,7.934146583358127e-5,0.0,0.0,0.5,0.375,0.0,0.0,0.3333333333333333,0.0,0.3333333333333333,0.5,0.0,0.000604911410350263,0.0,0.0006548788474132289,3.2160109819434624e-5,0.0,1.209713444259532e-6,0.0022810671427154617,9.917683229197659e-5
1452080068284123941,3,8,0,8,8,0,8,0,0,0,8.0,0.0,8.0,8.0,0.0,8.0,0.0,0.0,0.0,1.0,0.0,1.0,0.0,4,0,8,31.0,0.0,23.0,46,1,177,0.0,0.00015868293166716255,0.0,0.0,0.4444444444444444,0.375,0.0,0.0,0.39285714285714285,0.0,0.39285714285714285,0.5357142857142857,0.0,0.0006949233178403047,0.0,0.0006548788474132288,6.458211691429128e-5,0.0,1.7408071514954242e-6,0.0045621342854309235,9.917683229197659e-5
1411696140805475758,3,6,0,6,6,0,6,0,0,0,6.0,0.0,6.0,6.0,0.0,6.0,0.0,0.0,0.0,1.0,0.0,1.0,0.0,4,0,6,10.0,0.0,14.0,34,1,118,0.0,0.00011901219875037192,0.0,0.0,0.19047619047619047,0.05555555555555555,0.0,0.0,0.06666666666666667,0.0,0.06666666666666667,0.13333333333333333,0.0,0.0006861642942348187,0.0,0.0006548788474132289,4.8338336351094746e-5,0.0,1.1605381009969494e-6,0.0033720122979272044,9.917683229197659e-5
1455003623472759137,7,2,0,2,2,0,2,0,0,0,2.0,0.0,2.0,2.0,0.0,2.0,0.0,0.0,0.0,1.0,0.0,1.0,0.0,2,0,2,3.0,0.0,2.0,9,1,42,0.0,3.967073291679064e-5,0.0,0.0,0.8333333333333334,0.75,0.0,0.0,1.0,0.0,1.0,1.0,0.0,0.0005759415866230679,0.0,0.0006548788474132287,7.842759606091487e-5,0.0,4.1307288340569385e-7,0.0008925914906277894,9.917683229197659e-5
1252803273438530910,7,2,0,2,2,0,2,0,0,0,2.0,0.0,2.0,2.0,0.0,2.0,0.0,0.0,0.0,1.0,0.0,1.0,0.0,2,0,2,3.0,0.0,2.0,9,1,42,0.0,3.967073291679064e-5,0.0,0.0,0.8333333333333334,0.75,0.0,0.0,1.0,0.0,1.0,1.0,0.0,0.0005759415866230679,0.0,0.0006548788474132287,7.842759606091487e-5,0.0,4.1307288340569385e-7,0.0008925914906277894,9.917683229197659e-5
1764831205242441714,7,2,0,2,2,0,2,0,0,0,2.0,0.0,2.0,2.0,0.0,2.0,0.0,0.0,0.0,1.0,0.0,1.0,0.0,2,0,2,3.0,0.0,2.0,14,1,48,0.0,3.967073291679064e-5,0.0,0.0,0.8333333333333334,0.75,0.0,0.0,1.0,0.0,1.0,1.0,0.0,0.000586073719313937,0.0,0.0006548788474132291,7.842759606091487e-5,0.0,4.72083295320793e-7,0.0013884756520876724,9.917683229197659e-5
1778157247226972123,7,2,0,2,2,0,2,0,0,0,2.0,0.0,2.0,2.0,0.0,2.0,0.0,0.0,0.0,1.0,0.0,1.0,0.0,2,0,2,3.0,0.0,2.0,9,1,42,0.0,3.967073291679064e-5,0.0,0.0,0.8333333333333334,0.75,0.0,0.0,1.0,0.0,1.0,1.0,0.0,0.0005759415866230679,0.0,0.0006548788474132287,7.842759606091487e-5,0.0,4.1307288340569385e-7,0.0008925914906277894,9.917683229197659e-5
1419597255974850412,7,2,0,2,2,0,2,0,0,0,2.0,0.0,2.0,2.0,0.0,2.0,0.0,0.0,0.0,1.0,0.0,1.0,0.0,2,0,2,3.0,0.0,2.0,9,1,42,0.0,3.967073291679064e-5,0.0,0.0,0.8333333333333334,0.75,0.0,0.0,1.0,0.0,1.0,1.0,0.0,0.0005759415866230679,0.0,0.0006548788474132287,7.842759606091487e-5,0.0,4.1307288340569385e-7,0.0008925914906277894,9.917683229197659e-5
1223543839088706663,7,2,0,2,2,0,2,0,0,0,2.0,0.0,2.0,2.0,0.0,2.0,0.0,0.0,0.0,1.0,0.0,1.0,0.0,2,0,2,3.0,0.0,2.0,14,1,48,0.0,3.967073291679064e-5,0.0,0.0,0.8333333333333334,0.75,0.0,0.0,1.0,0.0,1.0,1.0,0.0,0.000586073719313937,0.0,0.0006548788474132291,7.842759606091487e-5,0.0,4.72083295320793e-7,0.0013884756520876724,9.917683229197659e-5
1857300763743617125,7,2,0,2,2,0,2,0,0,0,2.0,0.0,2.0,2.0,0.0,2.0,0.0,0.0,0.0,1.0,0.0,1.0,0.0,2,0,2,3.0,0.0,2.0,9,1,42,0.0,3.967073291679064e-5,0.0,0.0,0.8333333333333334,0.75,0.0,0.0,1.0,0.0,1.0,1.0,0.0,0.0005759415866230679,0.0,0.0006548788474132287,7.842759606091487e-5,0.0,4.1307288340569385e-7,0.0008925914906277894,9.917683229197659e-5
1281623910638423443,7,2,0,2,2,0,2,0,0,0,2.0,0.0,2.0,2.0,0.0,2.0,0.0,0.0,0.0,1.0,0.0,1.0,0.0,2,0,2,3.0,0.0,2.0,15,1,50,0.0,3.967073291679064e-5,0.0,0.0,0.6666666666666666,0.5,0.0,0.0,1.0,0.0,1.0,1.0,0.0,0.0005915309091167579,0.0,0.0006548788474132291,7.842759606091487e-5,0.0,4.91753432625826e-7,0.001487652484379649,9.917683229197659e-5
1658434049934364528,7,2,0,2,2,0,2,0,0,0,2.0,0.0,2.0,2.0,0.0,2.0,0.0,0.0,0.0,1.0,0.0,1.0,0.0,2,0,2,3.0,0.0,2.0,18,1,39,0.0,3.967073291679064e-5,0.0,0.0,0.3333333333333333,0.0,0.0,0.0,0.0,0.0,0.0,0.0,0.0,0.0007485597873637772,0.0,0.0006548788474132294,7.842759606091487e-5,0.0,3.835676774481443e-7,0.0017851829812555787,9.917683229197659e-5
1459381202027808714,7,1,0,1,1,0,1,0,0,0,1.0,0.0,1.0,1.0,0.0,1.0,0.0,0.0,0.0,1.0,0.0,1.0,0.0,1,0,1,1.0,0.0,1.0,14,1,34,0.0,1.983536645839532e-5,0.0,0.0,0.5,0.0,0.0,0.0,0.0,0.0,0.0,0.0,0.0,0.0005689850950017137,0.0,0.0006548788474132294,3.919895163251308e-5,0.0,3.343923341855617e-7,0.0013884756520876724,9.917683229197659e-5
1251823867773585844,4,15,0,15,10,0,10,5,0,5,15.0,0.0,15.0,10.0,0.0,10.0,5.0,0.0,5.0,0.6666666666666666,0.0,0.6666666666666666,0.0,4,0,12,34.0,0.0,42.0,74,1,535,0.0,0.0002975304968759298,0.0,0.0,0.14583333333333334,0.08888888888888889,0.0,0.0,0.08095238095238096,0.0,0.08095238095238096,0.1619047619047619,0.0,0.0007505381185680735,0.0,0.0006548788474132287,0.0,0.0003098031540895718,5.261761729096339e-6,0.007339085589606268,9.917683229197659e-5
1277299008611550060,4,5,0,5,5,0,5,0,0,0,5.0,0.0,5.0,5.0,0.0,5.0,0.0,0.0,0.0,1.0,0.0,1.0,0.0,2,0,5,8.0,0.0,9.0,22,1,184,0.0,9.917683229197659e-5,0.0,0.0,0.3,0.16,0.0,0.0,0.2,0.0,0.2,0.3,0.0,0.0005902958035998332,0.0,0.0006548788474132284,3.434478139807684e-5,0.0,1.8096526320630397e-6,0.0021818903104234852,9.917683229197659e-5
1534719652859481723,2,1,0,1,1,0,1,0,0,0,1.0,0.0,1.0,1.0,0.0,1.0,0.0,0.0,0.0,1.0,0.0,1.0,0.0,1,0,1,1.0,0.0,1.0,5,1,13,0.0,1.983536645839532e-5,0.0,0.0,0.5,0.0,0.0,0.0,0.0,0.0,0.0,0.0,0.0,0.0005944689470210239,0.0,0.0006548788474132293,2.449091117096014e-5,0.0,1.2785589248271477e-7,0.0004958841614598829,9.917683229197659e-5
1378948497222406095,3,6,0,6,6,0,6,0,0,0,6.0,0.0,6.0,6.0,0.0,6.0,0.0,0.0,0.0,1.0,0.0,1.0,0.0,4,0,6,17.0,0.0,14.0,38,1,169,0.0,0.00011901219875037192,0.0,0.0,0.5,0.4166666666666667,0.0,0.0,0.4666666666666667,0.0,0.4666666666666667,0.6,0.0,0.0006528021802118206,0.0,0.0006548788474132286,4.8338336351094746e-5,0.0,1.662126602275292e-6,0.0037687196270951104,9.917683229197659e-5
1367376532414137716,3,4,0,4,4,0,4,0,0,0,4.0,0.0,4.0,4.0,0.0,4.0,0.0,0.0,0.0,1.0,0.0,1.0,0.0,2,0,4,9.0,0.0,7.0,20,1,125,0.0,7.934146583358127e-5,0.0,0.0,0.35,0.1875,0.0,0.0,0.25,0.0,0.25,0.3333333333333333,0.0,0.0005971268332675266,0.0,0.0006548788474132285,3.2160109819434624e-5,0.0,1.2293835815645651e-6,0.0019835366458395317,9.917683229197659e-5
1712812439008968850,3,2,0,2,2,0,2,0,0,0,2.0,0.0,2.0,2.0,0.0,2.0,0.0,0.0,0.0,1.0,0.0,1.0,0.0,2,0,2,3.0,0.0,2.0,15,1,105,0.0,3.967073291679064e-5,0.0,0.0,0.8333333333333334,0.75,0.0,0.0,1.0,0.0,1.0,1.0,0.0,0.0005648289642601853,0.0,0.0006548788474132285,1.6047357581427946e-5,0.0,1.0326822085142347e-6,0.001487652484379649,9.917683229197659e-5
1675406644734854647,3,4,0,4,4,0,4,0,0,0,4.0,0.0,4.0,4.0,0.0,4.0,0.0,0.0,0.0,1.0,0.0,1.0,0.0,3,0,4,9.0,0.0,7.0,33,1,123,0.0,7.934146583358127e-5,0.0,0.0,0.45,0.3125,0.0,0.0,0.4166666666666667,0.0,0.4166666666666667,0.6666666666666666,0.0,0.000621835903750767,0.0,0.0006548788474132288,3.2160109819434624e-5,0.0,1.209713444259532e-6,0.0032728354656352274,9.917683229197659e-5
1352958503689389378,3,2,0,2,2,0,2,0,0,0,2.0,0.0,2.0,2.0,0.0,2.0,0.0,0.0,0.0,1.0,0.0,1.0,0.0,2,0,2,3.0,0.0,2.0,15,1,105,0.0,3.967073291679064e-5,0.0,0.0,0.8333333333333334,0.75,0.0,0.0,1.0,0.0,1.0,1.0,0.0,0.0005648289642601853,0.0,0.0006548788474132285,1.6047357581427946e-5,0.0,1.0326822085142347e-6,0.001487652484379649,9.917683229197659e-5
1663446456142400027,3,2,0,2,2,0,2,0,0,0,2.0,0.0,2.0,2.0,0.0,2.0,0.0,0.0,0.0,1.0,0.0,1.0,0.0,2,0,2,3.0,0.0,2.0,15,1,105,0.0,3.967073291679064e-5,0.0,0.0,0.8333333333333334,0.75,0.0,0.0,1.0,0.0,1.0,1.0,0.0,0.0005648289642601853,0.0,0.0006548788474132285,1.6047357581427946e-5,0.0,1.0326822085142347e-6,0.001487652484379649,9.917683229197659e-5
1286826827259576766,3,5,0,5,5,0,5,0,0,0,5.0,0.0,5.0,5.0,0.0,5.0,0.0,0.0,0.0,1.0,0.0,1.0,0.0,4,0,5,13.0,0.0,9.0,44,1,142,0.0,9.917683229197659e-5,0.0,0.0,0.5,0.4,0.0,0.0,0.45,0.0,0.45,0.7,0.0,0.0006332022689923885,0.0,0.0006548788474132289,4.024103381738975e-5,0.0,1.396579748657346e-6,0.0043637806208469705,9.917683229197659e-5
1873850885667293282,3,5,0,5,5,0,5,0,0,0,5.0,0.0,5.0,5.0,0.0,5.0,0.0,0.0,0.0,1.0,0.0,1.0,0.0,4,0,5,13.0,0.0,9.0,44,1,142,0.0,9.917683229197659e-5,0.0,0.0,0.5,0.4,0.0,0.0,0.45,0.0,0.45,0.7,0.0,0.0006332022689923885,0.0,0.0006548788474132289,4.024103381738975e-5,0.0,1.396579748657346e-6,0.0043637806208469705,9.917683229197659e-5
1231259673621957308,3,3,0,3,3,0,3,0,0,0,3.0,0.0,3.0,3.0,0.0,3.0,0.0,0.0,0.0,1.0,0.0,1.0,0.0,3,0,3,5.0,0.0,4.0,35,1,101,0.0,5.950609937518596e-5,0.0,0.0,0.6666666666666666,0.5555555555555556,0.0,0.0,0.8333333333333334,0.0,0.8333333333333334,1.0,0.0,0.0005947363985412136,0.0,0.0006548788474132286,2.4095554393421814e-5,0.0,9.933419339041685e-7,0.003471189130219181,9.917683229197659e-5
1399161071087912716,3,4,0,4,4,0,4,0,0,0,4.0,0.0,4.0,4.0,0.0,4.0,0.0,0.0,0.0,1.0,0.0,1.0,0.0,3,0,4,9.0,0.0,7.0,33,1,123,0.0,7.934146583358127e-5,0.0,0.0,0.45,0.3125,0.0,0.0,0.4166666666666667,0.0,0.4166666666666667,0.6666666666666666,0.0,0.000621835903750767,0.0,0.0006548788474132288,3.2160109819434624e-5,0.0,1.209713444259532e-6,0.0032728354656352274,9.917683229197659e-5
1757827415846945430,3,5,0,5,5,0,5,0,0,0,5.0,0.0,5.0,5.0,0.0,5.0,0.0,0.0,0.0,1.0,0.0,1.0,0.0,4,0,5,13.0,0.0,9.0,44,1,165,0.0,9.917683229197659e-5,0.0,0.0,0.7333333333333333,0.68,0.0,0.0,0.75,0.0,0.75,0.9,0.0,0.0006218885097689687,0.0,0.0006548788474132287,4.024103381738975e-5,0.0,1.622786327665226e-6,0.0043637806208469705,9.917683229197659e-5
1550252840272792257,4,4,0,4,4,0,4,0,0,0,4.0,0.0,4.0,4.0,0.0,4.0,0.0,0.0,0.0,1.0,0.0,1.0,0.0,3,0,4,9.0,0.0,7.0,45,1,154,0.0,7.934146583358127e-5,0.0,0.0,0.7,0.625,0.0,0.0,0.75,0.0,0.75,1.0,0.0,0.0005939629250239632,0.0,0.000654878847413228,2.7444118002706297e-5,0.0,1.5146005724875442e-6,0.0044629574531389465,9.917683229197659e-5
1222860798590717437,4,5,0,5,5,0,5,0,0,0,5.0,0.0,5.0,5.0,0.0,5.0,0.0,0.0,0.0,1.0,0.0,1.0,0.0,3,0,5,13.0,0.0,9.0,47,1,142,0.0,9.917683229197659e-5,0.0,0.0,0.36666666666666664,0.24,0.0,0.0,0.25,0.0,0.25,0.5,0.0,0.0006012387035524254,0.0,0.0006548788474132281,3.434478139807684e-5,0.0,1.396579748657346e-6,0.0046613111177229,9.917683229197659e-5
1512887125379387354,4,10,0,10,10,0,10,0,0,0,10.0,0.0,10.0,10.0,0.0,10.0,0.0,0.0,0.0,1.0,0.0,1.0,0.0,4,0,10,33.0,0.0,30.0,63,1,224,0.0,0.00019835366458395318,0.0,0.0,0.4909090909090909,0.44,0.0,0.0,0.45555555555555555,0.0,0.45555555555555555,0.7555555555555555,0.0,0.0006634471524691965,0.0,0.0006548788474132283,6.908638784586252e-5,0.0,2.203055378163701e-6,0.006248140434394526,9.917683229197659e-5
1758027016432517262,4,10,0,10,10,0,10,0,0,0,10.0,0.0,10.0,10.0,0.0,10.0,0.0,0.0,0.0,1.0,0.0,1.0,0.0,4,0,10,33.0,0.0,30.0,63,1,224,0.0,0.00019835366458395318,0.0,0.0,0.4909090909090909,0.44,0.0,0.0,0.45555555555555555,0.0,0.45555555555555555,0.7555555555555555,0.0,0.0006634471524691965,0.0,0.0006548788474132283,6.908638784586252e-5,0.0,2.203055378163701e-6,0.006248140434394526,9.917683229197659e-5
1486888624237579979,4,5,0,5,5,0,5,0,0,0,5.0,0.0,5.0,5.0,0.0,5.0,0.0,0.0,0.0,1.0,0.0,1.0,0.0,3,0,5,13.0,0.0,9.0,51,1,161,0.0,9.917683229197659e-5,0.0,0.0,0.5,0.4,0.0,0.0,0.5,0.0,0.5,0.9,0.0,0.0006019936046285821,0.0,0.0006548788474132281,3.434478139807684e-5,0.0,1.5834460530551599e-6,0.0050580184468908065,9.917683229197659e-5
1735899029688028514,6,8,0,8,4,0,4,4,0,4,8.0,0.0,8.0,4.0,0.0,4.0,4.0,0.0,4.0,0.5,0.0,0.5,0.0,4,0,7,26.0,0.0,18.0,63,1,168,0.0,0.00015868293166716255,0.0,0.0,0.2638888888888889,0.171875,0.0,0.0,0.19642857142857142,0.0,0.19642857142857142,0.35714285714285715,0.0,0.0007211550726261773,0.0,0.0006548788474132288,0.0,0.00015087124928425677,1.6522915336227754e-6,0.006248140434394526,9.917683229197659e-5
1656256226498972924,4,9,0,9,9,0,9,0,0,0,9.0,0.0,9.0,9.0,0.0,9.0,0.0,0.0,0.0,1.0,0.0,1.0,0.0,4,0,9,31.0,0.0,28.0,58,1,195,0.0,0.00017851829812555786,0.0,0.0,0.4111111111111111,0.345679012345679,0.0,0.0,0.375,0.0,0.375,0.6388888888888888,0.0,0.0006500722752433342,0.0,0.0006548788474132283,6.21062621738444e-5,0.0,1.9178383872407214e-6,0.005752256272934643,9.917683229197659e-5
1612020803832908239,4,3,0,3,3,0,3,0,0,0,3.0,0.0,3.0,3.0,0.0,3.0,0.0,0.0,0.0,1.0,0.0,1.0,0.0,3,0,3,5.0,0.0,4.0,41,1,150,0.0,5.950609937518596e-5,0.0,0.0,0.8333333333333334,0.7777777777777778,0.0,0.0,1.0,0.0,1.0,1.0,0.0,0.0005840843852286453,0.0,0.000654878847413228,2.055931787658949e-5,0.0,1.475260297877478e-6,0.0040662501239710405,9.917683229197659e-5
1788573421970392010,4,10,0,10,10,0,10,0,0,0,10.0,0.0,10.0,10.0,0.0,10.0,0.0,0.0,0.0,1.0,0.0,1.0,0.0,4,0,10,33.0,0.0,30.0,63,1,224,0.0,0.00019835366458395318,0.0,0.0,0.4909090909090909,0.44,0.0,0.0,0.45555555555555555,0.0,0.45555555555555555,0.7555555555555555,0.0,0.0006634471524691965,0.0,0.0006548788474132283,6.908638784586252e-5,0.0,2.203055378163701e-6,0.006248140434394526,9.917683229197659e-5
1560720257381829851,4,6,0,6,6,0,6,0,0,0,6.0,0.0,6.0,6.0,0.0,6.0,0.0,0.0,0.0,1.0,0.0,1.0,0.0,4,0,6,17.0,0.0,14.0,59,1,209,0.0,0.00011901219875037192,0.0,0.0,0.5,0.4166666666666667,0.0,0.0,0.43333333333333335,0.0,0.43333333333333335,0.7333333333333333,0.0,0.0006150678248466213,0.0,0.000654878847413228,4.1261317783036766e-5,0.0,2.055529348375953e-6,0.005851433105226619,9.917683229197659e-5
1394454344341916468,4,10,0,10,10,0,10,0,0,0,10.0,0.0,10.0,10.0,0.0,10.0,0.0,0.0,0.0,1.0,0.0,1.0,0.0,4,0,10,33.0,0.0,30.0,64,1,225,0.0,0.00019835366458395318,0.0,0.0,0.4909090909090909,0.44,0.0,0.0,0.4666666666666667,0.0,0.4666666666666667,0.7555555555555555,0.0,0.0006559412287347814,0.0,0.000654878847413228,6.908638784586252e-5,0.0,2.2128904468162173e-6,0.006347317266686502,9.917683229197659e-5
1300451641790564351,4,3,0,3,3,0,3,0,0,0,3.0,0.0,3.0,3.0,0.0,3.0,0.0,0.0,0.0,1.0,0.0,1.0,0.0,2,0,3,5.0,0.0,4.0,41,1,105,0.0,5.950609937518596e-5,0.0,0.0,0.4166666666666667,0.2222222222222222,0.0,0.0,0.3333333333333333,0.0,0.3333333333333333,0.6666666666666666,0.0,0.0005822097968401729,0.0,0.0006548788474132281,2.055931787658949e-5,0.0,1.0326822085142347e-6,0.0040662501239710405,9.917683229197659e-5
1273223453385689145,4,10,0,10,10,0,10,0,0,0,10.0,0.0,10.0,10.0,0.0,10.0,0.0,0.0,0.0,1.0,0.0,1.0,0.0,4,0,10,33.0,0.0,30.0,64,1,225,0.0,0.00019835366458395318,0.0,0.0,0.4909090909090909,0.44,0.0,0.0,0.4666666666666667,0.0,0.4666666666666667,0.7555555555555555,0.0,0.0006559412287347814,0.0,0.000654878847413228,6.908638784586252e-5,0.0,2.2128904468162173e-6,0.006347317266686502,9.917683229197659e-5
1352924788481330071,4,7,0,7,7,0,7,0,0,0,7.0,0.0,7.0,7.0,0.0,7.0,0.0,0.0,0.0,1.0,0.0,1.0,0.0,4,0,7,17.0,0.0,15.0,61,1,195,0.0,0.00013884756520876723,0.0,0.0,0.375,0.2857142857142857,0.0,0.0,0.30952380952380953,0.0,0.30952380952380953,0.5714285714285714,0.0,0.0006247240306745251,0.0,0.0006548788474132283,4.819373688447204e-5,0.0,1.9178383872407214e-6,0.006049786769810573,9.917683229197659e-5
1216994870913140673,4,10,0,10,10,0,10,0,0,0,10.0,0.0,10.0,10.0,0.0,10.0,0.0,0.0,0.0,1.0,0.0,1.0,0.0,4,0,10,33.0,0.0,30.0,63,1,224,0.0,0.00019835366458395318,0.0,0.0,0.4909090909090909,0.44,0.0,0.0,0.45555555555555555,0.0,0.45555555555555555,0.7555555555555555,0.0,0.0006634471524691965,0.0,0.0006548788474132283,6.908638784586252e-5,0.0,2.203055378163701e-6,0.006248140434394526,9.917683229197659e-5
1552612814974093513,4,3,0,3,3,0,3,0,0,0,3.0,0.0,3.0,3.0,0.0,3.0,0.0,0.0,0.0,1.0,0.0,1.0,0.0,1,0,3,5.0,0.0,4.0,37,1,129,0.0,5.950609937518596e-5,0.0,0.0,0.4166666666666667,0.2222222222222222,0.0,0.0,0.3333333333333333,0.0,0.3333333333333333,0.6666666666666666,0.0,0.0005794235971847085,0.0,0.0006548788474132281,2.055931787658949e-5,0.0,1.2687238561746313e-6,0.003669542794803134,9.917683229197659e-5
1705450741465875631,4,8,0,8,8,0,8,0,0,0,8.0,0.0,8.0,8.0,0.0,8.0,0.0,0.0,0.0,1.0,0.0,1.0,0.0,4,0,8,31.0,0.0,23.0,58,1,202,0.0,0.00015868293166716255,0.0,0.0,0.5416666666666666,0.484375,0.0,0.0,0.5178571428571429,0.0,0.5178571428571429,0.7857142857142857,0.0,0.0006407172447106273,0.0,0.000654878847413228,5.514204843504178e-5,0.0,1.986683867808337e-6,0.005752256272934643,9.917683229197659e-5
1244954334744020106,4,10,0,10,10,0,10,0,0,0,10.0,0.0,10.0,10.0,0.0,10.0,0.0,0.0,0.0,1.0,0.0,1.0,0.0,4,0,10,33.0,0.0,30.0,63,1,224,0.0,0.00019835366458395318,0.0,0.0,0.4909090909090909,0.44,0.0,0.0,0.45555555555555555,0.0,0.45555555555555555,0.7555555555555555,0.0,0.0006634471524691965,0.0,0.0006548788474132283,6.908638784586252e-5,0.0,2.203055378163701e-6,0.006248140434394526,9.917683229197659e-5
1632624614423136476,4,5,0,5,5,0,5,0,0,0,5.0,0.0,5.0,5.0,0.0,5.0,0.0,0.0,0.0,1.0,0.0,1.0,0.0,4,0,5,13.0,0.0,9.0,55,1,205,0.0,9.917683229197659e-5,0.0,0.0,0.5,0.4,0.0,0.0,0.45,0.0,0.45,0.7,0.0,0.0006041597143773648,0.0,0.0006548788474132281,3.434478139807684e-5,0.0,2.0161890737658867e-6,0.005454725776058713,9.917683229197659e-5
1293915539340527629,4,6,0,6,6,0,6,0,0,0,6.0,0.0,6.0,6.0,0.0,6.0,0.0,0.0,0.0,1.0,0.0,1.0,0.0,3,0,6,15.0,0.0,14.0,47,1,143,0.0,0.00011901219875037192,0.0,0.0,0.3333333333333333,0.2222222222222222,0.0,0.0,0.23333333333333334,0.0,0.23333333333333334,0.4666666666666667,0.0,0.0006096132746780153,0.0,0.000654878847413228,4.1261317783036766e-5,0.0,1.4064148173098625e-6,0.0046613111177229,9.917683229197659e-5
1539362753842514355,4,10,0,10,10,0,10,0,0,0,10.0,0.0,10.0,10.0,0.0,10.0,0.0,0.0,0.0,1.0,0.0,1.0,0.0,4,0,10,33.0,0.0,30.0,64,1,225,0.0,0.00019835366458395318,0.0,0.0,0.4909090909090909,0.44,0.0,0.0,0.4666666666666667,0.0,0.4666666666666667,0.7555555555555555,0.0,0.0006559412287347814,0.0,0.000654878847413228,6.908638784586252e-5,0.0,2.2128904468162173e-6,0.006347317266686502,9.917683229197659e-5
1669068068275356176,4,4,0,4,4,0,4,0,0,0,4.0,0.0,4.0,4.0,0.0,4.0,0.0,0.0,0.0,1.0,0.0,1.0,0.0,3,0,4,9.0,0.0,7.0,47,1,133,0.0,7.934146583358127e-5,0.0,0.0,0.4,0.25,0.0,0.0,0.25,0.0,0.25,0.5,0.0,0.0005931179073094295,0.0,0.000654878847413228,2.7444118002706297e-5,0.0,1.3080641307846972e-6,0.0046613111177229,9.917683229197659e-5
1698398809429640860,4,6,0,6,6,0,6,0,0,0,6.0,0.0,6.0,6.0,0.0,6.0,0.0,0.0,0.0,1.0,0.0,1.0,0.0,4,0,6,17.0,0.0,14.0,49,1,195,0.0,0.00011901219875037192,0.0,0.0,0.5,0.4166666666666667,0.0,0.0,0.4666666666666667,0.0,0.4666666666666667,0.7333333333333333,0.0,0.0006090865410518575,0.0,0.000654878847413228,4.1261317783036766e-5,0.0,1.9178383872407214e-6,0.0048596647823068535,9.917683229197659e-5
1581160937438579614,4,10,0,10,10,0,10,0,0,0,10.0,0.0,10.0,10.0,0.0,10.0,0.0,0.0,0.0,1.0,0.0,1.0,0.0,4,0,10,33.0,0.0,30.0,63,1,224,0.0,0.00019835366458395318,0.0,0.0,0.4909090909090909,0.44,0.0,0.0,0.45555555555555555,0.0,0.45555555555555555,0.7555555555555555,0.0,0.0006634471524691965,0.0,0.0006548788474132283,6.908638784586252e-5,0.0,2.203055378163701e-6,0.006248140434394526,9.917683229197659e-5
1306196231055216437,4,5,0,5,5,0,5,0,0,0,5.0,0.0,5.0,5.0,0.0,5.0,0.0,0.0,0.0,1.0,0.0,1.0,0.0,3,0,5,13.0,0.0,9.0,51,1,161,0.0,9.917683229197659e-5,0.0,0.0,0.5,0.4,0.0,0.0,0.5,0.0,0.5,0.9,0.0,0.0006019936046285821,0.0,0.0006548788474132281,3.434478139807684e-5,0.0,1.5834460530551599e-6,0.0050580184468908065,9.917683229197659e-5
1867133671929021037,4,10,0,10,10,0,10,0,0,0,10.0,0.0,10.0,10.0,0.0,10.0,0.0,0.0,0.0,1.0,0.0,1.0,0.0,4,0,10,33.0,0.0,30.0,63,1,224,0.0,0.00019835366458395318,0.0,0.0,0.4909090909090909,0.44,0.0,0.0,0.45555555555555555,0.0,0.45555555555555555,0.7555555555555555,0.0,0.0006634471524691965,0.0,0.0006548788474132283,6.908638784586252e-5,0.0,2.203055378163701e-6,0.006248140434394526,9.917683229197659e-5
1530464231156089452,4,10,0,10,10,0,10,0,0,0,10.0,0.0,10.0,10.0,0.0,10.0,0.0,0.0,0.0,1.0,0.0,1.0,0.0,4,0,10,33.0,0.0,30.0,63,1,224,0.0,0.00019835366458395318,0.0,0.0,0.4909090909090909,0.44,0.0,0.0,0.45555555555555555,0.0,0.45555555555555555,0.7555555555555555,0.0,0.0006634471524691965,0.0,0.0006548788474132283,6.908638784586252e-5,0.0,2.203055378163701e-6,0.006248140434394526,9.917683229197659e-5
1330326504952826007,6,7,0,7,4,0,4,3,0,3,7.0,0.0,7.0,4.0,0.0,4.0,3.0,0.0,3.0,0.5714285714285714,0.0,0.5714285714285714,0.0,4,0,7,17.0,0.0,15.0,67,1,179,0.0,0.00013884756520876723,0.0,0.0,0.25,0.14285714285714285,0.0,0.0,0.14285714285714285,0.0,0.14285714285714285,0.2857142857142857,0.0,0.0007099632822294212,0.0,0.0006548788474132288,0.0,0.0003062306010335192,1.7604772888004573e-6,0.006644847763562432,9.917683229197659e-5
1472105269344341787,4,3,0,3,3,0,3,0,0,0,3.0,0.0,3.0,3.0,0.0,3.0,0.0,0.0,0.0,1.0,0.0,1.0,0.0,2,0,3,5.0,0.0,4.0,41,1,105,0.0,5.950609937518596e-5,0.0,0.0,0.4166666666666667,0.2222222222222222,0.0,0.0,0.3333333333333333,0.0,0.3333333333333333,0.6666666666666666,0.0,0.0005822097968401729,0.0,0.0006548788474132281,2.055931787658949e-5,0.0,1.0326822085142347e-6,0.0040662501239710405,9.917683229197659e-5
1761992871029770109,4,11,0,11,11,0,11,0,0,0,11.0,0.0,11.0,11.0,0.0,11.0,0.0,0.0,0.0,1.0,0.0,1.0,0.0,4,0,11,33.0,0.0,33.0,48,1,246,0.0,0.0002181890310423485,0.0,0.0,0.32575757575757575,0.2644628099173554,0.0,0.0,0.2727272727272727,0.0,0.2727272727272727,0.45454545454545453,0.0,0.0006750723254354361,0.0,0.0006548788474132283,7.608243520240698e-5,0.0,2.419426888519064e-6,0.0047604879500148765,9.917683229197659e-5
1711778318447019054,4,10,0,10,10,0,10,0,0,0,10.0,0.0,10.0,10.0,0.0,10.0,0.0,0.0,0.0,1.0,0.0,1.0,0.0,4,0,10,33.0,0.0,30.0,63,1,224,0.0,0.00019835366458395318,0.0,0.0,0.4909090909090909,0.44,0.0,0.0,0.45555555555555555,0.0,0.45555555555555555,0.7555555555555555,0.0,0.0006634471524691965,0.0,0.0006548788474132283,6.908638784586252e-5,0.0,2.203055378163701e-6,0.006248140434394526,9.917683229197659e-5
1553361346425260417,4,3,0,3,3,0,3,0,0,0,3.0,0.0,3.0,3.0,0.0,3.0,0.0,0.0,0.0,1.0,0.0,1.0,0.0,2,0,3,5.0,0.0,4.0,25,1,124,0.0,5.950609937518596e-5,0.0,0.0,0.6666666666666666,0.5555555555555556,0.0,0.0,0.5,0.0,0.5,1.0,0.0,0.0005654689658693864,0.0,0.000654878847413228,2.055931787658949e-5,0.0,1.2195485129120486e-6,0.002479420807299415,9.917683229197659e-5
1325206624016534572,4,7,0,7,7,0,7,0,0,0,7.0,0.0,7.0,7.0,0.0,7.0,0.0,0.0,0.0,1.0,0.0,1.0,0.0,4,0,7,31.0,0.0,15.0,40,1,194,0.0,0.00013884756520876723,0.0,0.0,0.48214285714285715,0.40816326530612246,0.0,0.0,0.42857142857142855,0.0,0.42857142857142855,0.6666666666666666,0.0,0.0006046505892345744,0.0,0.0006548788474132281,4.819373688447204e-5,0.0,1.908003318588205e-6,0.0039670732916790635,9.917683229197659e-5
1804329351404063059,4,4,0,4,4,0,4,0,0,0,4.0,0.0,4.0,4.0,0.0,4.0,0.0,0.0,0.0,1.0,0.0,1.0,0.0,2,0,4,9.0,0.0,7.0,26,1,181,0.0,7.934146583358127e-5,0.0,0.0,0.45,0.3125,0.0,0.0,0.25,0.0,0.25,0.5,0.0,0.0005725212362909357,0.0,0.000654878847413228,2.7444118002706297e-5,0.0,1.7801474261054903e-6,0.0025785976395913913,9.917683229197659e-5
1872577102331512763,4,6,0,6,6,0,6,0,0,0,6.0,0.0,6.0,6.0,0.0,6.0,0.0,0.0,0.0,1.0,0.0,1.0,0.0,4,0,6,17.0,0.0,14.0,42,1,191,0.0,0.00011901219875037192,0.0,0.0,0.38095238095238093,0.2777777777777778,0.0,0.0,0.26666666666666666,0.0,0.26666666666666666,0.5333333333333333,0.0,0.0005968213143518886,0.0,0.0006548788474132281,4.1261317783036766e-5,0.0,1.8784981126306554e-6,0.0041654269562630165,9.917683229197659e-5
1550462175254938319,4,7,0,7,7,0,7,0,0,0,7.0,0.0,7.0,7.0,0.0,7.0,0.0,0.0,0.0,1.0,0.0,1.0,0.0,4,0,7,16.0,0.0,15.0,59,1,233,0.0,0.00013884756520876723,0.0,0.0,0.25,0.14285714285714285,0.0,0.0,0.11904761904761904,0.0,0.11904761904761904,0.19047619047619047,0.0,0.0006955074560606142,0.0,0.0006548788474132284,4.819373688447204e-5,0.0,2.291570996036349e-6,0.005851433105226619,9.917683229197659e-5
1299677806078197761,4,6,0,6,6,0,6,0,0,0,6.0,0.0,6.0,6.0,0.0,6.0,0.0,0.0,0.0,1.0,0.0,1.0,0.0,4,0,6,17.0,0.0,14.0,37,1,191,0.0,0.00011901219875037192,0.0,0.0,0.42857142857142855,0.3333333333333333,0.0,0.0,0.3333333333333333,0.0,0.3333333333333333,0.6,0.0,0.0005943357717042471,0.0,0.000654878847413228,4.1261317783036766e-5,0.0,1.8784981126306554e-6,0.003669542794803134,9.917683229197659e-5
1332369888265637476,4,7,0,7,7,0,7,0,0,0,7.0,0.0,7.0,7.0,0.0,7.0,0.0,0.0,0.0,1.0,0.0,1.0,0.0,4,0,7,17.0,0.0,15.0,44,1,188,0.0,0.00013884756520876723,0.0,0.0,0.44642857142857145,0.3673469387755102,0.0,0.0,0.35714285714285715,0.0,0.35714285714285715,0.6190476190476191,0.0,0.0006120402644162608,0.0,0.0006548788474132281,4.819373688447204e-5,0.0,1.8489929066731058e-6,0.0043637806208469705,9.917683229197659e-5
1526860991218844188,4,3,0,3,3,0,3,0,0,0,3.0,0.0,3.0,3.0,0.0,3.0,0.0,0.0,0.0,1.0,0.0,1.0,0.0,2,0,3,5.0,0.0,4.0,25,1,124,0.0,5.950609937518596e-5,0.0,0.0,0.6666666666666666,0.5555555555555556,0.0,0.0,0.5,0.0,0.5,1.0,0.0,0.0005654689658693864,0.0,0.000654878847413228,2.055931787658949e-5,0.0,1.2195485129120486e-6,0.002479420807299415,9.917683229197659e-5
1762169129298560113,4,6,0,6,6,0,6,0,0,0,6.0,0.0,6.0,6.0,0.0,6.0,0.0,0.0,0.0,1.0,0.0,1.0,0.0,4,0,6,15.0,0.0,14.0,40,1,171,0.0,0.00011901219875037192,0.0,0.0,0.5,0.4166666666666667,0.0,0.0,0.43333333333333335,0.0,0.43333333333333335,0.7333333333333333,0.0,0.0005994248851764558,0.0,0.000654878847413228,4.1261317783036766e-5,0.0,1.681796739580325e-6,0.0039670732916790635,9.917683229197659e-5
1484304122357222256,4,3,0,3,3,0,3,0,0,0,3.0,0.0,3.0,3.0,0.0,3.0,0.0,0.0,0.0,1.0,0.0,1.0,0.0,2,0,3,5.0,0.0,4.0,25,1,124,0.0,5.950609937518596e-5,0.0,0.0,0.6666666666666666,0.5555555555555556,0.0,0.0,0.5,0.0,0.5,1.0,0.0,0.0005654689658693864,0.0,0.000654878847413228,2.055931787658949e-5,0.0,1.2195485129120486e-6,0.002479420807299415,9.917683229197659e-5
1800842059284745732,4,6,0,6,6,0,6,0,0,0,6.0,0.0,6.0,6.0,0.0,6.0,0.0,0.0,0.0,1.0,0.0,1.0,0.0,3,0,6,15.0,0.0,14.0,33,1,153,0.0,0.00011901219875037192,0.0,0.0,0.4523809523809524,0.3611111111111111,0.0,0.0,0.36666666666666664,0.0,0.36666666666666664,0.6666666666666666,0.0,0.0005947453212414832,0.0,0.000654878847413228,4.1261317783036766e-5,0.0,1.5047655038350276e-6,0.0032728354656352274,9.917683229197659e-5
1548047836518548864,4,6,0,6,6,0,6,0,0,0,6.0,0.0,6.0,6.0,0.0,6.0,0.0,0.0,0.0,1.0,0.0,1.0,0.0,4,0,6,17.0,0.0,14.0,45,1,177,0.0,0.00011901219875037192,0.0,0.0,0.5476190476190477,0.4722222222222222,0.0,0.0,0.5,0.0,0.5,0.8,0.0,0.0006079853969283648,0.0,0.0006548788474132281,4.1261317783036766e-5,0.0,1.7408071514954242e-6,0.0044629574531389465,9.917683229197659e-5
1846934612257800319,4,4,0,4,4,0,4,0,0,0,4.0,0.0,4.0,4.0,0.0,4.0,0.0,0.0,0.0,1.0,0.0,1.0,0.0,3,0,4,9.0,0.0,7.0,27,1,139,0.0,7.934146583358127e-5,0.0,0.0,0.65,0.5625,0.0,0.0,0.5833333333333334,0.0,0.5833333333333334,1.0,0.0,0.0005767459852031692,0.0,0.000654878847413228,2.7444118002706297e-5,0.0,1.3670745426997964e-6,0.002677774471883368,9.917683229197659e-5
1300569930072064565,4,7,0,7,7,0,7,0,0,0,7.0,0.0,7.0,7.0,0.0,7.0,0.0,0.0,0.0,1.0,0.0,1.0,0.0,4,0,7,30.0,0.0,15.0,45,1,204,0.0,0.00013884756520876723,0.0,0.0,0.5,0.42857142857142855,0.0,0.0,0.42857142857142855,0.0,0.42857142857142855,0.7142857142857143,0.0,0.0006175445038248239,0.0,0.0006548788474132281,4.819373688447204e-5,0.0,2.00635400511337e-6,0.0044629574531389465,9.917683229197659e-5
1674884693322892726,4,8,0,8,8,0,8,0,0,0,8.0,0.0,8.0,8.0,0.0,8.0,0.0,0.0,0.0,1.0,0.0,1.0,0.0,4,0,8,17.0,0.0,23.0,45,1,235,0.0,0.00015868293166716255,0.0,0.0,0.3611111111111111,0.28125,0.0,0.0,0.2857142857142857,0.0,0.2857142857142857,0.5,0.0,0.0006175498029577558,0.0,0.0006548788474132281,5.514204843504178e-5,0.0,2.3112411333413823e-6,0.0044629574531389465,9.917683229197659e-5
1447633557810841005,4,3,0,3,3,0,3,0,0,0,3.0,0.0,3.0,3.0,0.0,3.0,0.0,0.0,0.0,1.0,0.0,1.0,0.0,2,0,3,5.0,0.0,4.0,25,1,124,0.0,5.950609937518596e-5,0.0,0.0,0.6666666666666666,0.5555555555555556,0.0,0.0,0.5,0.0,0.5,1.0,0.0,0.0005654689658693864,0.0,0.000654878847413228,2.055931787658949e-5,0.0,1.2195485129120486e-6,0.002479420807299415,9.917683229197659e-5
1538000629610319141,4,5,0,5,5,0,5,0,0,0,5.0,0.0,5.0,5.0,0.0,5.0,0.0,0.0,0.0,1.0,0.0,1.0,0.0,3,0,5,13.0,0.0,9.0,43,1,183,0.0,9.917683229197659e-5,0.0,0.0,0.36666666666666664,0.24,0.0,0.0,0.25,0.0,0.25,0.5,0.0,0.0005862143791778292,0.0,0.000654878847413228,3.434478139807684e-5,0.0,1.7998175634105232e-6,0.0042646037885549935,9.917683229197659e-5
1712697470795907113,4,5,0,5,5,0,5,0,0,0,5.0,0.0,5.0,5.0,0.0,5.0,0.0,0.0,0.0,1.0,0.0,1.0,0.0,3,0,5,13.0,0.0,9.0,33,1,151,0.0,9.917683229197659e-5,0.0,0.0,0.5333333333333333,0.44,0.0,0.0,0.45,0.0,0.45,0.8,0.0,0.0005866245249984872,0.0,0.000654878847413228,3.434478139807684e-5,0.0,1.4850953665299946e-6,0.0032728354656352274,9.917683229197659e-5
1484940292250403945,4,3,0,3,3,0,3,0,0,0,3.0,0.0,3.0,3.0,0.0,3.0,0.0,0.0,0.0,1.0,0.0,1.0,0.0,2,0,3,5.0,0.0,4.0,25,1,124,0.0,5.950609937518596e-5,0.0,0.0,0.6666666666666666,0.5555555555555556,0.0,0.0,0.5,0.0,0.5,1.0,0.0,0.0005654689658693864,0.0,0.000654878847413228,2.055931787658949e-5,0.0,1.2195485129120486e-6,0.002479420807299415,9.917683229197659e-5
1846402005715649051,4,8,0,8,8,0,8,0,0,0,8.0,0.0,8.0,8.0,0.0,8.0,0.0,0.0,0.0,1.0,0.0,1.0,0.0,4,0,8,17.0,0.0,23.0,41,1,242,0.0,0.00015868293166716255,0.0,0.0,0.375,0.296875,0.0,0.0,0.30357142857142855,0.0,0.30357142857142855,0.4642857142857143,0.0,0.0006137820293243781,0.0,0.0006548788474132281,5.514204843504178e-5,0.0,2.380086613908998e-6,0.0040662501239710405,9.917683229197659e-5
1611127059214501105,3,1,0,1,1,0,1,0,0,0,1.0,0.0,1.0,1.0,0.0,1.0,0.0,0.0,0.0,1.0,0.0,1.0,0.0,1,0,1,1.0,0.0,1.0,8,1,26,0.0,1.983536645839532e-5,0.0,0.0,0.5,0.0,0.0,0.0,0.0,0.0,0.0,0.0,0.0,0.0005678898053404288,0.0,0.0006548788474132292,8.015509431968937e-6,0.0,2.5571178496542954e-7,0.0007934146583358127,9.917683229197659e-5
1575385458098046333,3,3,0,3,3,0,3,0,0,0,3.0,0.0,3.0,3.0,0.0,3.0,0.0,0.0,0.0,1.0,0.0,1.0,0.0,1,0,3,5.0,0.0,4.0,23,1,99,0.0,5.950609937518596e-5,0.0,0.0,0.5,0.3333333333333333,0.0,0.0,0.3333333333333333,0.0,0.3333333333333333,0.6666666666666666,0.0,0.0005866279647908091,0.0,0.0006548788474132286,2.4095554393421814e-5,0.0,9.736717965991355e-7,0.0022810671427154617,9.917683229197659e-5
1359617177459624450,3,1,0,1,1,0,1,0,0,0,1.0,0.0,1.0,1.0,0.0,1.0,0.0,0.0,0.0,1.0,0.0,1.0,0.0,1,0,1,1.0,0.0,1.0,23,1,50,0.0,1.983536645839532e-5,0.0,0.0,1.0,1.0,0.0,0.0,0.0,0.0,0.0,0.0,0.0,0.0005696401369743795,0.0,0.0006548788474132292,8.015509431968937e-6,0.0,4.91753432625826e-7,0.0022810671427154617,9.917683229197659e-5
1477411296574964237,3,8,0,8,8,0,8,0,0,0,8.0,0.0,8.0,8.0,0.0,8.0,0.0,0.0,0.0,1.0,0.0,1.0,0.0,4,0,8,26.0,0.0,23.0,49,1,236,0.0,0.00015868293166716255,0.0,0.0,0.3333333333333333,0.25,0.0,0.0,0.23214285714285715,0.0,0.23214285714285715,0.42857142857142855,0.0,0.0006973139261713164,0.0,0.000654878847413229,6.458211691429128e-5,0.0,2.3210762019938988e-6,0.0048596647823068535,9.917683229197659e-5
1719494257787537513,4,5,0,5,4,0,4,1,0,1,5.0,0.0,5.0,4.0,0.0,4.0,1.0,0.0,1.0,0.8,0.0,0.8,0.0,2,0,5,8.0,0.0,9.0,27,1,310,0.0,9.917683229197659e-5,0.0,0.0,0.3333333333333333,0.2,0.0,0.0,0.2,0.0,0.2,0.3,0.0,0.0005791724180682524,0.0,0.0006548788474132286,0.0,6.39551175246611e-5,3.0488712822801214e-6,0.002677774471883368,9.917683229197659e-5
1454866234020465964,4,5,0,5,4,0,4,1,0,1,5.0,0.0,5.0,4.0,0.0,4.0,1.0,0.0,1.0,0.8,0.0,0.8,0.0,2,0,5,8.0,0.0,9.0,27,1,310,0.0,9.917683229197659e-5,0.0,0.0,0.3333333333333333,0.2,0.0,0.0,0.2,0.0,0.2,0.3,0.0,0.0005791724180682524,0.0,0.0006548788474132286,0.0,6.39551175246611e-5,3.0488712822801214e-6,0.002677774471883368,9.917683229197659e-5
1322828221254732660,4,5,0,5,4,0,4,1,0,1,5.0,0.0,5.0,4.0,0.0,4.0,1.0,0.0,1.0,0.8,0.0,0.8,0.0,2,0,5,8.0,0.0,9.0,27,1,310,0.0,9.917683229197659e-5,0.0,0.0,0.3333333333333333,0.2,0.0,0.0,0.2,0.0,0.2,0.3,0.0,0.0005791724180682524,0.0,0.0006548788474132286,0.0,6.39551175246611e-5,3.0488712822801214e-6,0.002677774471883368,9.917683229197659e-5
1257094017665992926,4,5,0,5,4,0,4,1,0,1,5.0,0.0,5.0,4.0,0.0,4.0,1.0,0.0,1.0,0.8,0.0,0.8,0.0,2,0,5,8.0,0.0,9.0,27,1,310,0.0,9.917683229197659e-5,0.0,0.0,0.3333333333333333,0.2,0.0,0.0,0.2,0.0,0.2,0.3,0.0,0.0005791724180682524,0.0,0.0006548788474132286,0.0,6.39551175246611e-5,3.0488712822801214e-6,0.002677774471883368,9.917683229197659e-5
1575833936343338991,4,5,0,5,5,0,5,0,0,0,5.0,0.0,5.0,5.0,0.0,5.0,0.0,0.0,0.0,1.0,0.0,1.0,0.0,3,0,5,13.0,0.0,9.0,27,1,210,0.0,9.917683229197659e-5,0.0,0.0,0.3333333333333333,0.2,0.0,0.0,0.2,0.0,0.2,0.3,0.0,0.0005830005907117573,0.0,0.0006548788474132281,3.434478139807684e-5,0.0,2.0653644170284694e-6,0.002677774471883368,9.917683229197659e-5
1364890379647714194,3,4,0,4,2,0,2,2,0,2,4.0,0.0,4.0,2.0,0.0,2.0,2.0,0.0,2.0,0.5,0.0,0.5,0.0,2,0,4,9.0,0.0,7.0,25,1,102,0.0,7.934146583358127e-5,0.0,0.0,0.25,0.0625,0.0,0.0,0.08333333333333333,0.0,0.08333333333333333,0.16666666666666666,0.0,0.0006410293805613619,0.0,0.000654878847413229,0.0,0.00018559252427918782,1.003177002556685e-6,0.002479420807299415,9.917683229197659e-5
1348438937797921037,4,2,0,2,1,0,1,1,0,1,2.0,0.0,2.0,1.0,0.0,1.0,1.0,0.0,1.0,0.5,0.0,0.5,0.0,2,0,2,3.0,0.0,2.0,26,1,92,0.0,3.967073291679064e-5,0.0,0.0,0.3333333333333333,0.0,0.0,0.0,0.0,0.0,0.0,0.0,0.0,0.0005756461216348269,0.0,0.0006548788474132288,0.0,9.279028214437268e-5,9.048263160315199e-7,0.0025785976395913913,9.917683229197659e-5
1661718968391436839,4,5,0,5,4,0,4,1,0,1,5.0,0.0,5.0,4.0,0.0,4.0,1.0,0.0,1.0,0.8,0.0,0.8,0.0,4,0,5,11.0,0.0,9.0,53,1,353,0.0,9.917683229197659e-5,0.0,0.0,0.4,0.28,0.0,0.0,0.3,0.0,0.3,0.6,0.0,0.0005982997801698443,0.0,0.0006548788474132288,0.0,6.39551175246611e-5,3.471779234338332e-6,0.00525637211147476,9.917683229197659e-5
1404955128124934821,4,5,0,5,4,0,4,1,0,1,5.0,0.0,5.0,4.0,0.0,4.0,1.0,0.0,1.0,0.8,0.0,0.8,0.0,4,0,5,11.0,0.0,9.0,53,1,353,0.0,9.917683229197659e-5,0.0,0.0,0.4,0.28,0.0,0.0,0.3,0.0,0.3,0.6,0.0,0.0005982997801698443,0.0,0.0006548788474132288,0.0,6.39551175246611e-5,3.471779234338332e-6,0.00525637211147476,9.917683229197659e-5
1268347510158528265,3,8,0,8,2,0,2,6,0,6,8.0,0.0,8.0,2.0,0.0,2.0,6.0,0.0,6.0,0.25,0.0,0.25,0.0,4,0,8,18.0,0.0,23.0,47,1,243,0.0,0.00015868293166716255,0.0,0.0,0.19444444444444445,0.09375,0.0,0.0,0.08928571428571429,0.0,0.08928571428571429,0.17857142857142858,0.0,0.0007328865054034319,0.0,0.0006548788474132288,0.0,0.0004602014440157065,2.3899216825615145e-6,0.0046613111177229,9.917683229197659e-5
1394885466431424634,4,5,0,5,4,0,4,1,0,1,5.0,0.0,5.0,4.0,0.0,4.0,1.0,0.0,1.0,0.8,0.0,0.8,0.0,2,0,5,8.0,0.0,9.0,29,1,308,0.0,9.917683229197659e-5,0.0,0.0,0.43333333333333335,0.32,0.0,0.0,0.35,0.0,0.35,0.5,0.0,0.0005731226035420752,0.0,0.0006548788474132285,0.0,6.39551175246611e-5,3.0292011449750883e-6,0.0028761281364673213,9.917683229197659e-5
1804626842989103747,4,5,0,5,4,0,4,1,0,1,5.0,0.0,5.0,4.0,0.0,4.0,1.0,0.0,1.0,0.8,0.0,0.8,0.0,2,0,5,8.0,0.0,9.0,29,1,308,0.0,9.917683229197659e-5,0.0,0.0,0.43333333333333335,0.32,0.0,0.0,0.35,0.0,0.35,0.5,0.0,0.0005731226035420752,0.0,0.0006548788474132285,0.0,6.39551175246611e-5,3.0292011449750883e-6,0.0028761281364673213,9.917683229197659e-5
1612323159799760955,4,5,0,5,4,0,4,1,0,1,5.0,0.0,5.0,4.0,0.0,4.0,1.0,0.0,1.0,0.8,0.0,0.8,0.0,2,0,5,8.0,0.0,9.0,29,1,308,0.0,9.917683229197659e-5,0.0,0.0,0.43333333333333335,0.32,0.0,0.0,0.35,0.0,0.35,0.5,0.0,0.0005731226035420752,0.0,0.0006548788474132285,0.0,6.39551175246611e-5,3.0292011449750883e-6,0.0028761281364673213,9.917683229197659e-5
1603883443047891028,4,5,0,5,4,0,4,1,0,1,5.0,0.0,5.0,4.0,0.0,4.0,1.0,0.0,1.0,0.8,0.0,0.8,0.0,2,0,5,8.0,0.0,9.0,29,1,308,0.0,9.917683229197659e-5,0.0,0.0,0.43333333333333335,0.32,0.0,0.0,0.35,0.0,0.35,0.5,0.0,0.0005731226035420752,0.0,0.0006548788474132285,0.0,6.39551175246611e-5,3.0292011449750883e-6,0.0028761281364673213,9.917683229197659e-5
1566113743228636064,4,5,0,5,4,0,4,1,0,1,5.0,0.0,5.0,4.0,0.0,4.0,1.0,0.0,1.0,0.8,0.0,0.8,0.0,2,0,5,8.0,0.0,9.0,29,1,308,0.0,9.917683229197659e-5,0.0,0.0,0.43333333333333335,0.32,0.0,0.0,0.35,0.0,0.35,0.5,0.0,0.0005731226035420752,0.0,0.0006548788474132285,0.0,6.39551175246611e-5,3.0292011449750883e-6,0.0028761281364673213,9.917683229197659e-5
1730966067192270003,4,5,0,5,4,0,4,1,0,1,5.0,0.0,5.0,4.0,0.0,4.0,1.0,0.0,1.0,0.8,0.0,0.8,0.0,2,0,5,8.0,0.0,9.0,29,1,308,0.0,9.917683229197659e-5,0.0,0.0,0.43333333333333335,0.32,0.0,0.0,0.35,0.0,0.35,0.5,0.0,0.0005731226035420752,0.0,0.0006548788474132285,0.0,6.39551175246611e-5,3.0292011449750883e-6,0.0028761281364673213,9.917683229197659e-5
1550544546159397720,4,5,0,5,4,0,4,1,0,1,5.0,0.0,5.0,4.0,0.0,4.0,1.0,0.0,1.0,0.8,0.0,0.8,0.0,2,0,5,8.0,0.0,9.0,29,1,308,0.0,9.917683229197659e-5,0.0,0.0,0.43333333333333335,0.32,0.0,0.0,0.35,0.0,0.35,0.5,0.0,0.0005731226035420752,0.0,0.0006548788474132285,0.0,6.39551175246611e-5,3.0292011449750883e-6,0.0028761281364673213,9.917683229197659e-5
1276075719587270166,4,5,0,5,4,0,4,1,0,1,5.0,0.0,5.0,4.0,0.0,4.0,1.0,0.0,1.0,0.8,0.0,0.8,0.0,2,0,5,8.0,0.0,9.0,29,1,308,0.0,9.917683229197659e-5,0.0,0.0,0.43333333333333335,0.32,0.0,0.0,0.35,0.0,0.35,0.5,0.0,0.0005731226035420752,0.0,0.0006548788474132285,0.0,6.39551175246611e-5,3.0292011449750883e-6,0.0028761281364673213,9.917683229197659e-5
1771204295786498742,4,5,0,5,4,0,4,1,0,1,5.0,0.0,5.0,4.0,0.0,4.0,1.0,0.0,1.0,0.8,0.0,0.8,0.0,2,0,5,8.0,0.0,9.0,29,1,308,0.0,9.917683229197659e-5,0.0,0.0,0.43333333333333335,0.32,0.0,0.0,0.35,0.0,0.35,0.5,0.0,0.0005731226035420752,0.0,0.0006548788474132285,0.0,6.39551175246611e-5,3.0292011449750883e-6,0.0028761281364673213,9.917683229197659e-5
1359457062236457549,4,5,0,5,4,0,4,1,0,1,5.0,0.0,5.0,4.0,0.0,4.0,1.0,0.0,1.0,0.8,0.0,0.8,0.0,2,0,5,8.0,0.0,9.0,29,1,308,0.0,9.917683229197659e-5,0.0,0.0,0.43333333333333335,0.32,0.0,0.0,0.35,0.0,0.35,0.5,0.0,0.0005731226035420752,0.0,0.0006548788474132285,0.0,6.39551175246611e-5,3.0292011449750883e-6,0.0028761281364673213,9.917683229197659e-5
1588319860750812996,4,5,0,5,4,0,4,1,0,1,5.0,0.0,5.0,4.0,0.0,4.0,1.0,0.0,1.0,0.8,0.0,0.8,0.0,2,0,5,8.0,0.0,9.0,29,1,308,0.0,9.917683229197659e-5,0.0,0.0,0.43333333333333335,0.32,0.0,0.0,0.35,0.0,0.35,0.5,0.0,0.0005731226035420752,0.0,0.0006548788474132285,0.0,6.39551175246611e-5,3.0292011449750883e-6,0.0028761281364673213,9.917683229197659e-5
1421313323055448393,4,5,0,5,4,0,4,1,0,1,5.0,0.0,5.0,4.0,0.0,4.0,1.0,0.0,1.0,0.8,0.0,0.8,0.0,2,0,5,8.0,0.0,9.0,29,1,308,0.0,9.917683229197659e-5,0.0,0.0,0.43333333333333335,0.32,0.0,0.0,0.35,0.0,0.35,0.5,0.0,0.0005731226035420752,0.0,0.0006548788474132285,0.0,6.39551175246611e-5,3.0292011449750883e-6,0.0028761281364673213,9.917683229197659e-5
1623348601834963957,4,5,0,5,4,0,4,1,0,1,5.0,0.0,5.0,4.0,0.0,4.0,1.0,0.0,1.0,0.8,0.0,0.8,0.0,2,0,5,8.0,0.0,9.0,29,1,308,0.0,9.917683229197659e-5,0.0,0.0,0.43333333333333335,0.32,0.0,0.0,0.35,0.0,0.35,0.5,0.0,0.0005731226035420752,0.0,0.0006548788474132285,0.0,6.39551175246611e-5,3.0292011449750883e-6,0.0028761281364673213,9.917683229197659e-5
1227073937905552724,4,5,0,5,4,0,4,1,0,1,5.0,0.0,5.0,4.0,0.0,4.0,1.0,0.0,1.0,0.8,0.0,0.8,0.0,2,0,5,8.0,0.0,9.0,29,1,308,0.0,9.917683229197659e-5,0.0,0.0,0.43333333333333335,0.32,0.0,0.0,0.35,0.0,0.35,0.5,0.0,0.0005731226035420752,0.0,0.0006548788474132285,0.0,6.39551175246611e-5,3.0292011449750883e-6,0.0028761281364673213,9.917683229197659e-5
1574390334593435481,3,2,0,2,1,0,1,1,0,1,2.0,0.0,2.0,1.0,0.0,1.0,1.0,0.0,1.0,0.5,0.0,0.5,0.0,2,0,2,3.0,0.0,2.0,29,1,257,0.0,3.967073291679064e-5,0.0,0.0,0.6666666666666666,0.5,0.0,0.0,0.0,0.0,0.0,0.0,0.0,0.0005596788345362347,0.0,0.0006548788474132297,0.0,8.278307770048787e-5,2.527612643696746e-6,0.0028761281364673213,9.917683229197659e-5
1685947429863558348,3,2,0,2,1,0,1,1,0,1,2.0,0.0,2.0,1.0,0.0,1.0,1.0,0.0,1.0,0.5,0.0,0.5,0.0,2,0,2,3.0,0.0,2.0,29,1,257,0.0,3.967073291679064e-5,0.0,0.0,0.6666666666666666,0.5,0.0,0.0,0.0,0.0,0.0,0.0,0.0,0.0005596788345362347,0.0,0.0006548788474132297,0.0,8.278307770048787e-5,2.527612643696746e-6,0.0028761281364673213,9.917683229197659e-5
1432752048666836998,3,2,0,2,1,0,1,1,0,1,2.0,0.0,2.0,1.0,0.0,1.0,1.0,0.0,1.0,0.5,0.0,0.5,0.0,2,0,2,3.0,0.0,2.0,29,1,257,0.0,3.967073291679064e-5,0.0,0.0,0.6666666666666666,0.5,0.0,0.0,0.0,0.0,0.0,0.0,0.0,0.0005596788345362347,0.0,0.0006548788474132297,0.0,8.278307770048787e-5,2.527612643696746e-6,0.0028761281364673213,9.917683229197659e-5
1307759794983012288,3,4,0,4,3,0,3,1,0,1,4.0,0.0,4.0,3.0,0.0,3.0,1.0,0.0,1.0,0.75,0.0,0.75,0.0,2,0,4,9.0,0.0,7.0,30,1,304,0.0,7.934146583358127e-5,0.0,0.0,0.25,0.0625,0.0,0.0,0.0,0.0,0.0,0.0,0.0,0.0005964005689852959,0.0,0.0006548788474132292,0.0,6.670971188149633e-5,2.989860870365022e-6,0.002975304968759298,9.917683229197659e-5
1338766193204399781,3,3,0,3,2,0,2,1,0,1,3.0,0.0,3.0,2.0,0.0,2.0,1.0,0.0,1.0,0.6666666666666666,0.0,0.6666666666666666,0.0,1,0,3,5.0,0.0,4.0,20,1,266,0.0,5.950609937518596e-5,0.0,0.0,0.5,0.3333333333333333,0.0,0.0,0.3333333333333333,0.0,0.3333333333333333,0.6666666666666666,0.0,0.0005573426687599801,0.0,0.0006548788474132288,0.0,7.475457101413507e-5,2.6161282615693943e-6,0.0019835366458395317,9.917683229197659e-5
1766584659690392735,3,2,0,2,1,0,1,1,0,1,2.0,0.0,2.0,1.0,0.0,1.0,1.0,0.0,1.0,0.5,0.0,0.5,0.0,2,0,2,3.0,0.0,2.0,29,1,257,0.0,3.967073291679064e-5,0.0,0.0,0.6666666666666666,0.5,0.0,0.0,0.0,0.0,0.0,0.0,0.0,0.0005596788345362347,0.0,0.0006548788474132297,0.0,8.278307770048787e-5,2.527612643696746e-6,0.0028761281364673213,9.917683229197659e-5
1780590198602597091,3,2,0,2,1,0,1,1,0,1,2.0,0.0,2.0,1.0,0.0,1.0,1.0,0.0,1.0,0.5,0.0,0.5,0.0,2,0,2,3.0,0.0,2.0,29,1,257,0.0,3.967073291679064e-5,0.0,0.0,0.6666666666666666,0.5,0.0,0.0,0.0,0.0,0.0,0.0,0.0,0.0005596788345362347,0.0,0.0006548788474132297,0.0,8.278307770048787e-5,2.527612643696746e-6,0.0028761281364673213,9.917683229197659e-5
1466457950284416513,3,2,0,2,1,0,1,1,0,1,2.0,0.0,2.0,1.0,0.0,1.0,1.0,0.0,1.0,0.5,0.0,0.5,0.0,2,0,2,3.0,0.0,2.0,29,1,257,0.0,3.967073291679064e-5,0.0,0.0,0.6666666666666666,0.5,0.0,0.0,0.0,0.0,0.0,0.0,0.0,0.0005596788345362347,0.0,0.0006548788474132297,0.0,8.278307770048787e-5,2.527612643696746e-6,0.0028761281364673213,9.917683229197659e-5
1715170315018961555,3,2,0,2,1,0,1,1,0,1,2.0,0.0,2.0,1.0,0.0,1.0,1.0,0.0,1.0,0.5,0.0,0.5,0.0,2,0,2,3.0,0.0,2.0,29,1,257,0.0,3.967073291679064e-5,0.0,0.0,0.6666666666666666,0.5,0.0,0.0,0.0,0.0,0.0,0.0,0.0,0.0005596788345362347,0.0,0.0006548788474132297,0.0,8.278307770048787e-5,2.527612643696746e-6,0.0028761281364673213,9.917683229197659e-5
1284874506195700729,3,2,0,2,1,0,1,1,0,1,2.0,0.0,2.0,1.0,0.0,1.0,1.0,0.0,1.0,0.5,0.0,0.5,0.0,2,0,2,3.0,0.0,2.0,29,1,257,0.0,3.967073291679064e-5,0.0,0.0,0.6666666666666666,0.5,0.0,0.0,0.0,0.0,0.0,0.0,0.0,0.0005596788345362347,0.0,0.0006548788474132297,0.0,8.278307770048787e-5,2.527612643696746e-6,0.0028761281364673213,9.917683229197659e-5
1732496756815432906,2,2,0,2,2,0,2,0,0,0,2.0,0.0,2.0,2.0,0.0,2.0,0.0,0.0,0.0,1.0,0.0,1.0,0.0,2,0,2,3.0,0.0,2.0,29,1,263,0.0,3.967073291679064e-5,0.0,0.0,0.8333333333333334,0.75,0.0,0.0,1.0,0.0,1.0,1.0,0.0,0.0005517905819952337,0.0,0.0006548788474132296,4.900521652839718e-5,0.0,2.5866230556118447e-6,0.0028761281364673213,9.917683229197659e-5
1648260346923715062,3,2,0,2,1,0,1,1,0,1,2.0,0.0,2.0,1.0,0.0,1.0,1.0,0.0,1.0,0.5,0.0,0.5,0.0,2,0,2,3.0,0.0,2.0,29,1,257,0.0,3.967073291679064e-5,0.0,0.0,0.6666666666666666,0.5,0.0,0.0,0.0,0.0,0.0,0.0,0.0,0.0005596788345362347,0.0,0.0006548788474132297,0.0,8.278307770048787e-5,2.527612643696746e-6,0.0028761281364673213,9.917683229197659e-5
1697638949482137956,3,2,0,2,1,0,1,1,0,1,2.0,0.0,2.0,1.0,0.0,1.0,1.0,0.0,1.0,0.5,0.0,0.5,0.0,2,0,2,3.0,0.0,2.0,29,1,257,0.0,3.967073291679064e-5,0.0,0.0,0.6666666666666666,0.5,0.0,0.0,0.0,0.0,0.0,0.0,0.0,0.0005596788345362347,0.0,0.0006548788474132297,0.0,8.278307770048787e-5,2.527612643696746e-6,0.0028761281364673213,9.917683229197659e-5
1219905331706988433,3,4,0,4,4,0,4,0,0,0,4.0,0.0,4.0,4.0,0.0,4.0,0.0,0.0,0.0,1.0,0.0,1.0,0.0,3,0,4,9.0,0.0,7.0,31,1,157,0.0,7.934146583358127e-5,0.0,0.0,0.5,0.375,0.0,0.0,0.4166666666666667,0.0,0.4166666666666667,0.6666666666666666,0.0,0.0006148591525780089,0.0,0.0006548788474132293,3.2160109819434624e-5,0.0,1.5441057784450937e-6,0.0030744818010512744,9.917683229197659e-5
1521530276335847426,3,2,0,2,2,0,2,0,0,0,2.0,0.0,2.0,2.0,0.0,2.0,0.0,0.0,0.0,1.0,0.0,1.0,0.0,2,0,2,3.0,0.0,2.0,21,1,108,0.0,3.967073291679064e-5,0.0,0.0,0.5,0.25,0.0,0.0,0.0,0.0,0.0,0.0,0.0,0.0005736912900982585,0.0,0.0006548788474132287,1.6047357581427946e-5,0.0,1.0621874144717843e-6,0.0020827134781315083,9.917683229197659e-5
1518324249402543997,2,1,0,1,1,0,1,0,0,0,1.0,0.0,1.0,1.0,0.0,1.0,0.0,0.0,0.0,1.0,0.0,1.0,0.0,1,0,1,1.0,0.0,1.0,13,1,62,0.0,1.983536645839532e-5,0.0,0.0,0.5,0.0,0.0,0.0,0.0,0.0,0.0,0.0,0.0,0.0005505956010615241,0.0,0.0006548788474132296,2.449091117096014e-5,0.0,6.097742564560243e-7,0.0012892988197956957,9.917683229197659e-5
1431674796424301194,4,1,0,1,1,0,1,0,0,0,1.0,0.0,1.0,1.0,0.0,1.0,0.0,0.0,0.0,1.0,0.0,1.0,0.0,1,0,1,1.0,0.0,1.0,3,1,16,0.0,1.983536645839532e-5,0.0,0.0,0.5,0.0,0.0,0.0,0.0,0.0,0.0,0.0,0.0,0.0005695359257250515,0.0,0.0006548788474132294,6.8372685803064215e-6,0.0,1.5736109844026434e-7,0.0002975304968759298,9.917683229197659e-5
1465075080940749801,4,3,0,3,2,0,2,1,0,1,3.0,0.0,3.0,2.0,0.0,2.0,1.0,0.0,1.0,0.6666666666666666,0.0,0.6666666666666666,0.0,3,0,3,5.0,0.0,4.0,32,1,135,0.0,5.950609937518596e-5,0.0,0.0,0.6666666666666666,0.5555555555555556,0.0,0.0,0.5,0.0,0.5,1.0,0.0,0.0006800394887878352,0.0,0.000654878847413229,0.0,7.947954240516975e-5,1.3277342680897302e-6,0.003173658633343251,9.917683229197659e-5
1620040323826714205,6,3,0,3,1,0,1,2,0,2,3.0,0.0,3.0,1.0,0.0,1.0,2.0,0.0,2.0,0.3333333333333333,0.0,0.3333333333333333,0.0,3,0,3,5.0,0.0,4.0,33,1,172,0.0,5.950609937518596e-5,0.0,0.0,0.3333333333333333,0.1111111111111111,0.0,0.0,0.16666666666666666,0.0,0.16666666666666666,0.3333333333333333,0.0,0.0006129288249296965,0.0,0.0006548788474132288,0.0,0.00010712045309502205,1.6916318082328415e-6,0.0032728354656352274,9.917683229197659e-5
1256382885284284610,3,2,0,2,2,0,2,0,0,0,2.0,0.0,2.0,2.0,0.0,2.0,0.0,0.0,0.0,1.0,0.0,1.0,0.0,2,0,2,3.0,0.0,2.0,35,1,149,0.0,3.967073291679064e-5,0.0,0.0,0.5,0.25,0.0,0.0,0.0,0.0,0.0,0.0,0.0,0.0005757896911856665,0.0,0.0006548788474132293,1.6047357581427946e-5,0.0,1.4654252292249615e-6,0.003471189130219181,9.917683229197659e-5
1254246687166169274,3,1,0,1,1,0,1,0,0,0,1.0,0.0,1.0,1.0,0.0,1.0,0.0,0.0,0.0,1.0,0.0,1.0,0.0,1,0,1,1.0,0.0,1.0,25,1,134,0.0,1.983536645839532e-5,0.0,0.0,1.0,1.0,0.0,0.0,0.0,0.0,0.0,0.0,0.0,0.000544492695724022,0.0,0.0006548788474132293,8.015509431968937e-6,0.0,1.3178991994372137e-6,0.002479420807299415,9.917683229197659e-5
1560089994339550411,4,3,0,3,3,0,3,0,0,0,3.0,0.0,3.0,3.0,0.0,3.0,0.0,0.0,0.0,1.0,0.0,1.0,0.0,3,0,3,5.0,0.0,4.0,45,1,173,0.0,5.950609937518596e-5,0.0,0.0,0.5,0.3333333333333333,0.0,0.0,0.5,0.0,0.5,1.0,0.0,0.0005851859046842768,0.0,0.0006548788474132284,2.055931787658949e-5,0.0,1.701466876885358e-6,0.0044629574531389465,9.917683229197659e-5
1313099520166330569,4,3,0,3,3,0,3,0,0,0,3.0,0.0,3.0,3.0,0.0,3.0,0.0,0.0,0.0,1.0,0.0,1.0,0.0,3,0,3,5.0,0.0,4.0,45,1,173,0.0,5.950609937518596e-5,0.0,0.0,0.5,0.3333333333333333,0.0,0.0,0.5,0.0,0.5,1.0,0.0,0.0005851859046842768,0.0,0.0006548788474132284,2.055931787658949e-5,0.0,1.701466876885358e-6,0.0044629574531389465,9.917683229197659e-5
1715664140636259976,4,3,0,3,3,0,3,0,0,0,3.0,0.0,3.0,3.0,0.0,3.0,0.0,0.0,0.0,1.0,0.0,1.0,0.0,3,0,3,5.0,0.0,4.0,45,1,173,0.0,5.950609937518596e-5,0.0,0.0,0.5,0.3333333333333333,0.0,0.0,0.5,0.0,0.5,1.0,0.0,0.0005851859046842768,0.0,0.0006548788474132284,2.055931787658949e-5,0.0,1.701466876885358e-6,0.0044629574531389465,9.917683229197659e-5
1332904284697661195,4,3,0,3,3,0,3,0,0,0,3.0,0.0,3.0,3.0,0.0,3.0,0.0,0.0,0.0,1.0,0.0,1.0,0.0,3,0,3,5.0,0.0,4.0,45,1,173,0.0,5.950609937518596e-5,0.0,0.0,0.5,0.3333333333333333,0.0,0.0,0.5,0.0,0.5,1.0,0.0,0.0005851859046842768,0.0,0.0006548788474132284,2.055931787658949e-5,0.0,1.701466876885358e-6,0.0044629574531389465,9.917683229197659e-5
1732625383255182301,4,3,0,3,3,0,3,0,0,0,3.0,0.0,3.0,3.0,0.0,3.0,0.0,0.0,0.0,1.0,0.0,1.0,0.0,3,0,3,5.0,0.0,4.0,45,1,173,0.0,5.950609937518596e-5,0.0,0.0,0.5,0.3333333333333333,0.0,0.0,0.5,0.0,0.5,1.0,0.0,0.0005851859046842768,0.0,0.0006548788474132284,2.055931787658949e-5,0.0,1.701466876885358e-6,0.0044629574531389465,9.917683229197659e-5
1580250192307817040,6,3,0,3,2,0,2,1,0,1,3.0,0.0,3.0,2.0,0.0,2.0,1.0,0.0,1.0,0.6666666666666666,0.0,0.6666666666666666,0.0,2,0,3,5.0,0.0,4.0,37,1,92,0.0,5.950609937518596e-5,0.0,0.0,0.5833333333333334,0.4444444444444444,0.0,0.0,0.5,0.0,0.5,1.0,0.0,0.0006292769185502122,0.0,0.0006548788474132293,6.169304756054039e-6,0.0,9.048263160315199e-7,0.003669542794803134,9.917683229197659e-5
1725578784620416230,4,3,0,3,3,0,3,0,0,0,3.0,0.0,3.0,3.0,0.0,3.0,0.0,0.0,0.0,1.0,0.0,1.0,0.0,1,0,3,5.0,0.0,4.0,17,1,127,0.0,5.950609937518596e-5,0.0,0.0,0.3333333333333333,0.1111111111111111,0.0,0.0,0.16666666666666666,0.0,0.16666666666666666,0.3333333333333333,0.0,0.0005631173330947134,0.0,0.0006548788474132281,2.055931787658949e-5,0.0,1.2490537188695982e-6,0.0016860061489636022,9.917683229197659e-5
1823694328577393753,4,3,0,3,3,0,3,0,0,0,3.0,0.0,3.0,3.0,0.0,3.0,0.0,0.0,0.0,1.0,0.0,1.0,0.0,1,0,3,5.0,0.0,4.0,17,1,127,0.0,5.950609937518596e-5,0.0,0.0,0.3333333333333333,0.1111111111111111,0.0,0.0,0.16666666666666666,0.0,0.16666666666666666,0.3333333333333333,0.0,0.0005631173330947134,0.0,0.0006548788474132281,2.055931787658949e-5,0.0,1.2490537188695982e-6,0.0016860061489636022,9.917683229197659e-5
1796182647223880656,4,3,0,3,3,0,3,0,0,0,3.0,0.0,3.0,3.0,0.0,3.0,0.0,0.0,0.0,1.0,0.0,1.0,0.0,1,0,3,5.0,0.0,4.0,17,1,127,0.0,5.950609937518596e-5,0.0,0.0,0.3333333333333333,0.1111111111111111,0.0,0.0,0.16666666666666666,0.0,0.16666666666666666,0.3333333333333333,0.0,0.0005631173330947134,0.0,0.0006548788474132281,2.055931787658949e-5,0.0,1.2490537188695982e-6,0.0016860061489636022,9.917683229197659e-5
1515296566271806352,4,3,0,3,3,0,3,0,0,0,3.0,0.0,3.0,3.0,0.0,3.0,0.0,0.0,0.0,1.0,0.0,1.0,0.0,1,0,3,5.0,0.0,4.0,17,1,127,0.0,5.950609937518596e-5,0.0,0.0,0.3333333333333333,0.1111111111111111,0.0,0.0,0.16666666666666666,0.0,0.16666666666666666,0.3333333333333333,0.0,0.0005631173330947134,0.0,0.0006548788474132281,2.055931787658949e-5,0.0,1.2490537188695982e-6,0.0016860061489636022,9.917683229197659e-5
1770050375554958395,4,3,0,3,3,0,3,0,0,0,3.0,0.0,3.0,3.0,0.0,3.0,0.0,0.0,0.0,1.0,0.0,1.0,0.0,1,0,3,5.0,0.0,4.0,17,1,127,0.0,5.950609937518596e-5,0.0,0.0,0.3333333333333333,0.1111111111111111,0.0,0.0,0.16666666666666666,0.0,0.16666666666666666,0.3333333333333333,0.0,0.0005631173330947134,0.0,0.0006548788474132281,2.055931787658949e-5,0.0,1.2490537188695982e-6,0.0016860061489636022,9.917683229197659e-5
1524429037550702374,4,3,0,3,3,0,3,0,0,0,3.0,0.0,3.0,3.0,0.0,3.0,0.0,0.0,0.0,1.0,0.0,1.0,0.0,1,0,3,5.0,0.0,4.0,17,1,127,0.0,5.950609937518596e-5,0.0,0.0,0.3333333333333333,0.1111111111111111,0.0,0.0,0.16666666666666666,0.0,0.16666666666666666,0.3333333333333333,0.0,0.0005631173330947134,0.0,0.0006548788474132281,2.055931787658949e-5,0.0,1.2490537188695982e-6,0.0016860061489636022,9.917683229197659e-5
1258916981940159584,7,2,0,2,1,0,1,1,0,1,2.0,0.0,2.0,1.0,0.0,1.0,1.0,0.0,1.0,0.5,0.0,0.5,0.0,2,0,2,3.0,0.0,2.0,23,1,120,0.0,3.967073291679064e-5,0.0,0.0,0.3333333333333333,0.0,0.0,0.0,0.0,0.0,0.0,0.0,0.0,0.0005707405758532553,0.0,0.0006548788474132281,0.0,4.482661014659772e-5,1.1802082383019825e-6,0.0022810671427154617,9.917683229197659e-5
1440005074796413696,7,2,0,2,1,0,1,1,0,1,2.0,0.0,2.0,1.0,0.0,1.0,1.0,0.0,1.0,0.5,0.0,0.5,0.0,2,0,2,3.0,0.0,2.0,23,1,120,0.0,3.967073291679064e-5,0.0,0.0,0.3333333333333333,0.0,0.0,0.0,0.0,0.0,0.0,0.0,0.0,0.0005707405758532553,0.0,0.0006548788474132281,0.0,4.482661014659772e-5,1.1802082383019825e-6,0.0022810671427154617,9.917683229197659e-5
1683562917754046189,7,2,0,2,1,0,1,1,0,1,2.0,0.0,2.0,1.0,0.0,1.0,1.0,0.0,1.0,0.5,0.0,0.5,0.0,2,0,2,3.0,0.0,2.0,23,1,120,0.0,3.967073291679064e-5,0.0,0.0,0.3333333333333333,0.0,0.0,0.0,0.0,0.0,0.0,0.0,0.0,0.0005707405758532553,0.0,0.0006548788474132281,0.0,4.482661014659772e-5,1.1802082383019825e-6,0.0022810671427154617,9.917683229197659e-5
1400928252620440727,7,2,0,2,1,0,1,1,0,1,2.0,0.0,2.0,1.0,0.0,1.0,1.0,0.0,1.0,0.5,0.0,0.5,0.0,2,0,2,3.0,0.0,2.0,23,1,120,0.0,3.967073291679064e-5,0.0,0.0,0.3333333333333333,0.0,0.0,0.0,0.0,0.0,0.0,0.0,0.0,0.0005707405758532553,0.0,0.0006548788474132281,0.0,4.482661014659772e-5,1.1802082383019825e-6,0.0022810671427154617,9.917683229197659e-5
1525687223788243880,4,6,0,6,6,0,6,0,0,0,6.0,0.0,6.0,6.0,0.0,6.0,0.0,0.0,0.0,1.0,0.0,1.0,0.0,4,0,6,17.0,0.0,14.0,39,1,189,0.0,0.00011901219875037192,0.0,0.0,0.47619047619047616,0.3888888888888889,0.0,0.0,0.4,0.0,0.4,0.7333333333333333,0.0,0.000604762401250517,0.0,0.0006548788474132281,4.1261317783036766e-5,0.0,1.8588279753256224e-6,0.003867896459387087,9.917683229197659e-5
1788720224376195612,7,2,0,2,1,0,1,1,0,1,2.0,0.0,2.0,1.0,0.0,1.0,1.0,0.0,1.0,0.5,0.0,0.5,0.0,2,0,2,3.0,0.0,2.0,23,1,120,0.0,3.967073291679064e-5,0.0,0.0,0.3333333333333333,0.0,0.0,0.0,0.0,0.0,0.0,0.0,0.0,0.0005707405758532553,0.0,0.0006548788474132281,0.0,4.482661014659772e-5,1.1802082383019825e-6,0.0022810671427154617,9.917683229197659e-5
1445233508518724337,7,2,0,2,1,0,1,1,0,1,2.0,0.0,2.0,1.0,0.0,1.0,1.0,0.0,1.0,0.5,0.0,0.5,0.0,2,0,2,3.0,0.0,2.0,23,1,120,0.0,3.967073291679064e-5,0.0,0.0,0.3333333333333333,0.0,0.0,0.0,0.0,0.0,0.0,0.0,0.0,0.0005707405758532553,0.0,0.0006548788474132281,0.0,4.482661014659772e-5,1.1802082383019825e-6,0.0022810671427154617,9.917683229197659e-5
1708128504966546310,4,5,0,5,5,0,5,0,0,0,5.0,0.0,5.0,5.0,0.0,5.0,0.0,0.0,0.0,1.0,0.0,1.0,0.0,3,0,5,13.0,0.0,9.0,36,1,169,0.0,9.917683229197659e-5,0.0,0.0,0.36666666666666664,0.24,0.0,0.0,0.25,0.0,0.25,0.5,0.0,0.0005951370400543707,0.0,0.0006548788474132281,3.434478139807684e-5,0.0,1.662126602275292e-6,0.0035703659625111574,9.917683229197659e-5
1496801882113312810,7,2,0,2,1,0,1,1,0,1,2.0,0.0,2.0,1.0,0.0,1.0,1.0,0.0,1.0,0.5,0.0,0.5,0.0,2,0,2,3.0,0.0,2.0,23,1,120,0.0,3.967073291679064e-5,0.0,0.0,0.3333333333333333,0.0,0.0,0.0,0.0,0.0,0.0,0.0,0.0,0.0005707405758532553,0.0,0.0006548788474132281,0.0,4.482661014659772e-5,1.1802082383019825e-6,0.0022810671427154617,9.917683229197659e-5
1645698080445564338,7,2,0,2,1,0,1,1,0,1,2.0,0.0,2.0,1.0,0.0,1.0,1.0,0.0,1.0,0.5,0.0,0.5,0.0,2,0,2,3.0,0.0,2.0,23,1,120,0.0,3.967073291679064e-5,0.0,0.0,0.3333333333333333,0.0,0.0,0.0,0.0,0.0,0.0,0.0,0.0,0.0005707405758532553,0.0,0.0006548788474132281,0.0,4.482661014659772e-5,1.1802082383019825e-6,0.0022810671427154617,9.917683229197659e-5
1218522752017761185,3,1,0,1,1,0,1,0,0,0,1.0,0.0,1.0,1.0,0.0,1.0,0.0,0.0,0.0,1.0,0.0,1.0,0.0,1,0,1,1.0,0.0,1.0,15,1,60,0.0,1.983536645839532e-5,0.0,0.0,0.5,0.0,0.0,0.0,0.0,0.0,0.0,0.0,0.0,0.0005512412191740922,0.0,0.0006548788474132285,8.015509431968937e-6,0.0,5.901041191509912e-7,0.001487652484379649,9.917683229197659e-5
1256808886615148301,3,1,0,1,1,0,1,0,0,0,1.0,0.0,1.0,1.0,0.0,1.0,0.0,0.0,0.0,1.0,0.0,1.0,0.0,1,0,1,1.0,0.0,1.0,15,1,60,0.0,1.983536645839532e-5,0.0,0.0,0.5,0.0,0.0,0.0,0.0,0.0,0.0,0.0,0.0,0.0005512412191740922,0.0,0.0006548788474132285,8.015509431968937e-6,0.0,5.901041191509912e-7,0.001487652484379649,9.917683229197659e-5
1673962738977604226,3,1,0,1,1,0,1,0,0,0,1.0,0.0,1.0,1.0,0.0,1.0,0.0,0.0,0.0,1.0,0.0,1.0,0.0,1,0,1,1.0,0.0,1.0,15,1,60,0.0,1.983536645839532e-5,0.0,0.0,0.5,0.0,0.0,0.0,0.0,0.0,0.0,0.0,0.0,0.0005512412191740922,0.0,0.0006548788474132285,8.015509431968937e-6,0.0,5.901041191509912e-7,0.001487652484379649,9.917683229197659e-5
1274438200634376778,3,1,0,1,1,0,1,0,0,0,1.0,0.0,1.0,1.0,0.0,1.0,0.0,0.0,0.0,1.0,0.0,1.0,0.0,1,0,1,1.0,0.0,1.0,15,1,60,0.0,1.983536645839532e-5,0.0,0.0,0.5,0.0,0.0,0.0,0.0,0.0,0.0,0.0,0.0,0.0005512412191740922,0.0,0.0006548788474132285,8.015509431968937e-6,0.0,5.901041191509912e-7,0.001487652484379649,9.917683229197659e-5
1394141374521019411,3,1,0,1,1,0,1,0,0,0,1.0,0.0,1.0,1.0,0.0,1.0,0.0,0.0,0.0,1.0,0.0,1.0,0.0,1,0,1,1.0,0.0,1.0,15,1,60,0.0,1.983536645839532e-5,0.0,0.0,0.5,0.0,0.0,0.0,0.0,0.0,0.0,0.0,0.0,0.0005512412191740922,0.0,0.0006548788474132285,8.015509431968937e-6,0.0,5.901041191509912e-7,0.001487652484379649,9.917683229197659e-5
1281991287095953008,3,1,0,1,1,0,1,0,0,0,1.0,0.0,1.0,1.0,0.0,1.0,0.0,0.0,0.0,1.0,0.0,1.0,0.0,1,0,1,1.0,0.0,1.0,15,1,60,0.0,1.983536645839532e-5,0.0,0.0,0.5,0.0,0.0,0.0,0.0,0.0,0.0,0.0,0.0,0.0005512412191740922,0.0,0.0006548788474132285,8.015509431968937e-6,0.0,5.901041191509912e-7,0.001487652484379649,9.917683229197659e-5
1357357828762766210,3,1,0,1,1,0,1,0,0,0,1.0,0.0,1.0,1.0,0.0,1.0,0.0,0.0,0.0,1.0,0.0,1.0,0.0,1,0,1,1.0,0.0,1.0,15,1,60,0.0,1.983536645839532e-5,0.0,0.0,0.5,0.0,0.0,0.0,0.0,0.0,0.0,0.0,0.0,0.0005512412191740922,0.0,0.0006548788474132285,8.015509431968937e-6,0.0,5.901041191509912e-7,0.001487652484379649,9.917683229197659e-5
1774745660176731952,3,1,0,1,1,0,1,0,0,0,1.0,0.0,1.0,1.0,0.0,1.0,0.0,0.0,0.0,1.0,0.0,1.0,0.0,1,0,1,1.0,0.0,1.0,15,1,60,0.0,1.983536645839532e-5,0.0,0.0,0.5,0.0,0.0,0.0,0.0,0.0,0.0,0.0,0.0,0.0005512412191740922,0.0,0.0006548788474132285,8.015509431968937e-6,0.0,5.901041191509912e-7,0.001487652484379649,9.917683229197659e-5
1640797681213246437,3,1,0,1,1,0,1,0,0,0,1.0,0.0,1.0,1.0,0.0,1.0,0.0,0.0,0.0,1.0,0.0,1.0,0.0,1,0,1,1.0,0.0,1.0,15,1,60,0.0,1.983536645839532e-5,0.0,0.0,0.5,0.0,0.0,0.0,0.0,0.0,0.0,0.0,0.0,0.0005512412191740922,0.0,0.0006548788474132285,8.015509431968937e-6,0.0,5.901041191509912e-7,0.001487652484379649,9.917683229197659e-5
1579066345142616098,3,1,0,1,1,0,1,0,0,0,1.0,0.0,1.0,1.0,0.0,1.0,0.0,0.0,0.0,1.0,0.0,1.0,0.0,1,0,1,1.0,0.0,1.0,15,1,60,0.0,1.983536645839532e-5,0.0,0.0,0.5,0.0,0.0,0.0,0.0,0.0,0.0,0.0,0.0,0.0005512412191740922,0.0,0.0006548788474132285,8.015509431968937e-6,0.0,5.901041191509912e-7,0.001487652484379649,9.917683229197659e-5
1663501565824074257,3,1,0,1,1,0,1,0,0,0,1.0,0.0,1.0,1.0,0.0,1.0,0.0,0.0,0.0,1.0,0.0,1.0,0.0,1,0,1,1.0,0.0,1.0,15,1,60,0.0,1.983536645839532e-5,0.0,0.0,0.5,0.0,0.0,0.0,0.0,0.0,0.0,0.0,0.0,0.0005512412191740922,0.0,0.0006548788474132285,8.015509431968937e-6,0.0,5.901041191509912e-7,0.001487652484379649,9.917683229197659e-5
1842834239913988061,3,1,0,1,1,0,1,0,0,0,1.0,0.0,1.0,1.0,0.0,1.0,0.0,0.0,0.0,1.0,0.0,1.0,0.0,1,0,1,1.0,0.0,1.0,15,1,60,0.0,1.983536645839532e-5,0.0,0.0,0.5,0.0,0.0,0.0,0.0,0.0,0.0,0.0,0.0,0.0005512412191740922,0.0,0.0006548788474132285,8.015509431968937e-6,0.0,5.901041191509912e-7,0.001487652484379649,9.917683229197659e-5
1651991478542532965,3,1,0,1,1,0,1,0,0,0,1.0,0.0,1.0,1.0,0.0,1.0,0.0,0.0,0.0,1.0,0.0,1.0,0.0,1,0,1,1.0,0.0,1.0,15,1,60,0.0,1.983536645839532e-5,0.0,0.0,0.5,0.0,0.0,0.0,0.0,0.0,0.0,0.0,0.0,0.0005512412191740922,0.0,0.0006548788474132285,8.015509431968937e-6,0.0,5.901041191509912e-7,0.001487652484379649,9.917683229197659e-5
1818269377737262778,3,1,0,1,1,0,1,0,0,0,1.0,0.0,1.0,1.0,0.0,1.0,0.0,0.0,0.0,1.0,0.0,1.0,0.0,1,0,1,1.0,0.0,1.0,15,1,60,0.0,1.983536645839532e-5,0.0,0.0,0.5,0.0,0.0,0.0,0.0,0.0,0.0,0.0,0.0,0.0005512412191740922,0.0,0.0006548788474132285,8.015509431968937e-6,0.0,5.901041191509912e-7,0.001487652484379649,9.917683229197659e-5
1257652736145491603,3,1,0,1,1,0,1,0,0,0,1.0,0.0,1.0,1.0,0.0,1.0,0.0,0.0,0.0,1.0,0.0,1.0,0.0,1,0,1,1.0,0.0,1.0,15,1,60,0.0,1.983536645839532e-5,0.0,0.0,0.5,0.0,0.0,0.0,0.0,0.0,0.0,0.0,0.0,0.0005512412191740922,0.0,0.0006548788474132285,8.015509431968937e-6,0.0,5.901041191509912e-7,0.001487652484379649,9.917683229197659e-5
1753335834955746462,3,1,0,1,1,0,1,0,0,0,1.0,0.0,1.0,1.0,0.0,1.0,0.0,0.0,0.0,1.0,0.0,1.0,0.0,1,0,1,1.0,0.0,1.0,15,1,60,0.0,1.983536645839532e-5,0.0,0.0,0.5,0.0,0.0,0.0,0.0,0.0,0.0,0.0,0.0,0.0005512412191740922,0.0,0.0006548788474132285,8.015509431968937e-6,0.0,5.901041191509912e-7,0.001487652484379649,9.917683229197659e-5
1805212084988807552,3,1,0,1,1,0,1,0,0,0,1.0,0.0,1.0,1.0,0.0,1.0,0.0,0.0,0.0,1.0,0.0,1.0,0.0,1,0,1,1.0,0.0,1.0,15,1,60,0.0,1.983536645839532e-5,0.0,0.0,0.5,0.0,0.0,0.0,0.0,0.0,0.0,0.0,0.0,0.0005512412191740922,0.0,0.0006548788474132285,8.015509431968937e-6,0.0,5.901041191509912e-7,0.001487652484379649,9.917683229197659e-5
1363912973692702555,3,1,0,1,1,0,1,0,0,0,1.0,0.0,1.0,1.0,0.0,1.0,0.0,0.0,0.0,1.0,0.0,1.0,0.0,1,0,1,1.0,0.0,1.0,15,1,60,0.0,1.983536645839532e-5,0.0,0.0,0.5,0.0,0.0,0.0,0.0,0.0,0.0,0.0,0.0,0.0005512412191740922,0.0,0.0006548788474132285,8.015509431968937e-6,0.0,5.901041191509912e-7,0.001487652484379649,9.917683229197659e-5
1493473711020313699,3,1,0,1,1,0,1,0,0,0,1.0,0.0,1.0,1.0,0.0,1.0,0.0,0.0,0.0,1.0,0.0,1.0,0.0,1,0,1,1.0,0.0,1.0,15,1,60,0.0,1.983536645839532e-5,0.0,0.0,0.5,0.0,0.0,0.0,0.0,0.0,0.0,0.0,0.0,0.0005512412191740922,0.0,0.0006548788474132285,8.015509431968937e-6,0.0,5.901041191509912e-7,0.001487652484379649,9.917683229197659e-5
1251386024362247154,6,4,0,4,4,0,4,0,0,0,4.0,0.0,4.0,4.0,0.0,4.0,0.0,0.0,0.0,1.0,0.0,1.0,0.0,3,0,4,9.0,0.0,7.0,25,1,71,0.0,7.934146583358127e-5,0.0,0.0,0.45,0.3125,0.0,0.0,0.4166666666666667,0.0,0.4166666666666667,0.6666666666666666,0.0,0.0006817858755996694,0.0,0.0006548788474132293,0.00017579803006728678,0.0,6.98289874328673e-7,0.002479420807299415,9.917683229197659e-5
1410965091993520220,6,4,0,4,4,0,4,0,0,0,4.0,0.0,4.0,4.0,0.0,4.0,0.0,0.0,0.0,1.0,0.0,1.0,0.0,2,0,4,9.0,0.0,7.0,20,1,61,0.0,7.934146583358127e-5,0.0,0.0,0.35,0.1875,0.0,0.0,0.25,0.0,0.25,0.5,0.0,0.0006614898620003804,0.0,0.0006548788474132293,0.00017579803006728678,0.0,5.999391878035078e-7,0.0019835366458395317,9.917683229197659e-5
1648319132426309087,6,2,0,2,2,0,2,0,0,0,2.0,0.0,2.0,2.0,0.0,2.0,0.0,0.0,0.0,1.0,0.0,1.0,0.0,2,0,2,3.0,0.0,2.0,20,1,55,0.0,3.967073291679064e-5,0.0,0.0,0.5,0.25,0.0,0.0,0.5,0.0,0.5,1.0,0.0,0.0006168254826639021,0.0,0.0006548788474132293,8.783556670588499e-5,0.0,5.409287758884087e-7,0.0019835366458395317,9.917683229197659e-5
1850477468712963682,5,1,0,1,1,0,1,0,0,0,1.0,0.0,1.0,1.0,0.0,1.0,0.0,0.0,0.0,1.0,0.0,1.0,0.0,1,0,1,1.0,0.0,1.0,14,1,90,0.0,1.983536645839532e-5,0.0,0.0,0.5,0.0,0.0,0.0,0.0,0.0,0.0,0.0,0.0,0.0005457074489218299,0.0,0.0006548788474132283,2.093621843213267e-5,0.0,8.851561787264869e-7,0.0013884756520876724,9.917683229197659e-5
1507858641464590406,5,1,0,1,1,0,1,0,0,0,1.0,0.0,1.0,1.0,0.0,1.0,0.0,0.0,0.0,1.0,0.0,1.0,0.0,1,0,1,1.0,0.0,1.0,14,1,90,0.0,1.983536645839532e-5,0.0,0.0,0.5,0.0,0.0,0.0,0.0,0.0,0.0,0.0,0.0,0.0005457074489218299,0.0,0.0006548788474132283,2.093621843213267e-5,0.0,8.851561787264869e-7,0.0013884756520876724,9.917683229197659e-5
1379039729936240293,5,1,0,1,1,0,1,0,0,0,1.0,0.0,1.0,1.0,0.0,1.0,0.0,0.0,0.0,1.0,0.0,1.0,0.0,1,0,1,1.0,0.0,1.0,14,1,90,0.0,1.983536645839532e-5,0.0,0.0,0.5,0.0,0.0,0.0,0.0,0.0,0.0,0.0,0.0,0.0005457074489218299,0.0,0.0006548788474132283,2.093621843213267e-5,0.0,8.851561787264869e-7,0.0013884756520876724,9.917683229197659e-5
1753675091981372307,5,1,0,1,1,0,1,0,0,0,1.0,0.0,1.0,1.0,0.0,1.0,0.0,0.0,0.0,1.0,0.0,1.0,0.0,1,0,1,1.0,0.0,1.0,14,1,90,0.0,1.983536645839532e-5,0.0,0.0,0.5,0.0,0.0,0.0,0.0,0.0,0.0,0.0,0.0,0.0005457074489218299,0.0,0.0006548788474132283,2.093621843213267e-5,0.0,8.851561787264869e-7,0.0013884756520876724,9.917683229197659e-5
1304941717614497783,5,1,0,1,1,0,1,0,0,0,1.0,0.0,1.0,1.0,0.0,1.0,0.0,0.0,0.0,1.0,0.0,1.0,0.0,1,0,1,1.0,0.0,1.0,14,1,90,0.0,1.983536645839532e-5,0.0,0.0,0.5,0.0,0.0,0.0,0.0,0.0,0.0,0.0,0.0,0.0005457074489218299,0.0,0.0006548788474132283,2.093621843213267e-5,0.0,8.851561787264869e-7,0.0013884756520876724,9.917683229197659e-5
1640515759664792827,5,1,0,1,1,0,1,0,0,0,1.0,0.0,1.0,1.0,0.0,1.0,0.0,0.0,0.0,1.0,0.0,1.0,0.0,1,0,1,1.0,0.0,1.0,14,1,90,0.0,1.983536645839532e-5,0.0,0.0,0.5,0.0,0.0,0.0,0.0,0.0,0.0,0.0,0.0,0.0005457074489218299,0.0,0.0006548788474132283,2.093621843213267e-5,0.0,8.851561787264869e-7,0.0013884756520876724,9.917683229197659e-5
1383276010203516428,5,1,0,1,1,0,1,0,0,0,1.0,0.0,1.0,1.0,0.0,1.0,0.0,0.0,0.0,1.0,0.0,1.0,0.0,1,0,1,1.0,0.0,1.0,14,1,90,0.0,1.983536645839532e-5,0.0,0.0,0.5,0.0,0.0,0.0,0.0,0.0,0.0,0.0,0.0,0.0005457074489218299,0.0,0.0006548788474132283,2.093621843213267e-5,0.0,8.851561787264869e-7,0.0013884756520876724,9.917683229197659e-5
1857166849267992019,5,1,0,1,1,0,1,0,0,0,1.0,0.0,1.0,1.0,0.0,1.0,0.0,0.0,0.0,1.0,0.0,1.0,0.0,1,0,1,1.0,0.0,1.0,14,1,90,0.0,1.983536645839532e-5,0.0,0.0,0.5,0.0,0.0,0.0,0.0,0.0,0.0,0.0,0.0,0.0005457074489218299,0.0,0.0006548788474132283,2.093621843213267e-5,0.0,8.851561787264869e-7,0.0013884756520876724,9.917683229197659e-5
1370806990174949204,6,4,0,4,4,0,4,0,0,0,4.0,0.0,4.0,4.0,0.0,4.0,0.0,0.0,0.0,1.0,0.0,1.0,0.0,2,0,4,9.0,0.0,7.0,23,1,68,0.0,7.934146583358127e-5,0.0,0.0,0.3,0.125,0.0,0.0,0.16666666666666666,0.0,0.16666666666666666,0.3333333333333333,0.0,0.0006392335715065644,0.0,0.0006548788474132293,0.00017579803006728678,0.0,6.687846683711234e-7,0.0022810671427154617,9.917683229197659e-5
1526735733669234932,6,4,0,4,4,0,4,0,0,0,4.0,0.0,4.0,4.0,0.0,4.0,0.0,0.0,0.0,1.0,0.0,1.0,0.0,2,0,4,9.0,0.0,7.0,23,1,68,0.0,7.934146583358127e-5,0.0,0.0,0.3,0.125,0.0,0.0,0.16666666666666666,0.0,0.16666666666666666,0.3333333333333333,0.0,0.0006392335715065644,0.0,0.0006548788474132293,0.00017579803006728678,0.0,6.687846683711234e-7,0.0022810671427154617,9.917683229197659e-5
1769855797765868712,6,4,0,4,4,0,4,0,0,0,4.0,0.0,4.0,4.0,0.0,4.0,0.0,0.0,0.0,1.0,0.0,1.0,0.0,2,0,4,9.0,0.0,7.0,23,1,68,0.0,7.934146583358127e-5,0.0,0.0,0.3,0.125,0.0,0.0,0.16666666666666666,0.0,0.16666666666666666,0.3333333333333333,0.0,0.0006392335715065644,0.0,0.0006548788474132293,0.00017579803006728678,0.0,6.687846683711234e-7,0.0022810671427154617,9.917683229197659e-5
1492914073451365624,6,4,0,4,4,0,4,0,0,0,4.0,0.0,4.0,4.0,0.0,4.0,0.0,0.0,0.0,1.0,0.0,1.0,0.0,2,0,4,9.0,0.0,7.0,23,1,68,0.0,7.934146583358127e-5,0.0,0.0,0.3,0.125,0.0,0.0,0.16666666666666666,0.0,0.16666666666666666,0.3333333333333333,0.0,0.0006392335715065644,0.0,0.0006548788474132293,0.00017579803006728678,0.0,6.687846683711234e-7,0.0022810671427154617,9.917683229197659e-5
1262215887126004363,6,4,0,4,4,0,4,0,0,0,4.0,0.0,4.0,4.0,0.0,4.0,0.0,0.0,0.0,1.0,0.0,1.0,0.0,2,0,4,9.0,0.0,7.0,23,1,68,0.0,7.934146583358127e-5,0.0,0.0,0.3,0.125,0.0,0.0,0.16666666666666666,0.0,0.16666666666666666,0.3333333333333333,0.0,0.0006392335715065644,0.0,0.0006548788474132293,0.00017579803006728678,0.0,6.687846683711234e-7,0.0022810671427154617,9.917683229197659e-5
1677910398898012880,2,4,0,4,3,0,3,1,0,1,4.0,0.0,4.0,3.0,0.0,3.0,1.0,0.0,1.0,0.75,0.0,0.75,0.0,0,0,3,9.0,0.0,4.0,5,1,25,0.0,7.934146583358127e-5,0.0,0.0,0.2,0.0,0.0,0.0,0.0,0.0,0.0,0.0,0.0,0.0011020559531245272,0.0,0.0006548788474132297,7.029931763380404e-7,0.0,2.45876716312913e-7,0.0004958841614598829,9.917683229197659e-5
1498329997759219032,6,4,0,4,4,0,4,0,0,0,4.0,0.0,4.0,4.0,0.0,4.0,0.0,0.0,0.0,1.0,0.0,1.0,0.0,2,0,4,9.0,0.0,7.0,23,1,68,0.0,7.934146583358127e-5,0.0,0.0,0.3,0.125,0.0,0.0,0.16666666666666666,0.0,0.16666666666666666,0.3333333333333333,0.0,0.0006392335715065644,0.0,0.0006548788474132293,0.00017579803006728678,0.0,6.687846683711234e-7,0.0022810671427154617,9.917683229197659e-5
1753009644176933606,4,2,0,2,2,0,2,0,0,0,2.0,0.0,2.0,2.0,0.0,2.0,0.0,0.0,0.0,1.0,0.0,1.0,0.0,1,0,2,3.0,0.0,2.0,7,1,56,0.0,3.967073291679064e-5,0.0,0.0,0.3333333333333333,0.0,0.0,0.0,0.0,0.0,0.0,0.0,0.0,0.0005887902678808228,0.0,0.0006548788474132289,1.3690371305163929e-5,0.0,5.507638445409252e-7,0.0006942378260438362,9.917683229197659e-5
1531807094309652698,4,8,0,8,3,0,3,5,0,5,8.0,0.0,8.0,3.0,0.0,3.0,5.0,0.0,5.0,0.375,0.0,0.375,0.0,4,0,8,18.0,0.0,23.0,49,1,254,0.0,0.00015868293166716255,0.0,0.0,0.2361111111111111,0.140625,0.0,0.0,0.125,0.0,0.125,0.21428571428571427,0.0,0.0006855578774210842,0.0,0.0006548788474132288,0.0,0.0003612377753038354,2.4981074377391964e-6,0.0048596647823068535,9.917683229197659e-5
1634644927994397778,4,4,0,4,3,0,3,1,0,1,4.0,0.0,4.0,3.0,0.0,3.0,1.0,0.0,1.0,0.75,0.0,0.75,0.0,2,0,4,6.0,0.0,7.0,14,1,82,0.0,7.934146583358127e-5,0.0,0.0,0.3,0.125,0.0,0.0,0.16666666666666666,0.0,0.16666666666666666,0.16666666666666666,0.0,0.0011088758766092885,0.0,0.0006548788474132292,0.0,7.438319009178684e-5,8.064756295063547e-7,0.0013884756520876724,9.917683229197659e-5
1214747276732271989,7,1,0,1,1,0,1,0,0,0,1.0,0.0,1.0,1.0,0.0,1.0,0.0,0.0,0.0,1.0,0.0,1.0,0.0,0,0,1,1.0,0.0,1.0,2,1,8,0.0,1.983536645839532e-5,0.0,0.0,0.5,0.0,0.0,0.0,0.0,0.0,0.0,0.0,0.0,0.0006128746556297633,0.0,0.0006548788474132293,3.919895163251308e-5,0.0,7.868054922013217e-8,0.00019835366458395318,9.917683229197659e-5
1791222629848319506,2,1,0,1,1,0,1,0,0,0,1.0,0.0,1.0,1.0,0.0,1.0,0.0,0.0,0.0,1.0,0.0,1.0,0.0,1,0,1,1.0,0.0,1.0,8,1,76,0.0,1.983536645839532e-5,0.0,0.0,0.5,0.0,0.0,0.0,0.0,0.0,0.0,0.0,0.0,0.0005443685592467588,0.0,0.000654878847413229,2.449091117096014e-5,0.0,7.474652175912555e-7,0.0007934146583358127,9.917683229197659e-5
1600206328515528283,4,2,0,2,2,0,2,0,0,0,2.0,0.0,2.0,2.0,0.0,2.0,0.0,0.0,0.0,1.0,0.0,1.0,0.0,2,0,2,3.0,0.0,2.0,15,1,43,0.0,3.967073291679064e-5,0.0,0.0,0.8333333333333334,0.75,0.0,0.0,1.0,0.0,1.0,1.0,0.0,0.0006354962211681136,0.0,0.0006548788474132293,1.3690371305163929e-5,0.0,4.229079520582104e-7,0.001487652484379649,9.917683229197659e-5
1625871292257275759,4,2,0,2,2,0,2,0,0,0,2.0,0.0,2.0,2.0,0.0,2.0,0.0,0.0,0.0,1.0,0.0,1.0,0.0,2,0,2,3.0,0.0,2.0,15,1,43,0.0,3.967073291679064e-5,0.0,0.0,0.8333333333333334,0.75,0.0,0.0,1.0,0.0,1.0,1.0,0.0,0.0006354962211681136,0.0,0.0006548788474132293,1.3690371305163929e-5,0.0,4.229079520582104e-7,0.001487652484379649,9.917683229197659e-5
1271539240601125867,3,2,0,2,1,0,1,1,0,1,2.0,0.0,2.0,1.0,0.0,1.0,1.0,0.0,1.0,0.5,0.0,0.5,0.0,1,0,2,3.0,0.0,2.0,6,1,86,0.0,3.967073291679064e-5,0.0,0.0,0.3333333333333333,0.0,0.0,0.0,0.0,0.0,0.0,0.0,0.0,0.0005622445538790692,0.0,0.0006548788474132285,1.3690371305163929e-5,0.0,8.458159041164208e-7,0.0005950609937518596,9.917683229197659e-5
1518375984015869883,3,1,0,1,1,0,1,0,0,0,1.0,0.0,1.0,1.0,0.0,1.0,0.0,0.0,0.0,1.0,0.0,1.0,0.0,0,0,1,1.0,0.0,1.0,2,1,35,0.0,1.983536645839532e-5,0.0,0.0,0.5,0.0,0.0,0.0,0.0,0.0,0.0,0.0,0.0,0.0005520710467851456,0.0,0.0006548788474132288,8.015509431968937e-6,0.0,3.442274028380782e-7,0.00019835366458395318,9.917683229197659e-5
1347321718120646112,3,1,0,1,1,0,1,0,0,0,1.0,0.0,1.0,1.0,0.0,1.0,0.0,0.0,0.0,1.0,0.0,1.0,0.0,0,0,1,1.0,0.0,1.0,2,1,35,0.0,1.983536645839532e-5,0.0,0.0,0.5,0.0,0.0,0.0,0.0,0.0,0.0,0.0,0.0,0.0005520710467851456,0.0,0.0006548788474132288,8.015509431968937e-6,0.0,3.442274028380782e-7,0.00019835366458395318,9.917683229197659e-5
1789999844404758601,3,1,0,1,1,0,1,0,0,0,1.0,0.0,1.0,1.0,0.0,1.0,0.0,0.0,0.0,1.0,0.0,1.0,0.0,0,0,1,1.0,0.0,1.0,2,1,35,0.0,1.983536645839532e-5,0.0,0.0,0.5,0.0,0.0,0.0,0.0,0.0,0.0,0.0,0.0,0.0005520710467851456,0.0,0.0006548788474132288,8.015509431968937e-6,0.0,3.442274028380782e-7,0.00019835366458395318,9.917683229197659e-5
1539380777895068108,3,1,0,1,1,0,1,0,0,0,1.0,0.0,1.0,1.0,0.0,1.0,0.0,0.0,0.0,1.0,0.0,1.0,0.0,0,0,1,1.0,0.0,1.0,2,1,35,0.0,1.983536645839532e-5,0.0,0.0,0.5,0.0,0.0,0.0,0.0,0.0,0.0,0.0,0.0,0.0005520710467851456,0.0,0.0006548788474132288,8.015509431968937e-6,0.0,3.442274028380782e-7,0.00019835366458395318,9.917683229197659e-5
1608515420690580263,3,1,0,1,1,0,1,0,0,0,1.0,0.0,1.0,1.0,0.0,1.0,0.0,0.0,0.0,1.0,0.0,1.0,0.0,0,0,1,1.0,0.0,1.0,2,1,35,0.0,1.983536645839532e-5,0.0,0.0,0.5,0.0,0.0,0.0,0.0,0.0,0.0,0.0,0.0,0.0005520710467851456,0.0,0.0006548788474132288,8.015509431968937e-6,0.0,3.442274028380782e-7,0.00019835366458395318,9.917683229197659e-5
1415338319490846633,3,1,0,1,1,0,1,0,0,0,1.0,0.0,1.0,1.0,0.0,1.0,0.0,0.0,0.0,1.0,0.0,1.0,0.0,0,0,1,1.0,0.0,1.0,2,1,35,0.0,1.983536645839532e-5,0.0,0.0,0.5,0.0,0.0,0.0,0.0,0.0,0.0,0.0,0.0,0.0005520710467851456,0.0,0.0006548788474132288,8.015509431968937e-6,0.0,3.442274028380782e-7,0.00019835366458395318,9.917683229197659e-5
1436029252326654369,3,1,0,1,1,0,1,0,0,0,1.0,0.0,1.0,1.0,0.0,1.0,0.0,0.0,0.0,1.0,0.0,1.0,0.0,0,0,1,1.0,0.0,1.0,2,1,35,0.0,1.983536645839532e-5,0.0,0.0,0.5,0.0,0.0,0.0,0.0,0.0,0.0,0.0,0.0,0.0005520710467851456,0.0,0.0006548788474132288,8.015509431968937e-6,0.0,3.442274028380782e-7,0.00019835366458395318,9.917683229197659e-5
1301981803610898526,3,1,0,1,1,0,1,0,0,0,1.0,0.0,1.0,1.0,0.0,1.0,0.0,0.0,0.0,1.0,0.0,1.0,0.0,0,0,1,1.0,0.0,1.0,2,1,35,0.0,1.983536645839532e-5,0.0,0.0,0.5,0.0,0.0,0.0,0.0,0.0,0.0,0.0,0.0,0.0005520710467851456,0.0,0.0006548788474132288,8.015509431968937e-6,0.0,3.442274028380782e-7,0.00019835366458395318,9.917683229197659e-5
1408097389838861445,3,1,0,1,1,0,1,0,0,0,1.0,0.0,1.0,1.0,0.0,1.0,0.0,0.0,0.0,1.0,0.0,1.0,0.0,0,0,1,1.0,0.0,1.0,2,1,35,0.0,1.983536645839532e-5,0.0,0.0,0.5,0.0,0.0,0.0,0.0,0.0,0.0,0.0,0.0,0.0005520710467851456,0.0,0.0006548788474132288,8.015509431968937e-6,0.0,3.442274028380782e-7,0.00019835366458395318,9.917683229197659e-5
1818724131256927984,3,1,0,1,1,0,1,0,0,0,1.0,0.0,1.0,1.0,0.0,1.0,0.0,0.0,0.0,1.0,0.0,1.0,0.0,0,0,1,1.0,0.0,1.0,2,1,35,0.0,1.983536645839532e-5,0.0,0.0,0.5,0.0,0.0,0.0,0.0,0.0,0.0,0.0,0.0,0.0005520710467851456,0.0,0.0006548788474132288,8.015509431968937e-6,0.0,3.442274028380782e-7,0.00019835366458395318,9.917683229197659e-5
1830638401288667158,4,2,0,2,2,0,2,0,0,0,2.0,0.0,2.0,2.0,0.0,2.0,0.0,0.0,0.0,1.0,0.0,1.0,0.0,1,0,2,3.0,0.0,2.0,14,1,104,0.0,3.967073291679064e-5,0.0,0.0,0.5,0.25,0.0,0.0,0.5,0.0,0.5,1.0,0.0,0.0005559587386551728,0.0,0.000654878847413228,1.3690371305163929e-5,0.0,1.0228471398617181e-6,0.0013884756520876724,9.917683229197659e-5
1861954149562714009,6,2,0,2,2,0,2,0,0,0,2.0,0.0,2.0,2.0,0.0,2.0,0.0,0.0,0.0,1.0,0.0,1.0,0.0,1,0,2,3.0,0.0,2.0,14,1,43,0.0,3.967073291679064e-5,0.0,0.0,0.3333333333333333,0.0,0.0,0.0,0.0,0.0,0.0,0.0,0.0,0.000604989572742941,0.0,0.0006548788474132293,8.783556670588499e-5,0.0,4.229079520582104e-7,0.0013884756520876724,9.917683229197659e-5
1638447305650603050,6,2,0,2,2,0,2,0,0,0,2.0,0.0,2.0,2.0,0.0,2.0,0.0,0.0,0.0,1.0,0.0,1.0,0.0,1,0,2,3.0,0.0,2.0,14,1,43,0.0,3.967073291679064e-5,0.0,0.0,0.3333333333333333,0.0,0.0,0.0,0.0,0.0,0.0,0.0,0.0,0.000604989572742941,0.0,0.0006548788474132293,8.783556670588499e-5,0.0,4.229079520582104e-7,0.0013884756520876724,9.917683229197659e-5
1493295917653036358,6,2,0,2,2,0,2,0,0,0,2.0,0.0,2.0,2.0,0.0,2.0,0.0,0.0,0.0,1.0,0.0,1.0,0.0,1,0,2,3.0,0.0,2.0,14,1,43,0.0,3.967073291679064e-5,0.0,0.0,0.3333333333333333,0.0,0.0,0.0,0.0,0.0,0.0,0.0,0.0,0.000604989572742941,0.0,0.0006548788474132293,8.783556670588499e-5,0.0,4.229079520582104e-7,0.0013884756520876724,9.917683229197659e-5
1308702233868634419,6,2,0,2,2,0,2,0,0,0,2.0,0.0,2.0,2.0,0.0,2.0,0.0,0.0,0.0,1.0,0.0,1.0,0.0,1,0,2,3.0,0.0,2.0,14,1,43,0.0,3.967073291679064e-5,0.0,0.0,0.3333333333333333,0.0,0.0,0.0,0.0,0.0,0.0,0.0,0.0,0.000604989572742941,0.0,0.0006548788474132293,8.783556670588499e-5,0.0,4.229079520582104e-7,0.0013884756520876724,9.917683229197659e-5
1831603747109736231,6,2,0,2,2,0,2,0,0,0,2.0,0.0,2.0,2.0,0.0,2.0,0.0,0.0,0.0,1.0,0.0,1.0,0.0,0,0,2,3.0,0.0,2.0,3,1,10,0.0,3.967073291679064e-5,0.0,0.0,0.3333333333333333,0.0,0.0,0.0,0.0,0.0,0.0,0.0,0.0,0.0006703002862052356,0.0,0.0006548788474132296,8.783556670588499e-5,0.0,9.835068652516521e-8,0.0002975304968759298,9.917683229197659e-5
1348292908909855793,6,2,0,2,2,0,2,0,0,0,2.0,0.0,2.0,2.0,0.0,2.0,0.0,0.0,0.0,1.0,0.0,1.0,0.0,0,0,2,3.0,0.0,2.0,3,1,10,0.0,3.967073291679064e-5,0.0,0.0,0.3333333333333333,0.0,0.0,0.0,0.0,0.0,0.0,0.0,0.0,0.0006703002862052356,0.0,0.0006548788474132296,8.783556670588499e-5,0.0,9.835068652516521e-8,0.0002975304968759298,9.917683229197659e-5
1351150080953943971,6,2,0,2,2,0,2,0,0,0,2.0,0.0,2.0,2.0,0.0,2.0,0.0,0.0,0.0,1.0,0.0,1.0,0.0,0,0,2,3.0,0.0,2.0,3,1,10,0.0,3.967073291679064e-5,0.0,0.0,0.3333333333333333,0.0,0.0,0.0,0.0,0.0,0.0,0.0,0.0,0.0006703002862052356,0.0,0.0006548788474132296,8.783556670588499e-5,0.0,9.835068652516521e-8,0.0002975304968759298,9.917683229197659e-5
1255001195060137779,6,2,0,2,2,0,2,0,0,0,2.0,0.0,2.0,2.0,0.0,2.0,0.0,0.0,0.0,1.0,0.0,1.0,0.0,0,0,2,3.0,0.0,2.0,3,1,10,0.0,3.967073291679064e-5,0.0,0.0,0.3333333333333333,0.0,0.0,0.0,0.0,0.0,0.0,0.0,0.0,0.0006703002862052356,0.0,0.0006548788474132296,8.783556670588499e-5,0.0,9.835068652516521e-8,0.0002975304968759298,9.917683229197659e-5
1728399460607724291,6,2,0,2,2,0,2,0,0,0,2.0,0.0,2.0,2.0,0.0,2.0,0.0,0.0,0.0,1.0,0.0,1.0,0.0,0,0,2,3.0,0.0,2.0,3,1,10,0.0,3.967073291679064e-5,0.0,0.0,0.3333333333333333,0.0,0.0,0.0,0.0,0.0,0.0,0.0,0.0,0.0006703002862052356,0.0,0.0006548788474132296,8.783556670588499e-5,0.0,9.835068652516521e-8,0.0002975304968759298,9.917683229197659e-5
1494752890760200963,6,2,0,2,2,0,2,0,0,0,2.0,0.0,2.0,2.0,0.0,2.0,0.0,0.0,0.0,1.0,0.0,1.0,0.0,0,0,2,3.0,0.0,2.0,3,1,10,0.0,3.967073291679064e-5,0.0,0.0,0.3333333333333333,0.0,0.0,0.0,0.0,0.0,0.0,0.0,0.0,0.0006703002862052356,0.0,0.0006548788474132296,8.783556670588499e-5,0.0,9.835068652516521e-8,0.0002975304968759298,9.917683229197659e-5
1632002532446307702,6,2,0,2,2,0,2,0,0,0,2.0,0.0,2.0,2.0,0.0,2.0,0.0,0.0,0.0,1.0,0.0,1.0,0.0,0,0,2,3.0,0.0,2.0,3,1,10,0.0,3.967073291679064e-5,0.0,0.0,0.3333333333333333,0.0,0.0,0.0,0.0,0.0,0.0,0.0,0.0,0.0006703002862052356,0.0,0.0006548788474132296,8.783556670588499e-5,0.0,9.835068652516521e-8,0.0002975304968759298,9.917683229197659e-5
1735437052293415553,2,4,0,4,4,0,4,0,0,0,4.0,0.0,4.0,4.0,0.0,4.0,0.0,0.0,0.0,1.0,0.0,1.0,0.0,0,0,3,9.0,0.0,5.0,5,1,8,0.0,7.934146583358127e-5,0.0,0.0,0.2,0.0,0.0,0.0,0.0,0.0,0.0,0.0,0.0,0.0011616084589064983,0.0,0.0006548788474132297,9.810406318866427e-5,0.0,7.868054922013217e-8,0.0004958841614598829,9.917683229197659e-5
